collision-id,report-number,report-version,is-preliminary,ncic-code,crash-date-time,crash-time-description,beat,city-id,city-code,city-name,county-code,city-is-active,city-is-incorporated,collision-type-code,collision-type-description,collision-type-other-desc,day-of-week,dispatch-notified,has-photographs,hit-run,is-attachments-mailed,is-deleted,is-highway-related,is-tow-away,judicial-district,motor-vehicle-involved-with-code,motor-vehicle-involved-with-desc,motor-vehicle-involved-with-other-desc,number-injured,number-killed,lighting-code,lighting-description,latitude,longitude,milepost-direction,milepost-distance,milepost-marker,milepost-unit-of-measure,pedestrian-action-code,pedestrian-action-desc,prepared-date,primary-collision-factor-code,primary-collision-factor-description,primary-collision-factor-is-cited,primary-collision-party-number,primary-road,reporting-district,reporting-district-code,reviewed-date,roadway-surface-code,secondary-direction,secondary-distance,secondary-road,secondary-unit-of-measure,sketch-desc,traffic-control-device-code,created-date,modified-date,is-county-road,is-freeway,chp-555-version,is-additonal-object-struck,notification-date,notification-time-description,has-digital-media-files,evidence-number,is-location-refer-to-narrative,is-aoi-one-same-as-location
2307318,9370-2024-00269,1,False,9370,1/25/2024 8:43:00 AM,843,025,14,109,Oakland,1,True,True,C,REAR END,,Thursday,NotApplicable,False,,,False,True,True,ALAMEDA SUPERIOR COURT WILEY W. MANUEL COURTHOUSE,C,OTHER MOTOR VEHICLE,,0,0,A,DAYLIGHT,37.827807,-122.267957,,,,,A,NO PEDESTRIANS INVOLVED,1/25/2024 8:43:00 AM,A,VC 22350,False,1,SR-24 W/B TO I-580,,,2/6/2024 4:06:16 PM,A,W,638.0,40TH ST,F,,D,2/6/2024 4:06:18 PM,2/6/2024 4:06:18 PM,False,True,4,,1/25/2024 8:48:00 AM,848,False,,,True
2307113,9370-2024-00006,1,False,9370,1/1/2024 4:10:00 AM,410,013,14,109,Oakland,1,True,True,B,SIDE SWIPE,,Monday,Yes,False,,,False,True,True,ALAMEDA SUPERIOR COURT WILEY W. MANUEL COURTHOUSE,C,OTHER MOTOR VEHICLE,,5,0,D,DARK-NO STREET LIGHTS,37.791553,-122.181114,,,,,A,NO PEDESTRIANS INVOLVED,1/1/2024 4:10:00 AM,A,VC 22107 VC,False,,SR-13 S/B,,,2/6/2024 1:28:23 PM,A,S,1100.0,CARSON ST,F,,D,2/6/2024 1:28:25 PM,2/6/2024 1:28:25 PM,False,True,4,,1/1/2024 4:15:00 AM,415,False,,,True
2306988,9370-2024-00332,1,False,9370,1/30/2024 2:03:00 PM,1403,177,14,109,Oakland,1,True,True,C,REAR END,,Tuesday,NotApplicable,False,,,False,True,False,ALAMEDA SUPERIOR COURT WILEY W. MANUEL COURTHOUSE,C,OTHER MOTOR VEHICLE,,0,0,A,DAYLIGHT,37.787567,-122.248382,,,,,A,NO PEDESTRIANS INVOLVED,1/30/2024 2:03:00 PM,A,VC 22350,False,1,I-880 S/B,,,2/6/2024 11:54:19 AM,A,N,1231.0,16TH AVENUE,F,,D,2/6/2024 11:54:22 AM,2/6/2024 11:54:22 AM,False,True,4,True,1/30/2024 2:10:00 PM,1410,False,,,True
2306939,9370-2024-00325,1,False,9370,1/30/2024 11:30:00 AM,1130,054,14,109,Oakland,1,True,True,B,SIDE SWIPE,,Tuesday,NotApplicable,False,M,,False,True,False,ALAMEDA SUPERIOR COURT WILEY W. MANUEL COURTHOUSE,C,OTHER MOTOR VEHICLE,,0,0,A,DAYLIGHT,37.820467,-122.255845,,,,,A,NO PEDESTRIANS INVOLVED,1/30/2024 11:30:00 AM,A,VC 21658(A),False,1,I-580  W/B,,,2/6/2024 11:09:31 AM,A,W,160.0,HARRISON STREET,F,,D,2/6/2024 11:09:33 AM,2/6/2024 11:09:33 AM,False,True,4,,1/30/2024 11:44:00 AM,1144,False,,,True
2306718,9370-2024-00318,1,False,9370,1/29/2024 8:20:00 PM,2020,176,14,109,Oakland,1,True,True,E,HIT OBJECT,,Monday,NotApplicable,False,,,False,True,True,ALAMEDA SUPERIOR COURT WILEY W. MANUEL COURTHOUSE,I,FIXED OBJECT,CONCRETE BARRIER WALL,0,0,D,DARK-NO STREET LIGHTS,37.777465,-122.236897,,,,,A,NO PEDESTRIANS INVOLVED,1/29/2024 8:20:00 PM,A,VC 22107,False,1,I-880 N/B,,,2/6/2024 9:20:25 AM,A,S,202.0,23RD AVE,F,,D,2/6/2024 9:20:27 AM,2/6/2024 9:20:27 AM,False,True,4,True,1/29/2024 8:30:00 PM,2030,False,,,True
2306636,9335-2024-00280,1,False,9335,2/3/2024 7:50:00 PM,1950,082,14,109,Oakland,1,True,True,C,REAR END,,Saturday,NotApplicable,False,M,,False,True,True,ALAMEDA SUPERIOR COURT ALAMEDA,C,OTHER MOTOR VEHICLE,,0,0,C,DARK-STREET LIGHTS,37.824706,-122.315522,,,,,A,NO PEDESTRIANS INVOLVED,2/3/2024 7:50:00 PM,A,VC 22107,False,1,I-80 W/B,,,2/6/2024 8:41:33 AM,B,W,490.0,SFOBB TOLL PLAZA,F,,D,2/6/2024 8:41:57 AM,2/6/2024 8:41:57 AM,False,True,4,,2/3/2024 8:06:00 PM,2006,False,,,True
2306601,9370-2024-00314,1,False,9370,1/29/2024 9:20:00 AM,920,176,14,109,Oakland,1,True,True,B,SIDE SWIPE,,Monday,NotApplicable,False,,,False,True,False,ALAMEDA SUPERIOR COURT WILEY W. MANUEL COURTHOUSE,C,OTHER MOTOR VEHICLE,,0,0,A,DAYLIGHT,37.771763,-122.223484,,,,,A,NO PEDESTRIANS INVOLVED,1/29/2024 9:20:00 AM,B,UNSAFE MERGE,,1,I-880 N/B,,,2/6/2024 8:13:24 AM,A,N,1312.0,HIGH ST,F,,D,2/6/2024 8:13:28 AM,2/6/2024 8:13:28 AM,False,True,4,,1/29/2024 9:22:00 AM,922,False,,,True
2306521,9370-2024-00364,1,False,9370,1/28/2024 3:15:00 PM,1515,177,14,109,Oakland,1,True,True,B,SIDE SWIPE,,Sunday,NotApplicable,False,M,,False,True,False,ALAMEDA SUPERIOR COURT WILEY W. MANUEL COURTHOUSE,C,OTHER MOTOR VEHICLE,,0,0,A,DAYLIGHT,37.789503,-122.25505,,,,,A,NO PEDESTRIANS INVOLVED,1/28/2024 3:15:00 PM,A,VC 21658(a),False,1,I-880 N/B,,,2/6/2024 6:53:04 AM,A,S,920.0,5TH ST,F,,D,2/6/2024 6:53:06 AM,2/6/2024 6:53:06 AM,False,True,4,True,1/28/2024 3:20:00 PM,1520,False,,,True
2306495,9370-2024-00292,1,False,9370,1/27/2024 1:25:00 AM,125,176,14,109,Oakland,1,True,True,B,SIDE SWIPE,,Saturday,NotApplicable,False,M,,False,True,False,ALAMEDA SUPERIOR COURT WILEY W. MANUEL COURTHOUSE,C,OTHER MOTOR VEHICLE,,0,0,D,DARK-NO STREET LIGHTS,37.751906,-122.206357,,,,,A,NO PEDESTRIANS INVOLVED,1/27/2024 1:25:00 AM,A,VC 22350,False,1,I-880 S/B,,,2/6/2024 5:55:07 AM,A,S,580.0,66TH AVE,F,,D,2/6/2024 5:55:11 AM,2/6/2024 5:55:11 AM,False,True,4,,1/27/2024 1:28:00 AM,128,False,,,False
2306410,9370-2024-00293,1,False,9370,1/27/2024 12:35:00 AM,35,008,14,109,Oakland,1,True,True,C,REAR END,,Saturday,NotApplicable,False,,,False,True,False,ALAMEDA SUPERIOR COURT WILEY W. MANUEL COURTHOUSE,C,OTHER MOTOR VEHICLE,,0,0,D,DARK-NO STREET LIGHTS,37.825332,-122.303804,,,,,A,NO PEDESTRIANS INVOLVED,1/27/2024 12:35:00 AM,A,VC 22350,False,1,I-80 E/B,,,2/6/2024 5:14:06 AM,A,E,2958.0,SAN FRANCISCO-OAKLAND BAY BRIDGE TOLL PLAZA,F,,D,2/6/2024 5:14:07 AM,2/6/2024 5:14:07 AM,False,True,4,,1/27/2024 12:38:00 AM,38,True,EMBEDDED,,True
2306113,9335-2024-00219,1,False,9335,1/28/2024 12:10:00 PM,1210,082,14,109,Oakland,1,True,True,B,SIDE SWIPE,,Sunday,NotApplicable,False,,,False,True,False,ALAMEDA SUPERIOR COURT ALAMEDA,C,OTHER MOTOR VEHICLE,,0,0,A,DAYLIGHT,37.824388,-122.31496,,,,,A,NO PEDESTRIANS INVOLVED,1/28/2024 12:10:00 PM,B,UNSAFE MERGE,,,I-80 W/B,,,2/5/2024 8:55:06 PM,A,W,330.0,THE SAN FRANCISCO OAKLAND BAY BRIDGE (SFOBB) TOLL PLAZA,F,,D,2/5/2024 8:55:21 PM,2/5/2024 8:55:21 PM,False,True,4,,1/28/2024 12:15:00 PM,1215,False,,,True
2305951,9370-2024-00125,1,False,9370,1/14/2024 2:50:00 AM,250,176,14,109,Oakland,1,True,True,C,REAR END,,Sunday,NotApplicable,False,M,,False,True,False,ALAMEDA SUPERIOR COURT WILEY W. MANUEL COURTHOUSE,C,OTHER MOTOR VEHICLE,,0,0,C,DARK-STREET LIGHTS,37.761157,-122.214646,,,,,A,NO PEDESTRIANS INVOLVED,1/14/2024 2:50:00 AM,A,VC 22350,False,1,I-880 S/B,,,2/5/2024 3:29:21 PM,B,N,175.0,66TH AVE,F,,D,2/5/2024 3:29:24 PM,2/5/2024 3:29:24 PM,False,True,4,,1/14/2024 3:00:00 AM,300,False,,,True
2305932,9370-2024-00191,1,False,9370,1/19/2024 4:40:00 PM,1640,013,14,109,Oakland,1,True,True,C,REAR END,,Friday,NotApplicable,False,,,False,True,True,ALAMEDA SUPERIOR COURT WILEY W. MANUEL COURTHOUSE,C,OTHER MOTOR VEHICLE,,0,0,A,DAYLIGHT,37.796898,-122.18419,,,,,A,NO PEDESTRIANS INVOLVED,1/19/2024 4:40:00 PM,A,VC 22350,False,1,SR-13 S/B,,,2/5/2024 3:10:25 PM,B,S,504.0,REDWOOD RD,F,,D,2/5/2024 3:10:27 PM,2/5/2024 3:10:27 PM,False,True,4,,1/19/2024 4:45:00 PM,1645,False,,,True
2305789,9370-2024-00062,1,False,9370,1/7/2024 8:11:00 AM,811,052,14,109,Oakland,1,True,True,E,HIT OBJECT,,Sunday,Yes,False,,,False,True,False,ALAMEDA SUPERIOR COURT WILEY W. MANUEL COURTHOUSE,I,FIXED OBJECT,CONCRETE BARRIER,1,0,A,DAYLIGHT,37.783329,-122.177424,,,,,A,NO PEDESTRIANS INVOLVED,1/7/2024 8:11:00 AM,A,VC 22107,False,1,I-580 E/B,,,2/5/2024 1:53:06 PM,A,W,1314.0,KUHNLE AVENUE,F,,D,2/5/2024 1:53:07 PM,2/5/2024 1:53:07 PM,False,True,4,,1/7/2024 8:14:00 AM,814,False,,,True
2305786,9370-2024-00276,1,False,9370,1/25/2024 3:30:00 PM,1530,177,14,109,Oakland,1,True,True,B,SIDE SWIPE,,Thursday,NotApplicable,False,,,False,True,False,ALAMEDA SUPERIOR COURT WILEY W. MANUEL COURTHOUSE,C,OTHER MOTOR VEHICLE,,0,0,A,DAYLIGHT,37.784071,-122.24102,,,,,A,NO PEDESTRIANS INVOLVED,1/25/2024 3:30:00 PM,A,VC 22107,False,1,I-880 NORTHBOUND,,,2/5/2024 1:52:09 PM,A,S,1050.0,16TH AVENUE,F,,D,2/5/2024 1:52:11 PM,2/5/2024 1:52:11 PM,False,True,4,,1/25/2024 3:45:00 PM,1545,False,,,True
2305354,9370-2024-00268,1,False,9370,1/25/2024 5:50:00 AM,550,024,14,109,Oakland,1,True,True,E,HIT OBJECT,,Thursday,Yes,False,,,False,True,True,ALAMEDA SUPERIOR COURT WILEY W. MANUEL COURTHOUSE,I,FIXED OBJECT,CONCRETE CENTER MEDIAN,1,0,D,DARK-NO STREET LIGHTS,37.849912,-122.238531,,,,,A,NO PEDESTRIANS INVOLVED,1/25/2024 5:50:00 AM,A,VC 22350,False,1,SR-24 E/B,,,2/5/2024 10:35:32 AM,B,E,1747.0,BROADWAY,F,,D,2/5/2024 10:35:34 AM,2/5/2024 10:35:34 AM,False,True,4,,1/25/2024 5:55:00 AM,555,False,,,True
2305082,9370-2024-00261,1,False,9370,1/24/2024 6:55:00 AM,655,054,14,109,Oakland,1,True,True,E,HIT OBJECT,,Wednesday,NotApplicable,False,,,False,True,True,ALAMEDA SUPERIOR COURT WILEY W. MANUEL COURTHOUSE,I,FIXED OBJECT,CONCRETE WALL,1,0,D,DARK-NO STREET LIGHTS,37.808063,-122.240876,,,,,A,NO PEDESTRIANS INVOLVED,1/24/2024 6:55:00 AM,A,VC 22350,False,1,I-580 W/B,,,2/5/2024 8:03:24 AM,B,E,1694.0,LAKESHORE AVENUE,F,,D,2/5/2024 8:03:26 AM,2/5/2024 8:03:26 AM,False,True,4,,1/24/2024 7:00:00 AM,700,False,,False,True
2305016,9370-2024-00274,1,False,9370,1/25/2024 11:40:00 AM,1140,177,14,109,Oakland,1,True,True,B,SIDE SWIPE,,Thursday,Yes,False,,,False,True,True,ALAMEDA SUPERIOR COURT WILEY W. MANUEL COURTHOUSE,I,FIXED OBJECT,CONCRETE BARRIER WALL,2,0,A,DAYLIGHT,37.796708,-122.270449,,,,,A,NO PEDESTRIANS INVOLVED,1/25/2024 11:40:00 AM,A,VC 22350,False,1,I-880 S/B,,,2/5/2024 7:00:22 AM,A,S,60.0,JACKSON STREET,F,,D,2/5/2024 7:00:24 AM,2/5/2024 7:00:24 AM,False,True,4,,1/25/2024 11:45:00 AM,1145,False,,,True
2305012,9370-2024-00272,1,False,9370,1/25/2024 10:40:00 AM,1040,177,14,109,Oakland,1,True,True,C,REAR END,,Thursday,NotApplicable,False,,,False,True,False,ALAMEDA SUPERIOR COURT WILEY W. MANUEL COURTHOUSE,D,MOTOR VEHICLE ON OTHER ROADWAY,,0,0,A,DAYLIGHT,37.792819,-122.262755,,,,,A,NO PEDESTRIANS INVOLVED,1/25/2024 10:40:00 AM,C,,,,I-880 N/B,,,2/5/2024 6:49:06 AM,A,S,1370.0,OAK ST,F,,D,2/5/2024 6:49:08 AM,2/5/2024 6:49:08 AM,False,True,4,,1/25/2024 10:41:00 AM,1041,False,,,True
2304995,9370-2024-00265,1,False,9370,1/25/2024 7:40:00 AM,740,176,14,109,Oakland,1,True,True,C,REAR END,,Thursday,NotApplicable,False,,,False,True,False,ALAMEDA SUPERIOR COURT WILEY W. MANUEL COURTHOUSE,C,OTHER MOTOR VEHICLE,,0,0,A,DAYLIGHT,37.774153,-122.230704,,,,,A,NO PEDESTRIANS INVOLVED,1/25/2024 7:40:00 AM,A,VC 22350,False,1,I-880 N/B,,,2/5/2024 5:52:00 AM,A,S,60.0,29TH AVE,F,,D,2/5/2024 5:52:02 AM,2/5/2024 5:52:02 AM,False,True,4,,1/25/2024 7:45:00 AM,745,False,,,True
2304992,9370-2024-00282,1,False,9370,1/25/2024 6:55:00 AM,655,055,14,109,Oakland,1,True,True,B,SIDE SWIPE,,Thursday,NotApplicable,False,M,,False,True,False,ALAMEDA SUPERIOR COURT WILEY W. MANUEL COURTHOUSE,C,OTHER MOTOR VEHICLE,,0,0,A,DAYLIGHT,37.826796,-122.286574,,,,,A,NO PEDESTRIANS INVOLVED,1/25/2024 6:55:00 AM,A,VC 21658(A),False,1,I-580 W/B,,,2/5/2024 5:39:01 AM,A,W,607.0,HOLLIS ST,F,,D,2/5/2024 5:39:03 AM,2/5/2024 5:39:03 AM,False,True,4,,1/25/2024 6:56:00 AM,656,False,,,True
2304977,9370-2024-00278,1,False,9370,1/25/2024 10:05:00 PM,2205,177,14,109,Oakland,1,True,True,B,SIDE SWIPE,,Thursday,NotApplicable,False,,,False,True,False,ALAMEDA SUPERIOR COURT WILEY W. MANUEL COURTHOUSE,C,OTHER MOTOR VEHICLE,,0,0,E,DARK-STREET LIGHTS NOT FUNCTIONING*,37.802538,-122.292999,,,,,A,NO PEDESTRIANS INVOLVED,1/25/2024 10:05:00 PM,A,VC 21750(a),False,2,I-880 N/B,,,2/5/2024 4:59:16 AM,A,S,300.0,MANDELA PARKWAY,F,,A,2/5/2024 4:59:17 AM,2/5/2024 4:59:17 AM,False,True,4,,1/25/2024 10:13:00 PM,2213,True,AREA PHOTO FILE,,True
2304407,9370-2024-00121,1,False,9370,1/13/2024 10:15:00 PM,2215,053,14,109,Oakland,1,True,True,D,BROADSIDE,,Saturday,Yes,False,,,False,True,True,ALAMEDA SUPERIOR COURT WILEY W. MANUEL COURTHOUSE,C,OTHER MOTOR VEHICLE,,0,0,D,DARK-NO STREET LIGHTS,37.800093,-122.22436,,,,,A,NO PEDESTRIANS INVOLVED,1/13/2024 10:15:00 PM,A,VC 22107,False,1,I-580 W/B,,,2/2/2024 8:37:30 PM,B,E,1270.0,BEAUMONT AVENUE,F,,D,2/2/2024 8:37:33 PM,2/2/2024 8:37:33 PM,False,True,4,,1/13/2024 10:20:00 PM,2220,True,AREA PHOTO FILE,,True
2304403,9335-2024-00264,1,False,9335,2/2/2024 6:55:00 AM,655,082,14,109,Oakland,1,True,True,B,SIDE SWIPE,,Friday,NotApplicable,False,,,False,True,False,ALAMEDA SUPERIOR COURT ALAMEDA,C,OTHER MOTOR VEHICLE,,0,0,C,DARK-STREET LIGHTS,37.82464,-122.315576,,,,,A,NO PEDESTRIANS INVOLVED,2/2/2024 6:55:00 AM,B,UNSAFE MERGE,,2,I-80 W/B,,,2/2/2024 8:25:21 PM,B,W,485.0,THE SAN FRANCISCO OAKLAND BAY BRIDGE TOLL PLAZA,F,,A,2/2/2024 8:25:25 PM,2/2/2024 8:25:25 PM,False,True,4,,2/2/2024 7:00:00 AM,700,False,,,True
2304395,9335-2024-00222,1,False,9335,1/28/2024 5:40:00 PM,1740,082,14,109,Oakland,1,True,True,E,HIT OBJECT,,Sunday,NotApplicable,False,,,False,True,False,ALAMEDA SUPERIOR COURT ALAMEDA,I,FIXED OBJECT,POT HOLE,0,0,A,DAYLIGHT,37.825186,-122.314281,,,,,A,NO PEDESTRIANS INVOLVED,1/28/2024 5:40:00 PM,C,,,,I-80 W/B,,,2/2/2024 7:17:17 PM,A,W,100.0,TOLL PLAZA,F,,D,2/2/2024 7:17:22 PM,2/2/2024 7:17:22 PM,False,True,4,,1/28/2024 5:45:00 PM,1745,False,,,True
2303920,9370-2024-00280,1,False,9370,1/26/2024 4:00:00 AM,400,176,14,109,Oakland,1,True,True,B,SIDE SWIPE,,Friday,NotApplicable,False,M,,False,True,False,ALAMEDA SUPERIOR COURT WILEY W. MANUEL COURTHOUSE,C,OTHER MOTOR VEHICLE,,0,0,D,DARK-NO STREET LIGHTS,37.743367,-122.199064,,,,,A,NO PEDESTRIANS INVOLVED,1/26/2024 4:00:00 AM,A,VC 21658(A),False,1,I-880 S/B,,,2/2/2024 9:48:10 AM,A,N,454.0,HEGENBERGER RD,F,,D,2/2/2024 9:48:12 AM,2/2/2024 9:48:12 AM,False,True,4,,1/26/2024 4:05:00 AM,405,False,,,True
2303707,9370-2024-00252,1,False,9370,1/24/2024 12:45:00 PM,1245,024,14,109,Oakland,1,True,True,B,SIDE SWIPE,,Wednesday,NotApplicable,False,M,,False,True,False,ALAMEDA SUPERIOR COURT WILEY W. MANUEL COURTHOUSE,C,OTHER MOTOR VEHICLE,,0,0,A,DAYLIGHT,37.853215,-122.221952,,,,,A,NO PEDESTRIANS INVOLVED,1/24/2024 12:45:00 PM,A,VC 21658(a),False,1,SR-24 W/B,,,2/2/2024 6:46:46 AM,B,W,1220.0,CALDECOTT TUNL,F,,D,2/2/2024 6:46:48 AM,2/2/2024 6:46:48 AM,False,True,4,,1/24/2024 1:04:00 PM,1304,False,,,True
2303699,9370-2024-00271,1,False,9370,1/25/2024 7:39:00 AM,739,176,14,109,Oakland,1,True,True,C,REAR END,,Thursday,NotApplicable,False,,,False,True,False,ALAMEDA SUPERIOR COURT WILEY W. MANUEL COURTHOUSE,C,OTHER MOTOR VEHICLE,,1,0,A,DAYLIGHT,37.774474,-122.2317,,,,,A,NO PEDESTRIANS INVOLVED,1/25/2024 7:39:00 AM,A,VC 22350,False,1,I-880 N/B,,,2/2/2024 6:34:13 AM,A,S,510.0,29TH AVE,F,,D,2/2/2024 6:34:16 AM,2/2/2024 6:34:16 AM,False,True,4,,1/25/2024 7:45:00 AM,745,False,,,True
2303679,9370-2024-00260,1,False,9370,1/24/2024 10:10:00 PM,2210,025,14,109,Oakland,1,True,True,C,REAR END,,Wednesday,NotApplicable,False,,,False,True,False,ALAMEDA SUPERIOR COURT WILEY W. MANUEL COURTHOUSE,C,OTHER MOTOR VEHICLE,,0,0,D,DARK-NO STREET LIGHTS,37.830504,-122.267256,,,,,A,NO PEDESTRIANS INVOLVED,1/24/2024 10:10:00 PM,A,VC 22350,False,1,SR-24 W/B TO I-580 TRANSITION,,,2/2/2024 5:48:44 AM,A,E,290.0,40TH ST,F,,D,2/2/2024 5:48:46 AM,2/2/2024 5:48:46 AM,False,True,4,,1/24/2024 10:15:00 PM,2215,False,,,True
2303331,9370-2024-00219,1,False,9370,1/22/2024 4:10:00 AM,410,008,14,109,Oakland,1,True,True,E,HIT OBJECT,,Monday,NotApplicable,False,,,False,True,False,ALAMEDA SUPERIOR COURT WILEY W. MANUEL COURTHOUSE,I,FIXED OBJECT,LEFT GUARRD RAIL,0,0,D,DARK-NO STREET LIGHTS,37.827887,-122.295373,,,,,A,NO PEDESTRIANS INVOLVED,1/22/2024 4:10:00 AM,A,VC 22350,False,1,I-80 W/B,,,2/1/2024 6:09:54 PM,B,W,500.0,POWELL ST,F,,D,2/1/2024 6:09:57 PM,2/1/2024 6:09:57 PM,False,True,4,,1/22/2024 4:15:00 AM,415,False,,,True
2303100,9370-2024-00228,1,False,9370,1/22/2024 9:30:00 AM,930,052,14,109,Oakland,1,True,True,E,HIT OBJECT,,Monday,NotApplicable,False,,,False,True,False,ALAMEDA SUPERIOR COURT WILEY W. MANUEL COURTHOUSE,J,OTHER OBJECT,METAL GUARDRAIL,1,0,A,DAYLIGHT,37.783895,-122.184395,,,,,A,NO PEDESTRIANS INVOLVED,1/22/2024 9:30:00 AM,A,VC 22350,False,,I-580 E/B,,,2/1/2024 1:46:27 PM,B,E,1158.0,MACARTHUR BLVD,F,,D,2/1/2024 1:46:28 PM,2/1/2024 1:46:28 PM,False,True,4,False,1/22/2024 9:35:00 AM,935,False,,,True
2302887,9370-2024-00267,1,False,9370,1/25/2024 7:00:00 AM,700,008,14,109,Oakland,1,True,True,B,SIDE SWIPE,,Thursday,NotApplicable,False,,,False,True,False,ALAMEDA SUPERIOR COURT WILEY W. MANUEL COURTHOUSE,C,OTHER MOTOR VEHICLE,,0,0,A,DAYLIGHT,37.82487,-122.31301,,,,,A,NO PEDESTRIANS INVOLVED,1/25/2024 7:00:00 AM,A,VC 21658(A),False,1,I-80 W/B,,,2/1/2024 10:38:24 AM,A,W,908.0,WEST GRAND AVENUE,F,,D,2/1/2024 10:38:28 AM,2/1/2024 10:38:28 AM,False,True,4,,1/25/2024 7:03:00 AM,703,False,,,True
2302875,9345-2024-00347,1,False,9345,1/28/2024 1:00:00 AM,100,904,14,109,Oakland,1,True,True,A,HEAD-ON,,Sunday,NotApplicable,False,,,False,False,False,ALAMEDA SUPERIOR COURT WILEY W. MANUEL COURTHOUSE,C,OTHER MOTOR VEHICLE,,0,0,C,DARK-STREET LIGHTS,37.76759,-122.20809,,,,,A,NO PEDESTRIANS INVOLVED,1/28/2024 1:00:00 AM,A,VC 22107,False,1,52ND AVENUE,,,2/1/2024 10:27:34 AM,A,W,439.0,INTERNATIONAL BOULEVARD,F,,D,2/1/2024 10:27:37 AM,2/1/2024 10:27:37 AM,False,False,4,,1/28/2024 1:00:00 AM,100,False,,,True
2302813,9370-2024-00270,1,False,9370,1/25/2024 5:45:00 AM,545,176,14,109,Oakland,1,True,True,B,SIDE SWIPE,,Thursday,NotApplicable,False,,,False,True,False,ALAMEDA SUPERIOR COURT WILEY W. MANUEL COURTHOUSE,C,OTHER MOTOR VEHICLE,,0,0,B,DUSK-DAWN,37.745231,-122.200299,,,,,A,NO PEDESTRIANS INVOLVED,1/25/2024 5:45:00 AM,A,VC 21658(A),False,1,I-880 N/B,,,2/1/2024 9:50:06 AM,A,N,1800.0,NORTH OF HEGENBERGER RD,F,,D,2/1/2024 9:50:08 AM,2/1/2024 9:50:08 AM,False,True,4,,1/25/2024 5:50:00 AM,550,False,,,True
2302761,9370-2024-00237,1,False,9370,1/23/2024 10:59:00 AM,1059,008,14,109,Oakland,1,True,True,C,REAR END,,Tuesday,NotApplicable,False,M,,False,True,False,ALAMEDA SUPERIOR COURT WILEY W. MANUEL COURTHOUSE,C,OTHER MOTOR VEHICLE,,0,0,A,DAYLIGHT,37.824694,-122.312294,,,,,A,NO PEDESTRIANS INVOLVED,1/23/2024 10:59:00 AM,A,VC 22350,False,1,I-80 W/B,,,2/1/2024 9:11:52 AM,A,W,972.0,WEST GRAND AVENUE,F,,D,2/1/2024 9:11:56 AM,2/1/2024 9:11:56 AM,False,True,4,,1/23/2024 11:01:00 AM,1101,False,,,True
2302279,9370-2024-00172,1,False,9370,1/17/2024 3:20:00 AM,320,177,14,109,Oakland,1,True,True,H,OTHER,DEBRIS,Wednesday,NotApplicable,False,,,False,True,False,ALAMEDA SUPERIOR COURT WILEY W. MANUEL COURTHOUSE,J,OTHER OBJECT,DEBRIS,0,0,C,DARK-STREET LIGHTS,37.732422,-122.189062,,,,,A,NO PEDESTRIANS INVOLVED,1/17/2024 3:20:00 AM,A,VC 23114(a),False,1,I-880 N/B,,,1/31/2024 4:27:01 PM,B,N,230.0,98TH AVENUE,F,,D,1/31/2024 4:27:04 PM,1/31/2024 4:27:04 PM,False,True,4,,1/17/2024 3:30:00 AM,330,False,,,
2302272,9370-2024-00170,1,False,9370,1/17/2024 4:20:00 PM,1620,177,14,109,Oakland,1,True,True,B,SIDE SWIPE,,Wednesday,NotApplicable,False,,,False,True,False,ALAMEDA SUPERIOR COURT WILEY W. MANUEL COURTHOUSE,C,OTHER MOTOR VEHICLE,,0,0,A,DAYLIGHT,37.799688,-122.278285,,,,,A,NO PEDESTRIANS INVOLVED,1/17/2024 4:20:00 PM,A,VC 21658(A),False,1,I-880 S/B,,,1/31/2024 4:20:19 PM,A,N,670.0,WASHINGTON STREET,F,,D,1/31/2024 4:20:20 PM,1/31/2024 4:20:20 PM,False,True,4,,1/17/2024 4:28:00 PM,1628,False,,,True
2302271,9370-2024-00229,1,False,9370,1/22/2024 12:01:00 PM,1201,025,14,109,Oakland,1,True,True,B,SIDE SWIPE,,Monday,NotApplicable,False,M,,False,True,False,ALAMEDA SUPERIOR COURT WILEY W. MANUEL COURTHOUSE,C,OTHER MOTOR VEHICLE,,0,0,A,DAYLIGHT,37.837633,-122.266124,,,,,A,NO PEDESTRIANS INVOLVED,1/22/2024 12:01:00 PM,A,VC 21658(A),False,1,SR-24 W/B FROM 51ST STREET,,,1/31/2024 4:19:40 PM,B,W,600.0,51ST ST,F,,D,1/31/2024 4:19:42 PM,1/31/2024 4:19:42 PM,False,True,4,,1/22/2024 12:16:00 PM,1216,False,,,True
2302203,9370-2024-00259,1,False,9370,1/24/2024 8:20:00 PM,2020,008,14,109,Oakland,1,True,True,C,REAR END,,Wednesday,NotApplicable,False,M,,False,True,False,ALAMEDA SUPERIOR COURT WILEY W. MANUEL COURTHOUSE,C,OTHER MOTOR VEHICLE,,0,0,D,DARK-NO STREET LIGHTS,37.829074,-122.293861,,,,,A,NO PEDESTRIANS INVOLVED,1/24/2024 8:20:00 PM,A,VC 22350,False,1,I-80 W/B,,,1/31/2024 3:12:29 PM,B,W,3560.0,POWELL STREET,F,,D,1/31/2024 3:12:31 PM,1/31/2024 3:12:31 PM,False,True,4,,1/24/2024 8:25:00 PM,2025,False,,,True