collision-id,report-number,report-version,is-preliminary,ncic-code,crash-date-time,crash-time-description,beat,city-id,city-code,city-name,county-code,city-is-active,city-is-incorporated,collision-type-code,collision-type-description,collision-type-other-desc,day-of-week,dispatch-notified,has-photographs,hit-run,is-attachments-mailed,is-deleted,is-highway-related,is-tow-away,judicial-district,motor-vehicle-involved-with-code,motor-vehicle-involved-with-desc,motor-vehicle-involved-with-other-desc,number-injured,number-killed,lighting-code,lighting-description,latitude,longitude,milepost-direction,milepost-distance,milepost-marker,milepost-unit-of-measure,pedestrian-action-code,pedestrian-action-desc,prepared-date,primary-collision-factor-code,primary-collision-factor-description,primary-collision-factor-is-cited,primary-collision-party-number,primary-road,reporting-district,reporting-district-code,reviewed-date,roadway-surface-code,secondary-direction,secondary-distance,secondary-road,secondary-unit-of-measure,sketch-desc,traffic-control-device-code,created-date,modified-date,is-county-road,is-freeway,chp-555-version,is-additonal-object-struck,notification-date,notification-time-description,has-digital-media-files,evidence-number,is-location-refer-to-narrative,is-aoi-one-same-as-location
2302191,9370-2024-00258,1,False,9370,1/24/2024 6:35:00 PM,1835,054,14,109,Oakland,1,True,True,C,REAR END,,Wednesday,NotApplicable,False,M,,False,True,False,ALAMEDA SUPERIOR COURT WILEY W. MANUEL COURTHOUSE,C,OTHER MOTOR VEHICLE,,0,0,D,DARK-NO STREET LIGHTS,37.806257,-122.237476,,,,,A,NO PEDESTRIANS INVOLVED,1/24/2024 6:35:00 PM,A,VC 22350,False,1,I-580 E/B TO PARK BLVD,,,1/31/2024 2:59:02 PM,B,W,1312.0,PARK BLVD,F,,D,1/31/2024 2:59:04 PM,1/31/2024 2:59:04 PM,False,True,4,,1/24/2024 6:40:00 PM,1840,False,,,True
2302129,9335-2024-00214,1,False,9335,1/27/2024 3:50:00 AM,350,084,14,109,Oakland,1,True,True,C,REAR END,,Saturday,NotApplicable,False,,,False,True,False,ALAMEDA SUPERIOR COURT ALAMEDA,C,OTHER MOTOR VEHICLE,,0,0,C,DARK-STREET LIGHTS,37.823665,-122.31514,,,,,A,NO PEDESTRIANS INVOLVED,1/27/2024 3:50:00 AM,A,VC 22350,False,1,I-80 E/B,,,1/31/2024 2:00:46 PM,A,W,429.0,SAN FRANCISCO OAKLAND BAY BRIDGE TOLL PLAZA,F,,D,1/31/2024 2:00:58 PM,1/31/2024 2:00:58 PM,False,True,4,,1/27/2024 4:00:00 AM,400,False,,,True
2302116,9335-2024-00228,1,False,9335,1/29/2024 6:15:00 AM,615,082,14,109,Oakland,1,True,True,B,SIDE SWIPE,,Monday,NotApplicable,False,,,False,True,False,ALAMEDA SUPERIOR COURT ADMINISTRATION BUILDING,C,OTHER MOTOR VEHICLE,,0,0,C,DARK-STREET LIGHTS,37.822134,-122.328764,,,,,A,NO PEDESTRIANS INVOLVED,1/29/2024 6:15:00 AM,A,VC 21658(a),False,1,I-80 W/B,,,1/31/2024 1:53:19 PM,A,W,4390.0,THE SAN FRANCISCO OAKLAND BAY BRIDGE TOLL PLAZA,F,,D,1/31/2024 1:53:28 PM,1/31/2024 1:53:28 PM,False,True,4,,1/29/2024 6:20:00 AM,620,False,,,True
2301850,9370-2024-00257,1,False,9370,1/24/2024 2:40:00 PM,1440,013,14,109,Oakland,1,True,True,C,REAR END,,Wednesday,NotApplicable,False,,,False,True,False,ALAMEDA SUPERIOR COURT WILEY W. MANUEL COURTHOUSE,C,OTHER MOTOR VEHICLE,,1,0,A,DAYLIGHT,37.838946,-122.222572,,,,,A,NO PEDESTRIANS INVOLVED,1/24/2024 2:40:00 PM,A,VC 22350,False,1,SR-13 N/B,,,1/31/2024 9:58:57 AM,B,S,1065.0,BROADWAY TERRACE,F,,D,1/31/2024 9:58:58 AM,1/31/2024 9:58:58 AM,False,True,4,,1/24/2024 2:42:00 PM,1442,False,,,True
2301769,9370-2024-00249,1,False,9370,1/24/2024 10:18:00 AM,1018,025,14,109,Oakland,1,True,True,C,REAR END,,Wednesday,NotApplicable,False,,,False,True,False,ALAMEDA SUPERIOR COURT WILEY W. MANUEL COURTHOUSE,C,OTHER MOTOR VEHICLE,,2,0,A,DAYLIGHT,37.829261,-122.26759,,,,,A,NO PEDESTRIANS INVOLVED,1/24/2024 10:18:00 AM,A,VC 22350,False,1,SR-24 W/B TO I-580 W/B,,,1/31/2024 9:14:42 AM,B,W,125.0,40TH ST,F,,D,1/31/2024 9:14:44 AM,1/31/2024 9:14:44 AM,False,True,4,,1/24/2024 10:25:00 AM,1025,False,,,True
2301692,9370-2024-00247,1,False,9370,1/24/2024 6:45:00 AM,645,052,14,109,Oakland,1,True,True,E,HIT OBJECT,,Wednesday,Yes,False,,,False,True,True,ALAMEDA SUPERIOR COURT WILEY W. MANUEL COURTHOUSE,J,OTHER OBJECT,TREE,1,0,D,DARK-NO STREET LIGHTS,37.782854,-122.175809,,,,,A,NO PEDESTRIANS INVOLVED,1/24/2024 6:45:00 AM,A,VC 22350,False,1,I-580 W/B TO SR-13 N/B,,,1/31/2024 8:09:57 AM,B,S,4400.0,CARSON ST,F,,D,1/31/2024 8:09:58 AM,1/31/2024 8:09:58 AM,False,True,4,,1/24/2024 7:00:00 AM,700,False,,,True
2301648,9370-2024-00248,1,False,9370,1/24/2024 6:05:00 AM,605,179,14,109,Oakland,1,True,True,F,OVERTURNED,,Wednesday,NotApplicable,False,,,False,True,False,ALAMEDA SUPERIOR COURT WILEY W. MANUEL COURTHOUSE,I,FIXED OBJECT,CONCRETE BARRIER,1,0,B,DUSK-DAWN,37.832997,-122.293883,,,,,A,NO PEDESTRIANS INVOLVED,1/24/2024 6:05:00 AM,A,VC 22350,False,1,I-880 N/B TO I-80 E/B,,,1/31/2024 7:38:14 AM,B,N,2300.0,BEACH ST,F,,D,1/31/2024 7:38:16 AM,1/31/2024 7:38:16 AM,False,True,4,,1/24/2024 6:12:00 AM,612,False,,,True
2301630,9370-2024-00246,1,False,9370,1/24/2024 5:02:00 AM,502,052,14,109,Oakland,1,True,True,E,HIT OBJECT,,Wednesday,Yes,False,,,False,True,True,ALAMEDA SUPERIOR COURT WILEY W. MANUEL COURTHOUSE,I,FIXED OBJECT,CONCRETE WALL,1,0,D,DARK-NO STREET LIGHTS,37.784011,-122.186235,,,,,A,NO PEDESTRIANS INVOLVED,1/24/2024 5:02:00 AM,A,VC 22350,False,1,I-580 E/B,,,1/31/2024 7:26:08 AM,B,W,1158.0,DAVENPORT AVE,F,,D,1/31/2024 7:26:10 AM,1/31/2024 7:26:10 AM,False,True,4,,1/24/2024 5:10:00 AM,510,True,EMBEDDED,,True
2301556,9370-2024-00297,1,False,9370,1/23/2024 6:20:00 PM,1820,052,14,109,Oakland,1,True,True,C,REAR END,,Tuesday,NotApplicable,False,,,False,True,False,ALAMEDA SUPERIOR COURT WILEY W. MANUEL COURTHOUSE,I,FIXED OBJECT,CONCRETE CENTER MEDIAN,0,0,A,DAYLIGHT,37.788423,-122.199284,,,,,A,NO PEDESTRIANS INVOLVED,1/23/2024 6:20:00 PM,A,VC 22350,False,1,I-580 E/B,,,1/31/2024 6:21:10 AM,A,E,443.0,38TH AVE,F,,D,1/31/2024 6:21:12 AM,1/31/2024 6:21:12 AM,False,True,4,,1/23/2024 6:25:00 PM,1825,False,,,True
2301549,9370-2024-00190,1,False,9370,1/19/2024 8:45:00 PM,2045,024,14,109,Oakland,1,True,True,C,REAR END,,Friday,NotApplicable,False,,,False,True,False,ALAMEDA SUPERIOR COURT WILEY W. MANUEL COURTHOUSE,C,OTHER MOTOR VEHICLE,,0,0,C,DARK-STREET LIGHTS,37.854094,-122.220261,,,,,A,NO PEDESTRIANS INVOLVED,1/19/2024 8:45:00 PM,A,VC 22350,False,1,SR-24 E/B,,,1/31/2024 6:00:01 AM,B,W,945.0,CALDECOTT TUNNEL,F,,D,1/31/2024 6:00:03 AM,1/31/2024 6:00:03 AM,False,True,4,False,1/19/2024 8:50:00 PM,2050,False,,False,True
2300989,9370-2024-00298,1,False,9370,1/23/2024 1:50:00 PM,1350,055,14,109,Oakland,1,True,True,B,SIDE SWIPE,,Tuesday,NotApplicable,False,,,False,True,False,ALAMEDA SUPERIOR COURT WILEY W. MANUEL COURTHOUSE,C,OTHER MOTOR VEHICLE,,0,0,A,DAYLIGHT,37.822613,-122.260476,,,,,A,NO PEDESTRIANS INVOLVED,1/23/2024 1:50:00 PM,A,VC 21658(a),False,1,I-580 W/B,,,1/30/2024 12:16:40 PM,A,W,147.0,BROADWAY,F,,D,1/30/2024 12:16:43 PM,1/30/2024 12:16:43 PM,False,True,4,,1/23/2024 1:55:00 PM,1355,False,,,True
2300747,9370-2024-00238,1,False,9370,1/23/2024 10:20:00 AM,1020,008,14,109,Oakland,1,True,True,B,SIDE SWIPE,,Tuesday,NotApplicable,False,,,False,True,False,ALAMEDA SUPERIOR COURT WILEY W. MANUEL COURTHOUSE,C,OTHER MOTOR VEHICLE,,0,0,A,DAYLIGHT,37.826776,-122.299217,,,,,A,NO PEDESTRIANS INVOLVED,1/23/2024 10:20:00 AM,A,VC 21658(A),False,1,I-80 W/B,,,1/30/2024 9:41:58 AM,A,E,2020.0,WEST GRAND AVENUE,F,,D,1/30/2024 9:42:00 AM,1/30/2024 9:42:00 AM,False,True,4,,1/23/2024 10:20:00 AM,1020,False,,,True
2300696,9370-2024-00235,1,False,9370,1/23/2024 8:55:00 AM,855,177,14,109,Oakland,1,True,True,E,HIT OBJECT,,Tuesday,NotApplicable,False,,,False,True,False,ALAMEDA SUPERIOR COURT WILEY W. MANUEL COURTHOUSE,J,OTHER OBJECT,ATTENUATOR SAND BARRELS,1,0,A,DAYLIGHT,37.801096,-122.280974,,,,,A,NO PEDESTRIANS INVOLVED,1/23/2024 8:55:00 AM,A,VC 22107,False,1,I-880 N/B,,,1/30/2024 9:21:33 AM,A,S,650.0,MARKET ST,F,,D,1/30/2024 9:21:35 AM,1/30/2024 9:21:35 AM,False,True,4,True,1/23/2024 9:17:00 AM,917,False,,,True
2300495,9370-2024-00220,1,False,9370,1/22/2024 1:20:00 AM,120,052,14,109,Oakland,1,True,True,E,HIT OBJECT,,Monday,NotApplicable,False,,,False,True,True,ALAMEDA SUPERIOR COURT WILEY W. MANUEL COURTHOUSE,I,FIXED OBJECT,CONCRETE BARRIER,0,0,D,DARK-NO STREET LIGHTS,37.765816,-122.152021,,,,,A,NO PEDESTRIANS INVOLVED,1/22/2024 1:20:00 AM,A,VC 22350,False,1,I-580 W/B,,,1/30/2024 6:55:43 AM,B,E,2555.0,KELLER AVENUE,F,,D,1/30/2024 6:55:45 AM,1/30/2024 6:55:45 AM,False,True,4,,1/22/2024 1:21:00 AM,121,False,,,True
2300483,9370-2024-00215,1,False,9370,1/22/2024 12:40:00 AM,40,054,14,109,Oakland,1,True,True,E,HIT OBJECT,,Monday,NotApplicable,False,,,False,True,False,ALAMEDA SUPERIOR COURT WILEY W. MANUEL COURTHOUSE,I,FIXED OBJECT,CHAIN LINK FENCE,0,0,D,DARK-NO STREET LIGHTS,37.809458,-122.244727,,,,,A,NO PEDESTRIANS INVOLVED,1/22/2024 12:40:00 AM,A,VC 22350,False,1,I-580 W/B,,,1/30/2024 6:33:23 AM,B,W,415.0,LAKESHORE AVE,F,,D,1/30/2024 6:33:24 AM,1/30/2024 6:33:24 AM,False,True,4,,1/22/2024 12:45:00 AM,45,False,,,True
2300476,9370-2024-00202,1,False,9370,1/20/2024 12:19:00 PM,1219,177,14,109,Oakland,1,True,True,B,SIDE SWIPE,,Saturday,NotApplicable,False,M,,False,True,True,ALAMEDA SUPERIOR COURT WILEY W. MANUEL COURTHOUSE,I,FIXED OBJECT,CONCRETE BARRIER,0,0,A,DAYLIGHT,37.789223,-122.254184,,,,,A,NO PEDESTRIANS INVOLVED,1/20/2024 12:19:00 PM,A,VC 22107,False,1,I-880 S/B,,,1/30/2024 6:22:49 AM,B,N,1000.0,16TH AVE,F,,D,1/30/2024 6:22:50 AM,1/30/2024 6:22:50 AM,False,True,4,,1/20/2024 12:25:00 PM,1225,False,,,True
2300465,9370-2024-00288,1,False,9370,1/22/2024 12:10:00 AM,10,176,14,109,Oakland,1,True,True,B,SIDE SWIPE,,Monday,Yes,False,,,False,True,False,ALAMEDA SUPERIOR COURT WILEY W. MANUEL COURTHOUSE,C,OTHER MOTOR VEHICLE,,1,0,D,DARK-NO STREET LIGHTS,37.765077,-122.218044,,,,,A,NO PEDESTRIANS INVOLVED,1/22/2024 12:10:00 AM,A,VC 22350,False,1,I-880 S/B,,,1/30/2024 5:58:47 AM,B,S,1305.0,HIGH ST,F,,D,1/30/2024 5:58:49 AM,1/30/2024 5:58:49 AM,False,True,4,,1/22/2024 12:12:00 AM,12,False,,,True
2300425,9370-2024-00218,1,False,9370,1/22/2024 12:00:00 AM,2220,008,14,109,Oakland,1,True,True,C,REAR END,,Monday,NotApplicable,False,,,False,True,False,ALAMEDA SUPERIOR COURT WILEY W. MANUEL COURTHOUSE,C,OTHER MOTOR VEHICLE,,0,0,D,DARK-NO STREET LIGHTS,37.82422,-122.311041,,,,,A,NO PEDESTRIANS INVOLVED,1/22/2024 12:00:00 AM,A,VC 22350,False,1,I-80 E/B,,,1/30/2024 5:27:48 AM,B,W,2754.0,WEST GRAND AVENUE,F,,D,1/30/2024 5:27:49 AM,1/30/2024 5:27:49 AM,False,True,4,,1/22/2024 12:00:00 AM,2230,False,,,True
2300146,9370-2024-00243,1,False,9370,1/23/2024 9:05:00 PM,2105,008,14,109,Oakland,1,True,True,C,REAR END,,Tuesday,NotApplicable,False,,,False,True,False,ALAMEDA SUPERIOR COURT WILEY W. MANUEL COURTHOUSE,C,OTHER MOTOR VEHICLE,,0,0,D,DARK-NO STREET LIGHTS,37.828772,-122.293737,,,,,A,NO PEDESTRIANS INVOLVED,1/23/2024 9:05:00 PM,A,VC 22350,False,1,I-80 W/B TO I-580 E/B,,,1/29/2024 7:47:16 PM,A,W,1383.0,MANDELA PARKWAY,F,,D,1/29/2024 7:47:20 PM,1/29/2024 7:47:20 PM,False,True,4,,1/23/2024 9:12:00 PM,2112,True,EMBEDDED,,True
2300133,9370-2024-00132,1,False,9370,1/14/2024 7:45:00 AM,745,055,14,109,Oakland,1,True,True,B,SIDE SWIPE,,Sunday,NotApplicable,False,M,,False,True,False,ALAMEDA SUPERIOR COURT WILEY W. MANUEL COURTHOUSE,C,OTHER MOTOR VEHICLE,,0,0,A,DAYLIGHT,37.823865,-122.268352,,,,,A,NO PEDESTRIANS INVOLVED,1/14/2024 7:45:00 AM,A,VC 21658(A),False,1,I-580 W/B TO I-980 W/B,,,1/29/2024 6:38:55 PM,A,W,700.0,TELEGRAPH AVE,F,,D,1/29/2024 6:38:58 PM,1/29/2024 6:38:58 PM,False,True,4,,1/14/2024 7:47:00 AM,747,False,,,True
2299830,9370-2024-00066,1,False,9370,1/7/2024 7:00:00 AM,700,025,14,109,Oakland,1,True,True,B,SIDE SWIPE,,Sunday,NotApplicable,False,,,False,True,False,ALAMEDA SUPERIOR COURT WILEY W. MANUEL COURTHOUSE,C,OTHER MOTOR VEHICLE,,0,0,B,DUSK-DAWN,37.825151,-122.267659,,,,,A,NO PEDESTRIANS INVOLVED,1/7/2024 7:00:00 AM,C,,,,SR-24 E/B,,,1/29/2024 12:57:58 PM,A,E,857.0,34TH ST,F,,D,1/29/2024 12:58:00 PM,1/29/2024 12:58:00 PM,False,True,4,,1/7/2024 7:05:00 AM,705,False,,,True
2299738,9370-2024-00197,1,False,9370,1/20/2024 12:30:00 PM,1230,025,14,109,Oakland,1,True,True,B,SIDE SWIPE,,Saturday,NotApplicable,False,,,False,True,True,ALAMEDA SUPERIOR COURT WILEY W. MANUEL COURTHOUSE,C,OTHER MOTOR VEHICLE,,3,0,A,DAYLIGHT,37.844652,-122.251859,,,,,A,NO PEDESTRIANS INVOLVED,1/20/2024 12:30:00 PM,A,VC 22350,False,1,SR-24 W/B,,,1/29/2024 11:52:55 AM,B,W,30.0,COLLEGE AVE,F,,D,1/29/2024 11:52:58 AM,1/29/2024 11:52:58 AM,False,True,4,,1/20/2024 12:40:00 PM,1240,False,,,True
2299722,9370-2024-00194,1,False,9370,1/20/2024 10:10:00 AM,1010,176,14,109,Oakland,1,True,True,D,BROADSIDE,,Saturday,NotApplicable,False,,,False,True,True,ALAMEDA SUPERIOR COURT WILEY W. MANUEL COURTHOUSE,C,OTHER MOTOR VEHICLE,,1,0,A,DAYLIGHT,37.746638,-122.201828,,,,,A,NO PEDESTRIANS INVOLVED,1/20/2024 10:10:00 AM,A,VC 22350,False,1,I-880 S/B,,,1/29/2024 11:42:56 AM,B,N,2600.0,HEGENBERGER ROAD,F,,D,1/29/2024 11:42:58 AM,1/29/2024 11:42:58 AM,False,True,4,,1/20/2024 10:12:00 AM,1012,False,,,True
2299681,9370-2024-00208,1,False,9370,1/20/2024 8:30:00 PM,2030,176,14,109,Oakland,1,True,True,B,SIDE SWIPE,,Saturday,NotApplicable,False,M,,False,True,True,ALAMEDA SUPERIOR COURT WILEY W. MANUEL COURTHOUSE,C,OTHER MOTOR VEHICLE,,1,0,C,DARK-STREET LIGHTS,37.744646,-122.20005,,,,,A,NO PEDESTRIANS INVOLVED,1/20/2024 8:30:00 PM,A,VC 21658(a),False,,I-880 S/B,,,1/29/2024 11:25:07 AM,B,N,1725.0,HEGENBERGER RD,F,,D,1/29/2024 11:25:09 AM,1/29/2024 11:25:09 AM,False,True,4,True,1/20/2024 8:35:00 PM,2035,False,,,True
2299666,9370-2024-00209,1,False,9370,1/20/2024 6:10:00 PM,1810,055,14,109,Oakland,1,True,True,E,HIT OBJECT,,Saturday,Yes,False,,,False,True,True,ALAMEDA SUPERIOR COURT WILEY W. MANUEL COURTHOUSE,I,FIXED OBJECT,CONCRETE WALL,0,0,C,DARK-STREET LIGHTS,37.827247,-122.283623,,,,,A,NO PEDESTRIANS INVOLVED,1/20/2024 6:10:00 PM,A,VC 23152(F),True,1,I-580 E/B,,,1/29/2024 11:19:02 AM,B,E,325.0,HOLLIS ST,F,,D,1/29/2024 11:19:04 AM,1/29/2024 11:19:04 AM,False,True,4,,1/20/2024 6:12:00 PM,1812,False,,,True
2299645,9370-2024-00213,1,False,9370,1/21/2024 8:40:00 PM,2040,177,14,109,Oakland,1,True,True,B,SIDE SWIPE,,Sunday,NotApplicable,False,,,False,True,True,ALAMEDA SUPERIOR COURT WILEY W. MANUEL COURTHOUSE,C,OTHER MOTOR VEHICLE,,0,0,C,DARK-STREET LIGHTS,37.794016,-122.264275,,,,,A,NO PEDESTRIANS INVOLVED,1/21/2024 8:40:00 PM,A,VC 22350,False,1,I-880 N/B,,,1/29/2024 11:05:55 AM,B,S,775.0,OAK STREET,F,,D,1/29/2024 11:05:56 AM,1/29/2024 11:05:56 AM,False,True,4,,1/21/2024 8:45:00 PM,2045,False,,,True
2299642,9370-2024-00226,1,False,9370,1/17/2024 6:20:00 PM,1820,177,14,109,Oakland,1,True,True,C,REAR END,,Wednesday,NotApplicable,False,,,False,True,False,ALAMEDA SUPERIOR COURT WILEY W. MANUEL COURTHOUSE,C,OTHER MOTOR VEHICLE,,3,0,D,DARK-NO STREET LIGHTS,37.783776,-122.240852,,,,,A,NO PEDESTRIANS INVOLVED,1/17/2024 6:20:00 PM,A,VC 22350,False,1,I-880 SOUTHBOUND,,,1/29/2024 11:05:09 AM,A,N,300.0,23RD AVE,F,,D,1/29/2024 11:05:11 AM,1/29/2024 11:05:11 AM,False,True,4,,1/17/2024 6:37:00 PM,1837,False,,,
2299637,9370-2024-00163,1,False,9370,1/17/2024 12:20:00 AM,20,024,14,109,Oakland,1,True,True,E,HIT OBJECT,,Wednesday,Yes,False,,,False,True,True,ALAMEDA SUPERIOR COURT WILEY W. MANUEL COURTHOUSE,I,FIXED OBJECT,CONCRETE CURB,0,0,C,DARK-STREET LIGHTS,37.85715,-122.214114,,,,,A,NO PEDESTRIANS INVOLVED,1/17/2024 12:20:00 AM,A,VC 23152(a),True,1,SR-24 E/B,,,1/29/2024 11:02:32 AM,B,W,2080.0,WEST EDGE OF CALDECOTT TUNNELL BORE #1,F,,D,1/29/2024 11:02:35 AM,1/29/2024 11:02:35 AM,False,True,4,True,1/17/2024 12:27:00 AM,27,True,AREA / EMBEDDED,,True
2299631,9370-2024-00203,2,False,9370,1/20/2024 5:20:00 PM,1720,177,14,109,Oakland,1,True,True,B,SIDE SWIPE,,Saturday,NotApplicable,False,,,False,True,False,ALAMEDA SUPERIOR COURT WILEY W. MANUEL COURTHOUSE,I,FIXED OBJECT,CONCRETE CENTER MEDIAN,3,0,C,DARK-STREET LIGHTS,37.78191,-122.238857,,,,,A,NO PEDESTRIANS INVOLVED,1/20/2024 5:20:00 PM,A,VC 21658(A),False,1,I-880 N/B,,,4/5/2024 11:37:11 AM,B,N,1470.0,23RD AVE,F,,D,1/29/2024 10:59:31 AM,4/5/2024 11:37:14 AM,False,True,4,,1/20/2024 5:25:00 PM,1725,False,,,True
2299593,9370-2024-00206,1,False,9370,1/20/2024 2:15:00 PM,1415,904,14,109,Oakland,1,True,True,E,HIT OBJECT,,Saturday,NotApplicable,False,,,False,True,True,ALAMEDA SUPERIOR COURT WILEY W. MANUEL COURTHOUSE,I,FIXED OBJECT,CONCRETE CENTER DIVIDE,0,0,A,DAYLIGHT,37.823677,-122.315472,,,,,A,NO PEDESTRIANS INVOLVED,1/20/2024 2:15:00 PM,A,VC 22107,False,1,I-80 E/B,,,1/29/2024 10:40:58 AM,B,W,1645.0,W GRAND AVE,F,,D,1/29/2024 10:40:59 AM,1/29/2024 10:40:59 AM,False,True,4,,1/20/2024 2:25:00 PM,1425,False,,,True
2299466,9370-2024-00123,1,False,9370,1/14/2024 12:50:00 AM,50,177,14,109,Oakland,1,True,True,E,HIT OBJECT,,Sunday,NotApplicable,False,,,False,True,False,ALAMEDA SUPERIOR COURT WILEY W. MANUEL COURTHOUSE,I,FIXED OBJECT,CONCRETE BARRIER,0,0,D,DARK-NO STREET LIGHTS,37.78666,-122.246542,,,,,A,NO PEDESTRIANS INVOLVED,1/14/2024 12:50:00 AM,A,VC 22350,False,1,I-880 S/B,,,1/29/2024 9:29:26 AM,B,N,688.0,16TH AVE,F,,D,1/29/2024 9:29:27 AM,1/29/2024 9:29:27 AM,False,True,4,,1/14/2024 12:52:00 AM,52,False,,,True
2299463,9370-2024-00205,1,False,9370,1/13/2024 11:00:00 PM,2300,013,14,109,Oakland,1,True,True,E,HIT OBJECT,,Saturday,NotApplicable,False,,,False,True,True,ALAMEDA SUPERIOR COURT WILEY W. MANUEL COURTHOUSE,I,FIXED OBJECT,CONCRETE BARRIER,0,0,D,DARK-NO STREET LIGHTS,37.786109,-122.179786,,,,,A,NO PEDESTRIANS INVOLVED,1/13/2024 11:00:00 PM,A,VC 22350,False,1,SR-13 S/B,,,1/29/2024 9:28:27 AM,B,N,660.0,CALAVERAS AVE,F,,D,1/29/2024 9:28:29 AM,1/29/2024 9:28:29 AM,False,True,4,True,1/13/2024 11:05:00 PM,2305,False,,,True
2299312,9370-2024-00166,1,False,9370,1/17/2024 8:32:00 AM,832,176,14,109,Oakland,1,True,True,C,REAR END,,Wednesday,NotApplicable,False,,,False,True,False,ALAMEDA SUPERIOR COURT WILEY W. MANUEL COURTHOUSE,C,OTHER MOTOR VEHICLE,,0,0,A,DAYLIGHT,37.77519,-122.234066,,,,,A,NO PEDESTRIANS INVOLVED,1/17/2024 8:32:00 AM,A,VC 22350,False,1,I-880 S/B,,,1/29/2024 8:20:05 AM,A,S,158.0,29TH ST,F,,D,1/29/2024 8:20:07 AM,1/29/2024 8:20:07 AM,False,True,4,,1/17/2024 8:37:00 AM,837,False,,,True
2298934,9370-2024-00081,2,False,9370,1/9/2024 9:55:00 AM,955,008,14,109,Oakland,1,True,True,B,SIDE SWIPE,,Tuesday,NotApplicable,False,,,False,True,False,ALAMEDA SUPERIOR COURT WILEY W. MANUEL COURTHOUSE,C,OTHER MOTOR VEHICLE,,1,0,A,DAYLIGHT,37.827086,-122.298227,,,,,A,NO PEDESTRIANS INVOLVED,1/9/2024 9:55:00 AM,A,VC 21658(A),False,1,I-80 W/B,,,3/29/2024 10:32:51 PM,B,E,2285.0,W GRAND AVE / MARITIME STREET,F,,D,1/28/2024 5:48:52 PM,3/29/2024 10:32:54 PM,False,True,4,,1/9/2024 10:00:00 AM,1000,False,,,True
2298671,9335-2024-00049,1,False,9335,1/7/2024 5:05:00 PM,1705,082,14,109,Oakland,1,True,True,B,SIDE SWIPE,,Sunday,NotApplicable,False,,,False,True,False,ALAMEDA SUPERIOR COURT ALAMEDA,C,OTHER MOTOR VEHICLE,,0,0,C,DARK-STREET LIGHTS,37.822668,-122.32252,,,,,A,NO PEDESTRIANS INVOLVED,1/7/2024 5:05:00 PM,A,VC 21658(a),False,,I-80 W/B,,,1/27/2024 3:57:59 PM,A,W,910.0,METERING LIGHTS OVERHANG,F,,A,1/27/2024 3:58:03 PM,1/27/2024 3:58:03 PM,False,True,4,,1/7/2024 5:10:00 PM,1710,False,,,True
2298475,9370-2024-00101,1,False,9370,1/11/2024 8:05:00 AM,805,053,14,109,Oakland,1,True,True,C,REAR END,,Thursday,NotApplicable,False,,,False,True,False,ALAMEDA SUPERIOR COURT WILEY W. MANUEL COURTHOUSE,C,OTHER MOTOR VEHICLE,,0,0,A,DAYLIGHT,37.795491,-122.208966,,,,,A,NO PEDESTRIANS INVOLVED,1/11/2024 8:05:00 AM,A,VC 22350,False,1,I-580 E/B FORM COOLIDGE AVENUE,,,1/26/2024 7:35:25 PM,A,E,640.0,COOLIDGE AVE,F,,D,1/26/2024 7:35:28 PM,1/26/2024 7:35:28 PM,False,True,4,,1/11/2024 8:11:00 AM,811,False,,,True
2298469,9370-2024-00173,1,False,9370,1/18/2024 2:00:00 AM,200,177,14,109,Oakland,1,True,True,B,SIDE SWIPE,,Thursday,NotApplicable,False,M,,False,True,True,ALAMEDA SUPERIOR COURT WILEY W. MANUEL COURTHOUSE,C,OTHER MOTOR VEHICLE,,0,0,D,DARK-NO STREET LIGHTS,37.800095,-122.278326,,,,,A,NO PEDESTRIANS INVOLVED,1/18/2024 2:00:00 AM,A,VC 22107,False,1,I-880 N/B TO I-980 E/B,,,1/26/2024 6:53:38 PM,A,N,385.0,CLAY ST,F,,D,1/26/2024 6:53:41 PM,1/26/2024 6:53:41 PM,False,True,4,,1/18/2024 2:05:00 AM,205,True,EMBEDDED,,True
2298463,9370-2024-00180,1,False,9370,1/18/2024 3:00:00 PM,1500,008,14,109,Oakland,1,True,True,E,HIT OBJECT,,Thursday,NotApplicable,False,,,False,True,False,ALAMEDA SUPERIOR COURT WILEY W. MANUEL COURTHOUSE,J,OTHER OBJECT,QUEST GUARD RAIL,1,0,A,DAYLIGHT,37.828513,-122.293638,,,,,A,NO PEDESTRIANS INVOLVED,1/18/2024 3:00:00 PM,A,VC 21658(a),False,,I-80 W/B TO I-880 S/B,,,1/26/2024 6:09:33 PM,A,E,135.0,I-580 W/B TO I-80 W/B OVER-CROSSING,F,,D,1/26/2024 6:09:35 PM,1/26/2024 6:09:35 PM,False,True,4,,1/18/2024 3:13:00 PM,1513,False,,,True