collision-id,report-number,report-version,is-preliminary,ncic-code,crash-date-time,crash-time-description,beat,city-id,city-code,city-name,county-code,city-is-active,city-is-incorporated,collision-type-code,collision-type-description,collision-type-other-desc,day-of-week,dispatch-notified,has-photographs,hit-run,is-attachments-mailed,is-deleted,is-highway-related,is-tow-away,judicial-district,motor-vehicle-involved-with-code,motor-vehicle-involved-with-desc,motor-vehicle-involved-with-other-desc,number-injured,number-killed,lighting-code,lighting-description,latitude,longitude,milepost-direction,milepost-distance,milepost-marker,milepost-unit-of-measure,pedestrian-action-code,pedestrian-action-desc,prepared-date,primary-collision-factor-code,primary-collision-factor-description,primary-collision-factor-is-cited,primary-collision-party-number,primary-road,reporting-district,reporting-district-code,reviewed-date,roadway-surface-code,secondary-direction,secondary-distance,secondary-road,secondary-unit-of-measure,sketch-desc,traffic-control-device-code,created-date,modified-date,is-county-road,is-freeway,chp-555-version,is-additonal-object-struck,notification-date,notification-time-description,has-digital-media-files,evidence-number,is-location-refer-to-narrative,is-aoi-one-same-as-location
2298459,9370-2024-00148,1,False,9370,1/16/2024 9:57:00 AM,957,177,14,109,Oakland,1,True,True,B,SIDE SWIPE,,Tuesday,Yes,False,,,False,True,True,ALAMEDA SUPERIOR COURT WILEY W. MANUEL COURTHOUSE,C,OTHER MOTOR VEHICLE,,2,0,A,DAYLIGHT,37.776503,-122.235659,,,,,A,NO PEDESTRIANS INVOLVED,1/16/2024 9:57:00 AM,A,VC 21658(A),False,1,I-880 N/B,,,1/26/2024 5:49:59 PM,A,S,250.0,23RD AVE,F,,D,1/26/2024 5:50:02 PM,1/26/2024 5:50:02 PM,False,True,4,True,1/16/2024 10:00:00 AM,1000,False,,,True
2298434,9370-2024-00159,1,False,9370,1/16/2024 6:56:00 PM,1856,054,14,109,Oakland,1,True,True,B,SIDE SWIPE,,Tuesday,NotApplicable,False,,,False,True,False,ALAMEDA SUPERIOR COURT ALAMEDA,C,OTHER MOTOR VEHICLE,,0,0,D,DARK-NO STREET LIGHTS,37.808834,-122.2429,,,,,A,NO PEDESTRIANS INVOLVED,1/16/2024 6:56:00 PM,D,,,,I-580 W/B,,,1/26/2024 4:45:57 PM,B,E,1022.0,LAKESHORE AVE,F,,D,1/26/2024 4:46:00 PM,1/26/2024 4:46:00 PM,False,True,4,,1/16/2024 6:58:00 PM,1858,False,,,True
2298423,9370-2024-00161,1,False,9370,1/16/2024 7:07:00 PM,1907,054,14,109,Oakland,1,True,True,C,REAR END,,Tuesday,NotApplicable,False,M,,False,True,False,ALAMEDA SUPERIOR COURT WILEY W. MANUEL COURTHOUSE,C,OTHER MOTOR VEHICLE,,0,0,D,DARK-NO STREET LIGHTS,37.808747,-122.24233,,,,,A,NO PEDESTRIANS INVOLVED,1/16/2024 7:07:00 PM,A,VC 22350,False,1,I-580 W/B,,,1/26/2024 4:29:05 PM,B,E,1115.0,LAKESHORE AVE,F,,D,1/26/2024 4:29:07 PM,1/26/2024 4:29:07 PM,False,True,4,,1/16/2024 8:09:00 PM,2009,False,,,True
2298420,9370-2024-00160,1,False,9370,1/16/2024 7:50:00 PM,1950,053,14,109,Oakland,1,True,True,C,REAR END,,Tuesday,NotApplicable,False,M,,False,True,False,ALAMEDA SUPERIOR COURT WILEY W. MANUEL COURTHOUSE,C,OTHER MOTOR VEHICLE,,0,0,D,DARK-NO STREET LIGHTS,37.799265,-122.221347,,,,,A,NO PEDESTRIANS INVOLVED,1/16/2024 7:50:00 PM,A,VC 22350,False,1,I-580 E/B,,,1/26/2024 4:21:02 PM,B,W,1246.0,FRUITVALE AVENUE,F,,D,1/26/2024 4:21:04 PM,1/26/2024 4:21:04 PM,False,True,4,,1/16/2024 7:58:00 PM,1958,False,,,True
2298313,9370-2024-00240,1,False,9370,1/23/2024 11:40:00 AM,1140,177,14,109,Oakland,1,True,True,C,REAR END,,Tuesday,Yes,False,,,False,True,False,ALAMEDA SUPERIOR COURT WILEY W. MANUEL COURTHOUSE,C,OTHER MOTOR VEHICLE,,1,0,A,DAYLIGHT,37.796967,-122.270246,,,,,A,NO PEDESTRIANS INVOLVED,1/23/2024 11:40:00 AM,A,VC 22350,False,1,I-880 N/B FROM JACKSON ST,,,1/26/2024 2:24:13 PM,A,N,225.0,JACKSON ST,F,,D,1/26/2024 2:24:16 PM,1/26/2024 2:24:16 PM,False,True,4,,1/23/2024 11:55:00 AM,1155,False,,,True
2298297,9370-2024-00174,1,False,9370,1/18/2024 11:27:00 AM,1127,025,14,109,Oakland,1,True,True,C,REAR END,,Thursday,NotApplicable,False,,,False,True,True,ALAMEDA SUPERIOR COURT WILEY W. MANUEL COURTHOUSE,C,OTHER MOTOR VEHICLE,,0,0,A,DAYLIGHT,37.831163,-122.267257,,,,,A,NO PEDESTRIANS INVOLVED,1/18/2024 11:27:00 AM,A,VC 22350,False,1,SR-24 W/B FROM MARTIN LUTHER KING JR WAY,,,1/26/2024 2:11:20 PM,B,E,128.0,42ND ST,F,,D,1/26/2024 2:11:21 PM,1/26/2024 2:11:21 PM,False,True,4,,1/18/2024 11:29:00 AM,1129,False,,,True
2298278,9370-2024-00193,1,False,9370,1/20/2024 9:40:00 AM,940,008,14,109,Oakland,1,True,True,C,REAR END,,Saturday,NotApplicable,False,,,False,True,False,ALAMEDA SUPERIOR COURT WILEY W. MANUEL COURTHOUSE,C,OTHER MOTOR VEHICLE,,2,0,A,DAYLIGHT,37.833302,-122.294691,,,,,A,NO PEDESTRIANS INVOLVED,1/20/2024 9:40:00 AM,A,VC 22350,False,1,I-80 W/B,,,1/26/2024 1:58:25 PM,B,W,1800.0,POWELL ST,F,,D,1/26/2024 1:58:27 PM,1/26/2024 1:58:27 PM,False,True,4,,1/20/2024 9:41:00 AM,941,False,,,True
2298184,9370-2024-00153,1,False,9370,1/16/2024 12:45:00 PM,1245,052,14,109,Oakland,1,True,True,B,SIDE SWIPE,,Tuesday,NotApplicable,False,,,False,True,False,ALAMEDA SUPERIOR COURT WILEY W. MANUEL COURTHOUSE,C,OTHER MOTOR VEHICLE,,0,0,A,DAYLIGHT,37.777888,-122.167829,,,,,A,NO PEDESTRIANS INVOLVED,1/16/2024 12:45:00 PM,D,,,,I-580 E/B,,,1/26/2024 12:53:29 PM,A,W,1179.0,EDWARDS AVE,F,,D,1/26/2024 12:53:31 PM,1/26/2024 12:53:31 PM,False,True,4,,1/16/2024 12:55:00 PM,1255,False,,,True
2296940,9345-2024-00245,1,False,9345,1/20/2024 1:45:00 AM,145,904,14,109,Oakland,1,True,True,E,HIT OBJECT,,Saturday,NotApplicable,False,M,,False,True,False,ALAMEDA SUPERIOR COURT WILEY W. MANUEL COURTHOUSE,I,FIXED OBJECT,METAL ARROW SIGN,0,0,C,DARK-STREET LIGHTS,37.766194,-122.21815,,,,,A,NO PEDESTRIANS INVOLVED,1/20/2024 1:45:00 AM,A,VC 22350,False,1,I-880 N/B TO HIGH STREET,,,1/25/2024 10:24:06 AM,B,S,338.0,45TH AVENUE,F,,D,1/25/2024 10:24:08 AM,1/25/2024 10:24:08 AM,False,True,4,False,1/20/2024 1:45:00 AM,145,False,,,True
2296634,9370-2024-00001,1,False,9370,1/1/2024 2:30:00 AM,230,052,14,109,Oakland,1,True,True,E,HIT OBJECT,,Monday,NotApplicable,False,,,False,True,False,ALAMEDA SUPERIOR COURT WILEY W. MANUEL COURTHOUSE,J,OTHER OBJECT,WHEEL IN ROADWAY,0,0,D,DARK-NO STREET LIGHTS,37.785901,-122.194321,,,,,A,NO PEDESTRIANS INVOLVED,1/1/2024 2:30:00 AM,C,,,,I-80 E/B,,,1/25/2024 4:43:31 AM,A,E,490.0,HIGH ST,F,,D,1/25/2024 4:43:32 AM,1/25/2024 4:43:32 AM,False,True,4,,1/1/2024 2:35:00 AM,235,False,,,True
2296631,9370-2024-00157,1,False,9370,1/15/2024 9:55:00 PM,2155,055,14,109,Oakland,1,True,True,B,SIDE SWIPE,,Monday,No,False,M,,False,True,False,ALAMEDA SUPERIOR COURT WILEY W. MANUEL COURTHOUSE,C,OTHER MOTOR VEHICLE,,0,0,D,DARK-NO STREET LIGHTS,37.822378,-122.26051,,,,,A,NO PEDESTRIANS INVOLVED,1/15/2024 9:55:00 PM,A,VC 21658(A),False,1,I-580 E/B,,,1/25/2024 4:35:15 AM,A,W,117.0,BROADWAY,F,,D,1/25/2024 4:35:18 AM,1/25/2024 4:35:18 AM,False,True,4,,1/15/2024 10:00:00 PM,2200,False,,,True
2296348,9370-2024-00187,1,False,9370,1/19/2024 4:30:00 PM,1630,008,14,109,Oakland,1,True,True,C,REAR END,,Friday,NotApplicable,False,,,False,True,False,ALAMEDA SUPERIOR COURT WILEY W. MANUEL COURTHOUSE,C,OTHER MOTOR VEHICLE,,0,0,D,DARK-NO STREET LIGHTS,37.826477,-122.298775,,,,,A,NO PEDESTRIANS INVOLVED,1/19/2024 4:30:00 PM,A,VC 22350,False,1,I-80 E/B,,,1/24/2024 3:51:59 PM,B,E,2000.0,W. GRAND AVE O/C,F,,D,1/24/2024 3:52:01 PM,1/24/2024 3:52:01 PM,False,True,4,,1/19/2024 4:40:00 PM,1640,False,,,True
2296240,9370-2024-00169,1,False,9370,1/17/2024 6:30:00 PM,1830,055,14,109,Oakland,1,True,True,B,SIDE SWIPE,,Wednesday,Yes,False,,,False,True,False,ALAMEDA SUPERIOR COURT WILEY W. MANUEL COURTHOUSE,C,OTHER MOTOR VEHICLE,,1,0,D,DARK-NO STREET LIGHTS,37.812733,-122.250641,,,,,A,NO PEDESTRIANS INVOLVED,1/17/2024 6:30:00 PM,A,VC 21658(A),False,,I-580 E/B,,,1/24/2024 2:10:00 PM,A,W,1200.0,GRAND AVE,F,,D,1/24/2024 2:10:02 PM,1/24/2024 2:10:02 PM,False,True,4,,1/17/2024 6:40:00 PM,1840,False,,,True
2318718,9370-2024-00368,1,False,9370,2/2/2024 10:50:00 AM,1050,176,14,109,Oakland,1,True,True,C,REAR END,,Friday,NotApplicable,False,,,False,True,False,ALAMEDA SUPERIOR COURT WILEY W. MANUEL COURTHOUSE,C,OTHER MOTOR VEHICLE,,1,0,A,DAYLIGHT,37.762846,-122.215729,,,,,A,NO PEDESTRIANS INVOLVED,2/2/2024 10:50:00 AM,A,VC 22350,False,1,I-880 N/B,,,2/20/2024 6:40:03 PM,B,S,2380.0,HIGH ST,F,,D,2/20/2024 6:40:05 PM,2/20/2024 6:40:05 PM,False,True,4,,2/2/2024 10:56:00 AM,1056,False,,,True
2318683,9370-2024-00189,1,False,9370,1/19/2024 7:30:00 PM,1930,055,14,109,Oakland,1,True,True,C,REAR END,,Friday,NotApplicable,False,M,,False,True,True,ALAMEDA SUPERIOR COURT WILEY W. MANUEL COURTHOUSE,C,OTHER MOTOR VEHICLE,,0,0,C,DARK-STREET LIGHTS,37.822731,-122.260833,,,,,A,NO PEDESTRIANS INVOLVED,1/19/2024 7:30:00 PM,A,VC 21658(A),False,1,I-580 W/B,,,2/20/2024 5:18:17 PM,B,E,200.0,SR-24 E/B,F,,D,2/20/2024 5:18:19 PM,2/20/2024 5:18:19 PM,False,True,4,,1/19/2024 7:35:00 PM,1935,False,,,True
2318659,9370-2024-00461,1,False,9370,2/8/2024 3:55:00 PM,1555,025,14,109,Oakland,1,True,True,C,REAR END,,Thursday,NotApplicable,False,,,False,True,False,ALAMEDA SUPERIOR COURT WILEY W. MANUEL COURTHOUSE,C,OTHER MOTOR VEHICLE,,0,0,A,DAYLIGHT,37.83721,-122.265804,,,,,A,NO PEDESTRIANS INVOLVED,2/8/2024 3:55:00 PM,A,VC 22350,False,1,SR-24 W/B,,,2/20/2024 4:48:13 PM,A,E,710.0,MARTIN LUTHER KING JR WAY,F,,D,2/20/2024 4:48:18 PM,2/20/2024 4:48:18 PM,False,True,4,,2/8/2024 3:57:00 PM,1557,False,,False,True
2318316,9370-2024-00485,1,False,9370,2/12/2024 1:40:00 PM,1340,052,14,109,Oakland,1,True,True,E,HIT OBJECT,,Monday,NotApplicable,False,,,False,True,False,ALAMEDA SUPERIOR COURT WILEY W. MANUEL COURTHOUSE,I,FIXED OBJECT,TREE,0,0,A,DAYLIGHT,37.781749,-122.174227,,,,,A,NO PEDESTRIANS INVOLVED,2/12/2024 1:40:00 PM,A,VC 22350,False,1,I-580 W/B TO SR-13 N/B TRANSITION,,,2/20/2024 12:48:53 PM,A,W,217.0,KUHNLE AVENUE,F,,D,2/20/2024 12:48:55 PM,2/20/2024 12:48:55 PM,False,True,4,,2/12/2024 2:00:00 PM,1400,False,,,True
2318075,9370-2024-00501,1,False,9370,2/14/2024 12:39:00 PM,1239,024,14,109,Oakland,1,True,True,C,REAR END,,Wednesday,Yes,False,,,False,True,True,ALAMEDA SUPERIOR COURT WILEY W. MANUEL COURTHOUSE,C,OTHER MOTOR VEHICLE,,2,0,A,DAYLIGHT,37.855745,-122.217011,,,,,A,NO PEDESTRIANS INVOLVED,2/14/2024 12:39:00 PM,A,VC 22350,False,1,SR-24 W/B,,,2/20/2024 10:12:30 AM,B,E,548.0,WEST EDGE OF CALDECOTT TUNNEL BORE #4,F,,D,2/20/2024 10:12:35 AM,2/20/2024 10:12:35 AM,False,True,4,True,2/14/2024 12:44:00 PM,1244,True,AREA / EMBEDDED,,True
2318013,9335-2024-00385,1,False,9335,2/15/2024 6:50:00 PM,1850,082,14,109,Oakland,1,True,True,C,REAR END,,Thursday,NotApplicable,False,M,,False,True,False,ALAMEDA SUPERIOR COURT ALAMEDA,C,OTHER MOTOR VEHICLE,,0,0,C,DARK-STREET LIGHTS,37.824471,-122.314002,,,,,A,NO PEDESTRIANS INVOLVED,2/15/2024 6:50:00 PM,A,VC 21658(A),False,2,I-80 W/B,,,2/20/2024 9:33:15 AM,A,W,50.0,SAN FRANCISCO / OAKLAND BAY BRIDGE TOLL PLAZA,F,,D,2/20/2024 9:33:26 AM,2/20/2024 9:33:26 AM,False,True,4,,2/15/2024 7:19:00 PM,1919,False,,,True
2317873,9370-2024-00480,2,False,9370,2/11/2024 4:45:00 PM,1645,052,14,109,Oakland,1,True,True,C,REAR END,,Sunday,NotApplicable,False,M,,False,True,False,ALAMEDA SUPERIOR COURT WILEY W. MANUEL COURTHOUSE,C,OTHER MOTOR VEHICLE,,1,0,A,DAYLIGHT,37.747077,-122.14978,,,,,A,NO PEDESTRIANS INVOLVED,2/11/2024 4:45:00 PM,A,VC 22350,False,2,I-580 W/B,,,3/12/2024 4:42:31 PM,A,W,686.0,106TH AVENUE,F,,D,2/20/2024 8:20:45 AM,3/12/2024 4:42:35 PM,False,True,4,,2/11/2024 4:50:00 PM,1650,False,,,True
2317727,9370-2024-00464,1,False,9370,2/9/2024 5:00:00 PM,1700,054,14,109,Oakland,1,True,True,C,REAR END,,Friday,Yes,False,M,,False,True,False,ALAMEDA SUPERIOR COURT WILEY W. MANUEL COURTHOUSE,C,OTHER MOTOR VEHICLE,,0,0,A,DAYLIGHT,37.806745,-122.237708,,,,,A,NO PEDESTRIANS INVOLVED,2/9/2024 5:00:00 PM,A,VC 23152(a),True,1,I-580 W/B,,,2/20/2024 6:04:34 AM,A,W,1524.0,PARK BOULEVARD,F,,D,2/20/2024 6:04:36 AM,2/20/2024 6:04:36 AM,False,True,4,,2/9/2024 5:15:00 PM,1715,False,,,True
2317705,9370-2024-00473,1,False,9370,2/8/2024 5:18:00 PM,1718,055,14,109,Oakland,1,True,True,C,REAR END,,Thursday,NotApplicable,False,,,False,True,False,ALAMEDA SUPERIOR COURT WILEY W. MANUEL COURTHOUSE,C,OTHER MOTOR VEHICLE,,2,0,B,DUSK-DAWN,37.824939,-122.270545,,,,,A,NO PEDESTRIANS INVOLVED,2/8/2024 5:18:00 PM,A,VC 22350,False,1,I-580 W/B,,,2/20/2024 5:26:06 AM,A,E,516.0,WEST ST,F,,D,2/20/2024 5:26:09 AM,2/20/2024 5:26:09 AM,False,True,4,,2/8/2024 5:20:00 PM,1720,False,,,True
2317704,9370-2024-00456,1,False,9370,2/9/2024 12:50:00 PM,1250,025,14,109,Oakland,1,True,True,B,SIDE SWIPE,,Friday,NotApplicable,False,,,False,True,False,ALAMEDA SUPERIOR COURT WILEY W. MANUEL COURTHOUSE,C,OTHER MOTOR VEHICLE,,0,0,A,DAYLIGHT,37.837726,-122.266094,,,,,A,NO PEDESTRIANS INVOLVED,2/9/2024 12:50:00 PM,A,VC 21658(A),False,1,SR-24 W/B FROM 52ND STREET,,,2/20/2024 5:01:12 AM,A,W,43.0,52ND STREET,F,,D,2/20/2024 5:01:14 AM,2/20/2024 5:01:14 AM,False,True,4,,2/9/2024 12:55:00 PM,1255,False,,,True
2315882,9370-2024-00379,1,False,9370,2/2/2024 6:35:00 PM,1835,176,14,109,Oakland,1,True,True,C,REAR END,,Friday,Yes,False,,,False,True,False,ALAMEDA SUPERIOR COURT WILEY W. MANUEL COURTHOUSE,C,OTHER MOTOR VEHICLE,,1,0,B,DUSK-DAWN,37.734927,-122.191567,,,,,A,NO PEDESTRIANS INVOLVED,2/2/2024 6:35:00 PM,A,VC 22350,False,1,I-880 S/B,,,2/16/2024 8:15:32 AM,A,S,1440.0,98TH AVENUE,F,,D,2/16/2024 8:15:34 AM,2/16/2024 8:15:34 AM,False,True,4,,2/2/2024 6:38:00 PM,1838,False,,,True
2315454,9370-2024-00377,1,False,9370,2/3/2024 5:40:00 AM,540,008,14,109,Oakland,1,True,True,B,SIDE SWIPE,,Saturday,NotApplicable,False,M,,False,True,False,ALAMEDA SUPERIOR COURT WILEY W. MANUEL COURTHOUSE,C,OTHER MOTOR VEHICLE,,0,0,B,DUSK-DAWN,37.824335,-122.30876,,,,,A,NO PEDESTRIANS INVOLVED,2/3/2024 5:40:00 AM,A,VC 23152(a),True,1,I-80 E/B TO I-880 S/B,,,2/15/2024 4:30:08 PM,A,W,2360.0,MARITIME ST,F,,D,2/15/2024 4:30:12 PM,2/15/2024 4:30:12 PM,False,True,4,,2/3/2024 5:48:00 AM,548,False,,,True
2315261,9370-2024-00375,1,False,9370,2/3/2024 11:10:00 AM,1110,024,14,109,Oakland,1,True,True,C,REAR END,,Saturday,NotApplicable,False,,,False,True,False,ALAMEDA SUPERIOR COURT WILEY W. MANUEL COURTHOUSE,C,OTHER MOTOR VEHICLE,,0,0,A,DAYLIGHT,37.832184,-122.266844,,,,,A,NO PEDESTRIANS INVOLVED,2/3/2024 11:10:00 AM,A,VC 22350,False,1,SR-24 W/B,,,2/15/2024 2:07:31 PM,A,E,227.0,I-580 CONNECTOR,F,,D,2/15/2024 2:07:35 PM,2/15/2024 2:07:35 PM,False,True,4,,2/3/2024 11:20:00 AM,1120,False,,,True
2315223,9370-2024-00367,1,False,9370,2/2/2024 12:00:00 PM,1200,024,14,109,Oakland,1,True,True,F,OVERTURNED,,Friday,NotApplicable,False,,,False,True,True,ALAMEDA SUPERIOR COURT WILEY W. MANUEL COURTHOUSE,I,FIXED OBJECT,CONCRETE BARRIER WALL,0,0,A,DAYLIGHT,37.850024,-122.238179,,,,,A,NO PEDESTRIANS INVOLVED,2/2/2024 12:00:00 PM,A,VC 22107,False,1,SR-24 W/B,,,2/15/2024 1:43:10 PM,B,E,1500.0,BROADWAY,F,,D,2/15/2024 1:43:11 PM,2/15/2024 1:43:11 PM,False,True,4,,2/2/2024 12:10:00 PM,1210,False,,,True
2315189,9370-2024-00373,1,False,9370,2/2/2024 4:50:00 PM,1650,177,14,109,Oakland,1,True,True,C,REAR END,,Friday,NotApplicable,False,,,False,True,False,ALAMEDA SUPERIOR COURT WILEY W. MANUEL COURTHOUSE,C,OTHER MOTOR VEHICLE,,0,0,A,DAYLIGHT,37.772125,-122.224835,,,,,A,NO PEDESTRIANS INVOLVED,2/2/2024 4:50:00 PM,A,VC 22350,False,1,I-880 S/B,,,2/15/2024 1:22:53 PM,A,S,990.0,FRUITVALE AVENUE,F,,D,2/15/2024 1:22:55 PM,2/15/2024 1:22:55 PM,False,True,4,,2/2/2024 4:51:00 PM,1651,False,,,True
2314774,9370-2024-00192,1,False,9370,1/20/2024 12:56:00 AM,56,055,14,109,Oakland,1,True,True,B,SIDE SWIPE,,Saturday,Yes,False,M,,False,True,False,ALAMEDA SUPERIOR COURT WILEY W. MANUEL COURTHOUSE,C,OTHER MOTOR VEHICLE,,0,0,C,DARK-STREET LIGHTS,37.827402,-122.284228,,,,,A,NO PEDESTRIANS INVOLVED,1/20/2024 12:56:00 AM,A,VC 21658(A),False,1,I-580 W/B,,,2/15/2024 8:10:52 AM,B,E,325.0,HOLLIS ST,F,,D,2/15/2024 8:10:54 AM,2/15/2024 8:10:54 AM,False,True,4,,1/20/2024 1:01:00 AM,101,False,,,True
2314316,9370-2024-00447,1,False,9370,2/8/2024 11:45:00 AM,1145,008,14,109,Oakland,1,True,True,C,REAR END,,Thursday,NotApplicable,False,,,False,True,False,ALAMEDA SUPERIOR COURT WILEY W. MANUEL COURTHOUSE,C,OTHER MOTOR VEHICLE,,0,0,A,DAYLIGHT,37.834444,-122.295091,,,,,A,NO PEDESTRIANS INVOLVED,2/8/2024 11:45:00 AM,A,VC 22350,False,1,I-80 W/B,,,2/14/2024 6:50:03 PM,A,W,1378.0,POWELL STREET,F,,D,2/14/2024 6:50:07 PM,2/14/2024 6:50:07 PM,False,True,4,,2/8/2024 11:55:00 AM,1155,False,,,True
2314300,9370-2024-00431,1,False,9370,2/7/2024 6:32:00 AM,632,008,14,109,Oakland,1,True,True,B,SIDE SWIPE,,Wednesday,NotApplicable,False,M,,False,True,False,ALAMEDA SUPERIOR COURT WILEY W. MANUEL COURTHOUSE,C,OTHER MOTOR VEHICLE,,0,0,A,DAYLIGHT,37.825094,-122.313135,,,,,A,NO PEDESTRIANS INVOLVED,2/7/2024 6:32:00 AM,A,VC 21658(A),False,1,I-80 W/B,,,2/14/2024 5:23:58 PM,B,E,400.0,SFOBB TOLL PLAZA,F,,D,2/14/2024 5:24:02 PM,2/14/2024 5:24:02 PM,False,True,4,,2/7/2024 6:40:00 AM,640,False,,,True
2314299,9370-2024-00465,1,False,9370,2/9/2024 3:35:00 PM,1535,053,14,109,Oakland,1,True,True,C,REAR END,,Friday,NotApplicable,False,,,False,True,False,ALAMEDA SUPERIOR COURT WILEY W. MANUEL COURTHOUSE,C,OTHER MOTOR VEHICLE,,1,0,A,DAYLIGHT,37.800613,-122.226327,,,,,A,NO PEDESTRIANS INVOLVED,2/9/2024 3:35:00 PM,A,VC 22350,False,1,I-580 W/B TO BEAUMONT AVENUE,,,2/14/2024 5:14:02 PM,A,E,693.0,BEAUMONT AVENUE,F,,A,2/14/2024 5:14:06 PM,2/14/2024 5:14:06 PM,False,True,4,,2/9/2024 3:47:00 PM,1547,False,,,True
2314297,9370-2024-00490,1,False,9370,2/13/2024 5:20:00 AM,520,008,14,109,Oakland,1,True,True,B,SIDE SWIPE,,Tuesday,NotApplicable,False,,,False,True,False,ALAMEDA SUPERIOR COURT WILEY W. MANUEL COURTHOUSE,C,OTHER MOTOR VEHICLE,,0,0,D,DARK-NO STREET LIGHTS,37.82584,-122.303195,,,,,A,NO PEDESTRIANS INVOLVED,2/13/2024 5:20:00 AM,A,VC 21658(A),False,1,I-80 W/B,,,2/14/2024 5:10:02 PM,A,E,750.0,WEST GRAND AVE,F,,D,2/14/2024 5:10:06 PM,2/14/2024 5:10:06 PM,False,True,4,,2/13/2024 5:30:00 AM,530,False,,,True
2314294,9370-2024-00324,1,False,9370,1/30/2024 7:40:00 AM,740,008,14,109,Oakland,1,True,True,B,SIDE SWIPE,,Tuesday,NotApplicable,False,,,False,True,False,ALAMEDA SUPERIOR COURT WILEY W. MANUEL COURTHOUSE,C,OTHER MOTOR VEHICLE,,0,0,A,DAYLIGHT,37.824915,-122.313611,,,,,A,NO PEDESTRIANS INVOLVED,1/30/2024 7:40:00 AM,A,VC 21658(A),False,,I-80 W/B,,,2/14/2024 5:04:15 PM,A,E,40.0,SFOBB TOLL PLAZA,F,,D,2/14/2024 5:04:21 PM,2/14/2024 5:04:21 PM,False,True,4,,1/30/2024 7:45:00 AM,745,False,,,True
2314290,9370-2024-00330,1,False,9370,1/30/2024 8:00:00 PM,2000,054,14,109,Oakland,1,True,True,E,HIT OBJECT,,Tuesday,NotApplicable,False,M,,False,True,False,ALAMEDA SUPERIOR COURT WILEY W. MANUEL COURTHOUSE,J,OTHER OBJECT,RAISED CURB,0,0,E,DARK-STREET LIGHTS NOT FUNCTIONING*,37.805496,-122.234812,,,,,A,NO PEDESTRIANS INVOLVED,1/30/2024 8:00:00 PM,A,VC 21755(a),False,1,I-580 W/B FROM PARK BOULEVARD,,,2/14/2024 5:00:08 PM,A,W,584.0,PARK BLVD,F,,D,2/14/2024 5:00:13 PM,2/14/2024 5:00:13 PM,False,True,4,,1/30/2024 8:05:00 PM,2005,False,,,True
2314287,9370-2024-00462,1,False,9370,1/31/2024 7:22:00 PM,1922,054,14,109,Oakland,1,True,True,C,REAR END,,Wednesday,Yes,False,,,False,True,True,ALAMEDA SUPERIOR COURT WILEY W. MANUEL COURTHOUSE,C,OTHER MOTOR VEHICLE,,1,0,C,DARK-STREET LIGHTS,37.808626,-122.242212,,,,,A,NO PEDESTRIANS INVOLVED,1/31/2024 7:22:00 PM,C,,,,I-580 W/B,,,2/14/2024 4:57:39 PM,B,E,400.0,LAKESHORE AVENUE,F,,D,2/14/2024 4:57:42 PM,2/14/2024 4:57:42 PM,False,True,4,,1/31/2024 7:24:00 PM,1924,False,,,True
2313526,9370-2024-00372,1,False,9370,2/3/2024 4:15:00 AM,415,054,14,109,Oakland,1,True,True,B,SIDE SWIPE,,Saturday,Yes,False,,,False,True,False,ALAMEDA SUPERIOR COURT WILEY W. MANUEL COURTHOUSE,C,OTHER MOTOR VEHICLE,,1,0,D,DARK-NO STREET LIGHTS,37.821718,-122.25872,,,,,A,NO PEDESTRIANS INVOLVED,2/3/2024 4:15:00 AM,A,VC 23152(a),True,1,I-580 E/B,,,2/14/2024 4:59:42 AM,A,W,1500.0,HARRISON STREET,F,,D,2/14/2024 4:59:44 AM,2/14/2024 4:59:44 AM,False,True,4,,2/3/2024 4:19:00 AM,419,False,,,True
2313277,9370-2024-00363,1,False,9370,2/1/2024 8:00:00 PM,2000,052,14,109,Oakland,1,True,True,C,REAR END,,Thursday,NotApplicable,False,,,False,True,True,ALAMEDA SUPERIOR COURT WILEY W. MANUEL COURTHOUSE,E,PARKED MOTOR VEHICLE,,0,0,D,DARK-NO STREET LIGHTS,37.782443,-122.176309,,,,,A,NO PEDESTRIANS INVOLVED,2/1/2024 8:00:00 PM,A,VC 22350,False,1,I-580 E/B,,,2/13/2024 7:31:46 PM,B,W,921.0,SUNNYMERE AVE,F,,D,2/13/2024 7:31:48 PM,2/13/2024 7:31:48 PM,False,True,4,,2/1/2024 8:17:00 PM,2017,False,,,True