collision-id,report-number,report-version,is-preliminary,ncic-code,crash-date-time,crash-time-description,beat,city-id,city-code,city-name,county-code,city-is-active,city-is-incorporated,collision-type-code,collision-type-description,collision-type-other-desc,day-of-week,dispatch-notified,has-photographs,hit-run,is-attachments-mailed,is-deleted,is-highway-related,is-tow-away,judicial-district,motor-vehicle-involved-with-code,motor-vehicle-involved-with-desc,motor-vehicle-involved-with-other-desc,number-injured,number-killed,lighting-code,lighting-description,latitude,longitude,milepost-direction,milepost-distance,milepost-marker,milepost-unit-of-measure,pedestrian-action-code,pedestrian-action-desc,prepared-date,primary-collision-factor-code,primary-collision-factor-description,primary-collision-factor-is-cited,primary-collision-party-number,primary-road,reporting-district,reporting-district-code,reviewed-date,roadway-surface-code,secondary-direction,secondary-distance,secondary-road,secondary-unit-of-measure,sketch-desc,traffic-control-device-code,created-date,modified-date,is-county-road,is-freeway,chp-555-version,is-additonal-object-struck,notification-date,notification-time-description,has-digital-media-files,evidence-number,is-location-refer-to-narrative,is-aoi-one-same-as-location
2313275,9370-2024-00450,2,False,9370,2/8/2024 6:40:00 PM,1840,008,14,109,Oakland,1,True,True,C,REAR END,,Thursday,NotApplicable,False,,,False,True,True,ALAMEDA SUPERIOR COURT WILEY W. MANUEL COURTHOUSE,C,OTHER MOTOR VEHICLE,,1,0,D,DARK-NO STREET LIGHTS,37.823964,-122.313044,,,,,A,NO PEDESTRIANS INVOLVED,2/8/2024 6:40:00 PM,A,VC 22350,False,1,I-80 E/B,,,2/21/2024 2:36:38 PM,A,W,1003.0,WEST GRAND AVENUE OVERCROSSING,F,,D,2/13/2024 7:16:54 PM,2/21/2024 2:36:56 PM,False,True,4,,2/8/2024 6:48:00 PM,1848,False,,,True
2313217,9370-2024-00204,1,False,9370,1/14/2024 1:30:00 AM,130,008,14,109,Oakland,1,True,True,E,HIT OBJECT,,Sunday,Yes,False,,,False,True,True,ALAMEDA SUPERIOR COURT WILEY W. MANUEL COURTHOUSE,I,FIXED OBJECT,METAL GUARDRAIL,0,0,D,DARK-NO STREET LIGHTS,37.827025,-122.291788,,,,,A,NO PEDESTRIANS INVOLVED,1/14/2024 1:30:00 AM,A,VC 23152(a),False,1,I-80 E/B TO I-580 E/B,,,2/13/2024 4:54:27 PM,B,W,575.0,MANDELA PARKWAY,F,,D,2/13/2024 4:54:30 PM,2/13/2024 4:54:30 PM,False,True,4,,1/14/2024 1:36:00 AM,136,False,,,True
2313195,9370-2024-00417,1,False,9370,2/5/2024 2:20:00 PM,1420,177,14,109,Oakland,1,True,True,B,SIDE SWIPE,,Monday,NotApplicable,False,,,False,True,False,ALAMEDA SUPERIOR COURT WILEY W. MANUEL COURTHOUSE,C,OTHER MOTOR VEHICLE,,0,0,A,DAYLIGHT,37.797517,-122.272067,,,,,A,NO PEDESTRIANS INVOLVED,2/5/2024 2:20:00 PM,A,VC 22107,False,1,INTERSTATE 880 NORTHBOUND,,,2/13/2024 4:34:12 PM,B,S,74.0,WEBSTER ST,F,,D,2/13/2024 4:34:15 PM,2/13/2024 4:34:15 PM,False,True,4,,2/5/2024 2:30:00 PM,1430,False,,,True
2313181,9370-2024-00433,1,False,9370,2/7/2024 6:30:00 AM,630,177,14,109,Oakland,1,True,True,B,SIDE SWIPE,,Wednesday,NotApplicable,False,,,False,True,False,ALAMEDA SUPERIOR COURT WILEY W. MANUEL COURTHOUSE,C,OTHER MOTOR VEHICLE,,0,0,B,DUSK-DAWN,37.795575,-122.267052,,,,,A,NO PEDESTRIANS INVOLVED,2/7/2024 6:30:00 AM,A,VC 21658(A),False,,I-880 N/B,,,2/13/2024 4:22:03 PM,A,S,200.0,BROADWAY,F,,D,2/13/2024 4:22:06 PM,2/13/2024 4:22:06 PM,False,True,4,,2/7/2024 8:00:00 AM,800,False,,,True
2313063,9335-2024-00305,3,False,9335,2/7/2024 6:30:00 AM,630,082,14,109,Oakland,1,True,True,B,SIDE SWIPE,,Wednesday,NotApplicable,False,,,False,True,False,ALAMEDA SUPERIOR COURT ALAMEDA,C,OTHER MOTOR VEHICLE,,0,0,A,DAYLIGHT,37.824437,-122.315086,,,,,A,NO PEDESTRIANS INVOLVED,2/7/2024 6:30:00 AM,B,UNSAFE MERGE,,2,I-80 W/B,,,5/11/2024 10:35:26 AM,B,E,660.0,METERING LIGHT,F,,D,2/13/2024 2:31:06 PM,5/11/2024 10:35:30 AM,False,True,4,,2/7/2024 6:35:00 AM,635,False,,,True
2313005,9370-2024-00426,1,False,9370,2/6/2024 5:37:00 PM,1737,055,14,109,Oakland,1,True,True,C,REAR END,,Tuesday,NotApplicable,False,M,,False,True,False,,C,OTHER MOTOR VEHICLE,,0,0,B,DUSK-DAWN,37.824631,-122.271326,,,,,A,NO PEDESTRIANS INVOLVED,2/6/2024 5:37:00 PM,A,VC 22350,False,1,I-580 EASTBOUND FROM WEST ST,,,2/13/2024 1:40:53 PM,A,E,50.0,WEST ST,F,,D,2/13/2024 1:40:56 PM,2/13/2024 1:40:56 PM,False,True,4,,2/6/2024 5:40:00 PM,1740,False,,,True
2312680,9370-2024-00445,1,False,9370,2/7/2024 6:00:00 PM,1800,904,14,109,Oakland,1,True,True,C,REAR END,,Wednesday,NotApplicable,False,,,False,True,False,ALAMEDA SUPERIOR COURT WILEY W. MANUEL COURTHOUSE,C,OTHER MOTOR VEHICLE,,1,0,C,DARK-STREET LIGHTS,37.82318,-122.317481,,,,,A,NO PEDESTRIANS INVOLVED,2/7/2024 6:00:00 PM,A,VC 22350,False,1,I-80 E/B,,,2/13/2024 9:30:23 AM,B,W,108.0,SFOBB TOLL PLAZA,F,,D,2/13/2024 9:30:24 AM,2/13/2024 9:30:24 AM,False,True,4,,2/7/2024 6:25:00 PM,1825,False,,,True
2312456,9370-2024-00348,1,False,9370,2/1/2024 6:10:00 AM,610,008,14,109,Oakland,1,True,True,B,SIDE SWIPE,,Thursday,NotApplicable,False,,,False,True,True,ALAMEDA SUPERIOR COURT WILEY W. MANUEL COURTHOUSE,C,OTHER MOTOR VEHICLE,,0,0,D,DARK-NO STREET LIGHTS,37.82567,-122.303695,,,,,A,NO PEDESTRIANS INVOLVED,2/1/2024 6:10:00 AM,A,VC 22350,False,1,I-80 W/B,,,2/13/2024 6:14:20 AM,B,E,518.0,WEST GRAND,F,,D,2/13/2024 6:14:22 AM,2/13/2024 6:14:22 AM,False,True,4,,2/1/2024 6:15:00 AM,615,False,,,True
2312205,9370-2024-00404,1,False,9370,2/3/2024 10:30:00 PM,2230,177,14,109,Oakland,1,True,True,C,REAR END,,Saturday,NotApplicable,False,M,,False,True,True,ALAMEDA SUPERIOR COURT WILEY W. MANUEL COURTHOUSE,C,OTHER MOTOR VEHICLE,,0,0,D,DARK-NO STREET LIGHTS,37.73295,-122.189486,,,,,A,NO PEDESTRIANS INVOLVED,2/3/2024 10:30:00 PM,A,VC 22350,False,1,I-880 N/B,,,2/12/2024 7:04:05 PM,B,N,467.0,98TH AVENUE,F,,D,2/12/2024 7:04:08 PM,2/12/2024 7:04:08 PM,False,True,4,,2/3/2024 10:33:00 PM,2233,False,,,True
2312158,9370-2024-00350,1,False,9370,2/1/2024 12:30:00 PM,1230,052,14,109,Oakland,1,True,True,C,REAR END,,Thursday,NotApplicable,False,,,False,True,False,ALAMEDA SUPERIOR COURT WILEY W. MANUEL COURTHOUSE,C,OTHER MOTOR VEHICLE,,2,0,A,DAYLIGHT,37.775191,-122.161466,,,,,A,NO PEDESTRIANS INVOLVED,2/1/2024 12:30:00 PM,A,VC 22350,False,2,I-580 W/B,,,2/12/2024 4:38:55 PM,B,W,851.0,EDWARDS AVE,F,,D,2/12/2024 4:38:59 PM,2/12/2024 4:38:59 PM,False,True,4,,2/1/2024 12:35:00 PM,1235,False,,,False
2312141,9370-2024-00385,1,False,9370,2/3/2024 8:35:00 PM,2035,177,14,109,Oakland,1,True,True,E,HIT OBJECT,,Saturday,NotApplicable,False,,,False,True,True,ALAMEDA SUPERIOR COURT WILEY W. MANUEL COURTHOUSE,I,FIXED OBJECT,CONCRETE WALL,0,0,D,DARK-NO STREET LIGHTS,37.802196,-122.284309,,,,,A,NO PEDESTRIANS INVOLVED,2/3/2024 8:35:00 PM,A,VC 22350,False,1,I-880 N/B,,,2/12/2024 4:27:23 PM,B,N,260.0,MARKET ST,F,,D,2/12/2024 4:27:26 PM,2/12/2024 4:27:26 PM,False,True,4,,2/3/2024 8:36:00 PM,2036,False,,,True
2312115,9370-2024-00467,2,False,9370,2/10/2024 12:40:00 PM,1240,024,14,109,Oakland,1,True,True,C,REAR END,,Saturday,NotApplicable,False,M,,False,True,False,ALAMEDA SUPERIOR COURT WILEY W. MANUEL COURTHOUSE,C,OTHER MOTOR VEHICLE,,0,0,A,DAYLIGHT,37.854028,-122.220428,,,,,A,NO PEDESTRIANS INVOLVED,2/10/2024 12:40:00 PM,A,VC 22350,False,1,SR-24 E/B,,,9/9/2024 4:42:16 PM,A,E,1431.0,FREEWAY OVERPASS,F,,D,2/12/2024 3:57:41 PM,9/9/2024 4:42:18 PM,False,True,4,,2/10/2024 12:42:00 PM,1242,False,,,True
2312014,9370-2024-00412,1,False,9370,2/5/2024 6:20:00 AM,620,024,14,109,Oakland,1,True,True,C,REAR END,,Monday,NotApplicable,False,,,False,True,True,ALAMEDA SUPERIOR COURT WILEY W. MANUEL COURTHOUSE,C,OTHER MOTOR VEHICLE,,0,0,C,DARK-STREET LIGHTS,37.842752,-122.257591,,,,,A,NO PEDESTRIANS INVOLVED,2/5/2024 6:20:00 AM,A,VC 22350,True,1,STATE ROUTE 24 WESTBOUND,,,2/12/2024 2:17:21 PM,A,E,20.0,CLAREMONT AVENUE,F,,D,2/12/2024 2:17:24 PM,2/12/2024 2:17:24 PM,False,True,4,,2/5/2024 6:25:00 AM,625,False,,,True
2311903,9370-2024-00414,1,False,9370,2/5/2024 7:40:00 AM,740,024,14,109,Oakland,1,True,True,C,REAR END,,Monday,NotApplicable,False,,,False,True,False,ALAMEDA SUPERIOR COURT WILEY W. MANUEL COURTHOUSE,C,OTHER MOTOR VEHICLE,,0,0,A,DAYLIGHT,37.781473,-122.173991,,,,,A,NO PEDESTRIANS INVOLVED,2/5/2024 7:40:00 AM,A,VC 22350,False,1,SR-24 W/B,,,2/12/2024 1:06:33 PM,A,E,60.0,SR-13 S/B,F,,D,2/12/2024 1:06:36 PM,2/12/2024 1:06:36 PM,False,True,4,,2/5/2024 7:45:00 AM,745,False,,,True
2311794,9370-2024-00356,1,False,9370,2/1/2024 4:05:00 PM,1605,176,14,109,Oakland,1,True,True,C,REAR END,,Thursday,NotApplicable,False,,,False,True,False,ALAMEDA SUPERIOR COURT WILEY W. MANUEL COURTHOUSE,C,OTHER MOTOR VEHICLE,,0,0,A,DAYLIGHT,37.738831,-122.195025,,,,,A,NO PEDESTRIANS INVOLVED,2/1/2024 4:05:00 PM,A,VC 22350,False,1,I-880 S/B,,,2/12/2024 11:44:46 AM,A,S,673.0,HEGENBERGER RD,F,,D,2/12/2024 11:44:48 AM,2/12/2024 11:44:48 AM,False,True,4,,2/1/2024 4:09:00 PM,1609,False,,,True
2311777,9370-2024-00355,1,False,9370,2/1/2024 2:30:00 PM,1430,176,14,109,Oakland,1,True,True,C,REAR END,,Thursday,NotApplicable,False,,,False,True,False,ALAMEDA SUPERIOR COURT WILEY W. MANUEL COURTHOUSE,C,OTHER MOTOR VEHICLE,,2,0,A,DAYLIGHT,37.774416,-122.232004,,,,,A,NO PEDESTRIANS INVOLVED,2/1/2024 2:30:00 PM,A,VC 22350,False,1,I-880 S/B,,,2/12/2024 11:26:36 AM,A,S,420.0,29TH AVE,F,,D,2/12/2024 11:26:39 AM,2/12/2024 11:26:39 AM,False,True,4,,2/1/2024 2:33:00 PM,1433,False,,,True
2311774,9370-2024-00388,1,False,9370,2/3/2024 11:15:00 PM,2315,053,14,109,Oakland,1,True,True,E,HIT OBJECT,,Saturday,NotApplicable,False,,,False,True,False,ALAMEDA SUPERIOR COURT WILEY W. MANUEL COURTHOUSE,I,FIXED OBJECT,GUARD RAIL,0,0,D,DARK-NO STREET LIGHTS,37.801525,-122.230246,,,,,A,NO PEDESTRIANS INVOLVED,2/3/2024 11:15:00 PM,A,VC 22350,False,1,I-580 E/B,,,2/12/2024 11:24:39 AM,B,E,400.0,13TH AVE,F,,D,2/12/2024 11:24:42 AM,2/12/2024 11:24:42 AM,False,True,4,,2/3/2024 11:20:00 PM,2320,False,,,True
2311770,9370-2024-00391,1,False,9370,2/4/2024 1:05:00 AM,105,081,14,109,Oakland,1,True,True,E,HIT OBJECT,,Sunday,NotApplicable,False,M,,False,True,False,ALAMEDA SUPERIOR COURT WILEY W. MANUEL COURTHOUSE,I,FIXED OBJECT,CONCRETE BARRIER,0,0,D,DARK-NO STREET LIGHTS,37.799471,-122.221994,,,,,A,NO PEDESTRIANS INVOLVED,2/4/2024 1:05:00 AM,A,VC 22107,False,,I-580 E/B,,,2/12/2024 11:21:28 AM,B,W,1450.0,FRUITVALE AVENUE,F,,D,2/12/2024 11:21:29 AM,2/12/2024 11:21:29 AM,False,True,4,,2/4/2024 1:10:00 AM,110,False,,,True
2311757,9370-2024-00449,1,False,9370,2/8/2024 5:40:00 PM,1740,177,14,109,Oakland,1,True,True,C,REAR END,,Thursday,NotApplicable,False,,,False,True,False,ALAMEDA SUPERIOR COURT WILEY W. MANUEL COURTHOUSE,C,OTHER MOTOR VEHICLE,,1,0,D,DARK-NO STREET LIGHTS,37.798896,-122.27545,,,,,A,NO PEDESTRIANS INVOLVED,2/8/2024 5:40:00 PM,A,VC 22350,False,1,I-880 N/B,,,2/12/2024 11:11:53 AM,A,N,198.0,BROADWAY,F,,D,2/12/2024 11:11:55 AM,2/12/2024 11:11:55 AM,False,True,4,,2/8/2024 5:53:00 PM,1753,False,,,True
2311744,9370-2024-00378,1,False,9370,2/3/2024 3:50:00 PM,1550,177,14,109,Oakland,1,True,True,C,REAR END,,Saturday,NotApplicable,False,,,False,True,False,ALAMEDA SUPERIOR COURT WILEY W. MANUEL COURTHOUSE,C,OTHER MOTOR VEHICLE,,0,0,A,DAYLIGHT,37.796581,-122.269073,,,,,A,NO PEDESTRIANS INVOLVED,2/3/2024 3:50:00 PM,A,VC 22350,False,1,I-880 N/B FROM JACKSON STREET,,,2/12/2024 11:03:12 AM,A,N,115.0,JACKSON STREET,F,,D,2/12/2024 11:03:16 AM,2/12/2024 11:03:16 AM,False,True,4,,2/3/2024 4:00:00 PM,1600,False,,,True
2311650,9370-2024-00294,1,False,9370,1/27/2024 7:05:00 AM,705,176,14,109,Oakland,1,True,True,E,HIT OBJECT,,Saturday,NotApplicable,False,M,,False,True,True,ALAMEDA SUPERIOR COURT WILEY W. MANUEL COURTHOUSE,I,FIXED OBJECT,GUARDRAIL,0,0,A,DAYLIGHT,37.754118,-122.208592,,,,,A,NO PEDESTRIANS INVOLVED,1/27/2024 7:05:00 AM,A,VC 22107,False,1,I-880 S/B FROM 66TH AVENUE,,,2/12/2024 10:02:29 AM,A,N,50.0,I-880 S/B,F,,D,2/12/2024 10:02:31 AM,2/12/2024 10:02:31 AM,False,True,4,,1/27/2024 7:08:00 AM,708,False,,,True
2311634,9370-2024-00221,1,False,9370,1/21/2024 11:01:00 PM,2301,025,14,109,Oakland,1,True,True,E,HIT OBJECT,,Sunday,Yes,False,,,False,True,False,ALAMEDA SUPERIOR COURT WILEY W. MANUEL COURTHOUSE,I,FIXED OBJECT,CONCRETE BARRIER,0,0,D,DARK-NO STREET LIGHTS,37.764053,-122.150346,,,,,A,NO PEDESTRIANS INVOLVED,1/21/2024 11:01:00 PM,A,VC 23152(a),True,1,I-580 W/B,,,2/12/2024 9:54:49 AM,B,E,2780.0,KELLER AVE,F,,D,2/12/2024 9:54:51 AM,2/12/2024 9:54:51 AM,False,True,4,,1/21/2024 11:06:00 PM,2306,False,,,True
2311543,9370-2024-00012,1,False,9370,1/2/2024 12:00:00 AM,1423,054,14,109,Oakland,1,True,True,B,SIDE SWIPE,,Tuesday,NotApplicable,False,M,,False,True,False,ALAMEDA SUPERIOR COURT WILEY W. MANUEL COURTHOUSE,C,OTHER MOTOR VEHICLE,,0,0,A,DAYLIGHT,37.805718,-122.23648,,,,,A,NO PEDESTRIANS INVOLVED,1/2/2024 12:00:00 AM,A,VC 22107,True,1,I-580 W/B TO PARK BLVD,,,2/12/2024 9:08:56 AM,A,W,960.0,PARK BLVD,F,,D,2/12/2024 9:08:58 AM,2/12/2024 9:08:58 AM,False,True,4,,1/2/2024 12:00:00 AM,1630,False,,,True
2311488,9370-2024-00365,1,False,9370,2/2/2024 11:55:00 AM,1155,025,14,109,Oakland,1,True,True,C,REAR END,,Friday,NotApplicable,False,,,False,True,True,ALAMEDA SUPERIOR COURT WILEY W. MANUEL COURTHOUSE,C,OTHER MOTOR VEHICLE,,1,0,A,DAYLIGHT,37.832845,-122.266722,,,,,A,NO PEDESTRIANS INVOLVED,2/2/2024 11:55:00 AM,A,VC 22350,False,1,SR-24 W/B,,,2/12/2024 8:40:27 AM,A,E,300.0,I-580 E/B,F,,D,2/12/2024 8:40:29 AM,2/12/2024 8:40:29 AM,False,True,4,,2/2/2024 11:58:00 AM,1158,False,,,True
2311416,9370-2024-00366,1,False,9370,2/2/2024 7:55:00 AM,755,008,14,109,Oakland,1,True,True,C,REAR END,,Friday,NotApplicable,False,,,False,True,False,ALAMEDA SUPERIOR COURT WILEY W. MANUEL COURTHOUSE,C,OTHER MOTOR VEHICLE,,0,0,A,DAYLIGHT,37.814925,-122.359738,,,,,A,NO PEDESTRIANS INVOLVED,2/2/2024 7:55:00 AM,A,VC 21658(A),False,1,I-80 W/B,,,2/12/2024 7:50:51 AM,B,E,300.0,SAN FRANCISCO OAKLAND BAY BRIDGE TOLL PLAZA,F,,D,2/12/2024 7:50:53 AM,2/12/2024 7:50:53 AM,False,True,4,,2/2/2024 8:05:00 AM,805,False,,,True
2311360,9370-2024-00362,1,False,9370,2/2/2024 6:55:00 AM,655,008,14,109,Oakland,1,True,True,B,SIDE SWIPE,,Friday,NotApplicable,False,,,False,True,False,ALAMEDA SUPERIOR COURT WILEY W. MANUEL COURTHOUSE,C,OTHER MOTOR VEHICLE,,0,0,B,DUSK-DAWN,37.82496,-122.309336,,,,,A,NO PEDESTRIANS INVOLVED,2/2/2024 6:55:00 AM,A,VC 21658(A),False,1,I-80 W/B,,,2/12/2024 7:06:50 AM,B,E,1200.0,SAN FRANCISCO OAKLAND BAY BRIDGE TOLL PLAZA,F,,D,2/12/2024 7:06:52 AM,2/12/2024 7:06:52 AM,False,True,4,,2/2/2024 7:00:00 AM,700,False,,,True
2311332,9370-2024-00383,1,False,9370,1/31/2024 11:30:00 PM,2330,178,14,109,Oakland,1,True,True,B,SIDE SWIPE,,Wednesday,Yes,False,,,False,True,False,ALAMEDA SUPERIOR COURT WILEY W. MANUEL COURTHOUSE,C,OTHER MOTOR VEHICLE,,0,0,C,DARK-STREET LIGHTS,37.812584,-122.303334,,,,,A,NO PEDESTRIANS INVOLVED,1/31/2024 11:30:00 PM,A,VC 23152(a),True,1,I-880 S/B,,,2/12/2024 6:29:59 AM,B,S,4200.0,WEST GRAND AVE,F,,D,2/12/2024 6:30:01 AM,2/12/2024 6:30:01 AM,False,True,4,,1/31/2024 11:40:00 PM,2340,False,,,True
2311313,9370-2024-00339,1,False,9370,1/31/2024 10:59:00 PM,2259,052,14,109,Oakland,1,True,True,C,REAR END,,Wednesday,NotApplicable,False,M,,False,True,False,ALAMEDA SUPERIOR COURT WILEY W. MANUEL COURTHOUSE,C,OTHER MOTOR VEHICLE,,1,0,D,DARK-NO STREET LIGHTS,37.762727,-122.149777,,,,,A,NO PEDESTRIANS INVOLVED,1/31/2024 10:59:00 PM,A,VC 22350,False,1,I-580 E/B,,,2/12/2024 5:38:25 AM,B,E,3894.0,KELLER AVE,F,,D,2/12/2024 5:38:26 AM,2/12/2024 5:38:26 AM,False,True,4,,1/31/2024 11:00:00 PM,2300,False,,,True
2311299,9370-2024-00454,1,False,9370,1/31/2024 7:21:00 PM,1921,054,14,109,Oakland,1,True,True,C,REAR END,,Wednesday,Yes,False,,,False,True,True,ALAMEDA SUPERIOR COURT WILEY W. MANUEL COURTHOUSE,C,OTHER MOTOR VEHICLE,,1,0,C,DARK-STREET LIGHTS,37.8086,-122.242232,,,,,A,NO PEDESTRIANS INVOLVED,1/31/2024 7:21:00 PM,A,VC 22350,False,1,I-580 W/B,,,2/12/2024 5:29:04 AM,B,E,380.0,LAKESHORE AVENUE,F,,D,2/12/2024 5:29:05 AM,2/12/2024 5:29:05 AM,False,True,4,,1/31/2024 7:24:00 PM,1924,False,,,True
2311291,9370-2024-00337,1,False,9370,1/31/2024 7:19:00 PM,1919,054,14,109,Oakland,1,True,True,C,REAR END,,Wednesday,NotApplicable,False,,,False,True,False,ALAMEDA SUPERIOR COURT WILEY W. MANUEL COURTHOUSE,C,OTHER MOTOR VEHICLE,,0,0,C,DARK-STREET LIGHTS,37.808549,-122.242139,,,,,B,CROSSING IN CROSS WALK AT INTERSECTION,1/31/2024 7:19:00 PM,A,VC 22350,False,1,I-580 W/B,,,2/12/2024 5:04:30 AM,B,E,300.0,LAKESHORE AVENUE,F,,D,2/12/2024 5:04:33 AM,2/12/2024 5:04:33 AM,False,True,4,,1/31/2024 7:24:00 PM,1924,False,,,True
2310590,9370-2024-00264,1,False,9370,1/24/2024 10:30:00 PM,2230,054,14,109,Oakland,1,True,True,B,SIDE SWIPE,,Wednesday,NotApplicable,False,M,,False,True,True,ALAMEDA SUPERIOR COURT WILEY W. MANUEL COURTHOUSE,C,OTHER MOTOR VEHICLE,,0,0,D,DARK-NO STREET LIGHTS,37.782997,-122.177114,,,,,A,NO PEDESTRIANS INVOLVED,1/24/2024 10:30:00 PM,A,VC 21658(A),False,1,I-580 E/B,,,2/9/2024 4:38:38 PM,A,W,1320.0,DAVENPORT AVENUE U/C,F,,D,2/9/2024 4:38:39 PM,2/9/2024 4:38:39 PM,False,True,4,,1/24/2024 10:36:00 PM,2236,True,EMBEDDED,,True
2310589,9370-2024-00376,1,False,9370,2/3/2024 12:20:00 PM,1220,177,14,109,Oakland,1,True,True,E,HIT OBJECT,,Saturday,Yes,False,,,False,True,True,ALAMEDA SUPERIOR COURT WILEY W. MANUEL COURTHOUSE,I,FIXED OBJECT,CONCRETE BARRIER WALL,1,0,A,DAYLIGHT,37.783313,-122.240148,,,,,A,NO PEDESTRIANS INVOLVED,2/3/2024 12:20:00 PM,A,VC 22107,False,1,I-880 N/B,,,2/9/2024 4:37:41 PM,A,N,2050.0,23RD AVE,F,,D,2/9/2024 4:37:43 PM,2/9/2024 4:37:43 PM,False,True,4,,2/3/2024 12:28:00 PM,1228,False,,,True
2310571,9370-2024-00429,1,False,9370,2/6/2024 6:45:00 AM,645,177,14,109,Oakland,1,True,True,C,REAR END,,Tuesday,NotApplicable,False,,,False,True,False,ALAMEDA SUPERIOR COURT WILEY W. MANUEL COURTHOUSE,C,OTHER MOTOR VEHICLE,,0,0,B,DUSK-DAWN,37.786298,-122.245502,,,,,A,NO PEDESTRIANS INVOLVED,2/6/2024 6:45:00 AM,A,VC 22350,False,1,I-880 S/B,,,2/9/2024 4:24:26 PM,A,N,270.0,16TH AVENUE,F,,C,2/9/2024 4:24:28 PM,2/9/2024 4:24:28 PM,False,True,4,,2/6/2024 7:00:00 AM,700,False,,,True
2310548,9370-2024-00343,1,False,9370,1/31/2024 9:05:00 PM,2105,176,14,109,Oakland,1,True,True,C,REAR END,,Wednesday,Yes,False,,,False,True,True,ALAMEDA SUPERIOR COURT WILEY W. MANUEL COURTHOUSE,C,OTHER MOTOR VEHICLE,,2,0,C,DARK-STREET LIGHTS,37.772492,-122.2255,,,,,A,NO PEDESTRIANS INVOLVED,1/31/2024 9:05:00 PM,A,VC 22350,False,1,I-880 N/B,,,2/9/2024 3:52:58 PM,B,S,2439.0,29TH AVE,F,,D,2/9/2024 3:53:00 PM,2/9/2024 3:53:00 PM,False,True,4,,1/31/2024 9:07:00 PM,2107,False,,,True
2310315,9370-2024-00397,1,False,9370,2/3/2024 6:30:00 PM,1830,081,14,109,Oakland,1,True,True,C,REAR END,,Saturday,NotApplicable,False,M,,False,True,False,ALAMEDA SUPERIOR COURT WILEY W. MANUEL COURTHOUSE,C,OTHER MOTOR VEHICLE,,0,0,C,DARK-STREET LIGHTS,37.897493,-122.309172,,,,,A,NO PEDESTRIANS INVOLVED,2/3/2024 6:30:00 PM,A,VC 22350,False,1,I-80 W/B,,,2/9/2024 11:59:08 AM,B,W,1320.0,CENTRAL AVE,F,,A,2/9/2024 11:59:10 AM,2/9/2024 11:59:10 AM,False,True,4,,2/3/2024 6:35:00 PM,1835,False,,,True
2310129,9335-2024-00319,1,False,9335,2/4/2024 1:15:00 AM,115,082,14,109,Oakland,1,True,True,C,REAR END,,Sunday,NotApplicable,False,,,False,True,True,ALAMEDA SUPERIOR COURT ADMINISTRATION BUILDING,C,OTHER MOTOR VEHICLE,,0,0,D,DARK-NO STREET LIGHTS,37.819224,-122.349617,,,,,A,NO PEDESTRIANS INVOLVED,2/4/2024 1:15:00 AM,A,VC 22350,False,1,I-80 WESTBOUND,,,2/9/2024 8:59:05 AM,B,W,1.8,METERING LIGHTS,M,,D,2/9/2024 8:59:16 AM,2/9/2024 8:59:16 AM,False,True,4,,2/4/2024 1:16:00 AM,116,False,,,True
2309667,9370-2024-00304,1,False,9370,1/28/2024 4:40:00 AM,440,177,14,109,Oakland,1,True,True,D,BROADSIDE,,Sunday,NotApplicable,False,M,,False,True,False,ALAMEDA SUPERIOR COURT WILEY W. MANUEL COURTHOUSE,C,OTHER MOTOR VEHICLE,,0,0,D,DARK-NO STREET LIGHTS,37.7939,-122.264546,,,,,A,NO PEDESTRIANS INVOLVED,1/28/2024 4:40:00 AM,A,VC 22107,False,1,I-880 S/B,,,2/8/2024 8:50:25 PM,A,S,25.0,OAK ST,F,,D,2/8/2024 8:50:29 PM,2/8/2024 8:50:29 PM,False,True,4,,1/28/2024 4:50:00 AM,450,False,,,
2309653,9370-2024-00317,1,False,9370,1/29/2024 5:15:00 PM,1715,055,14,109,Oakland,1,True,True,E,HIT OBJECT,,Monday,NotApplicable,False,M,,False,True,True,ALAMEDA SUPERIOR COURT WILEY W. MANUEL COURTHOUSE,I,FIXED OBJECT,RAISED CONCRETE CURB,0,0,A,DAYLIGHT,37.823523,-122.263861,,,,,A,NO PEDESTRIANS INVOLVED,1/29/2024 5:15:00 PM,A,VC 22107,False,1,I-580 W/B TO I-980 W/B TRANSITION,,,2/8/2024 7:31:57 PM,A,E,600.0,TELEGRAPH AVENUE,F,,D,2/8/2024 7:31:59 PM,2/8/2024 7:31:59 PM,False,True,4,,1/29/2024 5:16:00 PM,1716,False,,,True