collision-id,report-number,report-version,is-preliminary,ncic-code,crash-date-time,crash-time-description,beat,city-id,city-code,city-name,county-code,city-is-active,city-is-incorporated,collision-type-code,collision-type-description,collision-type-other-desc,day-of-week,dispatch-notified,has-photographs,hit-run,is-attachments-mailed,is-deleted,is-highway-related,is-tow-away,judicial-district,motor-vehicle-involved-with-code,motor-vehicle-involved-with-desc,motor-vehicle-involved-with-other-desc,number-injured,number-killed,lighting-code,lighting-description,latitude,longitude,milepost-direction,milepost-distance,milepost-marker,milepost-unit-of-measure,pedestrian-action-code,pedestrian-action-desc,prepared-date,primary-collision-factor-code,primary-collision-factor-description,primary-collision-factor-is-cited,primary-collision-party-number,primary-road,reporting-district,reporting-district-code,reviewed-date,roadway-surface-code,secondary-direction,secondary-distance,secondary-road,secondary-unit-of-measure,sketch-desc,traffic-control-device-code,created-date,modified-date,is-county-road,is-freeway,chp-555-version,is-additonal-object-struck,notification-date,notification-time-description,has-digital-media-files,evidence-number,is-location-refer-to-narrative,is-aoi-one-same-as-location
2309615,9335-2024-00250,1,False,9335,2/1/2024 3:45:00 AM,345,082,14,109,Oakland,1,True,True,E,HIT OBJECT,,Thursday,NotApplicable,False,,,False,True,True,ALAMEDA SUPERIOR COURT ALAMEDA,I,FIXED OBJECT,TOLL BOOTH ATTENUATOR,0,0,C,DARK-STREET LIGHTS,37.824681,-122.313951,,,,,A,NO PEDESTRIANS INVOLVED,2/1/2024 3:45:00 AM,A,VC 22107,False,1,I-80 E/B,,,2/8/2024 5:14:33 PM,B,E,1010.0,SAN FRANCISCO OAKLAND BAY BRIDGE METERING LIGHT,F,,D,2/8/2024 5:14:36 PM,2/8/2024 5:14:36 PM,False,True,4,,2/1/2024 3:48:00 AM,348,False,,,True
2309595,9370-2024-00338,1,False,9370,1/31/2024 9:54:00 PM,2154,052,14,109,Oakland,1,True,True,E,HIT OBJECT,,Wednesday,NotApplicable,False,,,False,True,False,ALAMEDA SUPERIOR COURT WILEY W. MANUEL COURTHOUSE,I,FIXED OBJECT,GUARDRAIL,0,0,D,DARK-NO STREET LIGHTS,37.742662,-122.145497,,,,,A,NO PEDESTRIANS INVOLVED,1/31/2024 9:54:00 PM,A,VC 22350,False,1,I-580 WB,,,2/8/2024 4:36:52 PM,B,E,1275.0,106TH AVENUE,F,,D,2/8/2024 4:36:54 PM,2/8/2024 4:36:54 PM,False,True,4,,1/31/2024 10:00:00 PM,2200,True,EMBEDDED,,True
2309564,9370-2024-00322,1,False,9370,1/30/2024 6:54:00 AM,654,008,14,109,Oakland,1,True,True,C,REAR END,,Tuesday,NotApplicable,False,,,False,True,True,ALAMEDA SUPERIOR COURT WILEY W. MANUEL COURTHOUSE,C,OTHER MOTOR VEHICLE,,1,0,A,DAYLIGHT,37.825597,-122.304093,,,,,A,NO PEDESTRIANS INVOLVED,1/30/2024 6:54:00 AM,A,VC 21658(A),False,1,I-80 W/B,,,2/8/2024 4:01:29 PM,A,E,1571.0,WEST GRAND,F,,D,2/8/2024 4:01:31 PM,2/8/2024 4:01:31 PM,False,True,4,,1/30/2024 6:59:00 AM,659,False,,,True
2309562,9370-2024-00336,1,False,9370,1/31/2024 5:00:00 PM,1700,177,14,109,Oakland,1,True,True,C,REAR END,,Wednesday,NotApplicable,False,,,False,True,False,ALAMEDA SUPERIOR COURT WILEY W. MANUEL COURTHOUSE,C,OTHER MOTOR VEHICLE,,0,0,A,DAYLIGHT,37.788529,-122.251698,,,,,A,NO PEDESTRIANS INVOLVED,1/31/2024 5:00:00 PM,A,VC 22350,False,1,I-880 S/B,,,2/8/2024 4:00:31 PM,B,N,2270.0,16TH AVE,F,,D,2/8/2024 4:00:33 PM,2/8/2024 4:00:33 PM,False,True,4,,1/31/2024 5:05:00 PM,1705,False,,,True
2309549,9370-2024-00311,1,False,9370,1/29/2024 7:45:00 AM,745,053,14,109,Oakland,1,True,True,C,REAR END,,Monday,NotApplicable,False,M,,False,True,False,ALAMEDA SUPERIOR COURT WILEY W. MANUEL COURTHOUSE,C,OTHER MOTOR VEHICLE,,0,0,A,DAYLIGHT,37.79539,-122.208691,,,,,A,NO PEDESTRIANS INVOLVED,1/29/2024 7:45:00 AM,A,VC 21750(a),False,1,I-580 E/B FROM COOLIDGE AVENUE,,,2/8/2024 3:54:08 PM,A,E,718.0,COOLIDGE AVE,F,,D,2/8/2024 3:54:10 PM,2/8/2024 3:54:10 PM,False,True,4,,1/29/2024 7:54:00 AM,754,False,,,True
2308988,9370-2024-00399,1,False,9370,2/3/2024 1:25:00 PM,1325,008,14,109,Oakland,1,True,True,C,REAR END,,Saturday,NotApplicable,False,M,,False,True,False,ALAMEDA SUPERIOR COURT WILEY W. MANUEL COURTHOUSE,C,OTHER MOTOR VEHICLE,,0,0,A,DAYLIGHT,37.833303,-122.294613,,,,,A,NO PEDESTRIANS INVOLVED,2/3/2024 1:25:00 PM,A,VC 22350,False,1,I-80 W/B,,,2/8/2024 9:19:42 AM,A,W,1790.0,POWELL ST,F,,D,2/8/2024 9:19:46 AM,2/8/2024 9:19:46 AM,False,True,4,,2/3/2024 1:30:00 PM,1330,False,,,True
2308781,9370-2024-00346,1,False,9370,2/1/2024 12:20:00 PM,1220,054,14,109,Oakland,1,True,True,E,HIT OBJECT,,Thursday,NotApplicable,False,,,False,True,False,ALAMEDA SUPERIOR COURT WILEY W. MANUEL COURTHOUSE,I,FIXED OBJECT,CONCRETE BARRIER WALL,0,0,A,DAYLIGHT,37.805974,-122.236548,,,,,A,NO PEDESTRIANS INVOLVED,2/1/2024 12:20:00 PM,A,VC 22350,False,1,I-580 E/B,,,2/8/2024 6:40:48 AM,B,W,1500.0,PARK BLVD,F,,D,2/8/2024 6:40:49 AM,2/8/2024 6:40:49 AM,False,True,4,,2/1/2024 12:30:00 PM,1230,False,,,True
2308767,9370-2024-00370,1,False,9370,2/3/2024 1:30:00 AM,130,177,14,109,Oakland,1,True,True,B,SIDE SWIPE,,Saturday,NotApplicable,False,M,,False,True,False,ALAMEDA SUPERIOR COURT WILEY W. MANUEL COURTHOUSE,C,OTHER MOTOR VEHICLE,,1,0,C,DARK-STREET LIGHTS,37.778824,-122.237645,,,,,A,NO PEDESTRIANS INVOLVED,2/3/2024 1:30:00 AM,A,VC 21658(A),False,1,I-880 N/B,,,2/8/2024 6:28:04 AM,A,N,300.0,23RD AVE,F,,D,2/8/2024 6:28:07 AM,2/8/2024 6:28:07 AM,False,True,4,,2/3/2024 1:40:00 AM,140,False,,,True
2308753,9370-2024-00392,1,False,9370,2/3/2024 12:29:00 AM,29,025,14,109,Oakland,1,True,True,H,OTHER,POT HOLE,Saturday,Yes,False,,,False,True,False,ALAMEDA SUPERIOR COURT WILEY W. MANUEL COURTHOUSE,J,OTHER OBJECT,POT HOLE,0,0,C,DARK-STREET LIGHTS,37.830836,-122.267363,,,,,A,NO PEDESTRIANS INVOLVED,2/3/2024 12:29:00 AM,A,VC 22107,False,1,I-980 W/B FROM SR-24 W/B FROM MLK JR. WAY,,,2/8/2024 6:11:50 AM,B,E,150.0,41ST ST,F,,D,2/8/2024 6:11:51 AM,2/8/2024 6:11:51 AM,False,True,4,,2/3/2024 12:30:00 AM,30,False,,,False
2308731,9370-2024-00384,1,False,9370,2/2/2024 11:40:00 PM,2340,025,14,109,Oakland,1,True,True,E,HIT OBJECT,,Friday,Yes,False,,,False,True,False,ALAMEDA SUPERIOR COURT WILEY W. MANUEL COURTHOUSE,I,FIXED OBJECT,GUARD RAIL,0,0,C,DARK-STREET LIGHTS,37.830836,-122.267363,,,,,A,NO PEDESTRIANS INVOLVED,2/2/2024 11:40:00 PM,A,VC 22107,False,1,I-980 W/B FROM SR-24 FROM MLK JR WAY,,,2/8/2024 5:33:09 AM,B,E,150.0,41ST ST,F,,D,2/8/2024 5:33:11 AM,2/8/2024 5:33:11 AM,False,True,4,,2/2/2024 11:45:00 PM,2345,False,,,True
2308447,9370-2024-00347,1,False,9370,2/1/2024 11:00:00 AM,1100,177,14,109,Oakland,1,True,True,B,SIDE SWIPE,,Thursday,NotApplicable,False,M,,False,True,True,ALAMEDA SUPERIOR COURT WILEY W. MANUEL COURTHOUSE,C,OTHER MOTOR VEHICLE,,0,0,A,DAYLIGHT,37.795962,-122.267801,,,,,A,NO PEDESTRIANS INVOLVED,2/1/2024 11:00:00 AM,A,VC 22107,False,1,I-880 N/B TO BROADWAY,,,2/7/2024 6:23:41 PM,B,S,150.0,JACKSON ST,F,,D,2/7/2024 6:23:44 PM,2/7/2024 6:23:44 PM,False,True,4,,2/1/2024 11:54:00 AM,1154,False,,,True
2308408,9370-2024-00334,1,False,9370,1/31/2024 11:50:00 AM,1150,176,14,109,Oakland,1,True,True,C,REAR END,,Wednesday,NotApplicable,False,,,False,True,True,ALAMEDA SUPERIOR COURT WILEY W. MANUEL COURTHOUSE,C,OTHER MOTOR VEHICLE,,1,0,A,DAYLIGHT,37.754656,-122.208042,,,,,A,NO PEDESTRIANS INVOLVED,1/31/2024 11:50:00 AM,A,VC 22350,False,1,I-880 N/B FROM 66TH AVENUE,,,2/7/2024 4:37:42 PM,B,N,261.0,66TH AVE,F,,D,2/7/2024 4:37:46 PM,2/7/2024 4:37:46 PM,False,True,4,,1/31/2024 11:55:00 AM,1155,False,,,True
2308393,9370-2024-00329,1,False,9370,1/30/2024 2:32:00 PM,1432,053,14,109,Oakland,1,True,True,C,REAR END,,Tuesday,NotApplicable,False,,,False,True,False,ALAMEDA SUPERIOR COURT WILEY W. MANUEL COURTHOUSE,C,OTHER MOTOR VEHICLE,,0,0,A,DAYLIGHT,37.795374,-122.208455,,,,,A,NO PEDESTRIANS INVOLVED,1/30/2024 2:32:00 PM,A,VC 22350,False,1,I-580 E/B,,,2/7/2024 4:21:51 PM,A,E,779.0,COOLIDGE AVE,F,,D,2/7/2024 4:21:52 PM,2/7/2024 4:21:52 PM,False,True,4,,1/30/2024 2:35:00 PM,1435,False,,,True
2308274,9370-2024-00420,1,False,9370,2/6/2024 9:30:00 AM,930,024,14,109,Oakland,1,True,True,C,REAR END,,Tuesday,NotApplicable,False,M,,False,True,False,ALAMEDA SUPERIOR COURT WILEY W. MANUEL COURTHOUSE,C,OTHER MOTOR VEHICLE,,0,0,A,DAYLIGHT,37.850409,-122.223406,,,,,A,NO PEDESTRIANS INVOLVED,2/6/2024 9:30:00 AM,A,VC 22350,False,1,SR-24 W/B,,,2/7/2024 2:55:08 PM,A,E,1510.0,SR-13,F,,D,2/7/2024 2:55:10 PM,2/7/2024 2:55:10 PM,False,True,4,,2/6/2024 9:45:00 AM,945,False,,,True
2308251,9370-2024-00291,1,False,9370,1/26/2024 6:30:00 PM,1830,177,14,109,Oakland,1,True,True,C,REAR END,,Friday,NotApplicable,False,M,,False,True,False,ALAMEDA SUPERIOR COURT WILEY W. MANUEL COURTHOUSE,C,OTHER MOTOR VEHICLE,,0,0,D,DARK-NO STREET LIGHTS,37.782345,-122.239263,,,,,A,NO PEDESTRIANS INVOLVED,1/26/2024 6:30:00 PM,A,VC 22350,False,2,I-880 S/B,,,2/7/2024 2:37:04 PM,A,N,1553.0,23RD AVENUE,F,,D,2/7/2024 2:37:06 PM,2/7/2024 2:37:06 PM,False,True,4,,1/26/2024 6:40:00 PM,1840,False,,,True
2308044,9370-2024-00321,1,False,9370,1/30/2024 5:55:00 AM,555,008,14,109,Oakland,1,True,True,C,REAR END,,Tuesday,NotApplicable,False,,,False,True,True,ALAMEDA SUPERIOR COURT WILEY W. MANUEL COURTHOUSE,C,OTHER MOTOR VEHICLE,,0,0,A,DAYLIGHT,37.82692,-122.298816,,,,,A,NO PEDESTRIANS INVOLVED,1/30/2024 5:55:00 AM,A,VC 22350,False,1,I-80 W/B,,,2/7/2024 12:06:40 PM,A,E,3103.0,WEST GRAND AVE,F,,D,2/7/2024 12:06:43 PM,2/7/2024 12:06:43 PM,False,True,4,,1/30/2024 6:00:00 AM,600,False,,,True
2329485,9370-2024-00643,1,False,9370,2/25/2024 8:55:00 PM,2055,176,14,109,Oakland,1,True,True,D,BROADSIDE,,Sunday,Yes,False,,,False,True,True,ALAMEDA SUPERIOR COURT WILEY W. MANUEL COURTHOUSE,C,OTHER MOTOR VEHICLE,,1,0,C,DARK-STREET LIGHTS,37.764294,-122.217345,,,,,A,NO PEDESTRIANS INVOLVED,2/25/2024 8:55:00 PM,C,,,,I-880 S/B,,,3/4/2024 6:24:00 PM,A,S,1600.0,HIGH ST,F,,D,3/4/2024 6:24:02 PM,3/4/2024 6:24:02 PM,False,True,4,,2/25/2024 8:55:00 PM,2055,False,,,
2329430,9370-2024-00642,2,False,9370,2/25/2024 8:50:00 PM,2050,176,14,109,Oakland,1,True,True,B,SIDE SWIPE,,Sunday,NotApplicable,False,F,,False,True,True,ALAMEDA SUPERIOR COURT WILEY W. MANUEL COURTHOUSE,C,OTHER MOTOR VEHICLE,,1,0,C,DARK-STREET LIGHTS,37.764512,-122.217536,,,,,A,NO PEDESTRIANS INVOLVED,2/25/2024 8:50:00 PM,A,VC 21658(a),False,1,I-880 S/B,,,3/12/2024 11:28:16 AM,A,S,1533.0,HIGH ST,F,,D,3/4/2024 4:20:05 PM,3/12/2024 11:28:18 AM,False,True,4,,2/25/2024 8:53:00 PM,2053,False,,,True
2329405,9370-2024-00641,1,False,9370,2/25/2024 7:00:00 PM,1900,176,14,109,Oakland,1,True,True,B,SIDE SWIPE,,Sunday,NotApplicable,False,,,False,True,False,ALAMEDA SUPERIOR COURT WILEY W. MANUEL COURTHOUSE,C,OTHER MOTOR VEHICLE,,0,0,C,DARK-STREET LIGHTS,37.774979,-122.23294,,,,,A,NO PEDESTRIANS INVOLVED,2/25/2024 7:00:00 PM,A,VC 21658(a),False,2,I-880 N/B,,,3/4/2024 4:03:44 PM,A,S,105.0,29TH AVE,F,,D,3/4/2024 4:03:46 PM,3/4/2024 4:03:46 PM,False,True,4,,2/25/2024 7:03:00 PM,1903,False,,,True
2329378,9370-2024-00627,1,False,9370,2/25/2024 11:47:00 AM,1147,052,14,109,Oakland,1,True,True,C,REAR END,,Sunday,NotApplicable,False,,,False,True,False,ALAMEDA SUPERIOR COURT WILEY W. MANUEL COURTHOUSE,C,OTHER MOTOR VEHICLE,,0,0,A,DAYLIGHT,37.77802,-122.167717,,,,,A,NO PEDESTRIANS INVOLVED,2/25/2024 11:47:00 AM,A,VC 22350,False,1,INTERSTATE 580 WESTBOUND,,,3/4/2024 3:43:18 PM,A,E,1500.0,SEMINARY AVE,F,,D,3/4/2024 3:43:22 PM,3/4/2024 3:43:22 PM,False,True,4,,2/25/2024 11:52:00 AM,1152,False,,,True
2329309,9370-2024-00614,1,False,9370,2/24/2024 12:25:00 PM,1225,008,14,109,Oakland,1,True,True,C,REAR END,,Saturday,NotApplicable,False,,,False,True,False,ALAMEDA SUPERIOR COURT WILEY W. MANUEL COURTHOUSE,C,OTHER MOTOR VEHICLE,,0,0,A,DAYLIGHT,37.829343,-122.294246,,,,,A,NO PEDESTRIANS INVOLVED,2/24/2024 12:25:00 PM,A,VC 22350,False,1,I-80 W/B,,,3/4/2024 2:57:15 PM,A,W,3210.0,POWELL STREET,F,,D,3/4/2024 2:57:16 PM,3/4/2024 2:57:16 PM,False,True,4,,2/24/2024 12:33:00 PM,1233,False,,,True
2329209,9370-2024-00650,1,False,9370,2/12/2024 9:15:00 PM,2115,176,14,109,Oakland,1,True,True,B,SIDE SWIPE,,Monday,NotApplicable,False,,,False,True,True,,C,OTHER MOTOR VEHICLE,,0,0,C,DARK-STREET LIGHTS,37.752809,-122.207302,,,,,A,NO PEDESTRIANS INVOLVED,2/12/2024 9:15:00 PM,A,VC 21658(A),False,1,I-880 S/B,,,3/4/2024 2:08:47 PM,A,S,435.0,66TH AVE,F,,D,3/4/2024 2:08:50 PM,3/4/2024 2:08:50 PM,False,True,4,False,2/12/2024 9:25:00 PM,2125,False,,,True
2329163,9370-2024-00638,1,False,9370,2/23/2024 6:15:00 PM,1815,052,14,109,Oakland,1,True,True,C,REAR END,,Friday,NotApplicable,False,M,,False,True,False,ALAMEDA SUPERIOR COURT WILEY W. MANUEL COURTHOUSE,C,OTHER MOTOR VEHICLE,,0,0,D,DARK-NO STREET LIGHTS,37.78888,-122.200083,,,,,A,NO PEDESTRIANS INVOLVED,2/23/2024 6:15:00 PM,A,VC 22350,False,2,I-580 E/B,,,3/4/2024 1:37:03 PM,A,W,1600.0,HIGH ST,F,,D,3/4/2024 1:37:05 PM,3/4/2024 1:37:05 PM,False,True,4,,2/23/2024 6:25:00 PM,1825,False,,,True
2329029,9370-2024-00310,1,False,9370,1/29/2024 8:10:00 AM,810,053,14,109,Oakland,1,True,True,C,REAR END,,Monday,NotApplicable,False,M,,False,True,False,ALAMEDA SUPERIOR COURT WILEY W. MANUEL COURTHOUSE,C,OTHER MOTOR VEHICLE,,0,0,A,DAYLIGHT,37.796028,-122.210268,,,,,A,NO PEDESTRIANS INVOLVED,1/29/2024 8:10:00 AM,A,VC 22350,False,1,I-580 E/B FROM COOLIDGE AVE,,,3/4/2024 12:00:34 PM,A,E,195.0,COOLIDGE AVE,F,,D,3/4/2024 12:00:35 PM,3/4/2024 12:00:35 PM,False,True,4,,1/29/2024 8:30:00 AM,830,True,AREA PHOTO FILE,,True
2329025,9370-2024-00618,1,False,9370,2/24/2024 8:10:00 PM,2010,176,14,109,Oakland,1,True,True,B,SIDE SWIPE,,Saturday,NotApplicable,False,M,,False,True,False,ALAMEDA SUPERIOR COURT WILEY W. MANUEL COURTHOUSE,C,OTHER MOTOR VEHICLE,,0,0,C,DARK-STREET LIGHTS,37.756123,-122.210107,,,,,A,NO PEDESTRIANS INVOLVED,2/24/2024 8:10:00 PM,A,VC 21658(a),False,1,I-880 SOUTHBOUND,,,3/4/2024 11:57:58 AM,A,N,890.0,66TH AVENUE,F,,D,3/4/2024 11:58:01 AM,3/4/2024 11:58:01 AM,False,True,4,,2/24/2024 8:17:00 PM,2017,False,,,True
2329018,9370-2024-00573,1,False,9370,2/20/2024 3:20:00 PM,1520,178,14,109,Oakland,1,True,True,E,HIT OBJECT,,Tuesday,Yes,False,,,False,True,True,ALAMEDA SUPERIOR COURT WILEY W. MANUEL COURTHOUSE,I,FIXED OBJECT,CONCRETE MEDIAN WALL,1,0,A,DAYLIGHT,37.802445,-122.285099,,,,,A,NO PEDESTRIANS INVOLVED,2/20/2024 3:20:00 PM,A,VC 22350,False,1,NB I-880,,,3/4/2024 11:53:35 AM,B,N,520.0,MARKET STREET,F,,D,3/4/2024 11:53:36 AM,3/4/2024 11:53:36 AM,False,True,4,,2/20/2024 3:25:00 PM,1525,False,,,True
2329010,9370-2024-00599,1,False,9370,2/21/2024 5:25:00 PM,1725,024,14,109,Oakland,1,True,True,C,REAR END,,Wednesday,NotApplicable,False,,,False,True,False,ALAMEDA SUPERIOR COURT WILEY W. MANUEL COURTHOUSE,C,OTHER MOTOR VEHICLE,,0,0,A,DAYLIGHT,37.848831,-122.227536,,,,,A,NO PEDESTRIANS INVOLVED,2/21/2024 5:25:00 PM,D,,,,SR-24 W/B,,,3/4/2024 11:48:42 AM,A,E,400.0,SR-13 S/B,F,,D,3/4/2024 11:48:43 AM,3/4/2024 11:48:43 AM,False,True,4,,2/21/2024 5:55:00 PM,1755,False,,,True
2328475,9370-2024-00457,1,False,9370,2/9/2024 3:30:00 PM,1530,177,14,109,Oakland,1,True,True,C,REAR END,,Friday,NotApplicable,False,,,False,True,False,ALAMEDA SUPERIOR COURT WILEY W. MANUEL COURTHOUSE,C,OTHER MOTOR VEHICLE,,2,0,A,DAYLIGHT,37.798961,-122.275876,,,,,A,NO PEDESTRIANS INVOLVED,2/9/2024 3:30:00 PM,A,VC 22350,False,1,I-880 N/B,,,3/3/2024 9:25:09 PM,A,S,1300.0,MARKET ST,F,,D,3/3/2024 9:25:11 PM,3/3/2024 9:25:11 PM,False,True,4,,2/9/2024 3:35:00 PM,1535,False,,,True
2328455,9370-2024-00418,1,False,9370,2/5/2024 5:00:00 PM,1700,025,14,109,Oakland,1,True,True,B,SIDE SWIPE,,Monday,NotApplicable,False,M,,False,True,False,ALAMEDA SUPERIOR COURT WILEY W. MANUEL COURTHOUSE,C,OTHER MOTOR VEHICLE,,1,0,A,DAYLIGHT,37.834772,-122.265532,,,,,A,NO PEDESTRIANS INVOLVED,2/5/2024 5:00:00 PM,A,VC 22350,False,1,SR-24 E/B TO MARTIN LUTHER KING JR WAY,,,3/3/2024 7:42:12 PM,A,E,10.0,MARTIN LUTHER KING JR WAY,F,,D,3/3/2024 7:42:14 PM,3/3/2024 7:42:14 PM,False,True,4,,2/5/2024 5:05:00 PM,1705,False,,,True
2328447,9370-2024-00639,2,False,9370,2/25/2024 11:00:00 PM,2300,177,14,109,Oakland,1,True,True,E,HIT OBJECT,,Sunday,NotApplicable,False,,,False,True,False,ALAMEDA SUPERIOR COURT WILEY W. MANUEL COURTHOUSE,I,FIXED OBJECT,SAND BARREL,0,0,D,DARK-NO STREET LIGHTS,37.795922,-122.267856,,,,,A,NO PEDESTRIANS INVOLVED,2/25/2024 11:00:00 PM,A,VC 22107,False,1,I-880 N/B,,,3/16/2024 4:45:57 PM,A,S,300.0,OAK ST,F,,D,3/3/2024 6:21:05 PM,3/16/2024 4:46:00 PM,False,True,4,,2/25/2024 11:10:00 PM,2310,False,,,
2328419,9345-2024-00711,3,False,9345,2/23/2024 12:23:00 AM,23,904,14,109,Oakland,1,True,True,E,HIT OBJECT,,Friday,NotApplicable,False,M,,False,False,True,EAST COUNTY HALL OF JUSTICE,I,FIXED OBJECT,FIRE HYDRANT,0,0,C,DARK-STREET LIGHTS,37.766932,-122.21873,,,,,A,NO PEDESTRIANS INVOLVED,2/23/2024 12:23:00 AM,A,VC 22107,False,1,COLISEUM WAY,,,3/3/2024 8:49:10 AM,A,S,20.0,54TH AVENUE,F,,D,3/3/2024 8:49:08 AM,3/4/2024 2:42:06 PM,True,False,4,True,2/23/2024 12:23:00 AM,23,True,E20240095,,True
2328233,9335-2024-00278,1,False,9335,2/3/2024 4:48:00 PM,1648,082,14,109,Oakland,1,True,True,C,REAR END,,Saturday,NotApplicable,False,M,,False,True,False,ALAMEDA SUPERIOR COURT ALAMEDA,C,OTHER MOTOR VEHICLE,,0,0,B,DUSK-DAWN,37.82408,-122.316769,,,,,A,NO PEDESTRIANS INVOLVED,2/3/2024 4:48:00 PM,A,VC 22350,False,1,I-80 WESTBOUND,,,3/2/2024 7:45:23 PM,B,E,160.0,SAN FRANCISCO OAKLAND BAY BRIDGE METERING LIGHTS,F,,D,3/2/2024 7:45:35 PM,3/2/2024 7:45:35 PM,False,True,4,,2/3/2024 4:50:00 PM,1650,True,EMBEDDED,,True
2327743,9370-2024-00402,1,False,9370,2/2/2024 7:40:00 PM,1940,176,14,109,Oakland,1,True,True,E,HIT OBJECT,,Friday,Yes,False,,,False,True,False,ALAMEDA SUPERIOR COURT WILEY W. MANUEL COURTHOUSE,J,OTHER OBJECT,DIRT EMBANKMENT,0,0,B,DUSK-DAWN,37.749512,-122.204569,,,,,A,NO PEDESTRIANS INVOLVED,2/2/2024 7:40:00 PM,A,VC 23152(a),True,1,I-880 S/B,,,3/1/2024 12:45:53 PM,B,S,1800.0,66TH AVE,F,,D,3/1/2024 12:45:57 PM,3/1/2024 12:45:57 PM,False,True,4,,2/2/2024 7:44:00 PM,1944,False,,,True
2327682,9370-2024-00606,1,False,9370,2/22/2024 3:45:00 PM,1545,902,14,109,Oakland,1,True,True,B,SIDE SWIPE,,Thursday,NotApplicable,False,,,False,False,False,ALAMEDA SUPERIOR COURT WILEY W. MANUEL COURTHOUSE,C,OTHER MOTOR VEHICLE,,0,0,A,DAYLIGHT,37.798418,-122.164179,,,,,A,NO PEDESTRIANS INVOLVED,2/22/2024 3:45:00 PM,B,UNSAFE RIGHT TURN,,1,SKYLINE HIGH SCHOOL ACCESS ROAD,,,3/1/2024 11:25:32 AM,A,E,60.0,SKYLINE BLVD,F,,D,3/1/2024 11:25:36 AM,3/1/2024 11:25:36 AM,False,False,4,,2/22/2024 3:47:00 PM,1547,True,AREA PHOTO FILE,,True
2327681,9370-2024-00603,1,False,9370,2/17/2024 5:11:00 PM,1711,024,14,109,Oakland,1,True,True,A,HEAD-ON,,Saturday,NotApplicable,False,,,False,True,False,ALAMEDA SUPERIOR COURT WILEY W. MANUEL COURTHOUSE,C,OTHER MOTOR VEHICLE,,0,0,A,DAYLIGHT,37.845554,-122.249526,,,,,A,NO PEDESTRIANS INVOLVED,2/17/2024 5:11:00 PM,A,VC 22350,False,1,SR-24 W/B,,,3/1/2024 11:24:39 AM,B,E,300.0,COLLEGE AVE,F,,D,3/1/2024 11:24:41 AM,3/1/2024 11:24:41 AM,False,True,4,,2/17/2024 5:12:00 PM,1712,False,,,False
2327660,9370-2024-00605,1,False,9370,2/17/2024 5:05:00 PM,1705,024,14,109,Oakland,1,True,True,E,HIT OBJECT,,Saturday,NotApplicable,False,,,False,True,False,ALAMEDA SUPERIOR COURT WILEY W. MANUEL COURTHOUSE,J,OTHER OBJECT,CONCRETE CENTER DIVIDE,0,0,A,DAYLIGHT,37.845492,-122.249705,,,,,A,NO PEDESTRIANS INVOLVED,2/17/2024 5:05:00 PM,A,VC 22350,False,1,SR-24 W/B,,,3/1/2024 10:59:49 AM,B,E,658.0,COLLEGE AVE,F,,D,3/1/2024 10:59:51 AM,3/1/2024 10:59:51 AM,False,True,4,,2/17/2024 5:07:00 PM,1707,False,,,True
2327628,9370-2024-00629,1,False,9370,2/23/2024 4:30:00 PM,1630,052,14,109,Oakland,1,True,True,B,SIDE SWIPE,,Friday,NotApplicable,False,,,False,True,True,ALAMEDA SUPERIOR COURT WILEY W. MANUEL COURTHOUSE,C,OTHER MOTOR VEHICLE,,1,0,A,DAYLIGHT,37.778799,-122.169107,,,,,A,NO PEDESTRIANS INVOLVED,2/23/2024 4:30:00 PM,A,VC 21658(a),False,1,I-580 W/B,,,3/1/2024 10:18:55 AM,A,E,1530.0,SEMINARY AVE,F,,D,3/1/2024 10:18:58 AM,3/1/2024 10:18:58 AM,False,True,4,,2/23/2024 4:40:00 PM,1640,False,,,True
2327471,9370-2024-00601,1,False,9370,2/23/2024 4:39:00 AM,439,177,14,109,Oakland,1,True,True,B,SIDE SWIPE,,Friday,NotApplicable,False,,,False,True,False,ALAMEDA SUPERIOR COURT WILEY W. MANUEL COURTHOUSE,C,OTHER MOTOR VEHICLE,,0,0,D,DARK-NO STREET LIGHTS,37.800064,-122.278593,,,,,A,NO PEDESTRIANS INVOLVED,2/23/2024 4:39:00 AM,A,VC 21658(A),False,1,I-880 N/B,,,3/1/2024 7:40:06 AM,A,S,1445.0,MARKET STREET,F,,D,3/1/2024 7:40:08 AM,3/1/2024 7:40:08 AM,False,True,4,,2/23/2024 4:44:00 AM,444,False,,,True
2327456,9370-2024-00598,1,False,9370,2/22/2024 6:50:00 PM,1850,176,14,109,Oakland,1,True,True,C,REAR END,,Thursday,Yes,False,M,,False,True,False,ALAMEDA SUPERIOR COURT WILEY W. MANUEL COURTHOUSE,C,OTHER MOTOR VEHICLE,,0,0,D,DARK-NO STREET LIGHTS,37.730637,-122.187864,,,,,A,NO PEDESTRIANS INVOLVED,2/22/2024 6:50:00 PM,A,VC 22350,False,1,INTERSTATE 880 SOUTHBOUND,,,3/1/2024 7:27:48 AM,A,S,380.0,98TH AVE,F,,D,3/1/2024 7:27:49 AM,3/1/2024 7:27:49 AM,False,True,4,,2/22/2024 6:50:00 PM,1850,False,,,True