collision-id,report-number,report-version,is-preliminary,ncic-code,crash-date-time,crash-time-description,beat,city-id,city-code,city-name,county-code,city-is-active,city-is-incorporated,collision-type-code,collision-type-description,collision-type-other-desc,day-of-week,dispatch-notified,has-photographs,hit-run,is-attachments-mailed,is-deleted,is-highway-related,is-tow-away,judicial-district,motor-vehicle-involved-with-code,motor-vehicle-involved-with-desc,motor-vehicle-involved-with-other-desc,number-injured,number-killed,lighting-code,lighting-description,latitude,longitude,milepost-direction,milepost-distance,milepost-marker,milepost-unit-of-measure,pedestrian-action-code,pedestrian-action-desc,prepared-date,primary-collision-factor-code,primary-collision-factor-description,primary-collision-factor-is-cited,primary-collision-party-number,primary-road,reporting-district,reporting-district-code,reviewed-date,roadway-surface-code,secondary-direction,secondary-distance,secondary-road,secondary-unit-of-measure,sketch-desc,traffic-control-device-code,created-date,modified-date,is-county-road,is-freeway,chp-555-version,is-additonal-object-struck,notification-date,notification-time-description,has-digital-media-files,evidence-number,is-location-refer-to-narrative,is-aoi-one-same-as-location
2327398,9370-2024-00582,1,False,9370,2/20/2024 8:06:00 PM,2006,054,14,109,Oakland,1,True,True,D,BROADSIDE,,Tuesday,NotApplicable,False,M,,False,True,False,ALAMEDA SUPERIOR COURT WILEY W. MANUEL COURTHOUSE,C,OTHER MOTOR VEHICLE,,0,0,D,DARK-NO STREET LIGHTS,37.806681,-122.238008,,,,,A,NO PEDESTRIANS INVOLVED,2/20/2024 8:06:00 PM,A,VC 21658(A),False,1,I-580 E/B,,,3/1/2024 6:04:09 AM,B,W,360.0,PARK BLVD,F,,D,3/1/2024 6:04:11 AM,3/1/2024 6:04:11 AM,False,True,4,,2/20/2024 8:20:00 PM,2020,False,,,True
2327394,9370-2024-00583,1,False,9370,2/20/2024 4:31:00 PM,1631,054,14,109,Oakland,1,True,True,C,REAR END,,Tuesday,NotApplicable,False,M,,False,True,False,ALAMEDA SUPERIOR COURT WILEY W. MANUEL COURTHOUSE,C,OTHER MOTOR VEHICLE,,0,0,A,DAYLIGHT,37.812929,-122.250663,,,,,A,NO PEDESTRIANS INVOLVED,2/20/2024 4:31:00 PM,A,VC 22350,False,1,I-580 E/B,,,3/1/2024 5:59:13 AM,B,W,400.0,LAKE PARK AVE.,F,,D,3/1/2024 5:59:14 AM,3/1/2024 5:59:14 AM,False,True,4,,2/20/2024 4:40:00 PM,1640,False,,,True
2327381,9370-2024-00572,1,False,9370,2/20/2024 9:57:00 AM,957,176,14,109,Oakland,1,True,True,B,SIDE SWIPE,,Tuesday,NotApplicable,False,M,,False,True,True,ALAMEDA SUPERIOR COURT WILEY W. MANUEL COURTHOUSE,C,OTHER MOTOR VEHICLE,,0,0,A,DAYLIGHT,37.772427,-122.226034,,,,,A,NO PEDESTRIANS INVOLVED,2/20/2024 9:57:00 AM,A,VC 21651(B),False,1,I-880 S/B,,,3/1/2024 5:37:22 AM,B,N,2315.0,HIGH STREET,F,,D,3/1/2024 5:37:23 AM,3/1/2024 5:37:23 AM,False,True,4,,2/20/2024 11:00:00 AM,1100,False,,,True
2327378,9370-2024-00566,1,False,9370,2/20/2024 9:59:00 AM,959,176,14,109,Oakland,1,True,True,B,SIDE SWIPE,,Tuesday,NotApplicable,False,M,,False,True,False,ALAMEDA SUPERIOR COURT WILEY W. MANUEL COURTHOUSE,C,OTHER MOTOR VEHICLE,,0,0,A,DAYLIGHT,37.77244,-122.226085,,,,,A,NO PEDESTRIANS INVOLVED,2/20/2024 9:59:00 AM,A,VC 21651(b),True,1,I-880 S/B,,,3/1/2024 5:36:56 AM,A,S,600.0,FRUITVALE AVENUE,F,,D,3/1/2024 5:36:58 AM,3/1/2024 5:36:58 AM,False,True,4,,2/20/2024 10:03:00 AM,1003,False,,,True
2327377,9370-2024-00631,1,False,9370,2/20/2024 10:01:00 AM,1001,176,14,109,Oakland,1,True,True,A,HEAD-ON,,Tuesday,NotApplicable,False,,,False,True,True,ALAMEDA SUPERIOR COURT WILEY W. MANUEL COURTHOUSE,C,OTHER MOTOR VEHICLE,,0,0,A,DAYLIGHT,37.772415,-122.225667,,,,,A,NO PEDESTRIANS INVOLVED,2/20/2024 10:01:00 AM,A,VC 21651(B),True,1,I-880 S/B,,,3/1/2024 5:36:35 AM,B,S,300.0,FRUITVALE AVENUE,F,,D,3/1/2024 5:36:37 AM,3/1/2024 5:36:37 AM,False,True,4,,2/20/2024 10:06:00 AM,1006,False,,,True
2327375,9370-2024-00662,1,False,9370,2/20/2024 10:02:00 AM,1002,176,14,109,Oakland,1,True,True,B,SIDE SWIPE,,Tuesday,NotApplicable,False,M,,False,True,False,ALAMEDA SUPERIOR COURT WILEY W. MANUEL COURTHOUSE,C,OTHER MOTOR VEHICLE,,0,0,A,DAYLIGHT,37.772452,-122.226127,,,,,A,NO PEDESTRIANS INVOLVED,2/20/2024 10:02:00 AM,A,VC 21651(b),True,1,I-880 S/B,,,3/1/2024 5:36:08 AM,A,S,450.0,FRUITVALE AVENUE,F,,D,3/1/2024 5:36:10 AM,3/1/2024 5:36:10 AM,False,False,4,,2/20/2024 10:06:00 AM,1006,False,,,True
2327372,9370-2024-00570,1,False,9370,2/20/2024 10:03:00 AM,1003,177,14,109,Oakland,1,True,True,A,HEAD-ON,,Tuesday,NotApplicable,False,,,False,True,False,ALAMEDA SUPERIOR COURT WILEY W. MANUEL COURTHOUSE,C,OTHER MOTOR VEHICLE,,0,0,A,DAYLIGHT,37.778645,-122.237526,,,,,A,NO PEDESTRIANS INVOLVED,2/20/2024 10:03:00 AM,A,VC 21651(b),True,1,I-880 S/B,,,3/1/2024 5:35:40 AM,A,N,100.0,23RD AVENUE,F,,D,3/1/2024 5:35:43 AM,3/1/2024 5:35:43 AM,False,True,4,,2/20/2024 10:06:00 AM,1006,False,,,True
2327370,9370-2024-00571,1,False,9370,2/20/2024 10:04:00 AM,1004,176,14,109,Oakland,1,True,True,E,HIT OBJECT,,Tuesday,NotApplicable,False,M,,False,True,True,ALAMEDA SUPERIOR COURT WILEY W. MANUEL COURTHOUSE,I,FIXED OBJECT,CONCRETE BARRIER WALL,0,0,A,DAYLIGHT,37.772125,-122.225111,,,,,A,NO PEDESTRIANS INVOLVED,2/20/2024 10:04:00 AM,A,VC 21651(B),False,1,I-880 S/B,,,3/1/2024 5:35:10 AM,B,N,1900.0,HIGH STREET,F,,D,3/1/2024 5:35:11 AM,3/1/2024 5:35:11 AM,False,True,4,,2/20/2024 10:06:00 AM,1006,False,,,False
2327363,9370-2024-00575,1,False,9370,2/20/2024 10:05:00 AM,1005,177,14,109,Oakland,1,True,True,E,HIT OBJECT,,Tuesday,Yes,False,,,False,True,True,ALAMEDA SUPERIOR COURT WILEY W. MANUEL COURTHOUSE,I,FIXED OBJECT,CONCRETE BARRIER,1,0,A,DAYLIGHT,37.786322,-122.24547,,,,,A,NO PEDESTRIANS INVOLVED,2/20/2024 10:05:00 AM,A,VC 21651(b),True,1,I-880 S/B,,,3/1/2024 5:34:18 AM,A,N,272.0,16TH AVENUE,F,,D,3/1/2024 5:34:19 AM,3/1/2024 5:34:19 AM,False,True,4,,2/20/2024 10:06:00 AM,1006,False,,,True
2327358,9370-2024-00567,1,False,9370,2/20/2024 9:58:00 AM,958,176,14,109,Oakland,1,True,True,B,SIDE SWIPE,,Tuesday,NotApplicable,False,,,False,True,True,ALAMEDA SUPERIOR COURT WILEY W. MANUEL COURTHOUSE,C,OTHER MOTOR VEHICLE,,0,0,A,DAYLIGHT,37.772472,-122.225853,,,,,A,NO PEDESTRIANS INVOLVED,2/20/2024 9:58:00 AM,A,VC 21651(B),False,3,I-880 S/B,,,3/1/2024 5:32:36 AM,A,N,1696.0,HIGH STREET,F,,D,3/1/2024 5:32:39 AM,3/1/2024 5:32:39 AM,False,True,4,,2/20/2024 10:20:00 AM,1020,False,,,True
2327355,9370-2024-00568,1,False,9370,2/20/2024 10:00:00 AM,1000,176,14,109,Oakland,1,True,True,B,SIDE SWIPE,,Tuesday,NotApplicable,False,M,,False,True,True,ALAMEDA SUPERIOR COURT WILEY W. MANUEL COURTHOUSE,C,OTHER MOTOR VEHICLE,,0,0,A,DAYLIGHT,37.772414,-122.225672,,,,,A,NO PEDESTRIANS INVOLVED,2/20/2024 10:00:00 AM,A,VC 21651(B),False,3,I-880 S/B,,,3/1/2024 5:26:05 AM,A,N,1645.0,HIGH STREET,F,,D,3/1/2024 5:26:08 AM,3/1/2024 5:26:08 AM,False,True,4,True,2/20/2024 10:00:00 AM,1000,False,,,True
2326732,9335-2024-00473,1,False,9335,2/28/2024 10:21:00 AM,1021,082,14,109,Oakland,1,True,True,C,REAR END,,Wednesday,NotApplicable,False,,,False,True,False,ALAMEDA SUPERIOR COURT WILEY W. MANUEL COURTHOUSE,C,OTHER MOTOR VEHICLE,,0,0,A,DAYLIGHT,37.824836,-122.314766,,,,,A,NO PEDESTRIANS INVOLVED,2/28/2024 10:21:00 AM,A,VC 22106,False,2,I-80 W/B,,,2/29/2024 1:51:12 PM,A,W,430.0,SAN FRANCISCO OAKLAND BAY BRIDGE TOLL PLAZA,F,,D,2/29/2024 1:52:34 PM,2/29/2024 1:52:34 PM,False,True,4,,2/28/2024 10:25:00 AM,1025,True,EMBEDDED,False,True
2326590,9370-2024-00607,1,False,9370,2/22/2024 4:50:00 PM,1650,055,14,109,Oakland,1,True,True,C,REAR END,,Thursday,NotApplicable,False,,,False,True,False,ALAMEDA SUPERIOR COURT WILEY W. MANUEL COURTHOUSE,C,OTHER MOTOR VEHICLE,,0,0,A,DAYLIGHT,37.828366,-122.266606,,,,,A,NO PEDESTRIANS INVOLVED,2/22/2024 4:50:00 PM,A,VC 22350,False,1,I-580 WESTBOUND TO SR-24 EASTBOUND,,,2/29/2024 11:48:32 AM,A,E,630.0,W. MACARTHUR BOULEVARD,F,,D,2/29/2024 11:48:34 AM,2/29/2024 11:48:34 AM,False,True,4,,2/22/2024 4:53:00 PM,1653,False,,,True
2326327,9370-2024-00500,1,False,9370,2/14/2024 11:40:00 AM,1140,176,14,109,Oakland,1,True,True,C,REAR END,,Wednesday,NotApplicable,False,,,False,True,False,ALAMEDA SUPERIOR COURT WILEY W. MANUEL COURTHOUSE,C,OTHER MOTOR VEHICLE,,0,0,A,DAYLIGHT,37.739325,-122.196888,,,,,A,NO PEDESTRIANS INVOLVED,2/14/2024 11:40:00 AM,A,VC 22350,False,1,I-880 S/B TO HEGENBERGER ROAD,,,2/29/2024 9:10:15 AM,A,N,18.0,HEGENBERGER RD,F,,A,2/29/2024 9:10:19 AM,2/29/2024 9:10:19 AM,False,True,4,,2/14/2024 11:50:00 AM,1150,False,,,True
2326240,9335-2024-00457,2,False,9335,2/28/2024 5:30:00 AM,530,082,14,109,Oakland,1,True,True,B,SIDE SWIPE,,Wednesday,NotApplicable,False,M,,False,True,False,ALAMEDA SUPERIOR COURT WILEY W. MANUEL COURTHOUSE,C,OTHER MOTOR VEHICLE,,0,0,C,DARK-STREET LIGHTS,37.823916,-122.317494,,,,,A,NO PEDESTRIANS INVOLVED,2/28/2024 5:30:00 AM,A,VC 21658(A),False,2,I-80 W/B,,,2/29/2024 8:18:53 AM,A,W,45.0,SAN FRANCISCO OAKLAND BAY BRIDGE METERING LIGHTS,F,,D,2/29/2024 8:19:03 AM,2/29/2024 8:19:18 AM,False,True,4,,2/28/2024 5:35:00 AM,535,False,,False,True
2326233,9335-2024-00398,1,False,9335,2/18/2024 6:50:00 PM,1850,084,14,109,Oakland,1,True,True,B,SIDE SWIPE,,Sunday,NotApplicable,False,,,False,True,True,ALAMEDA SUPERIOR COURT FREMONT HALL OF JUSTICE,C,OTHER MOTOR VEHICLE,,2,0,C,DARK-STREET LIGHTS,37.821686,-122.328218,,,,,A,NO PEDESTRIANS INVOLVED,2/18/2024 6:50:00 PM,A,VC 22107,False,1,I-80 E/B,,,2/29/2024 8:13:22 AM,B,E,1.45,SELF-ANCHORED SUSPENSION TOWER (S.A.S),M,,D,2/29/2024 8:13:35 AM,2/29/2024 8:13:35 AM,False,True,4,,2/18/2024 6:54:00 PM,1854,False,,,True
2326228,9335-2024-00470,1,False,9335,2/28/2024 10:20:00 AM,1020,082,14,109,Oakland,1,True,True,C,REAR END,,Wednesday,NotApplicable,False,,,False,True,False,ALAMEDA SUPERIOR COURT WILEY W. MANUEL COURTHOUSE,C,OTHER MOTOR VEHICLE,,0,0,A,DAYLIGHT,37.824773,-122.31483,,,,,A,NO PEDESTRIANS INVOLVED,2/28/2024 10:20:00 AM,A,VC 22350,False,2,I-80 W/B,,,2/29/2024 8:10:25 AM,A,W,485.0,SAN FRANCISCO OAKLAND BAY BRIDGE TOLL PLAZA,F,,D,2/29/2024 8:10:35 AM,2/29/2024 8:10:35 AM,False,True,4,,2/28/2024 10:25:00 AM,1025,False,,True,
2326068,9370-2024-00439,1,False,9370,2/7/2024 3:40:00 PM,1540,024,14,109,Oakland,1,True,True,C,REAR END,,Wednesday,NotApplicable,False,,,False,True,False,ALAMEDA SUPERIOR COURT WILEY W. MANUEL COURTHOUSE,C,OTHER MOTOR VEHICLE,,0,0,A,DAYLIGHT,37.852915,-122.222013,,,,,A,NO PEDESTRIANS INVOLVED,2/7/2024 3:40:00 PM,D,,,,STATE ROUTE 24 EASTBOUND,,,2/29/2024 4:33:27 AM,B,W,1500.0,CALDECOTT TUNNEL EAST ENTRANCE,F,,D,2/29/2024 4:33:29 AM,2/29/2024 4:33:29 AM,False,True,4,,2/7/2024 3:45:00 PM,1545,False,,,True
2325868,9370-2024-00086,1,False,9370,1/10/2024 6:19:00 AM,619,901,14,109,Oakland,1,True,True,D,BROADSIDE,,Wednesday,Yes,False,M,,False,False,True,ALAMEDA SUPERIOR COURT WILEY W. MANUEL COURTHOUSE,D,MOTOR VEHICLE ON OTHER ROADWAY,,0,0,C,DARK-STREET LIGHTS,37.808124,-122.286674,,,,,A,NO PEDESTRIANS INVOLVED,1/10/2024 6:19:00 AM,A,VC 21453(a),False,1,ADELINE ST,,,2/28/2024 7:59:50 PM,B,,,12TH ST,,,D,2/28/2024 7:59:52 PM,2/28/2024 7:59:52 PM,True,False,4,,1/10/2024 7:24:00 AM,724,False,,,
2325854,9370-2024-00593,1,False,9370,2/22/2024 12:00:00 PM,1200,025,14,109,Oakland,1,True,True,B,SIDE SWIPE,,Thursday,NotApplicable,False,,,False,True,False,ALAMEDA SUPERIOR COURT WILEY W. MANUEL COURTHOUSE,C,OTHER MOTOR VEHICLE,,0,0,A,DAYLIGHT,37.838629,-122.264851,,,,,A,NO PEDESTRIANS INVOLVED,2/22/2024 12:00:00 PM,A,VC 21658(A),False,1,SR-24 E/B,,,2/28/2024 6:59:40 PM,A,W,1850.0,CLAREMONT AVE,F,,D,2/28/2024 6:59:42 PM,2/28/2024 6:59:42 PM,False,True,4,,2/22/2024 12:05:00 PM,1205,False,,,True
2325494,9370-2024-00476,1,False,9370,2/11/2024 12:22:00 AM,22,177,14,109,Oakland,1,True,True,B,SIDE SWIPE,,Sunday,NotApplicable,False,M,,False,True,True,ALAMEDA SUPERIOR COURT WILEY W. MANUEL COURTHOUSE,C,OTHER MOTOR VEHICLE,,1,0,C,DARK-STREET LIGHTS,37.782852,-122.239795,,,,,A,NO PEDESTRIANS INVOLVED,2/11/2024 12:22:00 AM,A,VC 21658(A),False,1,I-880 S/B,,,2/28/2024 12:20:28 PM,B,N,1910.0,23RD AVE,F,,D,2/28/2024 12:20:31 PM,2/28/2024 12:20:31 PM,False,True,4,,2/11/2024 12:30:00 AM,30,False,,,True
2325388,9370-2024-00416,1,False,9370,2/5/2024 1:50:00 PM,1350,176,14,109,Oakland,1,True,True,B,SIDE SWIPE,,Monday,NotApplicable,False,M,,False,True,False,ALAMEDA SUPERIOR COURT WILEY W. MANUEL COURTHOUSE,C,OTHER MOTOR VEHICLE,,0,0,A,DAYLIGHT,37.759038,-122.212756,,,,,A,NO PEDESTRIANS INVOLVED,2/5/2024 1:50:00 PM,A,VC 22350,False,1,INTERSTATE 880 SOUTHBOUND,,,2/28/2024 10:41:17 AM,B,N,200.0,66TH ST,F,,D,2/28/2024 10:42:17 AM,2/28/2024 10:42:17 AM,False,True,4,,2/5/2024 2:00:00 PM,1400,False,,,True
2325302,9370-2024-00386,1,False,9370,2/2/2024 10:20:00 AM,1020,025,14,109,Oakland,1,True,True,E,HIT OBJECT,,Friday,Yes,False,,,False,True,False,ALAMEDA SUPERIOR COURT WILEY W. MANUEL COURTHOUSE,I,FIXED OBJECT,GUARDRAIL,1,0,C,DARK-STREET LIGHTS,37.829256,-122.26768,,,,,A,NO PEDESTRIANS INVOLVED,2/2/2024 10:20:00 AM,A,VC 22107,False,1,STATE ROUTE 24 W/B,,,2/28/2024 9:51:57 AM,A,W,115.0,40TH ST,F,,D,2/28/2024 9:51:59 AM,2/28/2024 9:51:59 AM,False,True,4,,2/2/2024 10:30:00 AM,1030,False,,,True
2325245,9335-2024-00404,1,False,9335,2/20/2024 9:10:00 AM,910,082,14,109,Oakland,1,True,True,E,HIT OBJECT,,Tuesday,NotApplicable,False,,,False,True,False,ALAMEDA SUPERIOR COURT WILEY W. MANUEL COURTHOUSE,I,FIXED OBJECT,PLASTIC DELINEATOR,0,0,A,DAYLIGHT,37.822953,-122.320647,,,,,A,NO PEDESTRIANS INVOLVED,2/20/2024 9:10:00 AM,A,VC 22106,False,1,I-80 W/B,,,2/28/2024 9:20:43 AM,A,W,1020.0,SFOBB METERING LIGHTS,F,,D,2/28/2024 9:21:23 AM,2/28/2024 9:21:23 AM,False,True,4,,2/20/2024 9:14:00 AM,914,True,EMBEDDED,,True
2325225,9370-2024-00587,1,False,9370,2/21/2024 9:40:00 AM,940,176,14,109,Oakland,1,True,True,C,REAR END,,Wednesday,NotApplicable,False,M,,False,True,False,ALAMEDA SUPERIOR COURT WILEY W. MANUEL COURTHOUSE,C,OTHER MOTOR VEHICLE,,0,0,A,DAYLIGHT,37.762198,-122.215167,,,,,A,NO PEDESTRIANS INVOLVED,2/21/2024 9:40:00 AM,A,VC 22350,False,1,I-880 N/B,,,2/28/2024 9:05:30 AM,B,S,200.0,HIGH ST,F,,D,2/28/2024 9:05:32 AM,2/28/2024 9:05:32 AM,False,True,4,,2/21/2024 9:45:00 AM,945,False,,,True
2325071,9370-2024-00437,1,False,9370,2/7/2024 10:50:00 AM,1050,055,14,109,Oakland,1,True,True,E,HIT OBJECT,,Wednesday,NotApplicable,False,,,False,True,False,ALAMEDA SUPERIOR COURT WILEY W. MANUEL COURTHOUSE,I,FIXED OBJECT,RAISED CONCRETE BARRIER,0,0,A,DAYLIGHT,37.824487,-122.266784,,,,,A,NO PEDESTRIANS INVOLVED,2/7/2024 10:50:00 AM,A,VC 22350,False,1,I-580 W/B TO SR-24 EB,,,2/28/2024 6:55:40 AM,B,W,295.0,TELEGRAPH AVE,F,,D,2/28/2024 6:55:53 AM,2/28/2024 6:55:53 AM,False,True,4,,2/7/2024 10:55:00 AM,1055,False,,,True
2325070,9370-2024-00538,1,False,9370,2/18/2024 7:35:00 AM,735,054,14,109,Oakland,1,True,True,B,SIDE SWIPE,,Sunday,NotApplicable,False,M,,False,True,False,ALAMEDA SUPERIOR COURT WILEY W. MANUEL COURTHOUSE,C,OTHER MOTOR VEHICLE,,0,0,A,DAYLIGHT,37.820393,-122.256043,,,,,A,NO PEDESTRIANS INVOLVED,2/18/2024 7:35:00 AM,A,VC 21750,False,1,INTERSTATE 580 EASTBOUND,,,2/28/2024 6:54:52 AM,B,E,1295.0,LAKESHORE AVENUE,F,,D,2/28/2024 6:54:54 AM,2/28/2024 6:54:54 AM,False,True,4,,2/18/2024 7:41:00 AM,741,False,,,True
2325024,9370-2024-00548,1,False,9370,2/19/2024 3:30:00 AM,330,013,14,109,Oakland,1,True,True,E,HIT OBJECT,,Monday,NotApplicable,False,,,False,True,False,ALAMEDA SUPERIOR COURT WILEY W. MANUEL COURTHOUSE,J,OTHER OBJECT,TREE,1,0,C,DARK-STREET LIGHTS,37.806847,-122.193282,,,,,A,NO PEDESTRIANS INVOLVED,2/19/2024 3:30:00 AM,A,VC 22350,False,1,SR-13 N/B,,,2/28/2024 5:50:51 AM,B,N,3800.0,REDWOOD RD,F,,D,2/28/2024 5:51:36 AM,2/28/2024 5:51:36 AM,False,True,4,,2/19/2024 3:30:00 AM,330,False,,,True
2325000,9370-2024-00558,1,False,9370,2/18/2024 5:10:00 PM,1710,177,14,109,Oakland,1,True,True,E,HIT OBJECT,,Sunday,Yes,False,,,False,True,True,ALAMEDA SUPERIOR COURT WILEY W. MANUEL COURTHOUSE,I,FIXED OBJECT,CONCRETE BARRIER,5,0,A,DAYLIGHT,37.791951,-122.262438,,,,,A,NO PEDESTRIANS INVOLVED,2/18/2024 5:10:00 PM,A,VC 22350,False,1,I-880 S/B,,,2/28/2024 4:50:31 AM,B,S,1700.0,OAK ST,F,,D,2/28/2024 4:50:40 AM,2/28/2024 4:50:40 AM,False,True,4,,2/18/2024 5:18:00 PM,1718,False,,,True
2324760,9370-2024-00542,1,False,9370,2/14/2024 7:50:00 PM,1950,013,14,109,Oakland,1,True,True,C,REAR END,,Wednesday,NotApplicable,False,,,False,True,False,ALAMEDA SUPERIOR COURT WILEY W. MANUEL COURTHOUSE,C,OTHER MOTOR VEHICLE,,0,0,D,DARK-NO STREET LIGHTS,37.839585,-122.223244,,,,,A,NO PEDESTRIANS INVOLVED,2/14/2024 7:50:00 PM,A,VC 22350,False,1,SR-13 S/B,,,2/27/2024 6:27:46 PM,B,N,810.0,BROADWAY TERRACE,F,,D,2/27/2024 6:28:06 PM,2/27/2024 6:28:06 PM,False,True,4,,2/14/2024 8:00:00 PM,2000,False,,True,
2324746,9370-2024-00394,1,False,9370,2/4/2024 2:55:00 AM,255,177,14,109,Oakland,1,True,True,A,HEAD-ON,,Sunday,Yes,False,,,False,True,True,ALAMEDA SUPERIOR COURT WILEY W. MANUEL COURTHOUSE,I,FIXED OBJECT,ENERGITE ATTENUATOR,0,0,D,DARK-NO STREET LIGHTS,37.795851,-122.267721,,,,,A,NO PEDESTRIANS INVOLVED,2/4/2024 2:55:00 AM,A,VC 23152(A),False,1,I-880 N/B,,,2/27/2024 5:23:01 PM,B,S,328.0,JACKSON STREET,F,,D,2/27/2024 5:23:02 PM,2/27/2024 5:23:02 PM,False,True,4,,2/4/2024 2:58:00 AM,258,False,,,True
2324743,9370-2024-00494,1,False,9370,2/13/2024 1:25:00 PM,1325,178,14,109,Oakland,1,True,True,F,OVERTURNED,,Tuesday,NotApplicable,False,,,False,True,False,ALAMEDA SUPERIOR COURT WILEY W. MANUEL COURTHOUSE,A,NON-COLLISION,,0,0,A,DAYLIGHT,37.8073,-122.305164,,,,,A,NO PEDESTRIANS INVOLVED,2/13/2024 1:25:00 PM,A,VC 24002(a),False,1,I-880 S/B FROM 7TH STREET,,,2/27/2024 5:20:37 PM,A,S,203.0,7TH ST,F,,D,2/27/2024 5:20:41 PM,2/27/2024 5:20:41 PM,False,True,4,,2/13/2024 1:36:00 PM,1336,False,,,True
2324731,9370-2024-00535,1,False,9370,2/17/2024 7:17:00 PM,1917,052,14,109,Oakland,1,True,True,C,REAR END,,Saturday,NotApplicable,False,M,,False,True,False,ALAMEDA SUPERIOR COURT WILEY W. MANUEL COURTHOUSE,C,OTHER MOTOR VEHICLE,,0,0,D,DARK-NO STREET LIGHTS,37.787076,-122.196702,,,,,A,NO PEDESTRIANS INVOLVED,2/17/2024 7:17:00 PM,A,VC 22350,False,1,I-580 W/B,,,2/27/2024 5:11:08 PM,B,E,2650.0,MACARTHUR BLVD,F,,D,2/27/2024 5:11:35 PM,2/27/2024 5:11:35 PM,False,True,4,,2/17/2024 7:19:00 PM,1919,False,,,True
2324725,9370-2024-00546,1,False,9370,2/18/2024 6:00:00 PM,1800,177,14,109,Oakland,1,True,True,D,BROADSIDE,,Sunday,NotApplicable,False,M,,False,True,False,ALAMEDA SUPERIOR COURT WILEY W. MANUEL COURTHOUSE,C,OTHER MOTOR VEHICLE,,0,0,D,DARK-NO STREET LIGHTS,37.795779,-122.267733,,,,,A,NO PEDESTRIANS INVOLVED,2/18/2024 6:00:00 PM,A,VC 22350,False,2,I-880 N/B,,,2/27/2024 4:58:44 PM,B,S,320.0,JACKSON ST,F,,D,2/27/2024 4:58:47 PM,2/27/2024 4:58:47 PM,False,True,4,,2/18/2024 6:03:00 PM,1803,False,,,True
2324700,9370-2024-00171,1,False,9370,1/17/2024 2:25:00 PM,1425,901,14,109,Oakland,1,True,True,B,SIDE SWIPE,,Wednesday,NotApplicable,False,M,,False,True,False,ALAMEDA SUPERIOR COURT WILEY W. MANUEL COURTHOUSE,C,OTHER MOTOR VEHICLE,,0,0,A,DAYLIGHT,37.788039,-122.254649,,,,,A,NO PEDESTRIANS INVOLVED,1/17/2024 2:25:00 PM,A,VC 22107,False,1,9TH AVE (300 BLOCK),,,2/27/2024 4:27:16 PM,A,S,400.0,EMBARCADERO,F,,D,2/27/2024 4:27:52 PM,2/27/2024 4:27:52 PM,False,False,4,,1/17/2024 2:38:00 PM,1438,False,,,True
2324699,9370-2024-00562,1,False,9370,1/30/2024 9:15:00 AM,915,055,14,109,Oakland,1,True,True,B,SIDE SWIPE,,Tuesday,NotApplicable,False,M,,False,True,False,ALAMEDA SUPERIOR COURT WILEY W. MANUEL COURTHOUSE,C,OTHER MOTOR VEHICLE,,0,0,A,DAYLIGHT,37.824783,-122.270046,,,,,A,NO PEDESTRIANS INVOLVED,1/30/2024 9:15:00 AM,A,VC 21658(A),False,,I-580 W/B,,,2/27/2024 4:24:54 PM,A,E,656.0,WEST ST,F,,D,2/27/2024 4:24:56 PM,2/27/2024 4:24:56 PM,False,True,4,,1/31/2024 8:37:00 AM,837,False,,,True
2324697,9370-2024-00331,1,False,9370,1/31/2024 6:34:00 AM,634,008,14,109,Oakland,1,True,True,B,SIDE SWIPE,,Wednesday,NotApplicable,False,M,,False,True,False,ALAMEDA SUPERIOR COURT WILEY W. MANUEL COURTHOUSE,C,OTHER MOTOR VEHICLE,,0,0,A,DAYLIGHT,37.825106,-122.312889,,,,,A,NO PEDESTRIANS INVOLVED,1/31/2024 6:34:00 AM,A,VC 21658(A),False,1,I-80 W/B,,,2/27/2024 4:23:15 PM,A,E,170.0,BAY BRIDGE TOLL PLAZA,F,,D,2/27/2024 4:23:17 PM,2/27/2024 4:23:17 PM,False,True,4,,1/31/2024 6:45:00 AM,645,False,,,True
2324453,9370-2024-00434,1,False,9370,2/7/2024 7:30:00 AM,730,901,14,109,Oakland,1,True,True,B,SIDE SWIPE,,Wednesday,NotApplicable,False,,,False,True,False,ALAMEDA SUPERIOR COURT WILEY W. MANUEL COURTHOUSE,C,OTHER MOTOR VEHICLE,,0,0,B,DUSK-DAWN,37.739246,-122.179563,,,,,A,NO PEDESTRIANS INVOLVED,2/7/2024 7:30:00 AM,A,VC 21800(a),False,1,98TH AVENUE,,,2/27/2024 1:15:33 PM,A,,,SAN LEANDRO STREET,,,A,2/27/2024 1:15:33 PM,2/27/2024 1:15:33 PM,False,False,4,,2/7/2024 7:45:00 AM,745,False,,,True