collision-id,report-number,report-version,is-preliminary,ncic-code,crash-date-time,crash-time-description,beat,city-id,city-code,city-name,county-code,city-is-active,city-is-incorporated,collision-type-code,collision-type-description,collision-type-other-desc,day-of-week,dispatch-notified,has-photographs,hit-run,is-attachments-mailed,is-deleted,is-highway-related,is-tow-away,judicial-district,motor-vehicle-involved-with-code,motor-vehicle-involved-with-desc,motor-vehicle-involved-with-other-desc,number-injured,number-killed,lighting-code,lighting-description,latitude,longitude,milepost-direction,milepost-distance,milepost-marker,milepost-unit-of-measure,pedestrian-action-code,pedestrian-action-desc,prepared-date,primary-collision-factor-code,primary-collision-factor-description,primary-collision-factor-is-cited,primary-collision-party-number,primary-road,reporting-district,reporting-district-code,reviewed-date,roadway-surface-code,secondary-direction,secondary-distance,secondary-road,secondary-unit-of-measure,sketch-desc,traffic-control-device-code,created-date,modified-date,is-county-road,is-freeway,chp-555-version,is-additonal-object-struck,notification-date,notification-time-description,has-digital-media-files,evidence-number,is-location-refer-to-narrative,is-aoi-one-same-as-location
2324448,9370-2024-00512,1,False,9370,2/15/2024 6:45:00 AM,645,178,14,109,Oakland,1,True,True,C,REAR END,,Thursday,NotApplicable,False,,,False,True,True,ALAMEDA SUPERIOR COURT WILEY W. MANUEL COURTHOUSE,C,OTHER MOTOR VEHICLE,,1,0,A,DAYLIGHT,37.824929,-122.305075,,,,,A,NO PEDESTRIANS INVOLVED,2/15/2024 6:45:00 AM,A,VC 21658(A),False,1,I-880 N/B TO I-80 W/B,,,2/27/2024 1:12:40 PM,A,S,1286.0,WEST GRAND AVE,F,,D,2/27/2024 1:12:42 PM,2/27/2024 1:12:42 PM,False,True,4,,2/15/2024 6:55:00 AM,655,False,,,True
2323935,9370-2024-00551,1,False,9370,2/17/2024 2:45:00 AM,245,055,14,109,Oakland,1,True,True,E,HIT OBJECT,,Saturday,Yes,False,,,False,True,False,ALAMEDA SUPERIOR COURT WILEY W. MANUEL COURTHOUSE,J,OTHER OBJECT,TRAFFIC CONE,0,0,D,DARK-NO STREET LIGHTS,37.82636,-122.288589,,,,,A,NO PEDESTRIANS INVOLVED,2/17/2024 2:45:00 AM,C,,,,I-580 E/B,,,2/27/2024 6:29:55 AM,A,W,1250.0,HOLLIS ST,F,,C,2/27/2024 6:29:59 AM,2/27/2024 6:29:59 AM,False,True,4,,2/17/2024 2:50:00 AM,250,False,,,True
2323929,9370-2024-00532,1,False,9370,2/16/2024 11:50:00 PM,2350,053,14,109,Oakland,1,True,True,D,BROADSIDE,,Friday,NotApplicable,False,M,,False,True,False,ALAMEDA SUPERIOR COURT WILEY W. MANUEL COURTHOUSE,C,OTHER MOTOR VEHICLE,,0,0,C,DARK-STREET LIGHTS,37.794818,-122.207178,,,,,A,NO PEDESTRIANS INVOLVED,2/16/2024 11:50:00 PM,A,VC 22107,False,1,I-580 E/B,,,2/27/2024 6:18:50 AM,A,W,1400.0,35TH AVE,F,,D,2/27/2024 6:18:52 AM,2/27/2024 6:18:52 AM,False,True,4,,2/16/2024 11:55:00 PM,2355,False,,,True
2323592,9335-2024-00394,1,False,9335,2/16/2024 6:03:00 PM,1803,082,14,109,Oakland,1,True,True,C,REAR END,,Friday,NotApplicable,False,,,False,True,True,ALAMEDA SUPERIOR COURT ALAMEDA,C,OTHER MOTOR VEHICLE,,1,0,C,DARK-STREET LIGHTS,37.824796,-122.314698,,,,,A,NO PEDESTRIANS INVOLVED,2/16/2024 6:03:00 PM,A,VC 22350,False,1,I-80 WESTBOUND,,,2/26/2024 6:44:13 PM,A,W,210.0,THE SAN FRANCISCO OAKLAND BAY BRIDGE TOLL PLAZA,F,,D,2/26/2024 6:47:24 PM,2/26/2024 6:47:24 PM,False,True,4,,2/16/2024 6:04:00 PM,1804,False,,,True
2323299,9370-2024-00305,1,False,9370,1/28/2024 6:40:00 AM,640,025,14,109,Oakland,1,True,True,D,BROADSIDE,,Sunday,NotApplicable,False,M,,False,True,False,ALAMEDA SUPERIOR COURT WILEY W. MANUEL COURTHOUSE,C,OTHER MOTOR VEHICLE,,0,0,B,DUSK-DAWN,37.830449,-122.26734,,,,,A,NO PEDESTRIANS INVOLVED,1/28/2024 6:40:00 AM,C,,,,SR-24 W/B TO I-580,,,2/26/2024 1:10:01 PM,A,E,215.0,40TH STREET,F,,D,2/26/2024 1:10:02 PM,2/26/2024 1:10:02 PM,False,True,4,,1/28/2024 6:50:00 AM,650,False,,,True
2323273,9370-2024-00212,1,False,9370,1/21/2024 5:02:00 PM,1702,024,14,109,Oakland,1,True,True,B,SIDE SWIPE,,Sunday,NotApplicable,False,M,,False,True,False,ALAMEDA SUPERIOR COURT WILEY W. MANUEL COURTHOUSE,C,OTHER MOTOR VEHICLE,,0,0,A,DAYLIGHT,37.838712,-122.265209,,,,,A,NO PEDESTRIANS INVOLVED,1/21/2024 5:02:00 PM,A,VC 22107,False,1,SR-24 W/B,,,2/26/2024 12:35:11 PM,A,E,372.0,51ST STREET,F,,C,2/26/2024 12:35:13 PM,2/26/2024 12:35:13 PM,False,True,4,,1/21/2024 5:30:00 PM,1730,False,,,True
2323252,9370-2024-00422,1,False,9370,2/6/2024 8:35:00 AM,835,052,14,109,Oakland,1,True,True,C,REAR END,,Tuesday,NotApplicable,False,,,False,True,False,ALAMEDA SUPERIOR COURT JOHN GEORGE PSYCHIATRIC PAVILIO,C,OTHER MOTOR VEHICLE,,0,0,A,DAYLIGHT,37.744537,-122.148318,,,,,A,NO PEDESTRIANS INVOLVED,2/6/2024 8:35:00 AM,A,VC 21658(A),False,1,INTERSTATE 580 EASTBOUND,,,2/26/2024 12:07:08 PM,A,E,500.0,106TH AVENUE,F,,D,2/26/2024 12:07:10 PM,2/26/2024 12:07:10 PM,False,True,4,,2/6/2024 8:40:00 AM,840,False,,,True
2323234,9370-2024-00411,1,False,9370,2/3/2024 9:15:00 PM,2115,024,14,109,Oakland,1,True,True,F,OVERTURNED,,Saturday,Yes,False,,,False,True,True,ALAMEDA SUPERIOR COURT WILEY W. MANUEL COURTHOUSE,A,NON-COLLISION,,1,0,C,DARK-STREET LIGHTS,37.850063,-122.239026,,,,,A,NO PEDESTRIANS INVOLVED,2/3/2024 9:15:00 PM,A,VC 22107,False,1,SR-24 W/B,,,2/26/2024 11:51:47 AM,B,E,960.0,BROADWAY,F,,D,2/26/2024 11:51:48 AM,2/26/2024 11:51:48 AM,False,True,4,,2/3/2024 9:21:00 PM,2121,False,,,True
2323216,9370-2024-00594,1,False,9370,2/22/2024 12:30:00 PM,1230,176,14,109,Oakland,1,True,True,B,SIDE SWIPE,,Thursday,NotApplicable,False,,,False,True,False,ALAMEDA SUPERIOR COURT WILEY W. MANUEL COURTHOUSE,C,OTHER MOTOR VEHICLE,,0,0,A,DAYLIGHT,37.730708,-122.187818,,,,,A,NO PEDESTRIANS INVOLVED,2/22/2024 12:30:00 PM,A,VC 21658(A),False,,I-880 S/B,,,2/26/2024 11:36:27 AM,A,S,371.0,98TH AVENUE,F,,D,2/26/2024 11:36:29 AM,2/26/2024 11:36:29 AM,False,True,4,,2/22/2024 12:32:00 PM,1232,False,,,True
2323213,9370-2024-00586,1,False,9370,2/21/2024 12:00:00 PM,1200,098,14,109,Oakland,1,True,True,C,REAR END,,Wednesday,NotApplicable,False,,,False,True,False,ALAMEDA SUPERIOR COURT WILEY W. MANUEL COURTHOUSE,C,OTHER MOTOR VEHICLE,,0,0,A,DAYLIGHT,37.811584,-122.274617,,,,,A,NO PEDESTRIANS INVOLVED,2/21/2024 12:00:00 PM,A,VC 21658(A),False,1,I-980 W/B,,,2/26/2024 11:34:40 AM,A,E,845.0,18TH ST,F,,D,2/26/2024 11:34:41 AM,2/26/2024 11:34:41 AM,False,True,4,,2/21/2024 12:04:00 PM,1204,False,,,True
2323169,9370-2024-00534,1,False,9370,2/17/2024 7:09:00 PM,1909,054,14,109,Oakland,1,True,True,C,REAR END,,Saturday,NotApplicable,False,M,,False,True,False,ALAMEDA SUPERIOR COURT WILEY W. MANUEL COURTHOUSE,C,OTHER MOTOR VEHICLE,,1,0,D,DARK-NO STREET LIGHTS,37.809046,-122.24374,,,,,A,NO PEDESTRIANS INVOLVED,2/17/2024 7:09:00 PM,A,VC 22350,False,1,I-580 W/B,,,2/26/2024 11:14:27 AM,B,E,740.0,LAKESHORE AVE,F,,D,2/26/2024 11:14:28 AM,2/26/2024 11:14:28 AM,False,True,4,,2/17/2024 7:14:00 PM,1914,False,,,True
2323167,9370-2024-00531,1,False,9370,2/17/2024 6:20:00 PM,1820,177,14,109,Oakland,1,True,True,E,HIT OBJECT,,Saturday,NotApplicable,False,M,,False,True,False,ALAMEDA SUPERIOR COURT WILEY W. MANUEL COURTHOUSE,I,FIXED OBJECT,CONCRETE WALL,0,0,D,DARK-NO STREET LIGHTS,37.787713,-122.248714,,,,,A,NO PEDESTRIANS INVOLVED,2/17/2024 6:20:00 PM,A,VC 22107,False,1,INTERSTATE 880 SOUTHBOUND,,,2/26/2024 11:13:09 AM,B,N,1333.0,16TH STREET,F,,D,2/26/2024 11:13:10 AM,2/26/2024 11:13:10 AM,False,True,4,,2/17/2024 6:30:00 PM,1830,False,,,True
2323159,9370-2024-00544,1,False,9370,2/18/2024 5:45:00 PM,1745,024,14,109,Oakland,1,True,True,F,OVERTURNED,,Sunday,NotApplicable,False,,,False,True,False,ALAMEDA SUPERIOR COURT WILEY W. MANUEL COURTHOUSE,A,NON-COLLISION,,0,0,D,DARK-NO STREET LIGHTS,37.849617,-122.241307,,,,,A,NO PEDESTRIANS INVOLVED,2/18/2024 5:45:00 PM,A,VC 22350,False,1,STATE ROUTE 24 WESTBOUND,,,2/26/2024 11:10:39 AM,B,E,2014.0,PRESLEY WAY,F,,D,2/26/2024 11:10:40 AM,2/26/2024 11:10:40 AM,False,True,4,False,2/18/2024 5:50:00 PM,1750,False,,,True
2323153,9370-2024-00545,1,False,9370,2/18/2024 5:30:00 PM,1730,024,14,109,Oakland,1,True,True,E,HIT OBJECT,,Sunday,NotApplicable,False,,,False,True,False,ALAMEDA SUPERIOR COURT WILEY W. MANUEL COURTHOUSE,I,FIXED OBJECT,EMBANKMENT,0,0,D,DARK-NO STREET LIGHTS,37.849545,-122.241467,,,,,A,NO PEDESTRIANS INVOLVED,2/18/2024 5:30:00 PM,A,VC 22350,False,1,STATE ROUTE 24 WESTBOUND,,,2/26/2024 11:07:12 AM,B,E,1964.0,PRESLEY WAY,F,,D,2/26/2024 11:07:13 AM,2/26/2024 11:07:13 AM,False,True,4,,2/18/2024 5:50:00 PM,1750,False,,,True
2323143,9370-2024-00529,1,False,9370,2/17/2024 3:05:00 AM,305,055,14,109,Oakland,1,True,True,B,SIDE SWIPE,,Saturday,NotApplicable,False,M,,False,True,False,ALAMEDA SUPERIOR COURT WILEY W. MANUEL COURTHOUSE,C,OTHER MOTOR VEHICLE,,0,0,D,DARK-NO STREET LIGHTS,37.826855,-122.284848,,,,,A,NO PEDESTRIANS INVOLVED,2/17/2024 3:05:00 AM,A,VC 23152(A),True,1,I-580 E/B,,,2/26/2024 11:00:25 AM,A,W,780.0,HOLLIS ST,F,,D,2/26/2024 11:00:27 AM,2/26/2024 11:00:27 AM,False,True,4,,2/17/2024 3:22:00 AM,322,False,,,True
2323140,9370-2024-00541,1,False,9370,2/18/2024 1:00:00 PM,1300,177,14,109,Oakland,1,True,True,B,SIDE SWIPE,,Sunday,NotApplicable,False,,,False,True,False,ALAMEDA SUPERIOR COURT WILEY W. MANUEL COURTHOUSE,C,OTHER MOTOR VEHICLE,,0,0,A,DAYLIGHT,37.77387,-122.229641,,,,,A,NO PEDESTRIANS INVOLVED,2/18/2024 1:00:00 PM,A,VC 22107,False,1,I-880 N/B,,,2/26/2024 10:59:33 AM,A,S,1130.0,29TH AVE,F,,D,2/26/2024 10:59:33 AM,2/26/2024 10:59:33 AM,False,True,4,,2/18/2024 1:22:00 PM,1322,False,,,True
2323137,9370-2024-00520,1,False,9370,2/16/2024 11:00:00 AM,1100,055,14,109,Oakland,1,True,True,B,SIDE SWIPE,,Friday,Yes,False,,,False,True,False,ALAMEDA SUPERIOR COURT WILEY W. MANUEL COURTHOUSE,C,OTHER MOTOR VEHICLE,,0,0,A,DAYLIGHT,37.826965,-122.286148,,,,,A,NO PEDESTRIANS INVOLVED,2/16/2024 11:00:00 AM,A,VC 21658(a),False,1,I-580 W/B,,,2/26/2024 10:58:33 AM,A,W,460.0,HOLLIS ST,F,,D,2/26/2024 10:58:35 AM,2/26/2024 10:58:35 AM,False,True,4,,2/16/2024 11:05:00 AM,1105,False,,,True
2322764,9370-2024-00537,1,False,9370,2/18/2024 5:38:00 AM,538,176,14,109,Oakland,1,True,True,B,SIDE SWIPE,,Sunday,NotApplicable,False,,,False,True,False,ALAMEDA SUPERIOR COURT WILEY W. MANUEL COURTHOUSE,C,OTHER MOTOR VEHICLE,,0,0,C,DARK-STREET LIGHTS,37.769363,-122.22169,,,,,A,NO PEDESTRIANS INVOLVED,2/18/2024 5:38:00 AM,A,VC 22107,False,1,I-880 S/B TO HIGH STREET,,,2/26/2024 7:14:55 AM,A,N,50.0,CA-185,F,,D,2/26/2024 7:14:57 AM,2/26/2024 7:14:57 AM,False,True,4,,2/18/2024 5:40:00 AM,540,False,,,True
2322722,9370-2024-00470,2,False,9370,2/6/2024 11:10:00 PM,2310,052,14,109,Oakland,1,True,True,A,HEAD-ON,,Tuesday,Yes,False,,,False,True,False,ALAMEDA SUPERIOR COURT WILEY W. MANUEL COURTHOUSE,C,OTHER MOTOR VEHICLE,,1,0,C,DARK-STREET LIGHTS,37.750825,-122.151508,,,,,A,NO PEDESTRIANS INVOLVED,2/6/2024 11:10:00 PM,A,VC 22350,False,1,I-580 W/B,,,8/5/2024 1:32:23 PM,A,E,100.0,98TH AVE,F,,D,2/26/2024 5:11:25 AM,8/5/2024 1:32:25 PM,False,True,4,,2/6/2024 11:11:00 PM,2311,False,,,True
2322015,9335-2024-00368,1,False,9335,2/14/2024 6:30:00 AM,630,082,14,109,Oakland,1,True,True,B,SIDE SWIPE,,Wednesday,NotApplicable,False,,,False,True,False,ALAMEDA SUPERIOR COURT ADMINISTRATION BUILDING,C,OTHER MOTOR VEHICLE,,0,0,C,DARK-STREET LIGHTS,37.824382,-122.315012,,,,,A,NO PEDESTRIANS INVOLVED,2/14/2024 6:30:00 AM,B,UNSAFE MERGE,,,I-80 WESTBOUND,,,2/23/2024 7:31:42 PM,A,W,340.0,THE SAN FRANCISCO OAKLAND BAY BRIDGE TOLL PLAZA,F,,D,2/23/2024 7:31:44 PM,2/23/2024 7:31:44 PM,False,True,4,,2/14/2024 6:55:00 AM,655,False,,,True
2321471,9370-2024-00513,1,False,9370,2/15/2024 8:45:00 AM,845,052,14,109,Oakland,1,True,True,C,REAR END,,Thursday,NotApplicable,False,,,False,True,False,ALAMEDA SUPERIOR COURT WILEY W. MANUEL COURTHOUSE,C,OTHER MOTOR VEHICLE,,0,0,A,DAYLIGHT,37.783998,-122.178988,,,,,A,NO PEDESTRIANS INVOLVED,2/15/2024 8:45:00 AM,A,VC 22350,False,1,I-580 W/B,,,2/23/2024 9:37:24 AM,A,W,260.0,SR-13 S/B,F,,D,2/23/2024 9:37:26 AM,2/23/2024 9:37:26 AM,False,True,4,,2/15/2024 9:00:00 AM,900,False,,,True
2321386,9370-2024-00585,1,False,9370,2/21/2024 8:45:00 AM,845,176,14,109,Oakland,1,True,True,C,REAR END,,Wednesday,NotApplicable,False,M,,False,True,False,ALAMEDA SUPERIOR COURT WILEY W. MANUEL COURTHOUSE,C,OTHER MOTOR VEHICLE,,0,0,A,DAYLIGHT,37.77484,-122.232938,,,,,A,NO PEDESTRIANS INVOLVED,2/21/2024 8:45:00 AM,A,VC 22350,False,1,I-880 S/B,,,2/23/2024 8:22:05 AM,B,N,450.0,FRUITVALE AVE,F,,D,2/23/2024 8:22:10 AM,2/23/2024 8:22:10 AM,False,True,4,,2/21/2024 8:50:00 AM,850,False,,,True
2320602,9370-2024-00475,2,False,9370,2/6/2024 11:05:00 PM,2305,052,14,109,Oakland,1,True,True,C,REAR END,,Tuesday,NotApplicable,False,,,False,True,False,ALAMEDA SUPERIOR COURT WILEY W. MANUEL COURTHOUSE,C,OTHER MOTOR VEHICLE,,0,0,C,DARK-STREET LIGHTS,37.750793,-122.151522,,,,,A,NO PEDESTRIANS INVOLVED,2/6/2024 11:05:00 PM,A,VC 22350,False,1,I-580 W/B,,,6/17/2024 4:44:47 PM,A,E,1000.0,98TH AVENUE,F,,D,2/22/2024 12:47:07 PM,6/17/2024 4:44:49 PM,False,True,4,,2/6/2024 11:10:00 PM,2310,False,,,True
2320572,9370-2024-00222,1,False,9370,1/21/2024 10:24:00 PM,2224,901,14,109,Oakland,1,True,True,B,SIDE SWIPE,,Sunday,NotApplicable,False,,,False,False,False,ALAMEDA SUPERIOR COURT WILEY W. MANUEL COURTHOUSE,C,OTHER MOTOR VEHICLE,,0,0,C,DARK-STREET LIGHTS,37.837069,-122.260254,,,,,A,NO PEDESTRIANS INVOLVED,1/21/2024 10:24:00 PM,A,VC 21658(A),False,1,51ST STREET (5100 BLOCK),,,2/22/2024 12:25:32 PM,B,E,215.0,CLARKE STREET,F,,D,2/22/2024 12:25:34 PM,2/22/2024 12:25:34 PM,False,False,4,,1/21/2024 10:29:00 PM,2229,False,,,True
2320532,9370-2024-00526,1,False,9370,2/11/2024 10:50:00 PM,2250,176,14,109,Oakland,1,True,True,E,HIT OBJECT,,Sunday,NotApplicable,False,,,False,True,False,ALAMEDA SUPERIOR COURT WILEY W. MANUEL COURTHOUSE,I,FIXED OBJECT,GUARD RAIL,1,0,D,DARK-NO STREET LIGHTS,37.738323,-122.194048,,,,,A,NO PEDESTRIANS INVOLVED,2/11/2024 10:50:00 PM,A,VC 22107,False,1,I-880 N/B,,,2/22/2024 11:50:30 AM,A,S,1000.0,HEGENBERGER RD,F,,D,2/22/2024 11:50:32 AM,2/22/2024 11:50:32 AM,False,True,4,,2/11/2024 11:00:00 PM,2300,False,,,True
2320187,9370-2024-00516,1,False,9370,2/14/2024 11:35:00 PM,2335,080,14,109,Oakland,1,True,True,C,REAR END,,Wednesday,NotApplicable,False,M,,False,True,False,ALAMEDA SUPERIOR COURT WILEY W. MANUEL COURTHOUSE,C,OTHER MOTOR VEHICLE,,1,0,D,DARK-NO STREET LIGHTS,37.830041,-122.293791,,,,,A,NO PEDESTRIANS INVOLVED,2/14/2024 11:35:00 PM,A,VC 22350,False,1,I-80 W/B TO I-580 E/B,,,2/22/2024 6:40:43 AM,B,E,1676.0,MANDELA PARKWAY,F,,D,2/22/2024 6:40:45 AM,2/22/2024 6:40:45 AM,False,True,4,,2/14/2024 11:40:00 PM,2340,False,,False,True
2320164,9370-2024-00506,1,False,9370,2/14/2024 4:10:00 PM,1610,177,14,109,Oakland,1,True,True,B,SIDE SWIPE,,Wednesday,NotApplicable,False,M,,False,True,False,ALAMEDA SUPERIOR COURT WILEY W. MANUEL COURTHOUSE,C,OTHER MOTOR VEHICLE,,0,0,A,DAYLIGHT,37.79216,-122.26207,,,,,A,NO PEDESTRIANS INVOLVED,2/14/2024 4:10:00 PM,A,VC 21658(A),False,1,I-880 N/B,,,2/22/2024 6:02:12 AM,B,S,1768.0,OAK ST,F,,D,2/22/2024 6:02:13 AM,2/22/2024 6:02:13 AM,False,True,4,,2/14/2024 4:20:00 PM,1620,False,,,True
2320154,9370-2024-00312,1,False,9370,1/29/2024 11:56:00 AM,1156,901,14,109,Oakland,1,True,True,B,SIDE SWIPE,,Monday,NotApplicable,False,,,False,False,True,ALAMEDA SUPERIOR COURT WILEY W. MANUEL COURTHOUSE,C,OTHER MOTOR VEHICLE,,0,0,A,DAYLIGHT,37.826029,-122.282328,,,,,A,NO PEDESTRIANS INVOLVED,1/29/2024 11:56:00 AM,A,VC 21755(a),False,1,PERALTA STREET,,,2/22/2024 5:47:26 AM,A,N,30.0,34TH STREET,F,,D,2/22/2024 5:47:31 AM,2/22/2024 5:47:31 AM,False,False,4,,1/29/2024 11:57:00 AM,1157,True,AREA PHOTO FILE,,True
2319760,9370-2024-00403,1,False,9370,2/4/2024 4:50:00 PM,1650,177,14,109,Oakland,1,True,True,B,SIDE SWIPE,,Sunday,NotApplicable,False,,,False,True,False,ALAMEDA SUPERIOR COURT WILEY W. MANUEL COURTHOUSE,C,OTHER MOTOR VEHICLE,,0,0,A,DAYLIGHT,37.788772,-122.252309,,,,,A,NO PEDESTRIANS INVOLVED,2/4/2024 4:50:00 PM,A,VC 21658(A),False,1,I-880 S/B,,,2/21/2024 6:41:30 PM,B,N,2400.0,EMBARCADERO,F,,D,2/21/2024 6:41:32 PM,2/21/2024 6:41:32 PM,False,True,4,,2/4/2024 4:55:00 PM,1655,False,,,True
2319556,9370-2024-00565,1,False,9370,2/20/2024 5:50:00 AM,550,176,14,109,Oakland,1,True,True,B,SIDE SWIPE,,Tuesday,NotApplicable,False,,,False,True,False,ALAMEDA SUPERIOR COURT WILEY W. MANUEL COURTHOUSE,C,OTHER MOTOR VEHICLE,,0,0,B,DUSK-DAWN,37.775593,-122.234946,,,,,A,NO PEDESTRIANS INVOLVED,2/20/2024 5:50:00 AM,B,UNSAFE MERGE,,1,I-880 S/B,,,2/21/2024 1:53:20 PM,B,N,444.0,29TH AVE,F,,D,2/21/2024 1:53:23 PM,2/21/2024 1:53:23 PM,False,True,4,,2/20/2024 6:04:00 AM,604,True,EMBEDDED,,True
2319371,9370-2024-00523,1,False,9370,2/14/2024 3:25:00 PM,1525,052,14,109,Oakland,1,True,True,B,SIDE SWIPE,,Wednesday,No,False,,,False,True,False,ALAMEDA SUPERIOR COURT WILEY W. MANUEL COURTHOUSE,C,OTHER MOTOR VEHICLE,,0,0,A,DAYLIGHT,37.778238,-122.167997,,,,,A,NO PEDESTRIANS INVOLVED,2/14/2024 3:25:00 PM,A,VC 21658(A),False,1,I-580 W/B,,,2/21/2024 10:49:01 AM,B,W,1288.0,EDWARDS AVE,F,,D,2/21/2024 10:49:03 AM,2/21/2024 10:49:03 AM,False,True,4,,2/14/2024 3:31:00 PM,1531,False,,,True
2319324,9370-2024-00505,1,False,9370,2/14/2024 2:40:00 PM,1440,177,14,109,Oakland,1,True,True,B,SIDE SWIPE,,Wednesday,NotApplicable,False,,,False,True,False,ALAMEDA SUPERIOR COURT WILEY W. MANUEL COURTHOUSE,C,OTHER MOTOR VEHICLE,,0,0,A,DAYLIGHT,37.79971,-122.27737,,,,,A,NO PEDESTRIANS INVOLVED,2/14/2024 2:40:00 PM,A,VC 21658(A),False,1,I-880 N/B TO I-980 E/B,,,2/21/2024 10:12:23 AM,B,S,285.43,JEFFERSON ST,F,,D,2/21/2024 10:12:31 AM,2/21/2024 10:12:31 AM,False,True,4,,2/14/2024 2:45:00 PM,1445,False,,,True
2319268,9370-2024-00504,1,False,9370,2/14/2024 12:50:00 PM,1250,177,14,109,Oakland,1,True,True,C,REAR END,,Wednesday,NotApplicable,False,M,,False,True,False,ALAMEDA SUPERIOR COURT WILEY W. MANUEL COURTHOUSE,C,OTHER MOTOR VEHICLE,,1,0,A,DAYLIGHT,37.796789,-122.270183,,,,,A,NO PEDESTRIANS INVOLVED,2/14/2024 12:50:00 PM,A,VC 22350,False,1,I-880 N/B,,,2/21/2024 9:37:12 AM,B,S,380.0,JACKSON ST,F,,D,2/21/2024 9:37:14 AM,2/21/2024 9:37:14 AM,False,True,4,,2/14/2024 1:00:00 PM,1300,False,,,True
2319222,9370-2024-00499,1,False,9370,2/14/2024 8:40:00 AM,840,177,14,109,Oakland,1,True,True,B,SIDE SWIPE,,Wednesday,NotApplicable,False,,,False,True,False,ALAMEDA SUPERIOR COURT WILEY W. MANUEL COURTHOUSE,C,OTHER MOTOR VEHICLE,,0,0,A,DAYLIGHT,37.788295,-122.250817,,,,,A,NO PEDESTRIANS INVOLVED,2/14/2024 8:40:00 AM,A,VC 21658(A),False,,I-880 S/B,,,2/21/2024 9:11:37 AM,A,N,1800.0,16TH AVENUE,F,,D,2/21/2024 9:11:39 AM,2/21/2024 9:11:39 AM,False,True,4,,2/14/2024 8:50:00 AM,850,False,,,True
2319181,9370-2024-00481,1,False,9370,2/11/2024 9:40:00 PM,2140,054,14,109,Oakland,1,True,True,C,REAR END,,Sunday,Yes,False,,,False,True,True,ALAMEDA SUPERIOR COURT WILEY W. MANUEL COURTHOUSE,C,OTHER MOTOR VEHICLE,,2,0,D,DARK-NO STREET LIGHTS,37.808955,-122.243747,,,,,E,IN ROAD - INCLUDES SHOULDER,2/11/2024 9:40:00 PM,A,VC 23152(a),True,1,I-580 E/B,,,2/21/2024 8:45:26 AM,A,E,815.0,LAKESHORE AVENUE,F,,D,2/21/2024 8:45:28 AM,2/21/2024 8:45:28 AM,False,True,4,True,2/11/2024 9:45:00 PM,2145,False,,,True
2319038,9370-2024-00492,1,False,9370,2/13/2024 5:50:00 PM,1750,081,14,109,Oakland,1,True,True,C,REAR END,,Tuesday,NotApplicable,False,,,False,True,False,ALAMEDA SUPERIOR COURT WILEY W. MANUEL COURTHOUSE,C,OTHER MOTOR VEHICLE,,0,0,B,DUSK-DAWN,37.874369,-122.305918,,,,,A,NO PEDESTRIANS INVOLVED,2/13/2024 5:50:00 PM,A,VC 22350,False,1,INTERSTATE 80 EASTBOUND,,,2/21/2024 6:29:25 AM,A,W,1402.0,GILMAN STREET,F,,D,2/21/2024 6:29:26 AM,2/21/2024 6:29:26 AM,False,True,4,,2/13/2024 5:55:00 PM,1755,False,,,True
2319034,9370-2024-00493,1,False,9370,2/13/2024 2:50:00 PM,1450,013,14,109,Oakland,1,True,True,C,REAR END,,Tuesday,NotApplicable,False,M,,False,True,False,ALAMEDA SUPERIOR COURT WILEY W. MANUEL COURTHOUSE,C,OTHER MOTOR VEHICLE,,0,0,A,DAYLIGHT,37.84355,-122.22598,,,,,A,NO PEDESTRIANS INVOLVED,2/13/2024 2:50:00 PM,A,VC 22350,False,1,SR-13 N/B,,,2/21/2024 6:07:51 AM,A,N,812.49,BROADWAY TER,F,,D,2/21/2024 6:07:53 AM,2/21/2024 6:07:53 AM,False,True,4,,2/13/2024 3:00:00 PM,1500,False,,,True
2319011,9370-2024-00489,1,False,9370,2/12/2024 10:10:00 PM,2210,052,14,109,Oakland,1,True,True,E,HIT OBJECT,,Monday,Yes,False,F,,False,True,False,ALAMEDA SUPERIOR COURT WILEY W. MANUEL COURTHOUSE,I,FIXED OBJECT,CONCRETE BARRIER,1,0,D,DARK-NO STREET LIGHTS,37.77857,-122.168933,,,,,A,NO PEDESTRIANS INVOLVED,2/12/2024 10:10:00 PM,A,VC 22107,False,1,I-580 W/B,,,2/21/2024 5:10:22 AM,A,E,1553.0,SEMINARY AVE,F,,D,2/21/2024 5:10:24 AM,2/21/2024 5:10:24 AM,False,True,4,,2/12/2024 10:12:00 PM,2212,False,,,True