collision-id,report-number,report-version,is-preliminary,ncic-code,crash-date-time,crash-time-description,beat,city-id,city-code,city-name,county-code,city-is-active,city-is-incorporated,collision-type-code,collision-type-description,collision-type-other-desc,day-of-week,dispatch-notified,has-photographs,hit-run,is-attachments-mailed,is-deleted,is-highway-related,is-tow-away,judicial-district,motor-vehicle-involved-with-code,motor-vehicle-involved-with-desc,motor-vehicle-involved-with-other-desc,number-injured,number-killed,lighting-code,lighting-description,latitude,longitude,milepost-direction,milepost-distance,milepost-marker,milepost-unit-of-measure,pedestrian-action-code,pedestrian-action-desc,prepared-date,primary-collision-factor-code,primary-collision-factor-description,primary-collision-factor-is-cited,primary-collision-party-number,primary-road,reporting-district,reporting-district-code,reviewed-date,roadway-surface-code,secondary-direction,secondary-distance,secondary-road,secondary-unit-of-measure,sketch-desc,traffic-control-device-code,created-date,modified-date,is-county-road,is-freeway,chp-555-version,is-additonal-object-struck,notification-date,notification-time-description,has-digital-media-files,evidence-number,is-location-refer-to-narrative,is-aoi-one-same-as-location
2319008,9370-2024-00487,1,False,9370,2/12/2024 7:30:00 PM,1930,013,14,109,Oakland,1,True,True,B,SIDE SWIPE,,Monday,NotApplicable,False,F,,False,True,True,ALAMEDA SUPERIOR COURT WILEY W. MANUEL COURTHOUSE,C,OTHER MOTOR VEHICLE,,1,0,D,DARK-NO STREET LIGHTS,37.782735,-122.177217,,,,,A,NO PEDESTRIANS INVOLVED,2/12/2024 7:30:00 PM,B,UNSAFE MERGING,,1,SR-13 S/B TO I-580 E/B,,,2/21/2024 4:44:10 AM,A,N,920.0,SEMINARY AVE,F,,D,2/21/2024 4:44:16 AM,2/21/2024 4:44:16 AM,False,True,4,,2/12/2024 7:33:00 PM,1933,False,,,True
2339481,9370-2024-00749,1,False,9370,3/5/2024 3:20:00 PM,1520,052,14,109,Oakland,1,True,True,B,SIDE SWIPE,,Tuesday,NotApplicable,False,,,False,True,False,ALAMEDA SUPERIOR COURT WILEY W. MANUEL COURTHOUSE,C,OTHER MOTOR VEHICLE,,0,0,A,DAYLIGHT,37.778294,-122.168099,,,,,A,NO PEDESTRIANS INVOLVED,3/5/2024 3:20:00 PM,A,VC 21658(A),False,1,I-580 W/B,,,3/15/2024 11:25:19 AM,B,E,1875.0,SEMINARY AVENUE,F,,D,3/15/2024 11:25:20 AM,3/15/2024 11:25:20 AM,False,True,4,,3/5/2024 3:45:00 PM,1545,False,,,True
2339259,9370-2024-00747,1,False,9370,3/6/2024 1:20:00 PM,1320,176,14,109,Oakland,1,True,True,B,SIDE SWIPE,,Wednesday,NotApplicable,False,,,False,True,False,ALAMEDA SUPERIOR COURT WILEY W. MANUEL COURTHOUSE,C,OTHER MOTOR VEHICLE,,0,0,A,DAYLIGHT,37.776191,-122.2355,,,,,A,NO PEDESTRIANS INVOLVED,3/6/2024 1:20:00 PM,A,VC 21658(A),False,1,I-880 N/B,,,3/15/2024 8:16:51 AM,A,S,0.25,23RD AVE,M,,D,3/15/2024 8:16:53 AM,3/15/2024 8:16:53 AM,False,True,4,,3/6/2024 1:30:00 PM,1330,False,,,True
2339225,9370-2024-00746,1,False,9370,3/6/2024 10:00:00 AM,1000,176,14,109,Oakland,1,True,True,B,SIDE SWIPE,,Wednesday,NotApplicable,False,,,False,True,False,ALAMEDA SUPERIOR COURT WILEY W. MANUEL COURTHOUSE,C,OTHER MOTOR VEHICLE,,0,0,A,DAYLIGHT,37.766856,-122.219479,,,,,A,NO PEDESTRIANS INVOLVED,3/6/2024 10:00:00 AM,A,VC 21658(A),False,1,I-880 S/B,,,3/15/2024 7:44:16 AM,A,S,300.0,HIGH STREET,F,,D,3/15/2024 7:44:20 AM,3/15/2024 7:44:20 AM,False,True,4,,3/6/2024 10:10:00 AM,1010,False,,,True
2339217,9370-2024-00760,1,False,9370,3/6/2024 9:15:00 AM,915,098,14,109,Oakland,1,True,True,B,SIDE SWIPE,,Wednesday,NotApplicable,False,,,False,True,False,ALAMEDA SUPERIOR COURT WILEY W. MANUEL COURTHOUSE,C,OTHER MOTOR VEHICLE,,0,0,A,DAYLIGHT,37.805159,-122.279132,,,,,A,NO PEDESTRIANS INVOLVED,3/6/2024 9:15:00 AM,A,VC 21658(A),False,,I-980 W/B,,,3/15/2024 7:32:29 AM,A,E,50.0,11TH STREET,F,,D,3/15/2024 7:32:33 AM,3/15/2024 7:32:33 AM,False,True,4,,3/7/2024 11:00:00 AM,1100,False,,,True
2339130,9370-2024-00716,1,False,9370,3/2/2024 10:45:00 PM,2245,176,14,109,Oakland,1,True,True,C,REAR END,,Saturday,Yes,False,F,,False,True,True,ALAMEDA SUPERIOR COURT WILEY W. MANUEL COURTHOUSE,C,OTHER MOTOR VEHICLE,,1,0,B,DUSK-DAWN,37.742613,-122.197853,,,,,A,NO PEDESTRIANS INVOLVED,3/2/2024 10:45:00 PM,A,VC 22350,False,1,I-880 N/B,,,3/15/2024 5:30:45 AM,B,N,640.0,HEGENBERGER RD,F,,D,3/15/2024 5:30:47 AM,3/15/2024 5:30:47 AM,False,True,4,,3/2/2024 10:50:00 PM,2250,False,,,True
2338436,9370-2024-00756,1,False,9370,3/7/2024 12:00:00 AM,2230,008,14,109,Oakland,1,True,True,B,SIDE SWIPE,,Thursday,NotApplicable,False,,,False,True,False,ALAMEDA SUPERIOR COURT WILEY W. MANUEL COURTHOUSE,C,OTHER MOTOR VEHICLE,,0,0,D,DARK-NO STREET LIGHTS,37.825048,-122.304766,,,,,A,NO PEDESTRIANS INVOLVED,3/7/2024 12:00:00 AM,A,VC 21658(A),False,1,I-80 E/B,,,3/14/2024 12:28:52 PM,A,E,93.0,I-880 N/B TO THE I-80 W/B TRANSITION,F,,D,3/14/2024 12:29:07 PM,3/14/2024 12:29:07 PM,False,True,4,,3/7/2024 12:00:00 AM,2232,False,,,True
2338347,9370-2024-00734,1,False,9370,3/4/2024 8:30:00 AM,830,052,14,109,Oakland,1,True,True,C,REAR END,,Monday,Yes,False,,,False,True,False,ALAMEDA SUPERIOR COURT WILEY W. MANUEL COURTHOUSE,C,OTHER MOTOR VEHICLE,,1,0,A,DAYLIGHT,37.756792,-122.148621,,,,,A,NO PEDESTRIANS INVOLVED,3/4/2024 8:30:00 AM,A,VC 22350,False,1,I-580 E/B,,,3/14/2024 11:08:38 AM,A,W,0.25,GOLF LINKS RD,M,,D,3/14/2024 11:08:41 AM,3/14/2024 11:08:41 AM,False,True,4,,3/4/2024 8:35:00 AM,835,False,,,True
2337579,9370-2024-00761,1,False,9370,3/7/2024 2:15:00 PM,1415,025,14,109,Oakland,1,True,True,C,REAR END,,Thursday,NotApplicable,False,,,False,True,False,ALAMEDA SUPERIOR COURT WILEY W. MANUEL COURTHOUSE,C,OTHER MOTOR VEHICLE,,1,0,A,DAYLIGHT,37.833454,-122.266521,,,,,A,NO PEDESTRIANS INVOLVED,3/7/2024 2:15:00 PM,A,VC 22350,False,1,SR 24 W/B,,,3/13/2024 4:27:14 PM,A,E,360.0,I-580 W/B,F,,D,3/13/2024 4:27:16 PM,3/13/2024 4:27:16 PM,False,True,4,,3/7/2024 2:20:00 PM,1420,False,,,
2337578,9370-2024-00738,1,False,9370,3/5/2024 7:20:00 AM,720,008,14,109,Oakland,1,True,True,B,SIDE SWIPE,,Tuesday,NotApplicable,False,,,False,True,False,ALAMEDA SUPERIOR COURT WILEY W. MANUEL COURTHOUSE,C,OTHER MOTOR VEHICLE,,0,0,A,DAYLIGHT,37.826392,-122.300624,,,,,A,NO PEDESTRIANS INVOLVED,3/5/2024 7:20:00 AM,A,VC 21658(A),False,1,I-80 W/B,,,3/13/2024 4:25:57 PM,A,E,1560.0,WEST GRAND,F,,D,3/13/2024 4:26:01 PM,3/13/2024 4:26:01 PM,False,True,4,,3/5/2024 7:30:00 AM,730,False,,,True
2337485,9370-2024-00788,1,False,9370,3/9/2024 5:45:00 PM,1745,176,14,109,Oakland,1,True,True,C,REAR END,,Saturday,NotApplicable,False,M,,False,True,True,ALAMEDA SUPERIOR COURT WILEY W. MANUEL COURTHOUSE,C,OTHER MOTOR VEHICLE,,1,0,A,DAYLIGHT,37.772064,-122.224714,,,,,A,NO PEDESTRIANS INVOLVED,3/9/2024 5:45:00 PM,A,VC 22350,False,1,I-880 S/B,,,3/13/2024 2:37:40 PM,A,N,1319.0,HIGH ST,F,,D,3/13/2024 2:37:42 PM,3/13/2024 2:37:42 PM,False,True,4,,3/9/2024 5:57:00 PM,1757,False,,,True
2337402,9335-2024-00253,1,False,9335,1/25/2024 3:32:00 PM,1532,082,14,109,Oakland,1,True,True,C,REAR END,,Thursday,NotApplicable,False,,,False,True,False,ALAMEDA SUPERIOR COURT ALAMEDA,C,OTHER MOTOR VEHICLE,,1,0,A,DAYLIGHT,37.820908,-122.337624,,,,,A,NO PEDESTRIANS INVOLVED,1/25/2024 3:32:00 PM,A,VC 22350,False,1,I-80 W/B,,,3/13/2024 1:33:06 PM,A,W,1.33,SFOBB TOLL PLAZA,M,,D,3/13/2024 1:33:14 PM,3/13/2024 1:33:14 PM,False,True,4,,1/25/2024 3:36:00 PM,1536,True,EMBEDDED,,True
2337317,9370-2024-00733,1,False,9370,3/4/2024 6:10:00 AM,610,052,14,109,Oakland,1,True,True,B,SIDE SWIPE,,Monday,NotApplicable,False,,,False,True,False,ALAMEDA SUPERIOR COURT WILEY W. MANUEL COURTHOUSE,C,OTHER MOTOR VEHICLE,,0,0,A,DAYLIGHT,37.757099,-122.14809,,,,,A,NO PEDESTRIANS INVOLVED,3/4/2024 6:10:00 AM,A,VC 21658(A),False,1,I-580 W/B,,,3/13/2024 12:07:02 PM,B,W,0.3,GOLF LINKS RD,M,,D,3/13/2024 12:07:04 PM,3/13/2024 12:07:04 PM,False,True,4,,3/4/2024 6:12:00 AM,612,False,,,True
2337018,9370-2024-00763,1,False,9370,3/7/2024 4:30:00 PM,1630,177,14,109,Oakland,1,True,True,C,REAR END,,Thursday,NotApplicable,False,M,,False,True,False,ALAMEDA SUPERIOR COURT WILEY W. MANUEL COURTHOUSE,C,OTHER MOTOR VEHICLE,,0,0,B,DUSK-DAWN,37.78658,-122.2462,,,,,A,NO PEDESTRIANS INVOLVED,3/7/2024 4:30:00 PM,A,VC 22350,False,1,I-880 S/B,,,3/13/2024 8:12:58 AM,A,N,528.0,16TH AVE,F,,D,3/13/2024 8:13:00 AM,3/13/2024 8:13:00 AM,False,True,4,,3/7/2024 4:35:00 PM,1635,False,,,True
2336990,9370-2024-00693,1,False,9370,2/29/2024 5:20:00 PM,1720,008,14,109,Oakland,1,True,True,B,SIDE SWIPE,,Thursday,NotApplicable,False,M,,False,True,False,ALAMEDA SUPERIOR COURT WILEY W. MANUEL COURTHOUSE,C,OTHER MOTOR VEHICLE,,1,0,A,DAYLIGHT,37.825114,-122.304942,,,,,A,NO PEDESTRIANS INVOLVED,2/29/2024 5:20:00 PM,A,VC 21658(A),False,1,I-80 E/B,,,3/13/2024 7:44:56 AM,B,E,2529.0,SFOBB TOLL PLAZA,F,,D,3/13/2024 7:45:00 AM,3/13/2024 7:45:00 AM,False,True,4,,2/29/2024 5:25:00 PM,1725,False,,,True
2336943,9370-2024-00748,1,False,9370,3/6/2024 4:13:00 PM,1613,053,14,109,Oakland,1,True,True,A,HEAD-ON,,Wednesday,NotApplicable,False,M,,False,True,True,ALAMEDA SUPERIOR COURT WILEY W. MANUEL COURTHOUSE,C,OTHER MOTOR VEHICLE,,1,0,A,DAYLIGHT,37.799853,-122.223707,,,,,A,NO PEDESTRIANS INVOLVED,3/6/2024 4:13:00 PM,A,VC 21651(b),False,1,I-580 W/B,,,3/13/2024 6:54:06 AM,A,E,500.0,14TH AVE,F,,D,3/13/2024 6:54:08 AM,3/13/2024 6:54:08 AM,False,True,4,,3/6/2024 4:20:00 PM,1620,False,,,True
2336890,9370-2024-00700,1,False,9370,3/1/2024 6:48:00 PM,1848,008,14,109,Oakland,1,True,True,B,SIDE SWIPE,,Friday,NotApplicable,False,,,False,True,False,ALAMEDA SUPERIOR COURT WILEY W. MANUEL COURTHOUSE,C,OTHER MOTOR VEHICLE,,0,0,B,DUSK-DAWN,37.824969,-122.313649,,,,,A,NO PEDESTRIANS INVOLVED,3/1/2024 6:48:00 PM,A,VC 21658(A),False,1,I-80 W/B,,,3/13/2024 5:13:06 AM,B,E,39.37,SFOBB TOLL PLAZA,F,,D,3/13/2024 5:13:11 AM,3/13/2024 5:13:11 AM,False,True,4,,3/1/2024 6:50:00 PM,1850,False,,,True
2336614,9370-2024-00743,1,False,9370,3/5/2024 2:45:00 PM,1445,177,14,109,Oakland,1,True,True,C,REAR END,,Tuesday,NotApplicable,False,M,,False,True,True,ALAMEDA SUPERIOR COURT WILEY W. MANUEL COURTHOUSE,C,OTHER MOTOR VEHICLE,,0,0,A,DAYLIGHT,37.780017,-122.238086,,,,,A,NO PEDESTRIANS INVOLVED,3/5/2024 2:45:00 PM,A,VC 22350,False,1,I-880 N/B,,,3/12/2024 6:52:49 PM,A,N,720.0,23RD AVE,F,,D,3/12/2024 6:52:50 PM,3/12/2024 6:52:50 PM,False,True,4,False,3/5/2024 2:49:00 PM,1449,False,,,True
2336613,9370-2024-00742,1,False,9370,3/5/2024 12:55:00 PM,1255,177,14,109,Oakland,1,True,True,B,SIDE SWIPE,,Tuesday,NotApplicable,False,,,False,True,False,ALAMEDA SUPERIOR COURT WILEY W. MANUEL COURTHOUSE,C,OTHER MOTOR VEHICLE,,0,0,A,DAYLIGHT,37.779557,-122.237598,,,,,A,NO PEDESTRIANS INVOLVED,3/5/2024 12:55:00 PM,B,UNSAFE MERGE,,1,I-880 N/B FROM 23RD AVE,,,3/12/2024 6:41:47 PM,A,N,178.0,23RD AVE,F,,A,3/12/2024 6:41:49 PM,3/12/2024 6:41:49 PM,False,True,4,,3/5/2024 1:02:00 PM,1302,False,,,True
2336597,9370-2024-00776,1,False,9370,3/9/2024 7:00:00 AM,700,176,14,109,Oakland,1,True,True,B,SIDE SWIPE,,Saturday,NotApplicable,False,,,False,True,False,ALAMEDA SUPERIOR COURT WILEY W. MANUEL COURTHOUSE,C,OTHER MOTOR VEHICLE,,0,0,A,DAYLIGHT,37.735356,-122.191917,,,,,A,NO PEDESTRIANS INVOLVED,3/9/2024 7:00:00 AM,A,VC 21658(A),False,1,I-880 S/B,,,3/12/2024 6:13:30 PM,A,N,1575.0,98TH AVENUE,F,,D,3/12/2024 6:13:36 PM,3/12/2024 6:13:36 PM,False,True,4,,3/9/2024 7:02:00 AM,702,False,,,True
2336595,9370-2024-00777,1,False,9370,3/9/2024 11:50:00 AM,1150,177,14,109,Oakland,1,True,True,C,REAR END,,Saturday,NotApplicable,False,,,False,True,False,ALAMEDA SUPERIOR COURT FREMONT HALL OF JUSTICE,C,OTHER MOTOR VEHICLE,,0,0,A,DAYLIGHT,37.782356,-122.239288,,,,,A,NO PEDESTRIANS INVOLVED,3/9/2024 11:50:00 AM,A,VC 22350,False,1,I-880 S/B,,,3/12/2024 6:06:51 PM,A,N,1718.0,23RD AVE,F,,D,3/12/2024 6:06:54 PM,3/12/2024 6:06:54 PM,False,True,4,,3/9/2024 11:52:00 AM,1152,False,,,True
2336587,9370-2024-00758,1,False,9370,3/6/2024 11:30:00 AM,1130,176,14,109,Oakland,1,True,True,B,SIDE SWIPE,,Wednesday,NotApplicable,False,M,,False,True,False,ALAMEDA SUPERIOR COURT WILEY W. MANUEL COURTHOUSE,C,OTHER MOTOR VEHICLE,,0,0,A,DAYLIGHT,37.774884,-122.232606,,,,,A,NO PEDESTRIANS INVOLVED,3/6/2024 11:30:00 AM,A,VC 22107,False,,I-880 N/B,,,3/12/2024 5:20:55 PM,A,S,300.0,29TH AVE,F,,D,3/12/2024 5:20:56 PM,3/12/2024 5:20:56 PM,False,True,4,,3/6/2024 11:40:00 AM,1140,False,,,True
2336239,9370-2024-00673,1,False,9370,2/27/2024 6:40:00 PM,1840,177,14,109,Oakland,1,True,True,C,REAR END,,Tuesday,NotApplicable,False,M,,False,True,False,ALAMEDA SUPERIOR COURT WILEY W. MANUEL COURTHOUSE,C,OTHER MOTOR VEHICLE,,0,0,A,DAYLIGHT,37.786218,-122.245345,,,,,A,NO PEDESTRIANS INVOLVED,2/27/2024 6:40:00 PM,A,VC 22350,False,1,I-880 S/B,,,3/12/2024 11:51:19 AM,A,N,173.0,16TH AVENUE,F,,D,3/12/2024 11:51:21 AM,3/12/2024 11:51:21 AM,False,True,4,,2/27/2024 7:07:00 PM,1907,False,,,True
2335920,9370-2024-00712,1,False,9370,3/2/2024 3:45:00 PM,1545,055,14,109,Oakland,1,True,True,C,REAR END,,Saturday,NotApplicable,False,,,False,True,False,ALAMEDA SUPERIOR COURT WILEY W. MANUEL COURTHOUSE,C,OTHER MOTOR VEHICLE,,1,0,A,DAYLIGHT,37.82647,-122.276809,,,,,A,NO PEDESTRIANS INVOLVED,3/2/2024 3:45:00 PM,A,VC 22350,False,1,I-580 W/B,,,3/12/2024 8:30:34 AM,B,E,485.0,SAN PABLO AVENUE,F,,D,3/12/2024 8:30:36 AM,3/12/2024 8:30:36 AM,False,True,4,False,3/2/2024 3:51:00 PM,1551,False,,,True
2335470,9370-2024-00581,1,False,9370,2/18/2024 8:04:00 PM,2004,176,14,109,Oakland,1,True,True,C,REAR END,,Sunday,Yes,False,,,False,True,True,ALAMEDA SUPERIOR COURT WILEY W. MANUEL COURTHOUSE,C,OTHER MOTOR VEHICLE,,1,0,D,DARK-NO STREET LIGHTS,37.746831,-122.201667,,,,,A,NO PEDESTRIANS INVOLVED,2/18/2024 8:04:00 PM,A,VC 23152(a),True,1,I-880 N/B,,,3/11/2024 9:58:27 PM,B,S,3090.0,66TH AVE,F,,D,3/11/2024 9:58:30 PM,3/11/2024 9:58:30 PM,False,True,4,True,2/18/2024 8:08:00 PM,2008,False,,,True
2335468,9370-2024-00671,1,False,9370,2/27/2024 3:50:00 PM,1550,098,14,109,Oakland,1,True,True,C,REAR END,,Tuesday,Yes,False,,,False,True,True,ALAMEDA SUPERIOR COURT WILEY W. MANUEL COURTHOUSE,C,OTHER MOTOR VEHICLE,,1,0,A,DAYLIGHT,37.819062,-122.269318,,,,,A,NO PEDESTRIANS INVOLVED,2/27/2024 3:50:00 PM,A,VC 22350,False,1,I-980 E/B,,,3/11/2024 9:52:21 PM,A,E,853.0,27TH ST,F,,D,3/11/2024 9:52:24 PM,3/11/2024 9:52:24 PM,False,True,4,,2/27/2024 4:00:00 PM,1600,False,,,True
2335464,9370-2024-00589,1,False,9370,2/21/2024 4:10:00 PM,1610,098,14,109,Oakland,1,True,True,B,SIDE SWIPE,,Wednesday,NotApplicable,False,M,,False,True,True,ALAMEDA SUPERIOR COURT WILEY W. MANUEL COURTHOUSE,C,OTHER MOTOR VEHICLE,,0,0,A,DAYLIGHT,37.824681,-122.268472,,,,,A,NO PEDESTRIANS INVOLVED,2/21/2024 4:10:00 PM,A,VC 21658(A),False,1,I-980 W/B,,,3/11/2024 9:40:06 PM,A,E,554.0,34TH ST,F,,D,3/11/2024 9:40:08 PM,3/11/2024 9:40:08 PM,False,True,4,True,2/21/2024 4:20:00 PM,1620,False,,,True
2335421,9370-2024-00634,1,False,9370,2/24/2024 7:07:00 PM,1907,176,14,109,Oakland,1,True,True,B,SIDE SWIPE,,Saturday,NotApplicable,False,M,,False,True,False,ALAMEDA SUPERIOR COURT WILEY W. MANUEL COURTHOUSE,C,OTHER MOTOR VEHICLE,,0,0,D,DARK-NO STREET LIGHTS,37.764142,-122.216906,,,,,A,NO PEDESTRIANS INVOLVED,2/24/2024 7:07:00 PM,A,VC 21658(A),False,1,I-880 N/B,,,3/11/2024 7:01:01 PM,A,S,1760.0,HIGH ST,F,,D,3/11/2024 7:01:04 PM,3/11/2024 7:01:04 PM,False,True,4,,2/24/2024 7:12:00 PM,1912,False,,,True
2335388,9370-2024-00770,1,False,9370,3/8/2024 4:30:00 PM,1630,177,14,109,Oakland,1,True,True,C,REAR END,,Friday,NotApplicable,False,,,False,True,False,ALAMEDA SUPERIOR COURT WILEY W. MANUEL COURTHOUSE,C,OTHER MOTOR VEHICLE,,0,0,A,DAYLIGHT,37.789064,-122.25341,,,,,A,NO PEDESTRIANS INVOLVED,3/8/2024 4:30:00 PM,A,VC 22350,True,1,I-880 SB,,,3/11/2024 5:11:12 PM,A,S,0.3,5TH AVE,M,,D,3/11/2024 5:11:15 PM,3/11/2024 5:11:15 PM,False,True,4,,3/8/2024 5:50:00 PM,1750,False,,,True
2335293,9370-2024-00779,1,False,9370,3/1/2024 3:18:00 PM,1518,013,14,109,Oakland,1,True,True,C,REAR END,,Friday,NotApplicable,False,,,False,True,True,ALAMEDA SUPERIOR COURT WILEY W. MANUEL COURTHOUSE,C,OTHER MOTOR VEHICLE,,0,0,A,DAYLIGHT,37.840675,-122.224023,,,,,A,NO PEDESTRIANS INVOLVED,3/1/2024 3:18:00 PM,A,VC 22350,False,1,SR-13 S/B,,,3/11/2024 3:34:51 PM,A,S,408.0,BROADWAY TER,F,,D,3/11/2024 3:34:53 PM,3/11/2024 3:34:53 PM,False,True,4,,3/1/2024 3:20:00 PM,1520,False,,,True
2335084,9370-2024-00484,1,False,9370,2/11/2024 10:05:00 PM,2205,176,14,109,Oakland,1,True,True,C,REAR END,,Sunday,Yes,False,,,False,True,False,ALAMEDA SUPERIOR COURT WILEY W. MANUEL COURTHOUSE,D,MOTOR VEHICLE ON OTHER ROADWAY,,0,0,C,DARK-STREET LIGHTS,37.761331,-122.214455,,,,,A,NO PEDESTRIANS INVOLVED,2/11/2024 10:05:00 PM,A,VC 23152(a),True,1,I-880 N/B,,,3/11/2024 12:31:30 PM,A,S,2550.0,HIGH ST,F,,D,3/11/2024 12:31:33 PM,3/11/2024 12:31:33 PM,False,True,4,,2/11/2024 10:10:00 PM,2210,False,,,True
2335064,9370-2024-00633,1,False,9370,2/25/2024 1:10:00 PM,1310,176,14,109,Oakland,1,True,True,F,OVERTURNED,,Sunday,Yes,False,,,False,True,False,ALAMEDA SUPERIOR COURT WILEY W. MANUEL COURTHOUSE,A,NON-COLLISION,,1,0,A,DAYLIGHT,37.760699,-122.213933,,,,,A,NO PEDESTRIANS INVOLVED,2/25/2024 1:10:00 PM,A,VC 22350,False,1,I-880 N/B,,,3/11/2024 12:17:32 PM,A,N,2956.0,66TH AVE,F,,D,3/11/2024 12:17:35 PM,3/11/2024 12:17:35 PM,False,True,4,,2/25/2024 1:15:00 PM,1315,False,,,True
2335058,9370-2024-00658,1,False,9370,2/26/2024 10:53:00 PM,2253,055,14,109,Oakland,1,True,True,B,SIDE SWIPE,,Monday,NotApplicable,False,M,,False,True,True,ALAMEDA SUPERIOR COURT WILEY W. MANUEL COURTHOUSE,C,OTHER MOTOR VEHICLE,,0,0,D,DARK-NO STREET LIGHTS,37.824578,-122.270788,,,,,A,NO PEDESTRIANS INVOLVED,2/26/2024 10:53:00 PM,A,VC 21658(A),False,1,I-580 E/B TO SR-24 E/B,,,3/11/2024 12:14:33 PM,A,E,2265.0,SAN PABLO AVENUE,F,,D,3/11/2024 12:14:36 PM,3/11/2024 12:14:36 PM,False,True,4,,2/26/2024 10:55:00 PM,2255,False,,,True
2335022,9370-2024-00708,1,False,9370,3/2/2024 10:50:00 AM,1050,052,14,109,Oakland,1,True,True,E,HIT OBJECT,,Saturday,NotApplicable,False,,,False,True,True,ALAMEDA SUPERIOR COURT WILEY W. MANUEL COURTHOUSE,I,FIXED OBJECT,CONCRETE SIDEWALK,1,0,A,DAYLIGHT,37.786955,-122.196869,,,,,A,NO PEDESTRIANS INVOLVED,3/2/2024 10:50:00 AM,A,VC 22350,False,1,I-580 E/B TO HIGH STREET,,,3/11/2024 11:44:05 AM,A,W,180.0,HIGH STREET,F,,D,3/11/2024 11:44:06 AM,3/11/2024 11:44:06 AM,False,True,4,,3/2/2024 10:56:00 AM,1056,False,,,True
2335017,9370-2024-00672,2,False,9370,2/27/2024 10:50:00 PM,2250,008,14,109,Oakland,1,True,True,C,REAR END,,Tuesday,NotApplicable,False,,,False,True,False,ALAMEDA SUPERIOR COURT WILEY W. MANUEL COURTHOUSE,C,OTHER MOTOR VEHICLE,,3,0,D,DARK-NO STREET LIGHTS,37.824803,-122.306714,,,,,A,NO PEDESTRIANS INVOLVED,2/27/2024 10:50:00 PM,A,VC 22350,False,1,I-80 E/B,,,4/8/2024 12:21:36 PM,A,E,100.0,MARITIME STREET,F,,D,3/11/2024 11:42:39 AM,4/8/2024 12:21:38 PM,False,True,4,,2/27/2024 10:55:00 PM,2255,False,,,True
2334951,9370-2024-00691,1,False,9370,2/29/2024 4:00:00 PM,1600,176,14,109,Oakland,1,True,True,E,HIT OBJECT,,Thursday,NotApplicable,False,,,False,True,False,ALAMEDA SUPERIOR COURT WILEY W. MANUEL COURTHOUSE,J,OTHER OBJECT,METAL OBJECT,0,0,A,DAYLIGHT,37.729919,-122.187096,,,,,A,NO PEDESTRIANS INVOLVED,2/29/2024 4:00:00 PM,A,VC 24002(a),False,1,INTERSTATE 880 SOUTHBOUND,,,3/11/2024 11:04:11 AM,B,S,721.0,98TH AVE,F,,D,3/11/2024 11:04:14 AM,3/11/2024 11:04:14 AM,False,True,4,,2/29/2024 4:10:00 PM,1610,False,,,True
2334852,9370-2024-00588,1,False,9370,2/21/2024 6:30:00 AM,630,008,14,109,Oakland,1,True,True,B,SIDE SWIPE,,Wednesday,NotApplicable,False,,,False,True,False,ALAMEDA SUPERIOR COURT WILEY W. MANUEL COURTHOUSE,C,OTHER MOTOR VEHICLE,,0,0,A,DAYLIGHT,37.825255,-122.312738,,,,,A,NO PEDESTRIANS INVOLVED,2/21/2024 6:30:00 AM,A,VC 21658(A),False,1,I-80 W/B,,,3/11/2024 10:10:45 AM,A,W,100.0,WEST GRAND AVE,F,,D,3/11/2024 10:10:48 AM,3/11/2024 10:10:48 AM,False,True,4,,2/21/2024 6:32:00 AM,632,False,,,True
2334711,9370-2024-00653,1,False,9370,2/26/2024 1:00:00 PM,1300,176,14,109,Oakland,1,True,True,B,SIDE SWIPE,,Monday,NotApplicable,False,,,False,True,False,ALAMEDA SUPERIOR COURT WILEY W. MANUEL COURTHOUSE,C,OTHER MOTOR VEHICLE,,0,0,A,DAYLIGHT,37.771197,-122.222413,,,,,A,NO PEDESTRIANS INVOLVED,2/26/2024 1:00:00 PM,B,UNSAFE MERGE,,1,I-880 N/B FROM HIGH ST,,,3/11/2024 8:52:02 AM,A,N,200.0,HIGH ST,F,,D,3/11/2024 8:52:06 AM,3/11/2024 8:52:06 AM,False,True,4,,2/26/2024 1:05:00 PM,1305,False,,,True
2334684,9370-2024-00670,1,False,9370,2/27/2024 5:30:00 PM,1730,055,14,109,Oakland,1,True,True,B,SIDE SWIPE,,Tuesday,NotApplicable,False,M,,False,True,False,ALAMEDA SUPERIOR COURT WILEY W. MANUEL COURTHOUSE,C,OTHER MOTOR VEHICLE,,0,0,A,DAYLIGHT,37.826419,-122.288726,,,,,A,NO PEDESTRIANS INVOLVED,2/27/2024 5:30:00 PM,A,VC 21658(A),False,1,I-580 E/B,,,3/11/2024 8:36:52 AM,A,E,270.0,MANDELA PARKWAY,F,,D,3/11/2024 8:36:54 AM,3/11/2024 8:36:54 AM,False,True,4,,2/27/2024 5:45:00 PM,1745,False,,False,True