collision-id,report-number,report-version,is-preliminary,ncic-code,crash-date-time,crash-time-description,beat,city-id,city-code,city-name,county-code,city-is-active,city-is-incorporated,collision-type-code,collision-type-description,collision-type-other-desc,day-of-week,dispatch-notified,has-photographs,hit-run,is-attachments-mailed,is-deleted,is-highway-related,is-tow-away,judicial-district,motor-vehicle-involved-with-code,motor-vehicle-involved-with-desc,motor-vehicle-involved-with-other-desc,number-injured,number-killed,lighting-code,lighting-description,latitude,longitude,milepost-direction,milepost-distance,milepost-marker,milepost-unit-of-measure,pedestrian-action-code,pedestrian-action-desc,prepared-date,primary-collision-factor-code,primary-collision-factor-description,primary-collision-factor-is-cited,primary-collision-party-number,primary-road,reporting-district,reporting-district-code,reviewed-date,roadway-surface-code,secondary-direction,secondary-distance,secondary-road,secondary-unit-of-measure,sketch-desc,traffic-control-device-code,created-date,modified-date,is-county-road,is-freeway,chp-555-version,is-additonal-object-struck,notification-date,notification-time-description,has-digital-media-files,evidence-number,is-location-refer-to-narrative,is-aoi-one-same-as-location
2341202,9335-2024-00530,1,False,9335,3/6/2024 4:55:00 PM,1655,084,14,109,Oakland,1,True,True,E,HIT OBJECT,,Wednesday,Yes,False,,,False,True,False,ALAMEDA SUPERIOR COURT ALAMEDA,I,FIXED OBJECT,CONCRETE GUARDRAIL,0,0,A,DAYLIGHT,37.822081,-122.323541,,,,,A,NO PEDESTRIANS INVOLVED,3/6/2024 4:55:00 PM,A,VC 23152(a),True,1,I-80 EB,,,3/18/2024 8:24:18 PM,A,W,2500.0,TOLL PLAZA,F,,D,3/18/2024 8:24:30 PM,3/18/2024 8:24:30 PM,False,True,4,,3/6/2024 5:00:00 PM,1700,False,,,True
2340971,9370-2024-00796,1,False,9370,3/7/2024 7:30:00 AM,730,013,14,109,Oakland,1,True,True,B,SIDE SWIPE,,Thursday,NotApplicable,False,,,False,True,True,ALAMEDA SUPERIOR COURT WILEY W. MANUEL COURTHOUSE,C,OTHER MOTOR VEHICLE,,0,0,A,DAYLIGHT,37.797286,-122.184484,,,,,A,NO PEDESTRIANS INVOLVED,3/7/2024 7:30:00 AM,A,VC 21658(A),False,,SR-13 S/B,,,3/18/2024 2:27:57 PM,A,N,950.0,CARSON ST,F,,D,3/18/2024 2:28:01 PM,3/18/2024 2:28:01 PM,False,True,4,,3/7/2024 7:35:00 AM,735,False,,,True
2340211,9370-2024-00656,1,False,9370,2/26/2024 2:30:00 PM,1430,176,14,109,Oakland,1,True,True,B,SIDE SWIPE,,Monday,NotApplicable,False,M,,False,True,False,ALAMEDA SUPERIOR COURT WILEY W. MANUEL COURTHOUSE,C,OTHER MOTOR VEHICLE,,0,0,A,DAYLIGHT,37.755409,-122.209585,,,,,A,NO PEDESTRIANS INVOLVED,2/26/2024 2:30:00 PM,A,VC 21658(A),False,1,I-880 S/B,,,3/17/2024 8:58:22 PM,A,N,677.0,66TH AVE,F,,D,3/17/2024 8:58:24 PM,3/17/2024 8:58:24 PM,False,True,4,,2/26/2024 2:35:00 PM,1435,False,,,True
2340210,9370-2024-00798,1,False,9370,3/10/2024 4:50:00 PM,1650,055,14,109,Oakland,1,True,True,B,SIDE SWIPE,,Sunday,NotApplicable,False,M,,False,True,False,ALAMEDA SUPERIOR COURT WILEY W. MANUEL COURTHOUSE,C,OTHER MOTOR VEHICLE,,0,0,A,DAYLIGHT,37.82442,-122.268301,,,,,A,NO PEDESTRIANS INVOLVED,3/10/2024 4:50:00 PM,A,VC 21658(A),False,1,I-580 W/B,,,3/17/2024 8:56:35 PM,A,E,418.0,WEST ST,F,,D,3/17/2024 8:56:37 PM,3/17/2024 8:56:37 PM,False,True,4,,3/10/2024 4:53:00 PM,1653,False,,,True
2340208,9370-2024-00847,1,False,9370,3/9/2024 1:30:00 PM,1330,055,14,109,Oakland,1,True,True,B,SIDE SWIPE,,Saturday,NotApplicable,False,,,False,True,False,ALAMEDA SUPERIOR COURT WILEY W. MANUEL COURTHOUSE,C,OTHER MOTOR VEHICLE,,0,0,A,DAYLIGHT,37.82699,-122.284872,,,,,A,NO PEDESTRIANS INVOLVED,3/9/2024 1:30:00 PM,A,VC 21658(A),False,1,I-580 E/B,,,3/17/2024 8:48:21 PM,A,W,80.0,HOLLIS ST,F,,D,3/17/2024 8:48:24 PM,3/17/2024 8:48:24 PM,False,True,4,,3/9/2024 1:35:00 PM,1335,False,,,True
2361436,9370-2024-01115,1,False,9370,4/3/2024 3:00:00 PM,1500,176,14,109,Oakland,1,True,True,B,SIDE SWIPE,,Wednesday,NotApplicable,False,M,,False,True,False,ALAMEDA SUPERIOR COURT WILEY W. MANUEL COURTHOUSE,C,OTHER MOTOR VEHICLE,,0,0,A,DAYLIGHT,37.772362,-122.225707,,,,,A,NO PEDESTRIANS INVOLVED,4/3/2024 3:00:00 PM,A,VC 21658(A),False,1,I-880 S/B,,,4/10/2024 4:35:27 PM,A,N,145.0,HIGH ST,F,,D,4/10/2024 4:35:29 PM,4/10/2024 4:35:29 PM,False,True,4,,4/3/2024 3:07:00 PM,1507,False,,,True
2361408,9370-2024-01090,1,False,9370,4/2/2024 9:51:00 PM,2151,008,14,109,Oakland,1,True,True,C,REAR END,,Tuesday,NotApplicable,False,,,False,True,True,ALAMEDA SUPERIOR COURT WILEY W. MANUEL COURTHOUSE,C,OTHER MOTOR VEHICLE,,0,0,C,DARK-STREET LIGHTS,37.824464,-122.309831,,,,,A,NO PEDESTRIANS INVOLVED,4/2/2024 9:51:00 PM,A,VC 22350,False,1,I-80 E/B,,,4/10/2024 3:54:15 PM,A,E,500.0,SFOBB TOLL PLAZA,F,,D,4/10/2024 3:54:18 PM,4/10/2024 3:54:18 PM,False,True,4,,4/2/2024 10:00:00 PM,2200,False,,,True
2361137,9370-2024-01056,1,False,9370,3/24/2024 9:50:00 PM,2150,178,14,109,Oakland,1,True,True,B,SIDE SWIPE,,Sunday,NotApplicable,False,M,,False,True,False,ALAMEDA SUPERIOR COURT WILEY W. MANUEL COURTHOUSE,C,OTHER MOTOR VEHICLE,,0,0,D,DARK-NO STREET LIGHTS,37.813779,-122.301403,,,,,A,NO PEDESTRIANS INVOLVED,3/24/2024 9:50:00 PM,A,VC 21658(A),False,1,I-880 N/B,,,4/10/2024 12:06:07 PM,A,N,0.46,7TH STREET,M,,D,4/10/2024 12:06:09 PM,4/10/2024 12:06:09 PM,False,True,4,,3/24/2024 9:58:00 PM,2158,False,,,True
2361100,9370-2024-01081,1,False,9370,4/2/2024 10:00:00 AM,1000,052,14,109,Oakland,1,True,True,C,REAR END,,Tuesday,NotApplicable,False,,,False,True,False,ALAMEDA SUPERIOR COURT WILEY W. MANUEL COURTHOUSE,C,OTHER MOTOR VEHICLE,,0,0,A,DAYLIGHT,37.780215,-122.171809,,,,,A,NO PEDESTRIANS INVOLVED,4/2/2024 10:00:00 AM,A,VC 22350,False,1,I-580 W/B,,,4/10/2024 11:29:44 AM,A,E,1584.0,SR-13 N/B,F,,D,4/10/2024 11:29:48 AM,4/10/2024 11:29:48 AM,False,True,4,,4/2/2024 10:23:00 AM,1023,False,,,True
2361066,9370-2024-01084,1,False,9370,4/2/2024 8:34:00 AM,834,055,14,109,Oakland,1,True,True,B,SIDE SWIPE,,Tuesday,NotApplicable,False,,,False,True,False,ALAMEDA SUPERIOR COURT WILEY W. MANUEL COURTHOUSE,C,OTHER MOTOR VEHICLE,,0,0,A,DAYLIGHT,37.826877,-122.290111,,,,,A,NO PEDESTRIANS INVOLVED,4/2/2024 8:34:00 AM,A,VC 21658(A),False,1,I-580 W/B,,,4/10/2024 11:03:07 AM,A,W,69.0,MANDELA PKY,F,,D,4/10/2024 11:03:09 AM,4/10/2024 11:03:09 AM,False,True,4,,4/2/2024 10:44:00 AM,1044,False,,,True
2360761,9370-2024-01068,1,False,9370,3/31/2024 11:20:00 AM,1120,008,14,109,Oakland,1,True,True,B,SIDE SWIPE,,Sunday,NotApplicable,False,M,,False,True,False,ALAMEDA SUPERIOR COURT WILEY W. MANUEL COURTHOUSE,C,OTHER MOTOR VEHICLE,,0,0,A,DAYLIGHT,37.82561,-122.302983,,,,,A,NO PEDESTRIANS INVOLVED,3/31/2024 11:20:00 AM,A,VC 21658(a),False,1,INTERSTATE 80 EASTBOUND,,,4/10/2024 7:17:28 AM,A,E,671.0,W GRAND AVENUE,F,,D,4/10/2024 7:17:33 AM,4/10/2024 7:17:33 AM,False,True,4,,3/31/2024 11:30:00 AM,1130,False,,,True
2360747,9370-2024-01070,1,False,9370,3/31/2024 11:20:00 AM,1120,008,14,109,Oakland,1,True,True,H,OTHER,BACKING,Sunday,NotApplicable,False,,,False,True,False,ALAMEDA SUPERIOR COURT WILEY W. MANUEL COURTHOUSE,C,OTHER MOTOR VEHICLE,,0,0,C,DARK-STREET LIGHTS,37.824822,-122.313664,,,,,A,NO PEDESTRIANS INVOLVED,3/31/2024 11:20:00 AM,A,VC 22106,False,1,I-80 W/B,,,4/10/2024 7:02:48 AM,A,W,1184.0,WEST GRAND AVENUE,F,,D,4/10/2024 7:02:51 AM,4/10/2024 7:02:51 AM,False,True,4,,3/31/2024 11:25:00 AM,1125,False,,,True
2360647,9370-2024-01041,1,False,9370,3/29/2024 2:00:00 PM,1400,024,14,109,Oakland,1,True,True,E,HIT OBJECT,,Friday,NotApplicable,False,,,False,True,False,ALAMEDA SUPERIOR COURT WILEY W. MANUEL COURTHOUSE,I,FIXED OBJECT,CONCRETE CENTER MEDIAN,0,0,A,DAYLIGHT,37.848339,-122.243919,,,,,A,NO PEDESTRIANS INVOLVED,3/29/2024 2:00:00 PM,A,VC 22350,False,1,SR-24 W/B,,,4/10/2024 5:08:59 AM,B,E,50.0,BROADWAY,F,,D,4/10/2024 5:09:03 AM,4/10/2024 5:09:03 AM,False,True,4,False,3/29/2024 2:05:00 PM,1405,False,,,True
2360360,9370-2024-00904,1,False,9370,3/20/2024 6:30:00 AM,630,080,14,109,Oakland,1,True,True,B,SIDE SWIPE,,Wednesday,NotApplicable,False,,,False,True,False,ALAMEDA SUPERIOR COURT WILEY W. MANUEL COURTHOUSE,C,OTHER MOTOR VEHICLE,,0,0,A,DAYLIGHT,37.8249,-122.31314,,,,,A,NO PEDESTRIANS INVOLVED,3/20/2024 6:30:00 AM,A,VC 21658(A),False,1,I-80 W/B,,,4/9/2024 5:23:02 PM,A,E,183.0,SAN FRANCISCO OAKLAND BAY BRIDGE TOLL PLAZA,F,,D,4/9/2024 5:23:04 PM,4/9/2024 5:23:04 PM,False,True,4,,3/20/2024 6:35:00 AM,635,False,,,True
2360335,9370-2024-00893,1,False,9370,3/18/2024 9:30:00 PM,2130,176,14,109,Oakland,1,True,True,C,REAR END,,Monday,Yes,False,,,False,True,True,ALAMEDA SUPERIOR COURT WILEY W. MANUEL COURTHOUSE,C,OTHER MOTOR VEHICLE,,2,0,D,DARK-NO STREET LIGHTS,37.762276,-122.215402,,,,,A,NO PEDESTRIANS INVOLVED,3/18/2024 9:30:00 PM,A,VC 22350,False,1,I-880 N/B,,,4/9/2024 4:46:25 PM,A,S,2575.0,HIGH ST,F,,D,4/9/2024 4:46:27 PM,4/9/2024 4:46:27 PM,False,True,4,,3/18/2024 9:34:00 PM,2134,False,,,True
2360308,9370-2024-00884,1,False,9370,3/17/2024 9:55:00 PM,2155,054,14,109,Oakland,1,True,True,B,SIDE SWIPE,,Sunday,No,False,,,False,True,True,ALAMEDA SUPERIOR COURT WILEY W. MANUEL COURTHOUSE,C,OTHER MOTOR VEHICLE,,1,0,D,DARK-NO STREET LIGHTS,37.812576,-122.250455,,,,,A,NO PEDESTRIANS INVOLVED,3/17/2024 9:55:00 PM,A,VC 22107 UNSAF TURN,False,1,I-580 W/B,,,4/9/2024 4:08:08 PM,A,W,875.0,GRAND AVE,F,,D,4/9/2024 4:08:10 PM,4/9/2024 4:08:10 PM,False,True,4,,3/17/2024 10:00:00 PM,2200,False,,,True
2360281,9370-2024-01116,1,False,9370,3/15/2024 5:05:00 AM,505,025,14,109,Oakland,1,True,True,A,HEAD-ON,,Friday,NotApplicable,False,,,False,True,False,ALAMEDA SUPERIOR COURT WILEY W. MANUEL COURTHOUSE,J,OTHER OBJECT,DOWNED TREE,0,0,B,DUSK-DAWN,37.758322,-122.148051,,,,,A,NO PEDESTRIANS INVOLVED,3/15/2024 5:05:00 AM,C,,,,I-580 E/B,,,4/9/2024 3:37:10 PM,A,W,1600.0,GOLF LINKS RD,F,,D,4/9/2024 3:37:11 PM,4/9/2024 3:37:11 PM,False,True,4,,4/3/2024 3:00:00 PM,1500,False,,,True
2360259,24-000384,1,False,3300,3/6/2024 1:59:00 PM,1359,A4,14,109,Oakland,1,True,True,A,HEAD-ON,,Wednesday,Yes,True,,,False,False,False,OAKLAND CIVIL COURT DIVISION,C,OTHER MOTOR VEHICLE,,,,A,DAYLIGHT,,,,,,,A,NO PEDESTRIANS INVOLVED,,A,22106 VC,False,1,900 66TH AVENUE,26Y,,,A,S,500.0,LION WAY,F,,D,4/9/2024 3:09:21 PM,4/9/2024 3:09:21 PM,,,4,,,,,,,
2360247,9370-2024-01044,1,False,9370,3/27/2024 5:08:00 PM,1708,052,14,109,Oakland,1,True,True,C,REAR END,,Wednesday,NotApplicable,False,,,False,True,False,ALAMEDA SUPERIOR COURT WILEY W. MANUEL COURTHOUSE,C,OTHER MOTOR VEHICLE,,0,0,A,DAYLIGHT,37.756297,-122.148996,,,,,A,NO PEDESTRIANS INVOLVED,3/27/2024 5:08:00 PM,A,VC 22350,False,1,I-580 E/B,,,4/9/2024 2:54:53 PM,A,W,1130.0,98TH AVENUE,F,,D,4/9/2024 2:54:55 PM,4/9/2024 2:54:55 PM,False,True,4,,3/27/2024 5:10:00 PM,1710,False,,,True
2360063,9370-2024-01069,1,False,9370,3/31/2024 1:10:00 AM,110,055,14,109,Oakland,1,True,True,B,SIDE SWIPE,,Sunday,Yes,False,,,False,True,False,ALAMEDA SUPERIOR COURT WILEY W. MANUEL COURTHOUSE,I,FIXED OBJECT,CONCRETE BARRIER WALL,1,0,D,DARK-NO STREET LIGHTS,37.82521,-122.267255,,,,,A,NO PEDESTRIANS INVOLVED,3/31/2024 1:10:00 AM,A,VC 23152(a),True,1,I-580 W/B TO SR-24 E/B,,,4/9/2024 12:38:45 PM,A,W,573.0,TELEGRAPH AVENUE,F,,D,4/9/2024 12:38:48 PM,4/9/2024 12:38:48 PM,False,True,4,,3/31/2024 1:12:00 AM,112,False,,,True
2359968,9370-2024-01054,1,False,9370,3/30/2024 3:38:00 PM,1538,176,14,109,Oakland,1,True,True,D,BROADSIDE,,Saturday,Yes,False,,,False,True,True,ALAMEDA SUPERIOR COURT WILEY W. MANUEL COURTHOUSE,C,OTHER MOTOR VEHICLE,,2,0,A,DAYLIGHT,37.766378,-122.218438,,,,,A,NO PEDESTRIANS INVOLVED,3/30/2024 3:38:00 PM,A,VC 21802(a),True,1,I-880 N/B TO HIGH STREET,,,4/9/2024 11:25:51 AM,A,S,240.0,45TH AVENUE,F,,A,4/9/2024 11:25:54 AM,4/9/2024 11:25:54 AM,False,True,4,,3/30/2024 3:40:00 PM,1540,True,AREA / EMBEDDED,,True
2359814,9370-2024-01065,1,False,9370,3/30/2024 3:01:00 PM,1501,024,14,109,Oakland,1,True,True,C,REAR END,,Saturday,NotApplicable,False,,,False,True,True,ALAMEDA SUPERIOR COURT WILEY W. MANUEL COURTHOUSE,C,OTHER MOTOR VEHICLE,,0,0,A,DAYLIGHT,37.834952,-122.266241,,,,,A,NO PEDESTRIANS INVOLVED,3/30/2024 3:01:00 PM,A,VC 22350,False,1,SR-24 W/B,,,4/9/2024 9:41:10 AM,A,W,950.0,52ND AVE,F,,D,4/9/2024 9:41:12 AM,4/9/2024 9:41:12 AM,False,True,4,,3/30/2024 3:30:00 PM,1530,False,,,True
2359788,9370-2024-01053,1,False,9370,3/30/2024 2:45:00 PM,1445,176,14,109,Oakland,1,True,True,C,REAR END,,Saturday,NotApplicable,False,,,False,True,False,ALAMEDA SUPERIOR COURT WILEY W. MANUEL COURTHOUSE,C,OTHER MOTOR VEHICLE,,0,0,A,DAYLIGHT,37.763497,-122.216306,,,,,A,NO PEDESTRIANS INVOLVED,3/30/2024 2:45:00 PM,A,VC 22350,False,1,I-880 N/B,,,4/9/2024 9:25:55 AM,A,S,2000.0,HIGH ST,F,,D,4/9/2024 9:25:58 AM,4/9/2024 9:25:58 AM,False,True,4,,3/30/2024 2:50:00 PM,1450,True,EMBEDDED,,True
2359786,9370-2024-01057,1,False,9370,3/30/2024 2:40:00 PM,1440,055,14,109,Oakland,1,True,True,C,REAR END,,Saturday,Yes,False,,,False,True,True,ALAMEDA SUPERIOR COURT WILEY W. MANUEL COURTHOUSE,C,OTHER MOTOR VEHICLE,,0,0,A,DAYLIGHT,37.8266,-122.277643,,,,,A,NO PEDESTRIANS INVOLVED,3/30/2024 2:40:00 PM,A,VC 21658(a),False,1,I-580 W/B,,,4/9/2024 9:20:44 AM,A,E,245.0,SAN PABLO AVE,F,,D,4/9/2024 9:20:47 AM,4/9/2024 9:20:47 AM,False,True,4,True,3/30/2024 2:43:00 PM,1443,False,,,True
2359739,9370-2024-01066,1,False,9370,3/30/2024 1:45:00 PM,1345,025,14,109,Oakland,1,True,True,C,REAR END,,Saturday,NotApplicable,False,,,False,True,True,ALAMEDA SUPERIOR COURT WILEY W. MANUEL COURTHOUSE,C,OTHER MOTOR VEHICLE,,0,0,A,DAYLIGHT,37.831056,-122.267259,,,,,A,NO PEDESTRIANS INVOLVED,3/30/2024 1:45:00 PM,A,VC 22350,False,1,SR-24 W/B FROM MLK JR WAY,,,4/9/2024 8:35:17 AM,A,W,240.0,42ND STREET,F,,D,4/9/2024 8:35:19 AM,4/9/2024 8:35:19 AM,False,True,4,,3/30/2024 1:50:00 PM,1350,False,,,True
2359657,9370-2024-01052,1,False,9370,3/30/2024 10:52:00 AM,1052,052,14,109,Oakland,1,True,True,E,HIT OBJECT,,Saturday,NotApplicable,False,,,False,True,False,ALAMEDA SUPERIOR COURT WILEY W. MANUEL COURTHOUSE,J,OTHER OBJECT,UNKNOWN (DEBRIS),0,0,A,DAYLIGHT,37.733907,-122.13976,,,,,A,NO PEDESTRIANS INVOLVED,3/30/2024 10:52:00 AM,C,,,,I-580 W/B,,,4/9/2024 7:46:25 AM,A,E,178.0,DUTTON AVE,F,,D,4/9/2024 7:46:28 AM,4/9/2024 7:46:28 AM,False,True,4,,3/30/2024 10:57:00 AM,1057,False,,False,True
2359646,9335-2024-00782,1,False,9335,4/4/2024 7:05:00 AM,705,082,14,109,Oakland,1,True,True,B,SIDE SWIPE,,Thursday,NotApplicable,False,,,False,True,False,ALAMEDA SUPERIOR COURT ALAMEDA,C,OTHER MOTOR VEHICLE,,0,0,A,DAYLIGHT,37.824606,-122.315445,,,,,A,NO PEDESTRIANS INVOLVED,4/4/2024 7:05:00 AM,A,VC 21658(A),False,,I-80 WB,,,4/9/2024 7:39:18 AM,B,W,450.0,TOLL PLAZA,F,,A,4/9/2024 7:39:27 AM,4/9/2024 7:39:27 AM,False,True,4,,4/4/2024 7:10:00 AM,710,False,,,True
2359611,9370-2024-01055,1,False,9370,3/29/2024 11:30:00 PM,2330,052,14,109,Oakland,1,True,True,E,HIT OBJECT,,Friday,No,False,,,False,True,False,ALAMEDA SUPERIOR COURT WILEY W. MANUEL COURTHOUSE,I,FIXED OBJECT,CONCRETE BARRIER WALL,0,0,D,DARK-NO STREET LIGHTS,37.776097,-122.163568,,,,,F,NOT IN ROAD,3/29/2024 11:30:00 PM,A,VC 22350,False,1,I-580 W/B,,,4/9/2024 7:10:07 AM,B,E,177.0,EDWARDS AVE,F,,D,4/9/2024 7:10:09 AM,4/9/2024 7:10:09 AM,False,True,4,True,3/29/2024 11:35:00 PM,2335,False,,,True
2359603,9370-2024-01045,1,False,9370,3/29/2024 8:30:00 PM,2030,008,14,109,Oakland,1,True,True,B,SIDE SWIPE,,Friday,NotApplicable,False,M,,False,True,False,ALAMEDA SUPERIOR COURT WILEY W. MANUEL COURTHOUSE,C,OTHER MOTOR VEHICLE,,0,0,D,DARK-NO STREET LIGHTS,37.827452,-122.293061,,,,,A,NO PEDESTRIANS INVOLVED,3/29/2024 8:30:00 PM,A,VC 21658(a),False,1,I-80 E/B TO I-580 E/B,,,4/9/2024 7:03:44 AM,B,E,567.0,BEACH ST,F,,D,4/9/2024 7:03:46 AM,4/9/2024 7:03:46 AM,False,True,4,,3/29/2024 8:35:00 PM,2035,False,,,True
2359559,9370-2024-01042,1,False,9370,3/29/2024 2:44:00 PM,1444,053,14,109,Oakland,1,True,True,E,HIT OBJECT,,Friday,NotApplicable,False,,,False,True,False,ALAMEDA SUPERIOR COURT WILEY W. MANUEL COURTHOUSE,J,OTHER OBJECT,CENTER MEDIAN,0,0,A,DAYLIGHT,37.802065,-122.230554,,,,,A,NO PEDESTRIANS INVOLVED,3/29/2024 2:44:00 PM,A,VC 22350,False,1,I-580 W/B,,,4/9/2024 6:10:53 AM,B,W,246.0,13TH AVE,F,,D,4/9/2024 6:10:55 AM,4/9/2024 6:10:55 AM,False,True,4,,3/29/2024 2:46:00 PM,1446,False,,,True
2359539,9370-2024-01039,1,False,9370,3/29/2024 1:15:00 PM,1315,081,14,109,Oakland,1,True,True,C,REAR END,,Friday,NotApplicable,False,M,,False,True,False,ALAMEDA SUPERIOR COURT WILEY W. MANUEL COURTHOUSE,C,OTHER MOTOR VEHICLE,,0,0,A,DAYLIGHT,37.842059,-122.297317,,,,,A,NO PEDESTRIANS INVOLVED,3/29/2024 1:15:00 PM,A,VC 22350,False,1,I-80 E/B,,,4/9/2024 5:07:44 AM,B,W,300.0,ASHBY AVE,F,,D,4/9/2024 5:07:47 AM,4/9/2024 5:07:47 AM,False,True,4,,3/29/2024 1:20:00 PM,1320,False,,,True
2359528,9370-2024-01009,1,False,9370,3/27/2024 9:00:00 AM,900,177,14,109,Oakland,1,True,True,C,REAR END,,Wednesday,NotApplicable,False,,,False,True,False,ALAMEDA SUPERIOR COURT WILEY W. MANUEL COURTHOUSE,C,OTHER MOTOR VEHICLE,,0,0,A,DAYLIGHT,37.792946,-122.263112,,,,,A,NO PEDESTRIANS INVOLVED,3/27/2024 9:00:00 AM,A,VC 22350,False,1,I-880 N/B,,,4/9/2024 4:28:07 AM,A,S,1400.0,OAK STREET,F,,D,4/9/2024 4:28:10 AM,4/9/2024 4:28:10 AM,False,True,4,,3/27/2024 9:10:00 AM,910,False,,,True
2359176,9370-2024-01060,1,False,9370,3/30/2024 10:12:00 PM,2212,054,14,109,Oakland,1,True,True,D,BROADSIDE,,Saturday,NotApplicable,False,,,False,True,False,ALAMEDA SUPERIOR COURT WILEY W. MANUEL COURTHOUSE,C,OTHER MOTOR VEHICLE,,1,0,D,DARK-NO STREET LIGHTS,37.811665,-122.249903,,,,,A,NO PEDESTRIANS INVOLVED,3/30/2024 10:12:00 PM,A,VC 21658(a),False,1,I-580 W/B,,,4/8/2024 6:26:19 PM,A,W,556.0,GRAND AVE,F,,D,4/8/2024 6:26:20 PM,4/8/2024 6:26:20 PM,False,True,4,,3/30/2024 10:15:00 PM,2215,False,,,True
2359173,9370-2024-01083,1,False,9370,3/30/2024 11:35:00 PM,2335,024,14,109,Oakland,1,True,True,C,REAR END,,Saturday,NotApplicable,False,M,,False,True,False,ALAMEDA SUPERIOR COURT WILEY W. MANUEL COURTHOUSE,C,OTHER MOTOR VEHICLE,,0,0,C,DARK-STREET LIGHTS,37.84974,-122.237136,,,,,A,NO PEDESTRIANS INVOLVED,3/30/2024 11:35:00 PM,A,VC 21658(a),False,1,SR-24 W/B,,,4/8/2024 6:20:59 PM,A,E,2000.0,BROADWAY,F,,D,4/8/2024 6:21:01 PM,4/8/2024 6:21:01 PM,False,True,4,,3/30/2024 11:40:00 PM,2340,False,,,True
2359136,9370-2024-01149,1,False,9370,4/6/2024 8:05:00 PM,2005,013,14,109,Oakland,1,True,True,B,SIDE SWIPE,,Saturday,NotApplicable,False,M,,False,True,False,ALAMEDA SUPERIOR COURT WILEY W. MANUEL COURTHOUSE,C,OTHER MOTOR VEHICLE,,0,0,D,DARK-NO STREET LIGHTS,37.82282,-122.208372,,,,,A,NO PEDESTRIANS INVOLVED,4/6/2024 8:05:00 PM,A,VC 21658(A),False,1,SR-13 S/B,,,4/8/2024 4:55:00 PM,A,N,500.0,PARK BLVD,F,,D,4/8/2024 4:55:03 PM,4/8/2024 4:55:03 PM,False,True,4,,4/6/2024 8:10:00 PM,2010,False,,,True
2359128,9318-2024-00001,1,False,9370,3/29/2024 11:00:00 AM,1100,055,14,109,Oakland,1,True,True,B,SIDE SWIPE,,Friday,NotApplicable,False,,,False,True,False,ALAMEDA SUPERIOR COURT WILEY W. MANUEL COURTHOUSE,C,OTHER MOTOR VEHICLE,,0,0,A,DAYLIGHT,37.826473,-122.287713,,,,,A,NO PEDESTRIANS INVOLVED,3/29/2024 11:00:00 AM,A,VC 21658(A),False,1,I-580 EB,,,4/8/2024 4:42:28 PM,B,W,2560.0,SAN PABLO AVE,F,,D,4/8/2024 4:42:31 PM,4/8/2024 4:42:31 PM,False,True,4,,3/29/2024 11:07:00 AM,1107,False,,,True
2359070,9370-2024-01033,1,False,9370,3/28/2024 9:30:00 PM,2130,177,14,109,Oakland,1,True,True,B,SIDE SWIPE,,Thursday,NotApplicable,False,,,False,True,False,ALAMEDA SUPERIOR COURT WILEY W. MANUEL COURTHOUSE,C,OTHER MOTOR VEHICLE,,1,0,D,DARK-NO STREET LIGHTS,37.792696,-122.262693,,,,,A,NO PEDESTRIANS INVOLVED,3/28/2024 9:30:00 PM,A,VC 21658(A),False,1,I-880 N/B,,,4/8/2024 3:28:47 PM,A,S,1300.0,OAK STREET,F,,D,4/8/2024 3:28:49 PM,4/8/2024 3:28:49 PM,False,True,4,,3/28/2024 9:40:00 PM,2140,False,,,True
2358885,9370-2024-00922,1,False,9370,3/21/2024 7:58:00 AM,758,901,14,109,Oakland,1,True,True,B,SIDE SWIPE,,Thursday,NotApplicable,False,M,,False,False,False,ALAMEDA SUPERIOR COURT WILEY W. MANUEL COURTHOUSE,C,OTHER MOTOR VEHICLE,,0,0,A,DAYLIGHT,37.7607,-122.178115,,,,,A,NO PEDESTRIANS INVOLVED,3/21/2024 7:58:00 AM,A,VC 22350,False,,PLYMOUTH STREET (7800 BLOCK),,,4/8/2024 1:08:04 PM,A,S,95.0,78TH AVENUE,F,,D,4/8/2024 1:08:10 PM,4/8/2024 1:08:10 PM,False,False,4,,3/21/2024 8:01:00 AM,801,False,,,True
2358873,9370-2024-00657,1,False,9370,2/26/2024 5:00:00 PM,1700,176,14,109,Oakland,1,True,True,C,REAR END,,Monday,NotApplicable,False,M,,False,True,True,ALAMEDA SUPERIOR COURT WILEY W. MANUEL COURTHOUSE,C,OTHER MOTOR VEHICLE,,0,0,A,DAYLIGHT,37.763445,-122.216256,,,,,A,NO PEDESTRIANS INVOLVED,2/26/2024 5:00:00 PM,A,VC 22350,False,1,I-880 N/B,,,4/8/2024 12:55:49 PM,A,S,300.0,HIGH ST,F,,D,4/8/2024 12:55:50 PM,4/8/2024 12:55:50 PM,False,True,4,,2/26/2024 5:05:00 PM,1705,False,,,True