collision-id,report-number,report-version,is-preliminary,ncic-code,crash-date-time,crash-time-description,beat,city-id,city-code,city-name,county-code,city-is-active,city-is-incorporated,collision-type-code,collision-type-description,collision-type-other-desc,day-of-week,dispatch-notified,has-photographs,hit-run,is-attachments-mailed,is-deleted,is-highway-related,is-tow-away,judicial-district,motor-vehicle-involved-with-code,motor-vehicle-involved-with-desc,motor-vehicle-involved-with-other-desc,number-injured,number-killed,lighting-code,lighting-description,latitude,longitude,milepost-direction,milepost-distance,milepost-marker,milepost-unit-of-measure,pedestrian-action-code,pedestrian-action-desc,prepared-date,primary-collision-factor-code,primary-collision-factor-description,primary-collision-factor-is-cited,primary-collision-party-number,primary-road,reporting-district,reporting-district-code,reviewed-date,roadway-surface-code,secondary-direction,secondary-distance,secondary-road,secondary-unit-of-measure,sketch-desc,traffic-control-device-code,created-date,modified-date,is-county-road,is-freeway,chp-555-version,is-additonal-object-struck,notification-date,notification-time-description,has-digital-media-files,evidence-number,is-location-refer-to-narrative,is-aoi-one-same-as-location
2358859,9370-2024-00845,1,False,9370,3/14/2024 11:41:00 PM,2341,052,14,109,Oakland,1,True,True,E,HIT OBJECT,,Thursday,NotApplicable,False,M,,False,True,True,ALAMEDA SUPERIOR COURT WILEY W. MANUEL COURTHOUSE,I,FIXED OBJECT,METAL GUARDRAIL,0,0,D,DARK-NO STREET LIGHTS,37.755255,-122.150166,,,,,A,NO PEDESTRIANS INVOLVED,3/14/2024 11:41:00 PM,A,VC 22350,False,1,I-580 E/B,,,4/8/2024 12:50:08 PM,A,W,643.0,98TH AVENUE,F,,D,4/8/2024 12:50:10 PM,4/8/2024 12:50:10 PM,False,True,4,False,3/14/2024 11:46:00 PM,2346,True,EMBEDDED,,True
2358840,9370-2024-01013,1,False,9370,3/27/2024 12:45:00 PM,1245,176,14,109,Oakland,1,True,True,B,SIDE SWIPE,,Wednesday,NotApplicable,False,,,False,True,True,ALAMEDA SUPERIOR COURT WILEY W. MANUEL COURTHOUSE,C,OTHER MOTOR VEHICLE,,2,0,A,DAYLIGHT,37.772149,-122.2252,,,,,A,NO PEDESTRIANS INVOLVED,3/27/2024 12:45:00 PM,A,VC 21658(A),False,1,I-880 S/B,,,4/8/2024 12:39:13 PM,A,N,300.0,42ND AVENUE,F,,D,4/8/2024 12:39:19 PM,4/8/2024 12:39:19 PM,False,True,4,,3/27/2024 12:46:00 PM,1246,False,,,True
2358824,9370-2024-00968,1,False,9370,3/24/2024 11:08:00 AM,1108,008,14,109,Oakland,1,True,True,B,SIDE SWIPE,,Sunday,NotApplicable,False,,,False,True,False,ALAMEDA SUPERIOR COURT WILEY W. MANUEL COURTHOUSE,C,OTHER MOTOR VEHICLE,,0,0,A,DAYLIGHT,37.825638,-122.303544,,,,,A,NO PEDESTRIANS INVOLVED,3/24/2024 11:08:00 AM,A,VC 21658(A),False,1,I-80 W/B,,,4/8/2024 12:28:39 PM,A,E,620.0,WEST GRAND AVENUE,F,,D,4/8/2024 12:28:40 PM,4/8/2024 12:28:40 PM,False,True,4,,3/24/2024 11:15:00 AM,1115,False,,,True
2358791,9370-2024-01105,1,False,9370,4/4/2024 7:57:00 AM,757,024,14,109,Oakland,1,True,True,C,REAR END,,Thursday,NotApplicable,False,,,False,True,False,ALAMEDA SUPERIOR COURT WILEY W. MANUEL COURTHOUSE,C,OTHER MOTOR VEHICLE,,1,0,A,DAYLIGHT,37.84532,-122.249213,,,,,A,NO PEDESTRIANS INVOLVED,4/4/2024 7:57:00 AM,A,VC 22350,False,1,SR-24 E/B,,,4/8/2024 12:05:41 PM,B,W,680.0,PRESLEY WAY,F,,D,4/8/2024 12:05:45 PM,4/8/2024 12:05:45 PM,False,True,4,,4/4/2024 8:00:00 AM,800,False,,,True
2358724,9370-2024-00694,1,False,9370,3/1/2024 3:50:00 AM,350,176,14,109,Oakland,1,True,True,C,REAR END,,Friday,NotApplicable,False,M,,False,True,False,ALAMEDA SUPERIOR COURT WILEY W. MANUEL COURTHOUSE,C,OTHER MOTOR VEHICLE,,1,0,D,DARK-NO STREET LIGHTS,37.739338,-122.196906,,,,,A,NO PEDESTRIANS INVOLVED,3/1/2024 3:50:00 AM,A,VC 22350,False,1,I-880 S/B TO HEGENBERGER RD,,,4/8/2024 11:05:56 AM,A,N,47.0,HEGENBERGER RD,F,,A,4/8/2024 11:05:58 AM,4/8/2024 11:05:58 AM,False,True,4,,3/1/2024 3:55:00 AM,355,False,,,True
2358696,9370-2024-00704,1,False,9370,3/1/2024 11:10:00 PM,2310,052,14,109,Oakland,1,True,True,B,SIDE SWIPE,,Friday,NotApplicable,False,M,,False,True,True,ALAMEDA SUPERIOR COURT WILEY W. MANUEL COURTHOUSE,C,OTHER MOTOR VEHICLE,,0,0,D,DARK-NO STREET LIGHTS,37.784124,-122.186524,,,,,A,NO PEDESTRIANS INVOLVED,3/1/2024 11:10:00 PM,A,VC 21658(A),False,1,I-580 E/B,,,4/8/2024 10:46:18 AM,B,W,500.0,SEMINARY AVE,F,,D,4/8/2024 10:46:20 AM,4/8/2024 10:46:20 AM,False,True,4,True,3/1/2024 11:15:00 PM,2315,False,,,True
2358680,9370-2024-00692,1,False,9370,2/29/2024 5:50:00 PM,1750,008,14,109,Oakland,1,True,True,B,SIDE SWIPE,,Thursday,NotApplicable,False,M,,False,True,False,ALAMEDA SUPERIOR COURT WILEY W. MANUEL COURTHOUSE,C,OTHER MOTOR VEHICLE,,1,0,B,DUSK-DAWN,37.824483,-122.310053,,,,,A,NO PEDESTRIANS INVOLVED,2/29/2024 5:50:00 PM,A,VC 21658(A),False,1,I-80 E/B,,,4/8/2024 10:34:59 AM,A,E,1078.0,SFOBB TOLL PLAZA,F,,D,4/8/2024 10:35:00 AM,4/8/2024 10:35:00 AM,False,True,4,,2/29/2024 5:55:00 PM,1755,False,,,True
2358587,9370-2024-00679,1,False,9370,2/28/2024 3:45:00 PM,1545,177,14,109,Oakland,1,True,True,B,SIDE SWIPE,,Wednesday,NotApplicable,False,M,,False,True,False,ALAMEDA SUPERIOR COURT WILEY W. MANUEL COURTHOUSE,C,OTHER MOTOR VEHICLE,,0,0,A,DAYLIGHT,37.787518,-122.248453,,,,,A,NO PEDESTRIANS INVOLVED,2/28/2024 3:45:00 PM,A,VC 21658(A),False,1,I-880 S/B,,,4/8/2024 9:39:48 AM,A,N,1238.0,16TH AVE,F,,D,4/8/2024 9:39:50 AM,4/8/2024 9:39:50 AM,False,True,4,,2/28/2024 3:51:00 PM,1551,False,,,True
2358538,9370-2024-00663,1,False,9370,2/26/2024 4:00:00 PM,1600,052,14,109,Oakland,1,True,True,C,REAR END,,Monday,NotApplicable,False,M,,False,True,False,ALAMEDA SUPERIOR COURT WILEY W. MANUEL COURTHOUSE,C,OTHER MOTOR VEHICLE,,0,0,A,DAYLIGHT,37.77073,-122.15474,,,,,A,NO PEDESTRIANS INVOLVED,2/26/2024 4:00:00 PM,A,VC 22350,False,1,I-580 W/B TO KELLER AVE,,,4/8/2024 9:19:34 AM,A,E,632.0,KELLER AVE,F,,A,4/8/2024 9:19:37 AM,4/8/2024 9:19:37 AM,False,True,4,,2/26/2024 4:05:00 PM,1605,False,,,True
2358470,9370-2024-01025,1,False,9370,3/28/2024 7:46:00 AM,746,052,14,109,Oakland,1,True,True,C,REAR END,,Thursday,Yes,False,M,,False,True,True,ALAMEDA SUPERIOR COURT WILEY W. MANUEL COURTHOUSE,C,OTHER MOTOR VEHICLE,,1,0,A,DAYLIGHT,37.775641,-122.162393,,,,,A,NO PEDESTRIANS INVOLVED,3/28/2024 7:46:00 AM,A,VC 22350,False,1,I-580 W/B,,,4/8/2024 8:37:12 AM,A,E,522.0,EDWARDS AVE,F,,D,4/8/2024 8:37:14 AM,4/8/2024 8:37:14 AM,False,True,4,,3/28/2024 7:54:00 AM,754,False,,,True
2358469,9370-2024-01035,1,False,9370,3/28/2024 6:00:00 PM,1800,013,14,109,Oakland,1,True,True,C,REAR END,,Thursday,Yes,False,,,False,True,False,ALAMEDA SUPERIOR COURT WILEY W. MANUEL COURTHOUSE,C,OTHER MOTOR VEHICLE,,1,0,A,DAYLIGHT,37.786058,-122.179688,,,,,G,APPROACHING/LEAVING SCHOOL BUS,3/28/2024 6:00:00 PM,A,VC 22350,False,1,SR-13 S/B,,,4/8/2024 8:36:24 AM,A,N,860.0,I-580 E/B,F,,D,4/8/2024 8:36:26 AM,4/8/2024 8:36:26 AM,False,True,4,,3/28/2024 6:05:00 PM,1805,False,,,True
2358418,9370-2024-01028,1,False,9370,3/28/2024 4:50:00 PM,1650,176,14,109,Oakland,1,True,True,C,REAR END,,Thursday,NotApplicable,False,,,False,True,False,ALAMEDA SUPERIOR COURT WILEY W. MANUEL COURTHOUSE,C,OTHER MOTOR VEHICLE,,0,0,A,DAYLIGHT,37.740762,-122.197111,,,,,A,NO PEDESTRIANS INVOLVED,3/28/2024 4:50:00 PM,A,VC 22350,False,1,I-880 S/B FROM HEGENBERGER ROAD,,,4/8/2024 8:00:59 AM,A,N,166.0,HEGENBERGER ROAD,F,,A,4/8/2024 8:01:02 AM,4/8/2024 8:01:02 AM,False,True,4,,3/28/2024 4:53:00 PM,1653,False,,,True
2358408,9370-2024-01037,1,False,9370,3/28/2024 4:40:00 PM,1640,013,14,109,Oakland,1,True,True,C,REAR END,,Thursday,NotApplicable,False,,,False,True,False,ALAMEDA SUPERIOR COURT WILEY W. MANUEL COURTHOUSE,C,OTHER MOTOR VEHICLE,,0,0,A,DAYLIGHT,37.843161,-122.225719,,,,,A,NO PEDESTRIANS INVOLVED,3/28/2024 4:40:00 PM,A,VC 22350,False,1,SR-13 N/B,,,4/8/2024 7:48:44 AM,A,N,620.0,BROADWAY TERRACE,F,,D,4/8/2024 7:48:46 AM,4/8/2024 7:48:46 AM,False,True,4,,3/28/2024 4:45:00 PM,1645,False,,,True
2358393,9370-2024-01027,1,False,9370,3/28/2024 4:17:00 PM,1617,176,14,109,Oakland,1,True,True,C,REAR END,,Thursday,NotApplicable,False,M,,False,True,False,ALAMEDA SUPERIOR COURT WILEY W. MANUEL COURTHOUSE,C,OTHER MOTOR VEHICLE,,0,0,A,DAYLIGHT,37.745654,-122.201076,,,,,A,NO PEDESTRIANS INVOLVED,3/28/2024 4:17:00 PM,A,VC 22350,False,1,I-880 S/B,,,4/8/2024 7:33:21 AM,A,S,378.0,HEGENBERGER RD,F,,D,4/8/2024 7:33:23 AM,4/8/2024 7:33:23 AM,False,True,4,,3/28/2024 4:20:00 PM,1620,False,,,True
2358357,9370-2024-01029,1,False,9370,3/28/2024 8:30:00 AM,830,176,14,109,Oakland,1,True,True,C,REAR END,,Thursday,NotApplicable,False,M,,False,True,False,ALAMEDA SUPERIOR COURT WILEY W. MANUEL COURTHOUSE,C,OTHER MOTOR VEHICLE,,0,0,A,DAYLIGHT,37.809731,-122.304378,,,,,A,NO PEDESTRIANS INVOLVED,3/28/2024 8:30:00 AM,A,VC 22350,False,1,INTERSTATE 880 NORTHBOUND,,,4/8/2024 6:52:48 AM,B,N,633.0,7TH STREET,F,,D,4/8/2024 6:52:51 AM,4/8/2024 6:52:51 AM,False,True,4,,3/28/2024 8:40:00 AM,840,False,,,True
2358319,9370-2024-01024,1,False,9370,3/28/2024 7:45:00 AM,745,052,14,109,Oakland,1,True,True,C,REAR END,,Thursday,Yes,False,,,False,True,True,ALAMEDA SUPERIOR COURT WILEY W. MANUEL COURTHOUSE,C,OTHER MOTOR VEHICLE,,1,0,A,DAYLIGHT,37.775633,-122.162387,,,,,A,NO PEDESTRIANS INVOLVED,3/28/2024 7:45:00 AM,A,VC 22350,False,1,I-580 W/B,,,4/8/2024 5:39:53 AM,A,E,528.0,EDWARDS AVE,F,,D,4/8/2024 5:39:57 AM,4/8/2024 5:39:57 AM,False,True,4,,3/28/2024 7:54:00 AM,754,False,,,True
2358155,9370-2024-00994,1,False,9370,3/25/2024 12:00:00 PM,1200,055,14,109,Oakland,1,True,True,B,SIDE SWIPE,,Monday,NotApplicable,False,,,False,True,False,ALAMEDA SUPERIOR COURT WILEY W. MANUEL COURTHOUSE,C,OTHER MOTOR VEHICLE,,0,0,A,DAYLIGHT,37.826628,-122.278653,,,,,A,NO PEDESTRIANS INVOLVED,3/25/2024 12:00:00 PM,A,VC 21658(a),False,1,I-580 E/B,,,4/7/2024 1:03:01 PM,A,W,1070.0,SR-24,F,,D,4/7/2024 1:03:03 PM,4/7/2024 1:03:03 PM,False,True,4,,3/25/2024 12:10:00 PM,1210,False,,,True
2357934,9335-2024-00681,1,False,9335,3/16/2024 9:00:00 PM,2100,082,14,109,Oakland,1,True,True,B,SIDE SWIPE,,Saturday,NotApplicable,False,,,False,True,False,ALAMEDA SUPERIOR COURT ALAMEDA,D,MOTOR VEHICLE ON OTHER ROADWAY,,0,0,C,DARK-STREET LIGHTS,37.824551,-122.315598,,,,,A,NO PEDESTRIANS INVOLVED,3/16/2024 9:00:00 PM,A,VC 21658(A),False,1,I-80 W/B,,,4/6/2024 10:41:06 AM,A,W,500.0,SFOBB TOLL PLAZA,F,,D,4/6/2024 10:41:12 AM,4/6/2024 10:41:12 AM,False,True,4,,3/19/2024 2:45:00 PM,1445,False,,,True
2357656,9370-2024-01018,2,False,9370,3/27/2024 6:00:00 PM,1800,024,14,109,Oakland,1,True,True,C,REAR END,,Wednesday,NotApplicable,False,,,False,True,False,ALAMEDA SUPERIOR COURT WILEY W. MANUEL COURTHOUSE,C,OTHER MOTOR VEHICLE,,0,0,A,DAYLIGHT,37.833248,-122.265618,,,,,A,NO PEDESTRIANS INVOLVED,3/27/2024 6:00:00 PM,D,,,,SR-24 E/B,,,4/9/2024 2:45:42 PM,A,W,1500.0,51ST ST,F,,D,4/5/2024 5:06:00 PM,4/9/2024 2:45:44 PM,False,True,4,,3/27/2024 6:10:00 PM,1810,False,,,True
2357644,9370-2024-01014,1,False,9370,3/27/2024 3:00:00 PM,1500,176,14,109,Oakland,1,True,True,B,SIDE SWIPE,,Wednesday,NotApplicable,False,,,False,True,False,ALAMEDA SUPERIOR COURT WILEY W. MANUEL COURTHOUSE,C,OTHER MOTOR VEHICLE,,0,0,A,DAYLIGHT,37.775703,-122.235166,,,,,A,NO PEDESTRIANS INVOLVED,3/27/2024 3:00:00 PM,A,VC 21658(A),False,1,I-880 S/B,,,4/5/2024 4:48:39 PM,A,S,750.0,23RD AVE,F,,D,4/5/2024 4:48:42 PM,4/5/2024 4:48:42 PM,False,True,4,,3/27/2024 3:19:00 PM,1519,False,,,False
2357623,9370-2024-01022,1,False,9370,3/27/2024 10:45:00 AM,1045,730,14,109,Oakland,1,True,True,B,SIDE SWIPE,,Wednesday,NotApplicable,False,M,,False,False,False,ALAMEDA SUPERIOR COURT WILEY W. MANUEL COURTHOUSE,C,OTHER MOTOR VEHICLE,,0,0,A,DAYLIGHT,37.839915,-122.259391,,,,,A,NO PEDESTRIANS INVOLVED,3/27/2024 10:45:00 AM,A,VC 22107,False,1,5300 CLAREMONT AVE (DMV PARKING LOT),,,4/5/2024 4:10:46 PM,A,S,116.0,CLAREMONT AVE,F,,D,4/5/2024 4:10:47 PM,4/5/2024 4:10:47 PM,False,False,4,,3/27/2024 11:08:00 AM,1108,False,,,True
2357605,9370-2024-01012,1,False,9370,3/27/2024 10:00:00 AM,1000,177,14,109,Oakland,1,True,True,C,REAR END,,Wednesday,NotApplicable,False,,,False,True,False,ALAMEDA SUPERIOR COURT WILEY W. MANUEL COURTHOUSE,C,OTHER MOTOR VEHICLE,,0,0,A,DAYLIGHT,37.798082,-122.273342,,,,,A,NO PEDESTRIANS INVOLVED,3/27/2024 10:00:00 AM,A,VC 22350,False,1,I-880 N/B,,,4/5/2024 3:45:53 PM,A,S,100.0,BROADWAY,F,,D,4/5/2024 3:45:54 PM,4/5/2024 3:45:54 PM,False,True,4,,3/27/2024 10:15:00 AM,1015,False,,,True
2357425,9370-2024-00635,1,False,9370,2/23/2024 4:23:00 PM,1623,054,14,109,Oakland,1,True,True,C,REAR END,,Friday,NotApplicable,False,M,,False,True,False,ALAMEDA SUPERIOR COURT WILEY W. MANUEL COURTHOUSE,C,OTHER MOTOR VEHICLE,,0,0,D,DARK-NO STREET LIGHTS,37.807274,-122.239496,,,,,A,NO PEDESTRIANS INVOLVED,2/23/2024 4:23:00 PM,A,VC 22107,False,1,I-580 E/B,,,4/5/2024 12:57:24 PM,A,W,2000.0,PARK AVE,F,,D,4/5/2024 12:57:27 PM,4/5/2024 12:57:27 PM,False,True,4,,2/23/2024 4:46:00 PM,1646,False,,,True
2357406,9370-2024-00502,1,False,9370,2/14/2024 2:01:00 PM,1401,052,14,109,Oakland,1,True,True,C,REAR END,,Wednesday,NotApplicable,False,,,False,True,False,ALAMEDA SUPERIOR COURT WILEY W. MANUEL COURTHOUSE,C,OTHER MOTOR VEHICLE,,0,0,A,DAYLIGHT,37.778079,-122.168324,,,,,A,NO PEDESTRIANS INVOLVED,2/14/2024 2:01:00 PM,A,VC 22350,False,2,I-580 E/B,,,4/5/2024 12:42:51 PM,B,W,1309.0,EDWARDS AVE,F,,D,4/5/2024 12:42:52 PM,4/5/2024 12:42:52 PM,False,True,4,,2/14/2024 2:24:00 PM,1424,False,,,True
2357068,9370-2024-01016,1,False,9370,3/26/2024 5:45:00 PM,1745,052,14,109,Oakland,1,True,True,C,REAR END,,Tuesday,Yes,False,,,False,True,False,ALAMEDA SUPERIOR COURT WILEY W. MANUEL COURTHOUSE,C,OTHER MOTOR VEHICLE,,1,0,A,DAYLIGHT,37.774631,-122.16096,,,,,A,NO PEDESTRIANS INVOLVED,3/26/2024 5:45:00 PM,A,VC 22350,False,1,I-580 E/B,,,4/5/2024 8:07:52 AM,A,W,1610.0,KELLER AVENUE,F,,D,4/5/2024 8:07:55 AM,4/5/2024 8:07:55 AM,False,True,4,,3/26/2024 5:50:00 PM,1750,False,,,True
2357031,9370-2024-01001,1,False,9370,3/26/2024 5:10:00 PM,1710,177,14,109,Oakland,1,True,True,C,REAR END,,Tuesday,NotApplicable,False,M,,False,True,False,ALAMEDA SUPERIOR COURT WILEY W. MANUEL COURTHOUSE,C,OTHER MOTOR VEHICLE,,0,0,A,DAYLIGHT,37.796374,-122.269132,,,,,A,NO PEDESTRIANS INVOLVED,3/26/2024 5:10:00 PM,A,VC 22350,False,1,I-880 N/B,,,4/5/2024 7:27:40 AM,A,N,60.0,JACKSON ST,F,,D,4/5/2024 7:27:42 AM,4/5/2024 7:27:42 AM,False,True,4,,3/26/2024 5:15:00 PM,1715,False,,,True
2357021,9370-2024-01008,1,False,9370,3/26/2024 4:00:00 PM,1600,055,14,109,Oakland,1,True,True,B,SIDE SWIPE,,Tuesday,NotApplicable,False,,,False,True,False,ALAMEDA SUPERIOR COURT WILEY W. MANUEL COURTHOUSE,C,OTHER MOTOR VEHICLE,,0,0,A,DAYLIGHT,37.829361,-122.266542,,,,,A,NO PEDESTRIANS INVOLVED,3/26/2024 4:00:00 PM,A,VC 21658(A),False,1,I-580 E/B TO SR-24 E/B,,,4/5/2024 7:16:24 AM,A,W,300.0,40TH STREET,F,,D,4/5/2024 7:16:27 AM,4/5/2024 7:16:27 AM,False,True,4,,3/26/2024 4:10:00 PM,1610,False,,,True
2357011,9370-2024-01007,1,False,9370,3/26/2024 3:30:00 PM,1530,055,14,109,Oakland,1,True,True,B,SIDE SWIPE,,Tuesday,NotApplicable,False,,,False,True,False,ALAMEDA SUPERIOR COURT WILEY W. MANUEL COURTHOUSE,C,OTHER MOTOR VEHICLE,,0,0,A,DAYLIGHT,37.826731,-122.286312,,,,,A,NO PEDESTRIANS INVOLVED,3/26/2024 3:30:00 PM,A,VC 21658(A),False,1,I-580 E/B,,,4/5/2024 7:03:10 AM,B,W,200.0,HOLLIS ST,F,,D,4/5/2024 7:03:12 AM,4/5/2024 7:03:12 AM,False,True,4,,3/26/2024 3:40:00 PM,1540,False,,,True
2356998,9370-2024-01015,1,False,9370,3/26/2024 3:25:00 PM,1525,052,14,109,Oakland,1,True,True,C,REAR END,,Tuesday,NotApplicable,False,,,False,True,False,ALAMEDA SUPERIOR COURT WILEY W. MANUEL COURTHOUSE,C,OTHER MOTOR VEHICLE,,0,0,A,DAYLIGHT,37.777942,-122.168011,,,,,A,NO PEDESTRIANS INVOLVED,3/26/2024 3:25:00 PM,A,VC 22350,False,1,I-580 E/B,,,4/5/2024 6:52:58 AM,A,W,1225.0,EDWARDS AVE,F,,D,4/5/2024 6:53:01 AM,4/5/2024 6:53:01 AM,False,True,4,,3/26/2024 3:30:00 PM,1530,False,,,True
2356958,9370-2024-00998,1,False,9370,3/26/2024 8:15:00 AM,815,176,14,109,Oakland,1,True,True,B,SIDE SWIPE,,Tuesday,NotApplicable,False,,,False,True,False,ALAMEDA SUPERIOR COURT WILEY W. MANUEL COURTHOUSE,C,OTHER MOTOR VEHICLE,,0,0,A,DAYLIGHT,37.743081,-122.198528,,,,,A,NO PEDESTRIANS INVOLVED,3/26/2024 8:15:00 AM,A,VC 22350,False,1,I-880 N/B,,,4/5/2024 5:52:01 AM,A,N,500.0,HEGENBERGER RD,F,,D,4/5/2024 5:52:03 AM,4/5/2024 5:52:03 AM,False,True,4,,3/26/2024 8:16:00 AM,816,False,,,True
2356646,9370-2024-00991,1,False,9370,3/25/2024 5:20:00 AM,520,024,14,109,Oakland,1,True,True,C,REAR END,,Monday,NotApplicable,False,,,False,True,False,ALAMEDA SUPERIOR COURT WILEY W. MANUEL COURTHOUSE,C,OTHER MOTOR VEHICLE,,0,0,C,DARK-STREET LIGHTS,37.848833,-122.22777,,,,,A,NO PEDESTRIANS INVOLVED,3/25/2024 5:20:00 AM,A,VC 21658(A),False,1,SR-24 W/B,,,4/4/2024 9:10:52 PM,A,E,300.0,SR-13 N/B,F,,D,4/4/2024 9:10:55 PM,4/4/2024 9:10:55 PM,False,True,4,,3/25/2024 5:25:00 AM,525,False,,,False
2356643,9370-2024-00990,1,False,9370,3/25/2024 5:17:00 AM,517,024,14,109,Oakland,1,True,True,E,HIT OBJECT,,Monday,NotApplicable,False,,,False,True,False,ALAMEDA SUPERIOR COURT WILEY W. MANUEL COURTHOUSE,I,FIXED OBJECT,CONCRETE CENTER MEDIAN,1,0,C,DARK-STREET LIGHTS,37.84877,-122.227772,,,,,A,NO PEDESTRIANS INVOLVED,3/25/2024 5:17:00 AM,A,VC 22107,False,1,SR-24 W/B,,,4/4/2024 9:03:27 PM,A,E,0.85,SR-13,M,,D,4/4/2024 9:03:29 PM,4/4/2024 9:03:29 PM,False,True,4,,3/25/2024 5:19:00 AM,519,False,,,True
2356642,9370-2024-01002,1,False,9370,3/26/2024 3:55:00 PM,1555,176,14,109,Oakland,1,True,True,B,SIDE SWIPE,,Tuesday,NotApplicable,False,,,False,True,False,ALAMEDA SUPERIOR COURT WILEY W. MANUEL COURTHOUSE,C,OTHER MOTOR VEHICLE,,0,0,A,DAYLIGHT,37.731304,-122.188455,,,,,A,NO PEDESTRIANS INVOLVED,3/26/2024 3:55:00 PM,A,VC 21658(A),False,1,I-880 S/B,,,4/4/2024 9:02:12 PM,A,S,100.0,98TH AVENUE,F,,D,4/4/2024 9:02:16 PM,4/4/2024 9:02:16 PM,False,True,4,,3/26/2024 4:00:00 PM,1600,True,AREA / EMBEDDED,,True
2356619,9370-2024-00995,1,False,9370,3/25/2024 12:50:00 PM,1250,055,14,109,Oakland,1,True,True,E,HIT OBJECT,,Monday,NotApplicable,False,,,False,True,False,ALAMEDA SUPERIOR COURT WILEY W. MANUEL COURTHOUSE,J,OTHER OBJECT,CAR TIRE,0,0,A,DAYLIGHT,37.82295,-122.262914,,,,,A,NO PEDESTRIANS INVOLVED,3/25/2024 12:50:00 PM,C,,,,I-580 E/B,,,4/4/2024 7:15:59 PM,A,W,291.0,WEBSTER ST,F,,D,4/4/2024 7:16:02 PM,4/4/2024 7:16:02 PM,False,True,4,,3/25/2024 1:08:00 PM,1308,False,,,True
2356554,9370-2024-00973,1,False,9370,3/24/2024 1:40:00 PM,1340,176,14,109,Oakland,1,True,True,C,REAR END,,Sunday,NotApplicable,False,,,False,True,True,ALAMEDA SUPERIOR COURT WILEY W. MANUEL COURTHOUSE,C,OTHER MOTOR VEHICLE,,2,0,A,DAYLIGHT,37.764322,-122.216956,,,,,A,NO PEDESTRIANS INVOLVED,3/24/2024 1:40:00 PM,A,VC 22350,False,1,I-880 N/B TO HIGH STREET,,,4/4/2024 4:53:29 PM,A,N,1736.0,HIGH ST,F,,D,4/4/2024 4:53:32 PM,4/4/2024 4:53:32 PM,False,True,4,,3/24/2024 1:45:00 PM,1345,False,,,True
2356482,9370-2024-00938,1,False,9370,3/21/2024 8:39:00 PM,2039,176,14,109,Oakland,1,True,True,E,HIT OBJECT,,Thursday,Yes,False,,,False,True,False,ALAMEDA SUPERIOR COURT WILEY W. MANUEL COURTHOUSE,I,FIXED OBJECT,CHAIN LINK FENCE,0,0,D,DARK-NO STREET LIGHTS,37.755148,-122.208374,,,,,A,NO PEDESTRIANS INVOLVED,3/21/2024 8:39:00 PM,A,VC 22107,False,1,I-880 N/B FROM 66TH AVENUE,,,4/4/2024 3:42:11 PM,A,N,415.0,66TH AVENUE,F,,A,4/4/2024 3:42:15 PM,4/4/2024 3:42:15 PM,False,True,4,,3/21/2024 8:39:00 PM,2039,False,,,True
2356384,9370-2024-00898,1,False,9370,2/21/2024 4:30:00 PM,1630,053,14,109,Oakland,1,True,True,C,REAR END,,Wednesday,NotApplicable,False,M,,False,True,False,ALAMEDA SUPERIOR COURT WILEY W. MANUEL COURTHOUSE,C,OTHER MOTOR VEHICLE,,0,0,A,DAYLIGHT,37.799395,-122.223173,,,,,A,NO PEDESTRIANS INVOLVED,2/21/2024 4:30:00 PM,A,VC 22350,False,1,I-580 E/B,,,4/4/2024 2:26:29 PM,A,W,1530.0,FRUITVALE AVENUE,F,,D,4/4/2024 2:26:31 PM,4/4/2024 2:26:31 PM,False,True,4,,2/21/2024 4:35:00 PM,1635,False,,,
2356090,9370-2024-00960,1,False,9370,3/23/2024 9:13:00 PM,2113,176,14,109,Oakland,1,True,True,C,REAR END,,Saturday,NotApplicable,False,M,,False,True,False,ALAMEDA SUPERIOR COURT WILEY W. MANUEL COURTHOUSE,C,OTHER MOTOR VEHICLE,,0,0,D,DARK-NO STREET LIGHTS,37.775698,-122.234538,,,,,A,NO PEDESTRIANS INVOLVED,3/23/2024 9:13:00 PM,A,VC 22350,False,1,I-880 N/B,,,4/4/2024 10:21:22 AM,B,N,380.0,29TH AVE,F,,D,4/4/2024 10:21:24 AM,4/4/2024 10:21:24 AM,False,True,4,,3/23/2024 9:25:00 PM,2125,False,,,True