collision-id,report-number,report-version,is-preliminary,ncic-code,crash-date-time,crash-time-description,beat,city-id,city-code,city-name,county-code,city-is-active,city-is-incorporated,collision-type-code,collision-type-description,collision-type-other-desc,day-of-week,dispatch-notified,has-photographs,hit-run,is-attachments-mailed,is-deleted,is-highway-related,is-tow-away,judicial-district,motor-vehicle-involved-with-code,motor-vehicle-involved-with-desc,motor-vehicle-involved-with-other-desc,number-injured,number-killed,lighting-code,lighting-description,latitude,longitude,milepost-direction,milepost-distance,milepost-marker,milepost-unit-of-measure,pedestrian-action-code,pedestrian-action-desc,prepared-date,primary-collision-factor-code,primary-collision-factor-description,primary-collision-factor-is-cited,primary-collision-party-number,primary-road,reporting-district,reporting-district-code,reviewed-date,roadway-surface-code,secondary-direction,secondary-distance,secondary-road,secondary-unit-of-measure,sketch-desc,traffic-control-device-code,created-date,modified-date,is-county-road,is-freeway,chp-555-version,is-additonal-object-struck,notification-date,notification-time-description,has-digital-media-files,evidence-number,is-location-refer-to-narrative,is-aoi-one-same-as-location
2356052,9370-2024-00948,1,False,9370,3/23/2024 11:30:00 AM,1130,025,14,109,Oakland,1,True,True,C,REAR END,,Saturday,NotApplicable,False,,,False,True,False,ALAMEDA SUPERIOR COURT WILEY W. MANUEL COURTHOUSE,C,OTHER MOTOR VEHICLE,,1,0,A,DAYLIGHT,37.832818,-122.266725,,,,,A,NO PEDESTRIANS INVOLVED,3/23/2024 11:30:00 AM,A,VC 22350,False,1,SR-24 W/B,,,4/4/2024 10:01:51 AM,B,W,218.0,45TH ST,F,,D,4/4/2024 10:01:53 AM,4/4/2024 10:01:53 AM,False,True,4,,3/23/2024 11:32:00 AM,1132,False,,,True
2356039,9370-2024-00952,1,False,9370,3/23/2024 11:00:00 AM,1100,176,14,109,Oakland,1,True,True,C,REAR END,,Saturday,NotApplicable,False,,,False,True,False,ALAMEDA SUPERIOR COURT WILEY W. MANUEL COURTHOUSE,C,OTHER MOTOR VEHICLE,,0,0,A,DAYLIGHT,37.739455,-122.196821,,,,,A,NO PEDESTRIANS INVOLVED,3/23/2024 11:00:00 AM,D,,,,INTERSTATE 880 SOUTBOUND,,,4/4/2024 9:55:22 AM,B,N,22.0,TO HEGENBERGER RD,F,,D,4/4/2024 9:55:25 AM,4/4/2024 9:55:25 AM,False,True,4,,3/23/2024 11:10:00 AM,1110,False,,,True
2354360,9370-2024-00774,1,False,9370,3/9/2024 4:30:00 AM,430,177,14,109,Oakland,1,True,True,C,REAR END,,Saturday,NotApplicable,False,F,,False,True,True,ALAMEDA SUPERIOR COURT WILEY W. MANUEL COURTHOUSE,C,OTHER MOTOR VEHICLE,,2,0,D,DARK-NO STREET LIGHTS,37.788306,-122.250633,,,,,A,NO PEDESTRIANS INVOLVED,3/9/2024 4:30:00 AM,A,VC 22350,False,1,I-880 N/B,,,4/3/2024 2:11:19 PM,A,N,1760.0,16TH AVE,F,,D,4/3/2024 2:11:21 PM,4/3/2024 2:11:21 PM,False,True,4,,3/9/2024 4:31:00 AM,431,False,,,True
2354234,9370-2024-00783,1,False,9370,3/9/2024 4:33:00 AM,433,177,14,109,Oakland,1,True,True,B,SIDE SWIPE,,Saturday,Yes,False,M,,False,True,True,ALAMEDA SUPERIOR COURT WILEY W. MANUEL COURTHOUSE,C,OTHER MOTOR VEHICLE,,1,0,D,DARK-NO STREET LIGHTS,37.788273,-122.250274,,,,,A,NO PEDESTRIANS INVOLVED,3/9/2024 4:33:00 AM,A,VC 22350,False,1,I-880 N/B,,,4/3/2024 2:02:35 PM,D,N,1760.0,16TH AVE,F,,D,4/3/2024 2:02:38 PM,4/3/2024 2:02:38 PM,False,True,4,True,3/9/2024 4:36:00 AM,436,False,,,
2354207,9370-2024-00979,1,False,9370,3/22/2024 11:15:00 PM,2315,177,14,109,Oakland,1,True,True,D,BROADSIDE,,Friday,NotApplicable,False,,,False,True,False,ALAMEDA SUPERIOR COURT WILEY W. MANUEL COURTHOUSE,C,OTHER MOTOR VEHICLE,,0,0,D,DARK-NO STREET LIGHTS,37.791522,-122.26191,,,,,A,NO PEDESTRIANS INVOLVED,3/22/2024 11:15:00 PM,A,VC 22350,False,1,I-880 S/B,,,4/3/2024 1:49:47 PM,B,N,675.0,5TH AVE,F,,D,4/3/2024 1:49:50 PM,4/3/2024 1:49:50 PM,False,True,4,,3/22/2024 11:17:00 PM,2317,False,,,True
2354149,9370-2024-00981,1,False,9370,3/23/2024 10:00:00 PM,2200,025,14,109,Oakland,1,True,True,D,BROADSIDE,,Saturday,NotApplicable,False,,,False,True,True,ALAMEDA SUPERIOR COURT WILEY W. MANUEL COURTHOUSE,C,OTHER MOTOR VEHICLE,,1,0,D,DARK-NO STREET LIGHTS,37.824646,-122.268437,,,,,A,NO PEDESTRIANS INVOLVED,3/23/2024 10:00:00 PM,C,,,,SR-24 W/B,,,4/3/2024 1:07:12 PM,B,E,700.0,34TH STREET,F,,D,4/3/2024 1:07:15 PM,4/3/2024 1:07:15 PM,False,True,4,,3/23/2024 10:05:00 PM,2205,False,,,True
2354040,9370-2024-00982,1,False,9370,3/23/2024 10:31:00 AM,1031,025,14,109,Oakland,1,True,True,E,HIT OBJECT,,Saturday,NotApplicable,False,,,False,True,False,ALAMEDA SUPERIOR COURT WILEY W. MANUEL COURTHOUSE,I,FIXED OBJECT,CONCRETE BARRIER,0,0,D,DARK-NO STREET LIGHTS,37.824825,-122.268345,,,,,A,NO PEDESTRIANS INVOLVED,3/23/2024 10:31:00 AM,A,VC 22107,False,1,SR-24 W/B,,,4/3/2024 11:25:26 AM,B,E,200.0,I-580 E/B,F,,D,4/3/2024 11:25:28 AM,4/3/2024 11:25:28 AM,False,True,4,,3/23/2024 10:36:00 AM,1036,False,,,True
2354019,9370-2024-00997,1,False,9370,3/25/2024 3:20:00 PM,1520,053,14,109,Oakland,1,True,True,E,HIT OBJECT,,Monday,NotApplicable,False,,,False,True,False,ALAMEDA SUPERIOR COURT WILEY W. MANUEL COURTHOUSE,J,OTHER OBJECT,CONCRETE OBJECT,0,0,A,DAYLIGHT,37.793018,-122.203964,,,,,A,NO PEDESTRIANS INVOLVED,3/25/2024 3:20:00 PM,C,,,,I-580 W/B,,,4/3/2024 11:01:34 AM,A,W,311.0,35TH AVENUE,F,,D,4/3/2024 11:01:38 AM,4/3/2024 11:01:38 AM,False,True,4,,3/25/2024 3:25:00 PM,1525,True,EMBEDDED,,True
2354016,9370-2024-00946,1,False,9370,3/23/2024 9:30:00 AM,930,054,14,109,Oakland,1,True,True,B,SIDE SWIPE,,Saturday,NotApplicable,False,F,,False,True,False,ALAMEDA SUPERIOR COURT WILEY W. MANUEL COURTHOUSE,C,OTHER MOTOR VEHICLE,,0,0,A,DAYLIGHT,37.808146,-122.240967,,,,,A,NO PEDESTRIANS INVOLVED,3/23/2024 9:30:00 AM,A,VC 21658(a),False,1,I-580 W/B,,,4/3/2024 10:58:11 AM,B,E,1640.0,LAKESHORE BOULEVARD,F,,D,4/3/2024 10:58:14 AM,4/3/2024 10:58:14 AM,False,True,4,,3/23/2024 9:40:00 AM,940,False,,,True
2353909,9370-2024-00978,1,False,9370,3/24/2024 4:25:00 PM,1625,052,14,109,Oakland,1,True,True,E,HIT OBJECT,,Sunday,NotApplicable,False,M,,False,True,True,ALAMEDA SUPERIOR COURT WILEY W. MANUEL COURTHOUSE,I,FIXED OBJECT,DIRT/BRUSH AREA,0,0,A,DAYLIGHT,37.747099,-122.150499,,,,,A,NO PEDESTRIANS INVOLVED,3/24/2024 4:25:00 PM,A,VC 22107,False,1,I-580 E/B TO 106TH AVENUE,,,4/3/2024 9:57:24 AM,A,W,850.0,106TH AVE,F,,D,4/3/2024 9:57:26 AM,4/3/2024 9:57:26 AM,False,True,4,,3/24/2024 4:29:00 PM,1629,False,,,True
2353897,9370-2024-00977,1,False,9370,3/24/2024 1:00:00 PM,1300,052,14,109,Oakland,1,True,True,B,SIDE SWIPE,,Sunday,NotApplicable,False,,,False,True,False,ALAMEDA SUPERIOR COURT WILEY W. MANUEL COURTHOUSE,C,OTHER MOTOR VEHICLE,,0,0,A,DAYLIGHT,37.744455,-122.148237,,,,,A,NO PEDESTRIANS INVOLVED,3/24/2024 1:00:00 PM,A,VC 21658(a),False,1,I-580 E/B,,,4/3/2024 9:54:36 AM,A,E,260.0,106TH AVE,F,,D,4/3/2024 9:54:39 AM,4/3/2024 9:54:39 AM,False,True,4,,3/24/2024 1:13:00 PM,1313,False,,,True
2353876,9370-2024-00958,1,False,9370,3/23/2024 4:16:00 PM,1616,055,14,109,Oakland,1,True,True,E,HIT OBJECT,,Saturday,NotApplicable,False,,,False,True,False,ALAMEDA SUPERIOR COURT WILEY W. MANUEL COURTHOUSE,J,OTHER OBJECT,WHEEL,0,0,A,DAYLIGHT,37.826944,-122.279557,,,,,A,NO PEDESTRIANS INVOLVED,3/23/2024 4:16:00 PM,C,,,,I-580 E/B,,,4/3/2024 9:43:12 AM,B,E,60.0,ADELINE ST,F,,D,4/3/2024 9:43:14 AM,4/3/2024 9:43:14 AM,False,True,4,,3/23/2024 4:21:00 PM,1621,False,,,True
2353867,9370-2024-00951,1,False,9370,3/23/2024 9:05:00 AM,905,178,14,109,Oakland,1,True,True,B,SIDE SWIPE,,Saturday,NotApplicable,False,,,False,True,True,ALAMEDA SUPERIOR COURT WILEY W. MANUEL COURTHOUSE,C,OTHER MOTOR VEHICLE,,0,0,A,DAYLIGHT,37.801435,-122.282628,,,,,A,NO PEDESTRIANS INVOLVED,3/23/2024 9:05:00 AM,A,VC 22350,False,1,I-880 S/B,,,4/3/2024 9:38:41 AM,A,N,300.0,MARKET STREET,F,,D,4/3/2024 9:38:48 AM,4/3/2024 9:38:48 AM,False,True,4,,3/23/2024 9:10:00 AM,910,False,,,True
2353769,9370-2024-00985,1,False,9370,3/23/2024 4:18:00 AM,418,052,14,109,Oakland,1,True,True,E,HIT OBJECT,,Saturday,Yes,False,,,False,True,False,ALAMEDA SUPERIOR COURT WILEY W. MANUEL COURTHOUSE,J,OTHER OBJECT,CONCRETE CENTER DIVIDE,0,0,D,DARK-NO STREET LIGHTS,37.745923,-122.149369,,,,,A,NO PEDESTRIANS INVOLVED,3/23/2024 4:18:00 AM,A,VC 23152(a),True,1,I-580 W/B,,,4/3/2024 8:31:11 AM,B,W,301.0,106TH AVE,F,,D,4/3/2024 8:31:13 AM,4/3/2024 8:31:13 AM,False,True,4,,3/23/2024 4:30:00 AM,430,False,,,True
2353606,9370-2024-00966,1,False,9370,3/22/2024 11:25:00 PM,2325,053,14,109,Oakland,1,True,True,D,BROADSIDE,,Friday,Yes,False,M,,False,True,False,ALAMEDA SUPERIOR COURT WILEY W. MANUEL COURTHOUSE,C,OTHER MOTOR VEHICLE,,4,0,D,DARK-NO STREET LIGHTS,37.784029,-122.18513,,,,,A,NO PEDESTRIANS INVOLVED,3/22/2024 11:25:00 PM,A,VC 22350,False,1,I-580 E/B,,,4/3/2024 6:44:43 AM,B,E,930.0,MACARTHUR BLVD,F,,D,4/3/2024 6:44:47 AM,4/3/2024 6:44:47 AM,False,True,4,,3/22/2024 11:29:00 PM,2329,False,,,True
2353567,9370-2024-00957,1,False,9370,3/22/2024 10:40:00 PM,2240,177,14,109,Oakland,1,True,True,B,SIDE SWIPE,,Friday,NotApplicable,False,,,False,True,False,ALAMEDA SUPERIOR COURT WILEY W. MANUEL COURTHOUSE,C,OTHER MOTOR VEHICLE,,0,0,D,DARK-NO STREET LIGHTS,37.772432,-122.22585,,,,,A,NO PEDESTRIANS INVOLVED,3/22/2024 10:40:00 PM,A,VC 21658(a),False,1,I-880 S/B,,,4/3/2024 5:07:02 AM,B,N,2100.0,HIGH ST,F,,D,4/3/2024 5:07:03 AM,4/3/2024 5:07:03 AM,False,True,4,,3/22/2024 10:45:00 PM,2245,False,,,True
2353167,9370-2024-00873,1,False,9370,2/11/2024 1:04:00 PM,1304,008,14,109,Oakland,1,True,True,C,REAR END,,Sunday,NotApplicable,False,,,False,True,False,ALAMEDA SUPERIOR COURT WILEY W. MANUEL COURTHOUSE,C,OTHER MOTOR VEHICLE,,0,0,C,DARK-STREET LIGHTS,37.831412,-122.294121,,,,,A,NO PEDESTRIANS INVOLVED,2/11/2024 1:04:00 PM,A,VC 22350,False,1,I-80 W/B,,,4/2/2024 7:13:50 PM,A,E,4300.0,W GRAND AVE,F,,D,4/2/2024 7:13:55 PM,4/2/2024 7:13:55 PM,False,True,4,,2/23/2024 3:00:00 PM,1500,True,EMBEDDED,,True
2353153,9370-2024-00858,1,False,9370,3/16/2024 12:10:00 AM,10,054,14,109,Oakland,1,True,True,C,REAR END,,Saturday,NotApplicable,False,M,,False,True,False,ALAMEDA SUPERIOR COURT WILEY W. MANUEL COURTHOUSE,C,OTHER MOTOR VEHICLE,,0,0,C,DARK-STREET LIGHTS,37.818745,-122.254257,,,,,A,NO PEDESTRIANS INVOLVED,3/16/2024 12:10:00 AM,A,VC 22350,False,1,I-580 E/B TO OAKLAND AVENUE,,,4/2/2024 6:24:08 PM,A,W,50.0,OAKLAND AVE,F,,A,4/2/2024 6:24:11 PM,4/2/2024 6:24:11 PM,False,True,4,,3/16/2024 12:30:00 AM,30,False,,,True
2353142,9370-2024-00621,1,False,9370,2/24/2024 10:00:00 PM,2200,024,14,109,Oakland,1,True,True,E,HIT OBJECT,,Saturday,Yes,False,M,,False,True,False,ALAMEDA SUPERIOR COURT WILEY W. MANUEL COURTHOUSE,I,FIXED OBJECT,GUARD RAIL,0,0,C,DARK-STREET LIGHTS,37.830558,-122.267418,,,,,A,NO PEDESTRIANS INVOLVED,2/24/2024 10:00:00 PM,A,VC 22107,False,1,SR-24 W/B,,,4/2/2024 5:47:52 PM,A,E,350.0,40TH STREET,F,,D,4/2/2024 5:47:55 PM,4/2/2024 5:47:55 PM,False,True,4,,2/24/2024 10:19:00 PM,2219,False,,,True
2353121,9370-2024-00564,1,False,9370,2/19/2024 12:45:00 AM,45,053,14,109,Oakland,1,True,True,C,REAR END,,Monday,Yes,False,M,,False,True,False,ALAMEDA SUPERIOR COURT WILEY W. MANUEL COURTHOUSE,C,OTHER MOTOR VEHICLE,,0,0,C,DARK-STREET LIGHTS,37.802059,-122.230339,,,,,A,NO PEDESTRIANS INVOLVED,2/19/2024 12:45:00 AM,A,VC 22350,False,1,I-580 W/B,,,4/2/2024 4:55:14 PM,B,E,155.0,PARK AVE,F,,D,4/2/2024 4:55:18 PM,4/2/2024 4:55:18 PM,False,True,4,,2/19/2024 1:14:00 AM,114,False,,,True
2353082,9370-2024-00986,1,False,9370,3/22/2024 10:30:00 PM,2230,177,14,109,Oakland,1,True,True,C,REAR END,,Friday,NotApplicable,False,M,,False,True,False,ALAMEDA SUPERIOR COURT WILEY W. MANUEL COURTHOUSE,C,OTHER MOTOR VEHICLE,,0,0,D,DARK-NO STREET LIGHTS,37.77378,-122.229495,,,,,A,NO PEDESTRIANS INVOLVED,3/22/2024 10:30:00 PM,A,VC 22350,False,1,I-880 N/B,,,4/2/2024 4:23:24 PM,B,S,1000.0,29TH AVE,F,,D,4/2/2024 4:23:26 PM,4/2/2024 4:23:26 PM,False,True,4,,3/22/2024 10:35:00 PM,2235,False,,,True
2353051,9370-2024-00616,1,False,9370,2/21/2024 8:32:00 AM,832,008,14,109,Oakland,1,True,True,C,REAR END,,Wednesday,NotApplicable,False,,,False,True,False,ALAMEDA SUPERIOR COURT WILEY W. MANUEL COURTHOUSE,C,OTHER MOTOR VEHICLE,,0,0,A,DAYLIGHT,37.830307,-122.293864,,,,,A,NO PEDESTRIANS INVOLVED,2/21/2024 8:32:00 AM,A,VC 22350,False,1,I-80 W/B,,,4/2/2024 3:54:27 PM,A,E,75.0,I-880 S/B,F,,D,4/2/2024 3:54:29 PM,4/2/2024 3:54:29 PM,False,True,4,,2/21/2024 8:34:00 AM,834,False,,,True
2353040,9370-2024-00844,1,False,9370,3/14/2024 10:30:00 PM,2230,176,14,109,Oakland,1,True,True,B,SIDE SWIPE,,Thursday,NotApplicable,False,M,,False,True,False,ALAMEDA SUPERIOR COURT WILEY W. MANUEL COURTHOUSE,C,OTHER MOTOR VEHICLE,,0,0,D,DARK-NO STREET LIGHTS,37.728171,-122.185259,,,,,A,NO PEDESTRIANS INVOLVED,3/14/2024 10:30:00 PM,A,VC 21755,False,,I-880 N/B,,,4/2/2024 3:49:05 PM,A,S,1558.0,98TH AVENUE,F,,D,4/2/2024 3:49:07 PM,4/2/2024 3:49:07 PM,False,True,4,,3/14/2024 11:20:00 PM,2320,False,,,True
2353030,9370-2024-00813,1,False,9370,3/12/2024 4:20:00 PM,1620,177,14,109,Oakland,1,True,True,C,REAR END,,Tuesday,NotApplicable,False,M,,False,True,False,ALAMEDA SUPERIOR COURT ALAMEDA,C,OTHER MOTOR VEHICLE,,0,0,A,DAYLIGHT,37.794848,-122.265979,,,,,A,NO PEDESTRIANS INVOLVED,3/12/2024 4:20:00 PM,A,VC 22350,False,,I-880 SOUTHBOUND,,,4/2/2024 3:43:51 PM,A,S,185.0,OAK STREET,F,,D,4/2/2024 3:43:54 PM,4/2/2024 3:43:54 PM,False,True,4,,3/12/2024 4:29:00 PM,1629,False,,,True
2352995,9370-2024-00556,1,False,9370,2/19/2024 6:35:00 AM,635,055,14,109,Oakland,1,True,True,B,SIDE SWIPE,,Monday,NotApplicable,False,,,False,True,True,ALAMEDA SUPERIOR COURT WILEY W. MANUEL COURTHOUSE,C,OTHER MOTOR VEHICLE,,0,0,A,DAYLIGHT,37.826985,-122.286159,,,,,A,NO PEDESTRIANS INVOLVED,2/19/2024 6:35:00 AM,A,VC 21658(A),False,2,I-580 W/B,,,4/2/2024 3:25:17 PM,A,E,850.0,MANDELA PARKWAY,F,,D,4/2/2024 3:25:20 PM,4/2/2024 3:25:20 PM,False,True,4,,2/19/2024 6:45:00 AM,645,False,,,True
2352992,9370-2024-00791,1,False,9370,3/10/2024 8:20:00 AM,820,080,14,109,Oakland,1,True,True,C,REAR END,,Sunday,NotApplicable,False,M,,False,True,False,ALAMEDA SUPERIOR COURT WILEY W. MANUEL COURTHOUSE,C,OTHER MOTOR VEHICLE,,0,0,A,DAYLIGHT,37.838506,-122.296606,,,,,A,NO PEDESTRIANS INVOLVED,3/10/2024 8:20:00 AM,A,VC 22350,False,1,I-80 E/B,,,4/2/2024 3:24:11 PM,A,E,110.0,POWELL STREET,F,,D,4/2/2024 3:24:16 PM,4/2/2024 3:24:16 PM,False,True,4,,3/10/2024 8:30:00 AM,830,False,,,True
2352989,9370-2024-00782,1,False,9370,3/9/2024 4:31:00 AM,431,177,14,109,Oakland,1,True,True,C,REAR END,,Saturday,NotApplicable,False,M,,False,True,True,ALAMEDA SUPERIOR COURT WILEY W. MANUEL COURTHOUSE,E,PARKED MOTOR VEHICLE,,2,0,D,DARK-NO STREET LIGHTS,37.788065,-122.249618,,,,,A,NO PEDESTRIANS INVOLVED,3/9/2024 4:31:00 AM,A,VC 22350,False,1,I-880 N/B,,,4/2/2024 3:22:47 PM,D,N,1760.0,16TH AVE,F,,D,4/2/2024 3:22:50 PM,4/2/2024 3:22:50 PM,False,True,4,,3/9/2024 4:36:00 AM,436,False,,,True
2352942,9370-2024-00674,1,False,9370,2/27/2024 10:15:00 PM,2215,176,14,109,Oakland,1,True,True,E,HIT OBJECT,,Tuesday,Yes,False,,,False,True,True,ALAMEDA SUPERIOR COURT WILEY W. MANUEL COURTHOUSE,I,FIXED OBJECT,STEEL FENCE,1,0,C,DARK-STREET LIGHTS,37.755665,-122.209014,,,,,A,NO PEDESTRIANS INVOLVED,2/27/2024 10:15:00 PM,A,VC 22350,False,1,I-880 N/B,,,4/2/2024 2:50:28 PM,A,N,676.0,66TH AVE,F,,D,4/2/2024 2:50:32 PM,4/2/2024 2:50:32 PM,False,True,4,False,2/27/2024 10:20:00 PM,2220,False,,,True
2352722,9370-2023-04201,1,False,9370,2/9/2024 9:45:00 AM,945,053,14,109,Oakland,1,True,True,C,REAR END,,Friday,NotApplicable,False,M,,False,True,False,ALAMEDA SUPERIOR COURT WILEY W. MANUEL COURTHOUSE,C,OTHER MOTOR VEHICLE,,0,0,A,DAYLIGHT,37.799399,-122.22061,,,,,A,NO PEDESTRIANS INVOLVED,2/9/2024 9:45:00 AM,A,VC 22350,False,1,I-580 W/B FROM FRUITVALE AVENUE,,,4/2/2024 12:32:29 PM,A,W,1100.0,FRUITVALE AVENUE,F,,D,4/2/2024 12:32:32 PM,4/2/2024 12:32:32 PM,False,True,4,,2/9/2024 10:00:00 AM,1000,False,,,True
2352718,9370-2024-00943,1,False,9370,3/22/2024 10:00:00 PM,2200,054,14,109,Oakland,1,True,True,B,SIDE SWIPE,,Friday,NotApplicable,False,M,,False,True,False,ALAMEDA SUPERIOR COURT WILEY W. MANUEL COURTHOUSE,C,OTHER MOTOR VEHICLE,,0,0,D,DARK-NO STREET LIGHTS,37.809383,-122.245625,,,,,A,NO PEDESTRIANS INVOLVED,3/22/2024 10:00:00 PM,A,VC 21658(A),False,1,I-580 E/B,,,4/2/2024 12:30:40 PM,B,E,226.0,LAKESHORE AVENUE,F,,D,4/2/2024 12:30:42 PM,4/2/2024 12:30:42 PM,False,True,4,,3/22/2024 10:05:00 PM,2205,False,,,True
2352679,9370-2024-00964,1,False,9370,3/22/2024 9:30:00 PM,2130,177,14,109,Oakland,1,True,True,D,BROADSIDE,,Friday,NotApplicable,False,,,False,True,False,ALAMEDA SUPERIOR COURT WILEY W. MANUEL COURTHOUSE,C,OTHER MOTOR VEHICLE,,0,0,D,DARK-NO STREET LIGHTS,37.793204,-122.263825,,,,,A,NO PEDESTRIANS INVOLVED,3/22/2024 9:30:00 PM,A,VC 22350,False,1,I-880 S/B,,,4/2/2024 12:06:01 PM,B,S,1020.0,OAK ST,F,,D,4/2/2024 12:06:05 PM,4/2/2024 12:06:05 PM,False,True,4,,3/22/2024 9:35:00 PM,2135,False,,,
2352647,9370-2024-00944,1,False,9370,3/20/2024 12:30:00 PM,1230,098,14,109,Oakland,1,True,True,B,SIDE SWIPE,,Wednesday,NotApplicable,False,,,False,True,False,ALAMEDA SUPERIOR COURT WILEY W. MANUEL COURTHOUSE,C,OTHER MOTOR VEHICLE,,0,0,A,DAYLIGHT,37.822451,-122.269087,,,,,A,NO PEDESTRIANS INVOLVED,3/20/2024 12:30:00 PM,A,VC 21658(A),False,,I-980 W/B,,,4/2/2024 11:46:52 AM,A,E,2059.0,27TH ST,F,,D,4/2/2024 11:46:53 AM,4/2/2024 11:46:53 AM,False,True,4,,3/20/2024 12:40:00 PM,1240,False,,,True
2352632,9370-2024-00961,1,False,9370,3/22/2024 8:55:00 PM,2055,024,14,109,Oakland,1,True,True,E,HIT OBJECT,,Friday,No,False,,,False,True,True,ALAMEDA SUPERIOR COURT WILEY W. MANUEL COURTHOUSE,I,FIXED OBJECT,CONCRETE BARRIER WALL,0,0,C,DARK-STREET LIGHTS,37.849415,-122.242249,,,,,F,NOT IN ROAD,3/22/2024 8:55:00 PM,A,VC 22350,False,1,SR-24 W/B,,,4/2/2024 11:37:51 AM,B,E,450.0,BROADWAY,F,,D,4/2/2024 11:37:53 AM,4/2/2024 11:37:53 AM,False,True,4,,3/22/2024 9:20:00 PM,2120,False,,,
2352609,9370-2024-00950,1,False,9370,3/22/2024 5:50:00 PM,1750,024,14,109,Oakland,1,True,True,C,REAR END,,Friday,NotApplicable,False,,,False,True,False,ALAMEDA SUPERIOR COURT WILEY W. MANUEL COURTHOUSE,C,OTHER MOTOR VEHICLE,,1,0,C,DARK-STREET LIGHTS,37.855364,-122.218039,,,,,A,NO PEDESTRIANS INVOLVED,3/22/2024 5:50:00 PM,A,VC 22350,False,1,SR-24 W/B (CALDECOTT TUNNEL BORE #4),,,4/2/2024 11:17:26 AM,B,E,1610.0,OLD TUNNEL ROAD,F,,D,4/2/2024 11:17:29 AM,4/2/2024 11:17:29 AM,False,True,4,,3/22/2024 5:55:00 PM,1755,False,,,True
2352606,9370-2024-00907,1,False,9370,3/20/2024 10:15:00 AM,1015,177,14,109,Oakland,1,True,True,B,SIDE SWIPE,,Wednesday,NotApplicable,False,,,False,True,False,ALAMEDA SUPERIOR COURT WILEY W. MANUEL COURTHOUSE,C,OTHER MOTOR VEHICLE,,0,0,A,DAYLIGHT,37.79518,-122.266108,,,,,A,NO PEDESTRIANS INVOLVED,3/20/2024 10:15:00 AM,A,VC 21658(A),False,1,I-880 N/B,,,4/2/2024 11:16:37 AM,A,S,2761.0,BROADWAY,F,,D,4/2/2024 11:16:41 AM,4/2/2024 11:16:41 AM,False,True,4,,3/20/2024 12:00:00 PM,1200,False,,,True
2352603,9370-2024-00717,1,False,9370,3/3/2024 2:40:00 AM,240,008,14,109,Oakland,1,True,True,E,HIT OBJECT,,Sunday,NotApplicable,False,,,False,True,False,ALAMEDA SUPERIOR COURT WILEY W. MANUEL COURTHOUSE,I,FIXED OBJECT,CONCRETE  WALL,0,0,D,DARK-NO STREET LIGHTS,37.829094,-122.293764,,,,,A,NO PEDESTRIANS INVOLVED,3/3/2024 2:40:00 AM,A,VC 23152(A),True,1,I-80 W/B TO I-580/ I-880,,,4/2/2024 11:13:49 AM,B,W,3225.0,POWELL ST,F,,D,4/2/2024 11:13:50 AM,4/2/2024 11:13:50 AM,False,True,4,,3/3/2024 2:50:00 AM,250,False,,,
2352590,9335-2024-00682,2,False,9335,3/11/2024 6:00:00 AM,600,082,14,109,Oakland,1,True,True,C,REAR END,,Monday,NotApplicable,False,M,,False,True,False,ALAMEDA SUPERIOR COURT ALAMEDA,C,OTHER MOTOR VEHICLE,,0,0,B,DUSK-DAWN,37.824924,-122.314119,,,,,A,NO PEDESTRIANS INVOLVED,3/11/2024 6:00:00 AM,A,VC 22350,False,1,I-80 W/B,,,4/3/2024 7:11:13 AM,A,W,50.55,TOLL PLAZA,F,,A,4/2/2024 11:06:18 AM,4/3/2024 7:11:25 AM,False,True,4,,3/11/2024 3:12:00 PM,1512,True,EMBEDDED,,True
2352547,9370-2024-00969,1,False,9370,3/22/2024 4:20:00 PM,1620,176,14,109,Oakland,1,True,True,B,SIDE SWIPE,,Friday,NotApplicable,False,M,,False,True,True,ALAMEDA SUPERIOR COURT WILEY W. MANUEL COURTHOUSE,C,OTHER MOTOR VEHICLE,,0,0,A,DAYLIGHT,37.738332,-122.194219,,,,,A,NO PEDESTRIANS INVOLVED,3/22/2024 4:20:00 PM,A,VC 21658(a),False,1,I-880 N/B,,,4/2/2024 10:35:08 AM,B,N,936.0,HEGENBERGER RD,F,,D,4/2/2024 10:35:11 AM,4/2/2024 10:35:11 AM,False,True,4,,3/22/2024 4:37:00 PM,1637,False,,,True
2352364,9370-2024-00933,1,False,9370,3/22/2024 10:55:00 AM,1055,008,14,109,Oakland,1,True,True,B,SIDE SWIPE,,Friday,NotApplicable,False,M,,False,True,False,ALAMEDA SUPERIOR COURT WILEY W. MANUEL COURTHOUSE,C,OTHER MOTOR VEHICLE,,0,0,A,DAYLIGHT,37.825287,-122.313138,,,,,A,NO PEDESTRIANS INVOLVED,3/22/2024 10:55:00 AM,A,VC 22107,False,1,INTERSTATE 80 WESTBOUND,,,4/2/2024 8:34:42 AM,A,E,210.0,SAN FRANCISCO / OAKLAND BAY BRIDGE,F,,A,4/2/2024 8:34:44 AM,4/2/2024 8:34:44 AM,False,True,4,,3/22/2024 12:09:00 PM,1209,False,,,True