collision-id,report-number,report-version,is-preliminary,ncic-code,crash-date-time,crash-time-description,beat,city-id,city-code,city-name,county-code,city-is-active,city-is-incorporated,collision-type-code,collision-type-description,collision-type-other-desc,day-of-week,dispatch-notified,has-photographs,hit-run,is-attachments-mailed,is-deleted,is-highway-related,is-tow-away,judicial-district,motor-vehicle-involved-with-code,motor-vehicle-involved-with-desc,motor-vehicle-involved-with-other-desc,number-injured,number-killed,lighting-code,lighting-description,latitude,longitude,milepost-direction,milepost-distance,milepost-marker,milepost-unit-of-measure,pedestrian-action-code,pedestrian-action-desc,prepared-date,primary-collision-factor-code,primary-collision-factor-description,primary-collision-factor-is-cited,primary-collision-party-number,primary-road,reporting-district,reporting-district-code,reviewed-date,roadway-surface-code,secondary-direction,secondary-distance,secondary-road,secondary-unit-of-measure,sketch-desc,traffic-control-device-code,created-date,modified-date,is-county-road,is-freeway,chp-555-version,is-additonal-object-struck,notification-date,notification-time-description,has-digital-media-files,evidence-number,is-location-refer-to-narrative,is-aoi-one-same-as-location
2352302,9370-2024-00931,1,False,9370,3/22/2024 8:34:00 AM,834,054,14,109,Oakland,1,True,True,B,SIDE SWIPE,,Friday,NotApplicable,False,,,False,True,False,ALAMEDA SUPERIOR COURT WILEY W. MANUEL COURTHOUSE,C,OTHER MOTOR VEHICLE,,0,0,A,DAYLIGHT,37.808121,-122.240811,,,,,A,NO PEDESTRIANS INVOLVED,3/22/2024 8:34:00 AM,A,VC 21658(A),False,1,I-580 W/B,,,4/2/2024 8:09:18 AM,A,E,200.0,LAKESHORE AVE,F,,D,4/2/2024 8:09:21 AM,4/2/2024 8:09:21 AM,False,True,4,,3/22/2024 8:40:00 AM,840,False,,False,True
2352264,9370-2024-01005,1,False,9370,3/21/2024 10:05:00 PM,2205,008,14,109,Oakland,1,True,True,B,SIDE SWIPE,,Thursday,NotApplicable,False,M,,False,True,False,ALAMEDA SUPERIOR COURT WILEY W. MANUEL COURTHOUSE,C,OTHER MOTOR VEHICLE,,0,0,C,DARK-STREET LIGHTS,37.826151,-122.299259,,,,,A,NO PEDESTRIANS INVOLVED,3/21/2024 10:05:00 PM,A,VC 21658(a),False,1,I-80 E/B TO I-580 E/B,,,4/2/2024 7:51:32 AM,A,E,4165.0,SFOBB TOLL PLAZA,F,,D,4/2/2024 7:51:37 AM,4/2/2024 7:51:37 AM,False,True,4,,3/21/2024 10:10:00 PM,2210,False,,False,True
2352251,9370-2024-00706,1,False,9370,3/2/2024 2:50:00 AM,250,177,14,109,Oakland,1,True,True,F,OVERTURNED,,Saturday,Yes,False,,,False,True,False,ALAMEDA SUPERIOR COURT WILEY W. MANUEL COURTHOUSE,A,NON-COLLISION,,0,0,C,DARK-STREET LIGHTS,37.792197,-122.262547,,,,,A,NO PEDESTRIANS INVOLVED,3/2/2024 2:50:00 AM,A,VC 22350,False,1,I-880 S/B,,,4/2/2024 7:35:46 AM,B,N,800.0,5TH AVE,F,,D,4/2/2024 7:35:50 AM,4/2/2024 7:35:50 AM,False,True,4,,3/2/2024 3:30:00 AM,330,False,,,True
2352226,9370-2024-00930,1,False,9370,3/21/2024 6:40:00 PM,1840,053,14,109,Oakland,1,True,True,C,REAR END,,Thursday,NotApplicable,False,,,False,True,True,ALAMEDA SUPERIOR COURT WILEY W. MANUEL COURTHOUSE,C,OTHER MOTOR VEHICLE,,2,0,A,DAYLIGHT,37.79628,-122.209133,,,,,A,NO PEDESTRIANS INVOLVED,3/21/2024 6:40:00 PM,A,VC 23152(a),True,1,I-580 W/B TO COOLIDGE AVENUE,,,4/2/2024 7:05:18 AM,A,E,408.0,COOLIDGE AVE,F,,A,4/2/2024 7:05:21 AM,4/2/2024 7:05:21 AM,False,True,4,,3/21/2024 7:13:00 PM,1913,False,,,True
2352171,9370-2024-00926,1,False,9370,3/21/2024 6:00:00 PM,1800,008,14,109,Oakland,1,True,True,E,HIT OBJECT,,Thursday,NotApplicable,False,M,,False,True,False,ALAMEDA SUPERIOR COURT WILEY W. MANUEL COURTHOUSE,J,OTHER OBJECT,METAL FENCE,0,0,B,DUSK-DAWN,37.822469,-122.299993,,,,,A,NO PEDESTRIANS INVOLVED,3/21/2024 6:00:00 PM,A,VC 23114(a),False,1,I-80 E/B TO I-880 S/B,,,4/2/2024 5:11:08 AM,A,E,145.0,MARITIME STREET,F,,D,4/2/2024 5:11:10 AM,4/2/2024 5:11:10 AM,False,True,4,,3/21/2024 6:10:00 PM,1810,False,,,True
2352170,9370-2024-00924,1,False,9370,3/21/2024 11:55:00 AM,1155,054,14,109,Oakland,1,True,True,C,REAR END,,Thursday,NotApplicable,False,,,False,True,False,ALAMEDA SUPERIOR COURT WILEY W. MANUEL COURTHOUSE,C,OTHER MOTOR VEHICLE,,1,0,A,DAYLIGHT,37.814895,-122.250979,,,,,A,NO PEDESTRIANS INVOLVED,3/21/2024 11:55:00 AM,A,VC 22350,False,1,I-580 W/B,,,4/2/2024 5:05:30 AM,A,E,512.0,CHETWOOD ST,F,,D,4/2/2024 5:05:33 AM,4/2/2024 5:05:33 AM,False,True,4,,3/21/2024 12:03:00 PM,1203,False,,,True
2351338,9335-2024-00751,1,False,9335,3/30/2024 12:25:00 PM,1225,082,14,109,Oakland,1,True,True,C,REAR END,,Saturday,NotApplicable,False,M,,False,True,True,ALAMEDA SUPERIOR COURT WILEY W. MANUEL COURTHOUSE,C,OTHER MOTOR VEHICLE,,0,0,A,DAYLIGHT,37.823042,-122.320777,,,,,A,NO PEDESTRIANS INVOLVED,3/30/2024 12:25:00 PM,A,VC 22350,False,,I-80 W/B,,,3/31/2024 4:19:11 PM,A,W,1050.0,METERING LIGHTS,F,,D,3/31/2024 4:20:54 PM,3/31/2024 4:20:54 PM,False,True,4,,3/30/2024 12:26:00 PM,1226,False,,,True
2373146,9370-2024-01252,1,False,9370,4/11/2024 8:55:00 PM,2055,055,14,109,Oakland,1,True,True,C,REAR END,,Thursday,NotApplicable,False,M,,False,True,False,ALAMEDA SUPERIOR COURT WILEY W. MANUEL COURTHOUSE,C,OTHER MOTOR VEHICLE,,0,0,C,DARK-STREET LIGHTS,37.827309,-122.282295,,,,,A,NO PEDESTRIANS INVOLVED,4/11/2024 8:55:00 PM,A,VC 22350,False,1,INTERSTATE 580 EASTBOUND,,,4/23/2024 11:23:58 AM,A,W,1093.0,SAN PABLO AVENUE,F,,D,4/23/2024 11:24:00 AM,4/23/2024 11:24:00 AM,False,True,4,,4/11/2024 9:05:00 PM,2105,True,AREA PHOTO FILE,,False
2372880,9370-2024-01259,1,False,9370,4/9/2024 11:10:00 AM,1110,055,14,109,Oakland,1,True,True,G,VEHICLE/PEDESTRAIN,,Tuesday,NotApplicable,False,,,False,True,False,ALAMEDA SUPERIOR COURT WILEY W. MANUEL COURTHOUSE,B,PEDESTRIAN,,1,0,C,DARK-STREET LIGHTS,37.825431,-122.271433,,,,,E,IN ROAD - INCLUDES SHOULDER,4/9/2024 11:10:00 AM,A,VC 21954(A),False,1,INTERSTATE 580 WESTBOUND TO WEST STREET,,,4/23/2024 8:49:31 AM,A,E,194.0,WEST STREET,F,,D,4/23/2024 8:49:33 AM,4/23/2024 8:49:33 AM,False,True,4,,4/9/2024 11:12:00 AM,1112,False,,,True
2372800,9370-2024-01182,1,False,9370,4/9/2024 9:10:00 AM,910,052,14,109,Oakland,1,True,True,C,REAR END,,Tuesday,NotApplicable,False,,,False,True,False,ALAMEDA SUPERIOR COURT WILEY W. MANUEL COURTHOUSE,C,OTHER MOTOR VEHICLE,,1,0,A,DAYLIGHT,37.748007,-122.150619,,,,,A,NO PEDESTRIANS INVOLVED,4/9/2024 9:10:00 AM,A,VC 22350,False,1,I-580 E/B,,,4/23/2024 7:54:35 AM,A,W,1210.0,106TH AVE,F,,D,4/23/2024 7:54:39 AM,4/23/2024 7:54:39 AM,False,True,4,,4/9/2024 9:17:00 AM,917,False,,,True
2372713,9370-2024-01302,1,False,9370,4/20/2024 10:43:00 AM,1043,055,14,109,Oakland,1,True,True,C,REAR END,,Saturday,NotApplicable,False,,,False,True,False,ALAMEDA SUPERIOR COURT WILEY W. MANUEL COURTHOUSE,C,OTHER MOTOR VEHICLE,,0,0,A,DAYLIGHT,37.822606,-122.26052,,,,,A,NO PEDESTRIANS INVOLVED,4/20/2024 10:43:00 AM,A,VC 22350,False,2,I-580 W/B,,,4/23/2024 6:06:12 AM,A,W,135.0,BROADWAY,F,,D,4/23/2024 6:06:14 AM,4/23/2024 6:06:14 AM,False,True,4,,4/20/2024 10:52:00 AM,1052,False,,,True
2372704,9370-2024-01300,1,False,9370,4/19/2024 3:20:00 PM,1520,177,14,109,Oakland,1,True,True,C,REAR END,,Friday,NotApplicable,False,,,False,True,True,ALAMEDA SUPERIOR COURT WILEY W. MANUEL COURTHOUSE,C,OTHER MOTOR VEHICLE,,0,0,A,DAYLIGHT,37.792122,-122.262018,,,,,A,NO PEDESTRIANS INVOLVED,4/19/2024 3:20:00 PM,A,VC 22350,False,1,I-880 N/B,,,4/23/2024 5:45:58 AM,A,S,1700.0,OAK ST,F,,D,4/23/2024 5:46:00 AM,4/23/2024 5:46:00 AM,False,True,4,,4/19/2024 3:30:00 PM,1530,False,,,True
2372690,9370-2024-01269,2,False,9370,4/17/2024 3:15:00 PM,1515,054,14,109,Oakland,1,True,True,B,SIDE SWIPE,,Wednesday,NotApplicable,False,,,False,True,False,ALAMEDA SUPERIOR COURT WILEY W. MANUEL COURTHOUSE,C,OTHER MOTOR VEHICLE,,0,0,A,DAYLIGHT,37.814019,-122.250962,,,,,A,NO PEDESTRIANS INVOLVED,4/17/2024 3:15:00 PM,A,VC 21658(A),False,1,I-580 E/B,,,5/28/2024 8:36:43 AM,A,W,1500.0,GRAND AVE,F,,D,4/23/2024 5:08:52 AM,5/28/2024 8:36:46 AM,False,True,4,,4/17/2024 3:37:00 PM,1537,False,,,True
2372415,9370-2024-01233,1,False,9370,4/13/2024 3:40:00 PM,1540,052,14,109,Oakland,1,True,True,C,REAR END,,Saturday,Yes,False,,,False,True,True,ALAMEDA SUPERIOR COURT WILEY W. MANUEL COURTHOUSE,C,OTHER MOTOR VEHICLE,,1,0,A,DAYLIGHT,37.73761,-122.140687,,,,,A,NO PEDESTRIANS INVOLVED,4/13/2024 3:40:00 PM,A,VC 21658(A),False,1,I-580 W/B,,,4/22/2024 9:07:58 PM,B,E,5.0,FOOTHILL BLVD,F,,D,4/22/2024 9:08:00 PM,4/22/2024 9:08:00 PM,False,True,4,,4/13/2024 3:45:00 PM,1545,False,,,True
2372367,9335-2024-00879,1,False,9335,4/18/2024 7:10:00 AM,710,082,14,109,Oakland,1,True,True,C,REAR END,,Thursday,Yes,False,,,False,True,False,ALAMEDA SUPERIOR COURT ALAMEDA,C,OTHER MOTOR VEHICLE,,0,0,B,DUSK-DAWN,37.822307,-122.327153,,,,,A,NO PEDESTRIANS INVOLVED,4/18/2024 7:10:00 AM,A,VC 22350,False,1,I-80 WB,,,4/22/2024 5:13:48 PM,A,W,4000.0,TOLL PLAZA,F,,D,4/22/2024 5:13:52 PM,4/22/2024 5:13:52 PM,False,True,4,,4/18/2024 7:15:00 AM,715,False,,,True
2372329,9335-2024-00835,1,False,9335,4/11/2024 5:30:00 PM,1730,086,14,109,Oakland,1,True,True,B,SIDE SWIPE,,Thursday,NotApplicable,False,,,False,True,False,ALAMEDA SUPERIOR COURT ALAMEDA,C,OTHER MOTOR VEHICLE,,0,0,A,DAYLIGHT,37.824459,-122.314182,,,,,A,NO PEDESTRIANS INVOLVED,4/11/2024 5:30:00 PM,A,VC 21658(A),False,1,I-80 W/B,,,4/22/2024 4:10:48 PM,A,W,100.0,WEST EDGE OF TOLL BOOTH #2,F,,D,4/22/2024 4:10:51 PM,4/22/2024 4:10:51 PM,False,True,4,,4/11/2024 5:32:00 PM,1732,False,,,True
2372146,9370-2024-01311,1,False,9370,4/20/2024 11:40:00 PM,2340,052,14,109,Oakland,1,True,True,B,SIDE SWIPE,,Saturday,NotApplicable,False,M,,False,True,False,ALAMEDA SUPERIOR COURT WILEY W. MANUEL COURTHOUSE,C,OTHER MOTOR VEHICLE,,0,0,D,DARK-NO STREET LIGHTS,37.769825,-122.154422,,,,,A,NO PEDESTRIANS INVOLVED,4/20/2024 11:40:00 PM,A,VC 21658(a),False,1,I-580 W/B,,,4/22/2024 1:29:43 PM,A,E,942.0,KELLER AVE,F,,D,4/22/2024 1:29:47 PM,4/22/2024 1:29:47 PM,False,True,4,,4/20/2024 11:46:00 PM,2346,False,,,True
2372137,9370-2024-00854,1,False,9370,3/15/2024 3:10:00 PM,1510,024,14,109,Oakland,1,True,True,C,REAR END,,Friday,NotApplicable,False,,,False,True,False,ALAMEDA SUPERIOR COURT WILEY W. MANUEL COURTHOUSE,C,OTHER MOTOR VEHICLE,,0,0,A,DAYLIGHT,37.854248,-122.220012,,,,,A,NO PEDESTRIANS INVOLVED,3/15/2024 3:10:00 PM,A,VC 22350,False,1,SR-24 E/B,,,4/22/2024 1:12:22 PM,A,W,745.0,CALDECOTT TUNL,F,,D,4/22/2024 1:12:25 PM,4/22/2024 1:12:25 PM,False,True,4,,3/15/2024 3:18:00 PM,1518,False,,,True
2372132,9345-2024-01425,1,False,9345,4/15/2024 6:55:00 AM,655,904,14,109,Oakland,1,True,True,D,BROADSIDE,,Monday,NotApplicable,False,,,False,False,True,ALAMEDA SUPERIOR COURT WILEY W. MANUEL COURTHOUSE,C,OTHER MOTOR VEHICLE,,0,0,A,DAYLIGHT,37.731129,-122.189945,,,,,A,NO PEDESTRIANS INVOLVED,4/15/2024 6:55:00 AM,A,VC 21453(A),False,1,98TH AVENUE,,,4/22/2024 1:08:05 PM,A,,,I-880 SOUTHBOUND,,,A,4/22/2024 1:08:07 PM,4/22/2024 1:08:07 PM,True,False,4,,4/15/2024 6:59:00 AM,659,False,,,True
2372125,9370-2024-01287,1,False,9370,4/13/2024 1:10:00 PM,1310,176,14,109,Oakland,1,True,True,C,REAR END,,Saturday,NotApplicable,False,,,False,True,False,ALAMEDA SUPERIOR COURT WILEY W. MANUEL COURTHOUSE,C,OTHER MOTOR VEHICLE,,0,0,A,DAYLIGHT,37.729254,-122.186363,,,,,A,NO PEDESTRIANS INVOLVED,4/13/2024 1:10:00 PM,A,VC 22350,False,1,I-880 N/B,,,4/22/2024 1:04:18 PM,A,S,1056.0,98TH AVENUE,F,,D,4/22/2024 1:04:23 PM,4/22/2024 1:04:23 PM,False,True,4,,4/13/2024 1:20:00 PM,1320,False,,,True
2372119,9370-2024-00802,1,False,9370,3/8/2024 2:36:00 AM,236,054,14,109,Oakland,1,True,True,E,HIT OBJECT,,Friday,NotApplicable,False,,,False,True,True,ALAMEDA SUPERIOR COURT WILEY W. MANUEL COURTHOUSE,I,FIXED OBJECT,CENTER MEDIAN,1,0,D,DARK-NO STREET LIGHTS,37.808077,-122.241058,,,,,A,NO PEDESTRIANS INVOLVED,3/8/2024 2:36:00 AM,A,VC 23152(a),True,1,I-580 E/B,,,4/22/2024 1:00:20 PM,A,W,2614.0,PARK BLVD,F,,D,4/22/2024 1:00:23 PM,4/22/2024 1:00:23 PM,False,True,4,,3/8/2024 2:41:00 AM,241,False,,False,True
2372118,9370-2024-01286,1,False,9370,4/18/2024 1:00:00 PM,1300,176,14,109,Oakland,1,True,True,E,HIT OBJECT,,Thursday,NotApplicable,False,,,False,True,True,ALAMEDA SUPERIOR COURT WILEY W. MANUEL COURTHOUSE,I,FIXED OBJECT,TREE,1,0,A,DAYLIGHT,37.737282,-122.193106,,,,,A,NO PEDESTRIANS INVOLVED,4/18/2024 1:00:00 PM,A,VC 22107,False,1,I-880 N/B,,,4/22/2024 12:56:35 PM,A,S,1364.0,HEGENBERGER RD,F,,D,4/22/2024 12:56:37 PM,4/22/2024 12:56:37 PM,False,True,4,,4/18/2024 1:05:00 PM,1305,False,,,True
2372117,9370-2024-01274,1,False,9370,4/18/2024 2:29:00 AM,229,055,14,109,Oakland,1,True,True,B,SIDE SWIPE,,Thursday,NotApplicable,False,M,,False,True,False,ALAMEDA SUPERIOR COURT WILEY W. MANUEL COURTHOUSE,C,OTHER MOTOR VEHICLE,,0,0,C,DARK-STREET LIGHTS,37.822139,-122.259353,,,,,A,NO PEDESTRIANS INVOLVED,4/18/2024 2:29:00 AM,A,VC 21658(a),False,1,I-580 W/B,,,4/22/2024 12:55:06 PM,A,E,100.0,BROADWAY,F,,D,4/22/2024 12:55:07 PM,4/22/2024 12:55:07 PM,False,True,4,,4/18/2024 2:40:00 AM,240,False,,,True
2372114,9370-2024-01251,1,False,9370,4/15/2024 4:20:00 PM,1620,052,14,109,Oakland,1,True,True,B,SIDE SWIPE,,Monday,NotApplicable,False,M,,False,True,False,ALAMEDA SUPERIOR COURT WILEY W. MANUEL COURTHOUSE,C,OTHER MOTOR VEHICLE,,0,0,A,DAYLIGHT,37.776443,-122.164631,,,,,A,NO PEDESTRIANS INVOLVED,4/15/2024 4:20:00 PM,A,VC 21658(a),False,1,I-580 E/B,,,4/22/2024 12:53:57 PM,A,W,294.0,EDWARDS AVE,F,,D,4/22/2024 12:53:58 PM,4/22/2024 12:53:58 PM,False,True,4,,4/15/2024 4:25:00 PM,1625,False,,,True
2372110,9370-2024-01208,1,False,9370,4/12/2024 8:30:00 AM,830,177,14,109,Oakland,1,True,True,B,SIDE SWIPE,,Friday,NotApplicable,False,,,False,True,False,ALAMEDA SUPERIOR COURT WILEY W. MANUEL COURTHOUSE,C,OTHER MOTOR VEHICLE,,0,0,A,DAYLIGHT,37.810684,-122.30409,,,,,A,NO PEDESTRIANS INVOLVED,4/12/2024 8:30:00 AM,A,VC 21658(a),False,1,INTERSTATE 880 NORTHBOUND,,,4/22/2024 12:51:54 PM,A,N,700.0,7TH STREET,F,,D,4/22/2024 12:51:55 PM,4/22/2024 12:51:55 PM,False,True,4,,4/12/2024 8:35:00 AM,835,False,,,True
2372100,9370-2024-01172,1,False,9370,3/8/2024 3:40:00 PM,1540,024,14,109,Oakland,1,True,True,B,SIDE SWIPE,,Friday,NotApplicable,False,,,False,True,False,ALAMEDA SUPERIOR COURT WILEY W. MANUEL COURTHOUSE,C,OTHER MOTOR VEHICLE,,0,0,A,DAYLIGHT,37.854174,-122.220205,,,,,A,NO PEDESTRIANS INVOLVED,3/8/2024 3:40:00 PM,A,VC 21658(A),False,1,SR-24 E/B,,,4/22/2024 12:44:13 PM,A,W,795.0,CALDECOTT TUNNEL,F,,D,4/22/2024 12:44:16 PM,4/22/2024 12:44:16 PM,False,True,4,,4/3/2024 3:45:00 PM,1545,False,,,True
2371985,9370-2024-01271,1,False,9370,4/17/2024 5:35:00 PM,1735,176,14,109,Oakland,1,True,True,C,REAR END,,Wednesday,NotApplicable,False,M,,False,True,False,ALAMEDA SUPERIOR COURT WILEY W. MANUEL COURTHOUSE,C,OTHER MOTOR VEHICLE,,0,0,A,DAYLIGHT,37.768871,-122.220903,,,,,A,NO PEDESTRIANS INVOLVED,4/17/2024 5:35:00 PM,A,VC 22350,False,1,I-880 S/B,,,4/22/2024 11:18:28 AM,A,N,240.0,HIGH ST,F,,D,4/22/2024 11:18:30 AM,4/22/2024 11:18:30 AM,False,True,4,,4/17/2024 5:40:00 PM,1740,False,,,True
2371975,9370-2024-01253,1,False,9370,4/16/2024 7:10:00 AM,710,008,14,109,Oakland,1,True,True,B,SIDE SWIPE,,Tuesday,NotApplicable,False,,,False,True,False,ALAMEDA SUPERIOR COURT WILEY W. MANUEL COURTHOUSE,C,OTHER MOTOR VEHICLE,,0,0,A,DAYLIGHT,37.825045,-122.312882,,,,,A,NO PEDESTRIANS INVOLVED,4/16/2024 7:10:00 AM,A,VC 21658(A),False,1,I-80 W/B,,,4/22/2024 11:15:45 AM,A,W,948.0,WEST GRAND AVE,F,,D,4/22/2024 11:15:46 AM,4/22/2024 11:15:46 AM,False,True,4,,4/16/2024 7:14:00 AM,714,False,,,True
2371968,9370-2024-01240,1,False,9370,4/14/2024 8:12:00 AM,812,098,14,109,Oakland,1,True,True,B,SIDE SWIPE,,Sunday,NotApplicable,False,,,False,True,False,ALAMEDA SUPERIOR COURT WILEY W. MANUEL COURTHOUSE,C,OTHER MOTOR VEHICLE,,0,0,A,DAYLIGHT,37.832041,-122.267126,,,,,A,NO PEDESTRIANS INVOLVED,4/14/2024 8:12:00 AM,A,VC 21658(A),False,1,SR-24 W/B,,,4/22/2024 11:12:39 AM,A,W,230.0,42ND STREET,F,,D,4/22/2024 11:12:41 AM,4/22/2024 11:12:41 AM,False,True,4,,4/14/2024 8:15:00 AM,815,False,,,True
2371871,9370-2024-01299,1,False,9370,4/20/2024 4:30:00 AM,430,178,14,109,Oakland,1,True,True,C,REAR END,,Saturday,No,False,,,False,True,True,ALAMEDA SUPERIOR COURT WILEY W. MANUEL COURTHOUSE,C,OTHER MOTOR VEHICLE,,2,0,D,DARK-NO STREET LIGHTS,37.802154,-122.298952,,,,,A,NO PEDESTRIANS INVOLVED,4/20/2024 4:30:00 AM,A,VC 22350,False,1,I-880 S/B,,,4/22/2024 10:10:45 AM,A,S,0.25,3TH STREET,M,,D,4/22/2024 10:10:47 AM,4/22/2024 10:10:47 AM,False,False,4,,4/20/2024 4:39:00 AM,439,False,,,True
2371712,9370-2024-01295,2,False,9370,4/19/2024 5:25:00 PM,1725,053,14,109,Oakland,1,True,True,C,REAR END,,Friday,NotApplicable,False,,,False,True,False,ALAMEDA SUPERIOR COURT WILEY W. MANUEL COURTHOUSE,C,OTHER MOTOR VEHICLE,,1,0,A,DAYLIGHT,37.803691,-122.23293,,,,,A,NO PEDESTRIANS INVOLVED,4/19/2024 5:25:00 PM,A,VC 22350,False,1,I-580 E/B,,,4/25/2024 1:16:53 PM,A,E,246.0,PARK BLVD,F,,D,4/22/2024 8:47:56 AM,4/25/2024 1:16:55 PM,False,True,4,,4/19/2024 5:30:00 PM,1730,False,,,True
2371692,9335-2024-00908,1,False,9335,4/20/2024 6:47:00 PM,1847,082,14,109,Oakland,1,True,True,B,SIDE SWIPE,,Saturday,NotApplicable,False,,,False,True,False,ALAMEDA SUPERIOR COURT ALAMEDA,C,OTHER MOTOR VEHICLE,,0,0,A,DAYLIGHT,37.824598,-122.315483,,,,,A,NO PEDESTRIANS INVOLVED,4/20/2024 6:47:00 PM,A,VC 22107,False,,I-80 WESTBOUND,,,4/22/2024 8:38:05 AM,A,E,564.0,METEREING LIGHTS,F,,A,4/22/2024 8:40:15 AM,4/22/2024 8:40:15 AM,False,True,4,,4/20/2024 6:50:00 PM,1850,False,,,True
2371607,9370-2024-01171,1,False,9370,4/8/2024 12:52:00 AM,52,176,14,109,Oakland,1,True,True,C,REAR END,,Monday,NotApplicable,False,,,False,True,False,ALAMEDA SUPERIOR COURT WILEY W. MANUEL COURTHOUSE,A,NON-COLLISION,,0,0,D,DARK-NO STREET LIGHTS,37.752131,-122.206724,,,,,A,NO PEDESTRIANS INVOLVED,4/8/2024 12:52:00 AM,A,VC 22350,False,1,I-880 S/B,,,4/22/2024 7:55:05 AM,A,S,740.0,ZHONE WAY,F,,D,4/22/2024 7:55:07 AM,4/22/2024 7:55:07 AM,False,True,4,,4/8/2024 12:57:00 AM,57,False,,,True
2371504,9370-2024-01245,1,False,9370,4/14/2024 1:00:00 PM,1300,055,14,109,Oakland,1,True,True,C,REAR END,,Sunday,Yes,False,,,False,True,False,ALAMEDA SUPERIOR COURT WILEY W. MANUEL COURTHOUSE,C,OTHER MOTOR VEHICLE,,1,0,A,DAYLIGHT,37.827356,-122.28448,,,,,A,NO PEDESTRIANS INVOLVED,4/14/2024 1:00:00 PM,A,VC 22350,False,1,I-580 W/B,,,4/22/2024 6:21:22 AM,A,W,3500.0,WEST STREET,F,,D,4/22/2024 6:21:25 AM,4/22/2024 6:21:25 AM,False,True,4,,4/14/2024 1:10:00 PM,1310,False,,,True
2371490,9370-2024-01221,1,False,9370,4/13/2024 6:40:00 AM,640,053,14,109,Oakland,1,True,True,E,HIT OBJECT,,Saturday,NotApplicable,False,,,False,True,True,ALAMEDA SUPERIOR COURT WILEY W. MANUEL COURTHOUSE,I,FIXED OBJECT,GUARDRAIL,1,0,A,DAYLIGHT,37.803735,-122.2327,,,,,A,NO PEDESTRIANS INVOLVED,4/13/2024 6:40:00 AM,A,VC 22350,False,1,I-580 W/B,,,4/22/2024 5:56:50 AM,B,E,256.0,PARK BLVD,F,,D,4/22/2024 5:56:53 AM,4/22/2024 5:56:53 AM,False,True,4,,4/13/2024 6:43:00 AM,643,False,,,True
2371486,9370-2024-01214,1,False,9370,4/11/2024 4:17:00 PM,1617,176,14,109,Oakland,1,True,True,C,REAR END,,Thursday,NotApplicable,False,M,,False,True,False,ALAMEDA SUPERIOR COURT WILEY W. MANUEL COURTHOUSE,C,OTHER MOTOR VEHICLE,,0,0,A,DAYLIGHT,37.772774,-122.226713,,,,,A,NO PEDESTRIANS INVOLVED,4/11/2024 4:17:00 PM,A,VC 22350,False,1,I-880 S/B,,,4/22/2024 5:50:43 AM,A,S,375.0,FRUITVALE AVE,F,,D,4/22/2024 5:50:46 AM,4/22/2024 5:50:46 AM,False,True,4,False,4/11/2024 4:43:00 PM,1643,False,,,True
2371475,9370-2024-00725,1,False,9370,3/3/2024 11:22:00 AM,1122,176,14,109,Oakland,1,True,True,E,HIT OBJECT,,Sunday,Yes,False,F,,False,True,True,ALAMEDA SUPERIOR COURT WILEY W. MANUEL COURTHOUSE,I,FIXED OBJECT,CONCRETE PILLAR,1,0,A,DAYLIGHT,37.741962,-122.196891,,,,,A,NO PEDESTRIANS INVOLVED,3/3/2024 11:22:00 AM,A,VC 23152(A),True,1,I-880 N/B FROM HEGENBERGER RD,,,4/22/2024 4:59:50 AM,B,N,40.0,HEGENBERGER RD,F,,D,4/22/2024 4:59:54 AM,4/22/2024 4:59:54 AM,False,True,4,,3/3/2024 11:29:00 AM,1129,False,,False,True
2369172,9370-2024-01207,2,False,9370,4/12/2024 8:00:00 AM,800,177,14,109,Oakland,1,True,True,B,SIDE SWIPE,,Friday,Yes,False,,,False,True,True,ALAMEDA SUPERIOR COURT WILEY W. MANUEL COURTHOUSE,C,OTHER MOTOR VEHICLE,,0,0,A,DAYLIGHT,37.810784,-122.304152,,,,,A,NO PEDESTRIANS INVOLVED,4/12/2024 8:00:00 AM,A,VC 21658(A),False,1,INTERSTATE 880 NORTHBOUND,,,10/17/2024 5:09:56 PM,A,N,500.0,7TH STREET,F,,D,4/19/2024 6:11:32 PM,10/17/2024 5:09:59 PM,False,True,4,,4/12/2024 8:05:00 AM,805,False,,,True
2369167,9370-2024-01223,1,False,9370,4/13/2024 7:00:00 AM,700,178,14,109,Oakland,1,True,True,E,HIT OBJECT,,Saturday,NotApplicable,False,,,False,True,True,ALAMEDA SUPERIOR COURT WILEY W. MANUEL COURTHOUSE,I,FIXED OBJECT,RAISED CONCRETE DIVIDER,0,0,A,DAYLIGHT,37.80289,-122.290241,,,,,A,NO PEDESTRIANS INVOLVED,4/13/2024 7:00:00 AM,A,VC 22350,False,1,INTERSTATE 880 NORTHBOUND,,,4/19/2024 5:59:22 PM,B,S,750.0,7TH STREET,F,,D,4/19/2024 5:59:25 PM,4/19/2024 5:59:25 PM,False,True,4,,4/13/2024 7:05:00 AM,705,False,,,True