collision-id,report-number,report-version,is-preliminary,ncic-code,crash-date-time,crash-time-description,beat,city-id,city-code,city-name,county-code,city-is-active,city-is-incorporated,collision-type-code,collision-type-description,collision-type-other-desc,day-of-week,dispatch-notified,has-photographs,hit-run,is-attachments-mailed,is-deleted,is-highway-related,is-tow-away,judicial-district,motor-vehicle-involved-with-code,motor-vehicle-involved-with-desc,motor-vehicle-involved-with-other-desc,number-injured,number-killed,lighting-code,lighting-description,latitude,longitude,milepost-direction,milepost-distance,milepost-marker,milepost-unit-of-measure,pedestrian-action-code,pedestrian-action-desc,prepared-date,primary-collision-factor-code,primary-collision-factor-description,primary-collision-factor-is-cited,primary-collision-party-number,primary-road,reporting-district,reporting-district-code,reviewed-date,roadway-surface-code,secondary-direction,secondary-distance,secondary-road,secondary-unit-of-measure,sketch-desc,traffic-control-device-code,created-date,modified-date,is-county-road,is-freeway,chp-555-version,is-additonal-object-struck,notification-date,notification-time-description,has-digital-media-files,evidence-number,is-location-refer-to-narrative,is-aoi-one-same-as-location
2369086,9370-2024-01178,1,False,9370,4/9/2024 9:55:00 AM,955,008,14,109,Oakland,1,True,True,B,SIDE SWIPE,,Tuesday,NotApplicable,False,,,False,True,False,ALAMEDA SUPERIOR COURT WILEY W. MANUEL COURTHOUSE,C,OTHER MOTOR VEHICLE,,0,0,A,DAYLIGHT,37.825642,-122.304572,,,,,A,NO PEDESTRIANS INVOLVED,4/9/2024 9:55:00 AM,A,VC 21658(A),False,1,I-80 W/B,,,4/19/2024 3:14:33 PM,A,E,1425.0,WEST GRAND AVENUE,F,,D,4/19/2024 3:14:34 PM,4/19/2024 3:14:34 PM,False,True,4,,4/9/2024 9:58:00 AM,958,False,,,True
2369081,9370-2024-01104,1,False,9370,4/4/2024 8:55:00 AM,855,053,14,109,Oakland,1,True,True,C,REAR END,,Thursday,Yes,False,,,False,True,True,ALAMEDA SUPERIOR COURT WILEY W. MANUEL COURTHOUSE,C,OTHER MOTOR VEHICLE,,2,0,A,DAYLIGHT,37.794252,-122.205951,,,,,A,NO PEDESTRIANS INVOLVED,4/4/2024 8:55:00 AM,A,VC 22350,False,1,INTERSTATE 580 EASTBOUND,,,4/19/2024 3:12:24 PM,B,W,500.0,35TH AVENUE,F,,D,4/19/2024 3:12:28 PM,4/19/2024 3:12:28 PM,False,True,4,,4/4/2024 9:00:00 AM,900,False,,,True
2369032,9370-2024-01095,1,False,9370,4/3/2024 10:30:00 AM,1030,052,14,109,Oakland,1,True,True,B,SIDE SWIPE,,Wednesday,NotApplicable,False,,,False,True,True,ALAMEDA SUPERIOR COURT WILEY W. MANUEL COURTHOUSE,C,OTHER MOTOR VEHICLE,,0,0,A,DAYLIGHT,37.756642,-122.148717,,,,,A,NO PEDESTRIANS INVOLVED,4/3/2024 10:30:00 AM,A,VC 22350,False,1,INTERSTATE 580 EASTBOUND,,,4/19/2024 2:26:00 PM,A,W,500.0,98TH AVENUE,F,,D,4/19/2024 2:26:01 PM,4/19/2024 2:26:01 PM,False,True,4,,4/3/2024 10:35:00 AM,1035,False,,,True
2369029,9370-2024-01281,1,False,9370,4/15/2024 9:30:00 AM,930,176,14,109,Oakland,1,True,True,C,REAR END,,Monday,NotApplicable,False,,,False,True,False,ALAMEDA SUPERIOR COURT WILEY W. MANUEL COURTHOUSE,C,OTHER MOTOR VEHICLE,,1,0,A,DAYLIGHT,37.749963,-122.204566,,,,,A,NO PEDESTRIANS INVOLVED,4/15/2024 9:30:00 AM,A,VC 22350,False,1,I-880 N/B,,,4/19/2024 2:24:38 PM,A,S,1700.0,66TH AVE,F,,D,4/19/2024 2:24:41 PM,4/19/2024 2:24:41 PM,False,True,4,,4/15/2024 9:35:00 AM,935,False,,,True
2369018,9370-2024-01103,1,False,9370,4/4/2024 7:45:00 AM,745,055,14,109,Oakland,1,True,True,B,SIDE SWIPE,,Thursday,NotApplicable,False,,,False,True,True,ALAMEDA SUPERIOR COURT WILEY W. MANUEL COURTHOUSE,I,FIXED OBJECT,RAISED CONCRETE WALL,0,0,A,DAYLIGHT,37.827137,-122.284841,,,,,A,NO PEDESTRIANS INVOLVED,4/4/2024 7:45:00 AM,A,VC 22350,False,1,INTERSTATE 580 WB,,,4/19/2024 2:10:43 PM,B,E,100.0,HOLLIS STREET,F,,D,4/19/2024 2:10:45 PM,4/19/2024 2:10:45 PM,False,True,4,,4/4/2024 7:50:00 AM,750,False,,,True
2368980,9370-2024-01179,1,False,9370,4/8/2024 11:30:00 AM,1130,176,14,109,Oakland,1,True,True,B,SIDE SWIPE,,Monday,NotApplicable,False,M,,False,True,False,ALAMEDA SUPERIOR COURT WILEY W. MANUEL COURTHOUSE,C,OTHER MOTOR VEHICLE,,1,0,A,DAYLIGHT,37.752176,-122.205875,,,,,A,NO PEDESTRIANS INVOLVED,4/8/2024 11:30:00 AM,A,VC 22107,False,1,I-880 N/B TO 66TH AVE,,,4/19/2024 1:43:54 PM,A,S,820.0,66TH AVE,F,,A,4/19/2024 1:43:56 PM,4/19/2024 1:43:56 PM,False,True,4,,4/8/2024 4:50:00 PM,1650,False,,,True
2368904,9370-2024-01246,1,False,9370,4/14/2024 1:15:00 PM,1315,025,14,109,Oakland,1,True,True,B,SIDE SWIPE,,Sunday,NotApplicable,False,M,,False,True,False,ALAMEDA SUPERIOR COURT WILEY W. MANUEL COURTHOUSE,C,OTHER MOTOR VEHICLE,,0,0,A,DAYLIGHT,37.828362,-122.267857,,,,,A,NO PEDESTRIANS INVOLVED,4/14/2024 1:15:00 PM,A,VC 21658(a),False,1,SR-24 W/B,,,4/19/2024 11:49:02 AM,A,W,458.0,40TH ST,F,,D,4/19/2024 11:49:04 AM,4/19/2024 11:49:04 AM,False,True,4,,4/14/2024 1:26:00 PM,1326,False,,,True
2368897,9370-2024-01204,1,False,9370,4/11/2024 5:20:00 PM,1720,013,14,109,Oakland,1,True,True,C,REAR END,,Thursday,NotApplicable,False,,,False,True,False,ALAMEDA SUPERIOR COURT WILEY W. MANUEL COURTHOUSE,C,OTHER MOTOR VEHICLE,,1,0,A,DAYLIGHT,37.794547,-122.182398,,,,,A,NO PEDESTRIANS INVOLVED,4/11/2024 5:20:00 PM,A,VC 22350,False,1,SR-13 S/B,,,4/19/2024 11:41:36 AM,A,S,500.0,CARSON ST,F,,A,4/19/2024 11:41:37 AM,4/19/2024 11:41:37 AM,False,True,4,,4/11/2024 6:02:00 PM,1802,False,,,True
2368893,9370-2024-01170,1,False,9370,4/9/2024 1:09:00 AM,109,013,14,109,Oakland,1,True,True,A,HEAD-ON,,Tuesday,Yes,False,M,,False,True,False,ALAMEDA SUPERIOR COURT WILEY W. MANUEL COURTHOUSE,C,OTHER MOTOR VEHICLE,,3,0,C,DARK-STREET LIGHTS,37.794861,-122.182334,,,,,A,NO PEDESTRIANS INVOLVED,4/9/2024 1:09:00 AM,A,VC 23152(a),True,1,SR-13 N/B,,,4/19/2024 11:37:56 AM,A,N,282.0,CARSON ST,F,,D,4/19/2024 11:37:58 AM,4/19/2024 11:37:58 AM,False,True,4,,4/9/2024 1:14:00 AM,114,False,,,True
2368276,9335-2024-00825,1,False,9335,4/9/2024 7:30:00 AM,730,082,14,109,Oakland,1,True,True,B,SIDE SWIPE,,Tuesday,NotApplicable,False,,,False,True,False,ALAMEDA SUPERIOR COURT ALAMEDA,C,OTHER MOTOR VEHICLE,,1,0,A,DAYLIGHT,37.824187,-122.317851,,,,,A,NO PEDESTRIANS INVOLVED,4/9/2024 7:30:00 AM,A,VC 21658(A),False,1,I-80 W/B,,,4/18/2024 6:34:25 PM,A,W,130.0,SFOBB METERING LIGHTS,F,,D,4/18/2024 6:34:29 PM,4/18/2024 6:34:29 PM,False,True,4,,4/9/2024 7:45:00 AM,745,False,,,True
2368247,9370-2024-01232,1,False,9370,4/13/2024 4:45:00 PM,1645,008,14,109,Oakland,1,True,True,A,HEAD-ON,,Saturday,Yes,False,,,False,True,True,ALAMEDA SUPERIOR COURT WILEY W. MANUEL COURTHOUSE,C,OTHER MOTOR VEHICLE,,2,0,A,DAYLIGHT,37.824439,-122.310296,,,,,A,NO PEDESTRIANS INVOLVED,4/13/2024 4:45:00 PM,A,VC 22350,False,1,I-80 E/B,,,4/18/2024 4:55:33 PM,B,E,945.0,SFOBB,F,,D,4/18/2024 4:55:35 PM,4/18/2024 4:55:35 PM,False,True,4,,4/13/2024 4:50:00 PM,1650,False,,,True
2368242,9370-2024-01234,1,False,9370,4/13/2024 6:50:00 PM,1850,025,14,109,Oakland,1,True,True,C,REAR END,,Saturday,NotApplicable,False,,,False,True,False,ALAMEDA SUPERIOR COURT WILEY W. MANUEL COURTHOUSE,C,OTHER MOTOR VEHICLE,,0,0,A,DAYLIGHT,37.829371,-122.267388,,,,,A,NO PEDESTRIANS INVOLVED,4/13/2024 6:50:00 PM,A,VC 22350,False,1,SR-24 W/B,,,4/18/2024 4:46:59 PM,B,W,32.0,40TH ST,F,,D,4/18/2024 4:47:03 PM,4/18/2024 4:47:03 PM,False,True,4,,4/13/2024 7:05:00 PM,1905,False,,,True
2368127,9370-2024-01217,1,False,9370,4/12/2024 2:30:00 PM,1430,177,14,109,Oakland,1,True,True,C,REAR END,,Friday,NotApplicable,False,,,False,True,False,ALAMEDA SUPERIOR COURT WILEY W. MANUEL COURTHOUSE,C,OTHER MOTOR VEHICLE,,0,0,A,DAYLIGHT,37.796773,-122.269556,,,,,A,NO PEDESTRIANS INVOLVED,4/12/2024 2:30:00 PM,A,VC 22350,False,,I-880 N/B FROM JACKSON STREET,,,4/18/2024 3:01:45 PM,A,N,248.0,JACKSON STREET,F,,D,4/18/2024 3:01:49 PM,4/18/2024 3:01:49 PM,False,True,4,,4/12/2024 2:52:00 PM,1452,False,,,True
2367973,9370-2024-01206,1,False,9370,4/11/2024 2:30:00 PM,1430,176,14,109,Oakland,1,True,True,C,REAR END,,Thursday,NotApplicable,False,,,False,True,False,ALAMEDA SUPERIOR COURT WILEY W. MANUEL COURTHOUSE,C,OTHER MOTOR VEHICLE,,1,0,A,DAYLIGHT,37.774064,-122.230485,,,,,A,NO PEDESTRIANS INVOLVED,4/11/2024 2:30:00 PM,A,VC 22350,False,,I-880 N/B,,,4/18/2024 12:54:19 PM,A,S,900.0,29TH AVENUE,F,,D,4/18/2024 12:54:21 PM,4/18/2024 12:54:21 PM,False,True,4,,4/11/2024 2:49:00 PM,1449,False,,,
2367879,9370-2024-01110,1,False,9370,4/4/2024 11:20:00 AM,1120,052,14,109,Oakland,1,True,True,E,HIT OBJECT,,Thursday,NotApplicable,False,,,False,True,True,ALAMEDA SUPERIOR COURT WILEY W. MANUEL COURTHOUSE,I,FIXED OBJECT,RAISED CONCRETE WALL,0,0,A,DAYLIGHT,37.758212,-122.147818,,,,,A,NO PEDESTRIANS INVOLVED,4/4/2024 11:20:00 AM,A,VC 22350,False,1,INTERSTATE 580 WESTBOUND,,,4/18/2024 11:41:39 AM,B,W,500.0,98TH AVENUE,F,,D,4/18/2024 11:41:40 AM,4/18/2024 11:41:40 AM,False,True,4,,4/4/2024 11:25:00 AM,1125,False,,,True
2367870,9370-2024-01222,1,False,9370,4/13/2024 7:20:00 AM,720,024,14,109,Oakland,1,True,True,D,BROADSIDE,,Saturday,NotApplicable,False,,,False,True,True,ALAMEDA SUPERIOR COURT WILEY W. MANUEL COURTHOUSE,C,OTHER MOTOR VEHICLE,,0,0,A,DAYLIGHT,37.844684,-122.250877,,,,,A,NO PEDESTRIANS INVOLVED,4/13/2024 7:20:00 AM,A,VC 22350,False,1,SR-24 E/B,,,4/18/2024 11:23:29 AM,B,W,1910.0,BROADWAY,F,,D,4/18/2024 11:23:30 AM,4/18/2024 11:23:30 AM,False,True,4,,4/13/2024 7:31:00 AM,731,False,,,True
2367865,9370-2024-01235,1,False,9370,4/14/2024 2:00:00 AM,200,052,14,109,Oakland,1,True,True,F,OVERTURNED,,Sunday,NotApplicable,False,,,False,True,False,ALAMEDA SUPERIOR COURT WILEY W. MANUEL COURTHOUSE,J,OTHER OBJECT,TREE,0,0,D,DARK-NO STREET LIGHTS,37.742096,-122.145625,,,,,A,NO PEDESTRIANS INVOLVED,4/14/2024 2:00:00 AM,A,VC 22350,False,1,I-580 E/B,,,4/18/2024 11:20:42 AM,B,E,1398.0,106TH AVENUE,F,,D,4/18/2024 11:20:45 AM,4/18/2024 11:20:45 AM,False,True,4,,4/14/2024 2:10:00 AM,210,False,,,True
2367806,9370-2024-01129,1,False,9370,4/5/2024 4:50:00 AM,450,176,14,109,Oakland,1,True,True,B,SIDE SWIPE,,Friday,No,False,,,False,True,True,ALAMEDA SUPERIOR COURT WILEY W. MANUEL COURTHOUSE,I,FIXED OBJECT,CONCRETE BARRIER WALL,3,0,D,DARK-NO STREET LIGHTS,37.769927,-122.221927,,,,,F,NOT IN ROAD,4/5/2024 4:50:00 AM,A,VC 22350,False,1,I-880 S/B,,,4/18/2024 10:37:15 AM,B,N,318.0,HIGH ST,F,,D,4/18/2024 10:37:18 AM,4/18/2024 10:37:18 AM,False,True,4,,4/5/2024 4:59:00 AM,459,False,,,True
2367589,9370-2024-01197,1,False,9370,4/11/2024 8:10:00 AM,810,176,14,109,Oakland,1,True,True,B,SIDE SWIPE,,Thursday,NotApplicable,False,,,False,True,False,ALAMEDA SUPERIOR COURT WILEY W. MANUEL COURTHOUSE,C,OTHER MOTOR VEHICLE,,0,0,A,DAYLIGHT,37.773357,-122.228262,,,,,A,NO PEDESTRIANS INVOLVED,4/11/2024 8:10:00 AM,A,VC 22107,False,1,I-880 N/B,,,4/18/2024 8:27:15 AM,A,S,2900.0,29TH AVE,F,,D,4/18/2024 8:27:31 AM,4/18/2024 8:27:31 AM,False,True,4,,4/11/2024 8:11:00 AM,811,False,,,True
2367582,9335-2024-00722,1,False,9335,3/27/2024 12:05:00 AM,5,084,14,109,Oakland,1,True,True,E,HIT OBJECT,,Wednesday,Yes,False,M,,False,True,False,ALAMEDA SUPERIOR COURT ALAMEDA,I,FIXED OBJECT,CONCRETE WALL,0,0,C,DARK-STREET LIGHTS,37.818995,-122.349278,,,,,A,NO PEDESTRIANS INVOLVED,3/27/2024 12:05:00 AM,A,VC 23152(a),True,1,I-80 E/B,,,4/18/2024 8:18:31 AM,A,E,121.0,SAN FRANCISCO/ALAMEDA COUNTY LINE,F,,D,4/18/2024 8:18:42 AM,4/18/2024 8:18:42 AM,False,True,4,,3/27/2024 12:07:00 AM,7,True,AREA / EMBEDDED,,False
2367556,9370-2024-01195,1,False,9370,4/11/2024 1:35:00 AM,135,024,14,109,Oakland,1,True,True,E,HIT OBJECT,,Thursday,NotApplicable,False,M,,False,True,True,ALAMEDA SUPERIOR COURT WILEY W. MANUEL COURTHOUSE,I,FIXED OBJECT,CONCRETE WALL,0,0,D,DARK-NO STREET LIGHTS,37.84951,-122.237706,,,,,A,NO PEDESTRIANS INVOLVED,4/11/2024 1:35:00 AM,A,VC 22350,False,1,SR-24 E/B,,,4/18/2024 8:04:22 AM,A,E,500.0,GOLDEN GATE AVE,F,,D,4/18/2024 8:04:39 AM,4/18/2024 8:04:39 AM,False,True,4,,4/11/2024 1:40:00 AM,140,False,,,True
2367463,9370-2024-01186,1,False,9370,4/10/2024 9:00:00 AM,900,748,14,109,Oakland,1,True,True,H,OTHER,BACKING,Wednesday,NotApplicable,False,M,,False,False,False,ALAMEDA SUPERIOR COURT WILEY W. MANUEL COURTHOUSE,E,PARKED MOTOR VEHICLE,,0,0,A,DAYLIGHT,37.839872,-122.259624,,,,,A,NO PEDESTRIANS INVOLVED,4/10/2024 9:00:00 AM,A,VC 22106,False,1,5300 CLAREMONT AVENUE,,,4/18/2024 5:53:56 AM,A,S,50.0,CLAREMONT AVENUE,F,,D,4/18/2024 5:54:01 AM,4/18/2024 5:54:01 AM,False,False,4,,4/10/2024 9:00:00 AM,900,False,,,True
2367165,9370-2024-01203,1,False,9370,4/11/2024 3:53:00 PM,1553,052,14,109,Oakland,1,True,True,C,REAR END,,Thursday,NotApplicable,False,,,False,True,True,ALAMEDA SUPERIOR COURT WILEY W. MANUEL COURTHOUSE,C,OTHER MOTOR VEHICLE,,0,0,A,DAYLIGHT,37.776368,-122.163788,,,,,A,NO PEDESTRIANS INVOLVED,4/11/2024 3:53:00 PM,A,VC 22350,False,,I-580 W/B,,,4/17/2024 6:36:52 PM,A,E,3300.0,SEMINARY AVE,F,,D,4/17/2024 6:36:56 PM,4/17/2024 6:36:56 PM,False,True,4,,4/11/2024 3:57:00 PM,1557,True,EMBEDDED,,True
2367161,9370-2024-01198,1,False,9370,4/11/2024 12:05:00 PM,1205,176,14,109,Oakland,1,True,True,C,REAR END,,Thursday,NotApplicable,False,,,False,True,False,ALAMEDA SUPERIOR COURT WILEY W. MANUEL COURTHOUSE,C,OTHER MOTOR VEHICLE,,1,0,A,DAYLIGHT,37.772054,-122.22415,,,,,A,NO PEDESTRIANS INVOLVED,4/11/2024 12:05:00 PM,A,VC 22350,False,1,I-880 N/B,,,4/17/2024 6:27:29 PM,A,S,2800.0,29TH AVE,F,,D,4/17/2024 6:27:33 PM,4/17/2024 6:27:33 PM,False,True,4,,4/11/2024 12:20:00 PM,1220,False,,,True
2367150,9370-2024-01190,1,False,9370,4/10/2024 6:30:00 PM,1830,177,14,109,Oakland,1,True,True,B,SIDE SWIPE,,Wednesday,NotApplicable,False,M,,False,True,False,ALAMEDA SUPERIOR COURT WILEY W. MANUEL COURTHOUSE,C,OTHER MOTOR VEHICLE,,0,0,A,DAYLIGHT,37.789151,-122.253128,,,,,A,NO PEDESTRIANS INVOLVED,4/10/2024 6:30:00 PM,A,VC 21658(A),False,1,I-880 N/B,,,4/17/2024 5:27:11 PM,A,S,110.0,5TH AVE,F,,A,4/17/2024 5:27:14 PM,4/17/2024 5:27:14 PM,False,True,4,,4/10/2024 7:04:00 PM,1904,False,,,True
2367145,9370-2024-01128,1,False,9370,3/4/2024 8:50:00 PM,2050,901,14,109,Oakland,1,True,True,B,SIDE SWIPE,,Monday,NotApplicable,False,M,,False,False,False,ALAMEDA SUPERIOR COURT WILEY W. MANUEL COURTHOUSE,C,OTHER MOTOR VEHICLE,,0,0,C,DARK-STREET LIGHTS,37.745871,-122.190742,,,,,A,NO PEDESTRIANS INVOLVED,3/4/2024 8:50:00 PM,A,VC 21460,False,1,85TH AVENUE (600 BLOCK),,,4/17/2024 5:16:58 PM,A,N,139.0,RAILROAD AVE,F,,D,4/17/2024 5:17:01 PM,4/17/2024 5:17:01 PM,False,False,4,,4/5/2024 3:00:00 PM,1500,False,,,True
2367086,9370-2024-01187,1,False,9370,4/9/2024 5:49:00 PM,1749,176,14,109,Oakland,1,True,True,C,REAR END,,Tuesday,No,False,,,False,True,False,ALAMEDA SUPERIOR COURT WILEY W. MANUEL COURTHOUSE,C,OTHER MOTOR VEHICLE,,0,0,A,DAYLIGHT,37.736756,-122.19312,,,,,A,NO PEDESTRIANS INVOLVED,4/9/2024 5:49:00 PM,A,VC 22350,False,1,I-880 S/B,,,4/17/2024 3:46:46 PM,A,N,100.0,98TH STREET,F,,A,4/17/2024 3:46:47 PM,4/17/2024 3:46:47 PM,False,True,4,,4/9/2024 6:07:00 PM,1807,False,,,True
2367073,9370-2024-01183,1,False,9370,4/9/2024 4:30:00 PM,1630,024,14,109,Oakland,1,True,True,B,SIDE SWIPE,,Tuesday,NotApplicable,False,,,False,True,False,ALAMEDA SUPERIOR COURT WILEY W. MANUEL COURTHOUSE,C,OTHER MOTOR VEHICLE,,0,0,A,DAYLIGHT,37.848753,-122.229157,,,,,A,NO PEDESTRIANS INVOLVED,4/9/2024 4:30:00 PM,A,VC 21658(A),False,1,SR-24 E/B,,,4/17/2024 3:37:02 PM,A,W,500.0,SR-13,F,,D,4/17/2024 3:37:07 PM,4/17/2024 3:37:07 PM,False,True,4,,4/9/2024 4:50:00 PM,1650,False,,,True
2367054,9370-2024-01138,1,False,9370,4/5/2024 11:23:00 PM,2323,024,14,109,Oakland,1,True,True,B,SIDE SWIPE,,Friday,NotApplicable,False,M,,False,True,False,ALAMEDA SUPERIOR COURT WILEY W. MANUEL COURTHOUSE,C,OTHER MOTOR VEHICLE,,0,0,C,DARK-STREET LIGHTS,37.827221,-122.267045,,,,,A,NO PEDESTRIANS INVOLVED,4/5/2024 11:23:00 PM,A,VC 21658(a),False,1,SR-24 E/B TO MARTIN LUTHER KING JR WAY,,,4/17/2024 3:24:53 PM,A,W,3000.0,MARTIN LUTHER KING JR WAY,F,,D,4/17/2024 3:24:55 PM,4/17/2024 3:24:55 PM,False,True,4,,4/5/2024 11:41:00 PM,2341,False,,,True
2366837,9370-2024-00762,1,False,9370,3/7/2024 2:20:00 PM,1420,024,14,109,Oakland,1,True,True,B,SIDE SWIPE,,Thursday,No,False,M,,False,True,False,ALAMEDA SUPERIOR COURT WILEY W. MANUEL COURTHOUSE,C,OTHER MOTOR VEHICLE,,0,0,A,DAYLIGHT,37.848542,-122.233617,,,,,A,NO PEDESTRIANS INVOLVED,3/7/2024 2:20:00 PM,A,VC 21658(A),False,1,SR 24 E/B,,,4/17/2024 12:52:16 PM,A,W,225.0,SR 13 SOUTHBOUND,F,,D,4/17/2024 12:52:17 PM,4/17/2024 12:52:17 PM,False,True,4,,3/7/2024 2:30:00 PM,1430,False,,,True
2366442,24-000613,1,False,3300,4/6/2024 12:00:00 PM,1200,A4,14,109,Oakland,1,True,True,C,REAR END,,Saturday,Yes,True,,,False,False,False,WILEY W. MANUEL COURTHOUSE,E,PARKED MOTOR VEHICLE,,0,0,A,DAYLIGHT,37.76029,-122.1967,,,,,A,NO PEDESTRIANS INVOLVED,,A,Driver error,False,2,6535 EASTLAWN ST,26Y,,,A,,,1100 66TH AVE,,,D,4/17/2024 8:27:04 AM,4/17/2024 8:27:04 AM,,,4,,,,,,,
2366410,24-000555,1,False,3300,3/28/2024 10:40:00 AM,1040,A4,14,109,Oakland,1,True,True,C,REAR END,,Thursday,Yes,True,,,False,False,False,WILEY W. MANUEL COURTHOUSE,C,OTHER MOTOR VEHICLE,,0,0,A,DAYLIGHT,37.76052,-122.19686,,,,,A,NO PEDESTRIANS INVOLVED,,A,Collision-  No Injur,False,,6523 EASTLAWN ST,26Y,,,A,,,6500 EASTLAWN ST,,,D,4/17/2024 8:10:06 AM,4/17/2024 8:10:06 AM,,,4,,,,,,,
2366395,9370-2024-01126,1,False,9370,4/5/2024 10:10:00 AM,1010,025,14,109,Oakland,1,True,True,C,REAR END,,Friday,NotApplicable,False,,,False,True,False,ALAMEDA SUPERIOR COURT WILEY W. MANUEL COURTHOUSE,C,OTHER MOTOR VEHICLE,,0,0,A,DAYLIGHT,37.831883,-122.266949,,,,,A,NO PEDESTRIANS INVOLVED,4/5/2024 10:10:00 AM,A,VC 22350,False,1,STATE ROUTE 24 W/B TO INTERSTATE 580,,,4/17/2024 7:55:29 AM,A,E,230.0,42ND STREET,F,,D,4/17/2024 7:55:32 AM,4/17/2024 7:55:32 AM,False,True,4,,4/5/2024 10:15:00 AM,1015,False,,,True
2366317,9370-2024-01181,1,False,9370,4/9/2024 8:55:00 AM,855,052,14,109,Oakland,1,True,True,C,REAR END,,Tuesday,Yes,False,,,False,True,True,ALAMEDA SUPERIOR COURT WILEY W. MANUEL COURTHOUSE,C,OTHER MOTOR VEHICLE,,3,0,A,DAYLIGHT,37.748658,-122.151012,,,,,A,NO PEDESTRIANS INVOLVED,4/9/2024 8:55:00 AM,A,VC 22350,False,1,I-580 E/B TO 106TH AVENUE,,,4/17/2024 6:28:09 AM,A,W,1490.0,106TH AVENUE,F,,D,4/17/2024 6:28:12 AM,4/17/2024 6:28:12 AM,False,True,4,,4/9/2024 8:58:00 AM,858,False,,,True
2366267,9370-2024-01169,1,False,9370,4/8/2024 11:36:00 PM,2336,013,14,109,Oakland,1,True,True,E,HIT OBJECT,,Monday,NotApplicable,False,M,,False,True,False,ALAMEDA SUPERIOR COURT WILEY W. MANUEL COURTHOUSE,I,FIXED OBJECT,ACZ350 ATTENUATOR,0,0,D,DARK-NO STREET LIGHTS,37.812821,-122.199942,,,,,A,NO PEDESTRIANS INVOLVED,4/8/2024 11:36:00 PM,A,VC 22107,False,1,SR-13 N/B,,,4/17/2024 5:35:49 AM,A,N,998.0,JOAQUIN MILLER ROAD,F,,D,4/17/2024 5:35:53 AM,4/17/2024 5:35:53 AM,False,True,4,,4/8/2024 11:41:00 PM,2341,True,EMBEDDED,,True
2366254,9370-2024-01160,1,False,9370,4/7/2024 10:25:00 PM,2225,055,14,109,Oakland,1,True,True,C,REAR END,,Sunday,NotApplicable,False,,,False,True,False,ALAMEDA SUPERIOR COURT WILEY W. MANUEL COURTHOUSE,C,OTHER MOTOR VEHICLE,,0,0,D,DARK-NO STREET LIGHTS,37.827485,-122.283424,,,,,A,NO PEDESTRIANS INVOLVED,4/7/2024 10:25:00 PM,A,VC 22350,False,1,I-580 W/B EO HOLLIS STREET,,,4/17/2024 5:14:49 AM,A,E,308.0,HOLLIS ST,F,,D,4/17/2024 5:14:51 AM,4/17/2024 5:14:51 AM,False,True,4,,4/7/2024 10:28:00 PM,2228,False,,,True
2366247,9370-2024-01131,1,False,9370,4/5/2024 7:15:00 PM,1915,024,14,109,Oakland,1,True,True,B,SIDE SWIPE,,Friday,NotApplicable,False,M,,False,True,False,ALAMEDA SUPERIOR COURT WILEY W. MANUEL COURTHOUSE,C,OTHER MOTOR VEHICLE,,0,0,A,DAYLIGHT,37.839466,-122.264752,,,,,A,NO PEDESTRIANS INVOLVED,4/5/2024 7:15:00 PM,A,VC 21658(A),False,1,SR-24 W/B,,,4/17/2024 5:06:16 AM,A,E,378.0,54TH ST,F,,D,4/17/2024 5:06:19 AM,4/17/2024 5:06:19 AM,False,True,4,,4/5/2024 7:23:00 PM,1923,True,AREA / EMBEDDED,,True
2366245,9370-2024-01173,1,False,9370,4/9/2024 2:25:00 AM,225,176,14,109,Oakland,1,True,True,C,REAR END,,Tuesday,NotApplicable,False,,,False,True,False,ALAMEDA SUPERIOR COURT WILEY W. MANUEL COURTHOUSE,C,OTHER MOTOR VEHICLE,,1,0,D,DARK-NO STREET LIGHTS,37.772494,-122.225408,,,,,A,NO PEDESTRIANS INVOLVED,4/9/2024 2:25:00 AM,A,VC 22350,False,1,I-880 N/B,,,4/17/2024 4:49:15 AM,A,S,757.0,FRUITVALE AVENUE,F,,D,4/17/2024 4:49:20 AM,4/17/2024 4:49:20 AM,False,True,4,,4/9/2024 2:27:00 AM,227,False,,,True
2365957,9370-2024-01139,1,False,9370,3/8/2024 2:00:00 PM,1400,177,14,109,Oakland,1,True,True,B,SIDE SWIPE,,Friday,NotApplicable,False,M,,False,True,False,ALAMEDA SUPERIOR COURT WILEY W. MANUEL COURTHOUSE,C,OTHER MOTOR VEHICLE,,0,0,A,DAYLIGHT,37.798509,-122.274402,,,,,A,NO PEDESTRIANS INVOLVED,3/8/2024 2:00:00 PM,A,VC 21658(A),False,1,I-880 N/B,,,4/16/2024 6:11:58 PM,A,S,79.0,BROADWAY,F,,D,4/16/2024 6:12:01 PM,4/16/2024 6:12:01 PM,False,True,4,,4/3/2024 4:30:00 PM,1630,False,,,True