collision-id,report-number,report-version,is-preliminary,ncic-code,crash-date-time,crash-time-description,beat,city-id,city-code,city-name,county-code,city-is-active,city-is-incorporated,collision-type-code,collision-type-description,collision-type-other-desc,day-of-week,dispatch-notified,has-photographs,hit-run,is-attachments-mailed,is-deleted,is-highway-related,is-tow-away,judicial-district,motor-vehicle-involved-with-code,motor-vehicle-involved-with-desc,motor-vehicle-involved-with-other-desc,number-injured,number-killed,lighting-code,lighting-description,latitude,longitude,milepost-direction,milepost-distance,milepost-marker,milepost-unit-of-measure,pedestrian-action-code,pedestrian-action-desc,prepared-date,primary-collision-factor-code,primary-collision-factor-description,primary-collision-factor-is-cited,primary-collision-party-number,primary-road,reporting-district,reporting-district-code,reviewed-date,roadway-surface-code,secondary-direction,secondary-distance,secondary-road,secondary-unit-of-measure,sketch-desc,traffic-control-device-code,created-date,modified-date,is-county-road,is-freeway,chp-555-version,is-additonal-object-struck,notification-date,notification-time-description,has-digital-media-files,evidence-number,is-location-refer-to-narrative,is-aoi-one-same-as-location
2365476,9370-2024-01077,1,False,9370,4/2/2024 12:15:00 AM,15,179,14,109,Oakland,1,True,True,E,HIT OBJECT,,Tuesday,Yes,False,,,False,True,False,ALAMEDA SUPERIOR COURT WILEY W. MANUEL COURTHOUSE,I,FIXED OBJECT,CONCRETE CENTER MED WALL,0,0,D,DARK-NO STREET LIGHTS,37.829957,-122.293156,,,,,A,NO PEDESTRIANS INVOLVED,4/2/2024 12:15:00 AM,A,VC 22350,False,1,I-880 N/B,,,4/16/2024 10:09:46 AM,A,S,2400.0,POWELL ST,F,,D,4/16/2024 10:09:48 AM,4/16/2024 10:09:48 AM,False,True,4,,4/2/2024 12:20:00 AM,20,False,,,True
2365414,9370-2024-01046,1,False,9370,3/29/2024 2:15:00 PM,1415,054,14,109,Oakland,1,True,True,B,SIDE SWIPE,,Friday,NotApplicable,False,,,False,True,False,ALAMEDA SUPERIOR COURT WILEY W. MANUEL COURTHOUSE,C,OTHER MOTOR VEHICLE,,0,0,A,DAYLIGHT,37.808839,-122.243122,,,,,A,NO PEDESTRIANS INVOLVED,3/29/2024 2:15:00 PM,A,VC 22350,False,1,I-580 W/B,,,4/16/2024 9:45:29 AM,B,E,10025.0,LAKESHORE AVE,F,,D,4/16/2024 9:45:31 AM,4/16/2024 9:45:31 AM,False,True,4,,3/29/2024 2:18:00 PM,1418,False,,,True
2365327,9370-2024-01175,1,False,9370,4/8/2024 5:15:00 PM,1715,176,14,109,Oakland,1,True,True,C,REAR END,,Monday,NotApplicable,False,,,False,True,False,ALAMEDA SUPERIOR COURT WILEY W. MANUEL COURTHOUSE,C,OTHER MOTOR VEHICLE,,0,0,A,DAYLIGHT,37.765898,-122.218599,,,,,A,NO PEDESTRIANS INVOLVED,4/8/2024 5:15:00 PM,A,VC 22350,False,1,I-880 S/B,,,4/16/2024 9:03:10 AM,A,N,350.0,66TH AVE,F,,D,4/16/2024 9:03:13 AM,4/16/2024 9:03:13 AM,False,True,4,,4/8/2024 5:38:00 PM,1738,False,,,True
2365162,9370-2024-01162,1,False,9370,4/8/2024 8:25:00 AM,825,025,14,109,Oakland,1,True,True,C,REAR END,,Monday,NotApplicable,False,,,False,True,False,ALAMEDA SUPERIOR COURT WILEY W. MANUEL COURTHOUSE,C,OTHER MOTOR VEHICLE,,0,0,A,DAYLIGHT,37.833633,-122.266538,,,,,A,NO PEDESTRIANS INVOLVED,4/8/2024 8:25:00 AM,A,VC 22350,False,1,SR-24 W/B,,,4/16/2024 7:29:54 AM,A,E,52.0,45TH ST,F,,D,4/16/2024 7:29:56 AM,4/16/2024 7:29:56 AM,False,True,4,False,4/8/2024 8:35:00 AM,835,False,,,True
2365105,9370-2024-01167,1,False,9370,4/7/2024 1:00:00 PM,1300,177,14,109,Oakland,1,True,True,C,REAR END,,Sunday,NotApplicable,False,,,False,True,True,ALAMEDA SUPERIOR COURT WILEY W. MANUEL COURTHOUSE,C,OTHER MOTOR VEHICLE,,0,0,A,DAYLIGHT,37.796857,-122.270062,,,,,A,NO PEDESTRIANS INVOLVED,4/7/2024 1:00:00 PM,A,VC 22350,False,1,I-880 N/B FROM JACKSON STREET,,,4/16/2024 5:49:17 AM,A,N,340.0,JACKSON ST,F,,D,4/16/2024 5:49:19 AM,4/16/2024 5:49:19 AM,False,True,4,,4/7/2024 1:10:00 PM,1310,False,,,True
2365078,9370-2024-01146,1,False,9370,4/6/2024 11:50:00 AM,1150,178,14,109,Oakland,1,True,True,B,SIDE SWIPE,,Saturday,NotApplicable,False,M,,False,True,False,ALAMEDA SUPERIOR COURT WILEY W. MANUEL COURTHOUSE,C,OTHER MOTOR VEHICLE,,0,0,A,DAYLIGHT,37.799637,-122.277642,,,,,A,NO PEDESTRIANS INVOLVED,4/6/2024 11:50:00 AM,A,VC 21658(A),False,1,I-880 N/B,,,4/16/2024 5:26:52 AM,A,S,230.0,JEFFERSON ST,F,,D,4/16/2024 5:26:56 AM,4/16/2024 5:26:56 AM,False,True,4,,4/6/2024 11:55:00 AM,1155,True,EMBEDDED,,True
2364688,9370-2024-01058,1,False,9370,3/30/2024 7:40:00 PM,1940,055,14,109,Oakland,1,True,True,E,HIT OBJECT,,Saturday,Yes,False,,,False,True,True,ALAMEDA SUPERIOR COURT WILEY W. MANUEL COURTHOUSE,J,OTHER OBJECT,CONCRETE WALL,0,0,D,DARK-NO STREET LIGHTS,37.822915,-122.26206,,,,,A,NO PEDESTRIANS INVOLVED,3/30/2024 7:40:00 PM,A,VC 23152(a),True,1,I-580 E/B,,,4/15/2024 2:40:37 PM,A,E,10.0,WEBSTER ST,F,,D,4/15/2024 2:40:39 PM,4/15/2024 2:40:39 PM,False,True,4,,3/30/2024 7:43:00 PM,1943,False,,,True
2364311,9370-2024-01174,1,False,9370,4/8/2024 7:45:00 AM,745,098,14,109,Oakland,1,True,True,E,HIT OBJECT,,Monday,NotApplicable,False,,,False,True,False,ALAMEDA SUPERIOR COURT WILEY W. MANUEL COURTHOUSE,I,FIXED OBJECT,CONCRETE BARRIER WALL,0,0,A,DAYLIGHT,37.799932,-122.278794,,,,,A,NO PEDESTRIANS INVOLVED,4/8/2024 7:45:00 AM,A,VC 21658(A),False,1,I-980 W/B TO I-880 S/B,,,4/15/2024 9:40:36 AM,A,E,82.0,JEFFERSON ST,F,,D,4/15/2024 9:40:38 AM,4/15/2024 9:40:38 AM,False,True,4,False,4/8/2024 7:50:00 AM,750,False,,,True
2364190,9370-2024-01151,1,False,9370,4/6/2024 9:10:00 PM,2110,024,14,109,Oakland,1,True,True,H,OTHER,ANIMAL,Saturday,NotApplicable,False,,,False,True,True,ALAMEDA SUPERIOR COURT WILEY W. MANUEL COURTHOUSE,H,ANIMAL,DOG,1,0,D,DARK-NO STREET LIGHTS,37.852552,-122.222368,,,,,A,NO PEDESTRIANS INVOLVED,4/6/2024 9:10:00 PM,C,,,,SR-24 W/B,,,4/15/2024 8:22:51 AM,A,W,650.0,OLD TUNNEL ROAD,F,,D,4/15/2024 8:22:53 AM,4/15/2024 8:22:53 AM,False,True,4,,4/6/2024 9:15:00 PM,2115,False,,,True
2364169,9370-2024-01155,1,False,9370,4/6/2024 2:00:00 PM,1400,054,14,109,Oakland,1,True,True,C,REAR END,,Saturday,NotApplicable,False,,,False,True,False,ALAMEDA SUPERIOR COURT WILEY W. MANUEL COURTHOUSE,C,OTHER MOTOR VEHICLE,,0,0,A,DAYLIGHT,37.807484,-122.240024,,,,,A,NO PEDESTRIANS INVOLVED,4/6/2024 2:00:00 PM,A,VC 22350,False,1,I-580 E/B,,,4/15/2024 8:08:00 AM,A,W,2180.0,PARK BLVD,F,,D,4/15/2024 8:08:02 AM,4/15/2024 8:08:02 AM,False,True,4,,4/6/2024 2:10:00 PM,1410,False,,,True
2364131,9370-2024-01152,1,False,9370,4/6/2024 9:30:00 AM,930,052,14,109,Oakland,1,True,True,E,HIT OBJECT,,Saturday,NotApplicable,False,,,False,True,False,ALAMEDA SUPERIOR COURT WILEY W. MANUEL COURTHOUSE,J,OTHER OBJECT,WOODEN BENCH SEAT,0,0,A,DAYLIGHT,37.749805,-122.151455,,,,,A,NO PEDESTRIANS INVOLVED,4/6/2024 9:30:00 AM,C,,,,I-580 E/B,,,4/15/2024 7:35:52 AM,A,W,1910.0,106TH AVENUE,F,,D,4/15/2024 7:35:56 AM,4/15/2024 7:35:56 AM,False,True,4,,4/6/2024 9:35:00 AM,935,False,,,True
2364110,9370-2024-01141,1,False,9370,4/6/2024 5:35:00 AM,535,179,14,109,Oakland,1,True,True,E,HIT OBJECT,,Saturday,NotApplicable,False,,,False,True,False,ALAMEDA SUPERIOR COURT WILEY W. MANUEL COURTHOUSE,J,OTHER OBJECT,TIRE DEBRIS,0,0,D,DARK-NO STREET LIGHTS,37.831706,-122.293549,,,,,A,NO PEDESTRIANS INVOLVED,4/6/2024 5:35:00 AM,C,,,,I-880 N/B,,,4/15/2024 7:21:56 AM,A,S,2445.0,POWELL ST,F,,D,4/15/2024 7:22:02 AM,4/15/2024 7:22:02 AM,False,True,4,,4/6/2024 5:48:00 AM,548,False,,,True
2364088,9370-2024-01089,1,False,9370,4/2/2024 5:35:00 PM,1735,176,14,109,Oakland,1,True,True,C,REAR END,,Tuesday,NotApplicable,False,,,False,True,False,ALAMEDA SUPERIOR COURT WILEY W. MANUEL COURTHOUSE,C,OTHER MOTOR VEHICLE,,0,0,A,DAYLIGHT,37.728897,-122.185964,,,,,A,NO PEDESTRIANS INVOLVED,4/2/2024 5:35:00 PM,A,VC 21658(A),False,1,I-880 N/B,,,4/15/2024 7:10:41 AM,A,S,245.0,98TH AVE,F,,D,4/15/2024 7:10:44 AM,4/15/2024 7:10:44 AM,False,True,4,,4/2/2024 5:50:00 PM,1750,True,EMBEDDED,,True
2364081,9370-2024-01188,1,False,9370,4/10/2024 8:35:00 AM,835,013,14,109,Oakland,1,True,True,B,SIDE SWIPE,,Wednesday,NotApplicable,False,M,,False,True,False,ALAMEDA SUPERIOR COURT WILEY W. MANUEL COURTHOUSE,C,OTHER MOTOR VEHICLE,,0,0,A,DAYLIGHT,37.808902,-122.195332,,,,,A,NO PEDESTRIANS INVOLVED,4/10/2024 8:35:00 AM,A,VC 22350,False,1,SR-13 N/B,,,4/15/2024 6:59:11 AM,A,S,882.0,JOAQUIN MILLER RD,F,,D,4/15/2024 6:59:13 AM,4/15/2024 6:59:13 AM,False,True,4,,4/10/2024 8:40:00 AM,840,False,,,True
2364072,9370-2024-01148,1,False,9370,4/6/2024 3:30:00 AM,330,052,14,109,Oakland,1,True,True,B,SIDE SWIPE,,Saturday,Yes,False,,,False,True,False,ALAMEDA SUPERIOR COURT WILEY W. MANUEL COURTHOUSE,I,FIXED OBJECT,CONRETE CENTER DIVIDE,0,0,D,DARK-NO STREET LIGHTS,37.785447,-122.192992,,,,,A,NO PEDESTRIANS INVOLVED,4/6/2024 3:30:00 AM,A,VC 23152(a),True,1,I-580 E/B,,,4/15/2024 6:41:50 AM,A,E,924.0,HIGH ST,F,,D,4/15/2024 6:41:52 AM,4/15/2024 6:41:52 AM,False,True,4,,4/6/2024 3:32:00 AM,332,False,,,True
2364043,9370-2024-01142,1,False,9370,4/6/2024 2:25:00 AM,225,178,14,109,Oakland,1,True,True,E,HIT OBJECT,,Saturday,NotApplicable,False,,,False,True,True,ALAMEDA SUPERIOR COURT WILEY W. MANUEL COURTHOUSE,I,FIXED OBJECT,CONCRETE WALL,1,0,D,DARK-NO STREET LIGHTS,37.817565,-122.296559,,,,,A,NO PEDESTRIANS INVOLVED,4/6/2024 2:25:00 AM,A,VC 22107,False,1,I-880 N/B,,,4/15/2024 5:19:47 AM,A,S,742.0,WEST GRAND AVENUE,F,,D,4/15/2024 5:19:49 AM,4/15/2024 5:19:49 AM,False,True,4,,4/6/2024 2:29:00 AM,229,False,,,True
2364037,9370-2024-01067,1,False,9370,3/30/2024 8:10:00 PM,2010,024,14,109,Oakland,1,True,True,B,SIDE SWIPE,,Saturday,Yes,False,,,False,True,False,ALAMEDA SUPERIOR COURT WILEY W. MANUEL COURTHOUSE,I,FIXED OBJECT,CENTER BARRIER WALL,1,0,C,DARK-STREET LIGHTS,37.848689,-122.226026,,,,,A,NO PEDESTRIANS INVOLVED,3/30/2024 8:10:00 PM,A,VC 23152(a),True,1,SR-24 W/B,,,4/15/2024 4:41:31 AM,B,E,570.0,SR-13,F,,D,4/15/2024 4:41:33 AM,4/15/2024 4:41:33 AM,False,True,4,,3/30/2024 8:13:00 PM,2013,False,,,True
2363900,9370-2024-01147,1,False,9370,4/6/2024 1:45:00 PM,1345,054,14,109,Oakland,1,True,True,A,HEAD-ON,,Saturday,Yes,False,,,False,True,False,ALAMEDA SUPERIOR COURT WILEY W. MANUEL COURTHOUSE,I,FIXED OBJECT,METAL GUARDRAIL,0,0,A,DAYLIGHT,37.82036,-122.25632,,,,,A,NO PEDESTRIANS INVOLVED,4/6/2024 1:45:00 PM,A,VC 23152(F),True,1,I-580 E/B,,,4/14/2024 9:02:30 PM,A,W,500.0,HARRISON ST,F,,D,4/14/2024 9:02:33 PM,4/14/2024 9:02:33 PM,False,True,4,,4/6/2024 1:59:00 PM,1359,False,,,True
2363899,9370-2024-01231,1,False,9370,4/13/2024 5:30:00 PM,1730,176,14,109,Oakland,1,True,True,C,REAR END,,Saturday,NotApplicable,False,,,False,True,False,ALAMEDA SUPERIOR COURT WILEY W. MANUEL COURTHOUSE,C,OTHER MOTOR VEHICLE,,0,0,A,DAYLIGHT,37.742069,-122.197155,,,,,A,NO PEDESTRIANS INVOLVED,4/13/2024 5:30:00 PM,A,VC 22350,False,1,I-880 N/B FROM HEGENBERGER ROAD,,,4/14/2024 9:00:38 PM,B,N,300.0,HEGENBERGER RD,F,,A,4/14/2024 9:00:40 PM,4/14/2024 9:00:40 PM,False,True,4,,4/13/2024 5:35:00 PM,1735,False,,,True
2363864,9335-2024-00704,1,False,9335,3/23/2024 11:10:00 PM,2310,084,14,109,Oakland,1,True,True,B,SIDE SWIPE,,Saturday,Yes,False,,,False,True,True,ALAMEDA SUPERIOR COURT ALAMEDA,C,OTHER MOTOR VEHICLE,,3,0,C,DARK-STREET LIGHTS,37.820969,-122.33489,,,,,A,NO PEDESTRIANS INVOLVED,3/23/2024 11:10:00 PM,A,VC 22107,False,1,I-80 E/B,,,4/14/2024 12:39:54 PM,B,E,1.55,ARMY RD,M,,D,4/14/2024 12:41:58 PM,4/14/2024 12:41:58 PM,False,True,4,,3/23/2024 11:11:00 PM,2311,False,,,True
2363232,9370-2024-01130,1,False,9370,4/5/2024 5:25:00 PM,1725,176,14,109,Oakland,1,True,True,B,SIDE SWIPE,,Friday,NotApplicable,False,,,False,True,False,ALAMEDA SUPERIOR COURT WILEY W. MANUEL COURTHOUSE,C,OTHER MOTOR VEHICLE,,0,0,A,DAYLIGHT,37.750077,-122.204978,,,,,A,NO PEDESTRIANS INVOLVED,4/5/2024 5:25:00 PM,A,VC 21658(a),False,1,I-880 S/B,,,4/12/2024 11:09:58 AM,A,N,1371.0,66TH AVE,F,,D,4/12/2024 11:10:01 AM,4/12/2024 11:10:01 AM,False,True,4,,4/5/2024 5:30:00 PM,1730,False,,,True
2363213,9370-2024-01136,1,False,9370,4/5/2024 3:25:00 PM,1525,054,14,109,Oakland,1,True,True,B,SIDE SWIPE,,Friday,NotApplicable,False,M,,False,True,False,ALAMEDA SUPERIOR COURT WILEY W. MANUEL COURTHOUSE,C,OTHER MOTOR VEHICLE,,0,0,A,DAYLIGHT,37.815891,-122.251259,,,,,A,NO PEDESTRIANS INVOLVED,4/5/2024 3:25:00 PM,A,VC 21658(a),False,1,I-580 W/B,,,4/12/2024 10:51:23 AM,A,E,130.0,CHETWOOD ST,F,,D,4/12/2024 10:51:26 AM,4/12/2024 10:51:26 AM,False,True,4,,4/5/2024 3:50:00 PM,1550,False,,,True
2363180,9370-2024-01132,1,False,9370,4/5/2024 1:45:00 PM,1345,176,14,109,Oakland,1,True,True,B,SIDE SWIPE,,Friday,NotApplicable,False,,,False,True,True,ALAMEDA SUPERIOR COURT WILEY W. MANUEL COURTHOUSE,C,OTHER MOTOR VEHICLE,,0,0,A,DAYLIGHT,37.737058,-122.193092,,,,,A,NO PEDESTRIANS INVOLVED,4/5/2024 1:45:00 PM,A,VC 21658(a),False,1,I-880 N/B,,,4/12/2024 10:08:26 AM,A,S,450.0,HEGENBERGER RD,F,,D,4/12/2024 10:08:28 AM,4/12/2024 10:08:28 AM,False,True,4,,4/5/2024 1:57:00 PM,1357,False,,,True
2363159,9370-2024-01125,1,False,9370,4/5/2024 5:15:00 AM,515,008,14,109,Oakland,1,True,True,E,HIT OBJECT,,Friday,NotApplicable,False,,,False,True,True,ALAMEDA SUPERIOR COURT ALAMEDA,I,FIXED OBJECT,CONCRETE WALL,0,0,C,DARK-STREET LIGHTS,37.829154,-122.293963,,,,,A,NO PEDESTRIANS INVOLVED,4/5/2024 5:15:00 AM,A,VC 22350,False,1,I-80 WB TO I-880 SB/I-580 EB,,,4/12/2024 9:51:20 AM,B,W,161.0,I-80 EB UNDERCROSSING,F,,D,4/12/2024 9:51:37 AM,4/12/2024 9:51:37 AM,False,True,4,,4/5/2024 5:21:00 AM,521,False,,,True
2363102,9370-2024-01180,1,False,9370,3/24/2024 7:45:00 AM,745,176,14,109,Oakland,1,True,True,B,SIDE SWIPE,,Sunday,NotApplicable,False,,,False,True,False,ALAMEDA SUPERIOR COURT WILEY W. MANUEL COURTHOUSE,C,OTHER MOTOR VEHICLE,,0,0,A,DAYLIGHT,37.76878,-122.220518,,,,,A,NO PEDESTRIANS INVOLVED,3/24/2024 7:45:00 AM,A,VC 21658(a),False,1,I-880 N/B,,,4/12/2024 9:13:57 AM,A,S,300.0,HIGH ST,F,,D,4/12/2024 9:14:00 AM,4/12/2024 9:14:00 AM,False,True,4,,4/3/2024 3:00:00 PM,1500,False,,,True
2363009,9370-2024-01038,1,False,9370,3/29/2024 1:05:00 PM,1305,055,14,109,Oakland,1,True,True,C,REAR END,,Friday,Yes,False,M,,False,True,False,ALAMEDA SUPERIOR COURT WILEY W. MANUEL COURTHOUSE,C,OTHER MOTOR VEHICLE,,1,0,A,DAYLIGHT,37.826714,-122.287073,,,,,A,NO PEDESTRIANS INVOLVED,3/29/2024 1:05:00 PM,A,VC 22350,False,1,I-580 W/B TO I-80 W/B,,,4/12/2024 8:09:18 AM,B,E,695.0,HOLLIS ST,F,,D,4/12/2024 8:09:28 AM,4/12/2024 8:09:28 AM,False,True,4,,3/29/2024 1:10:00 PM,1310,False,,,True
2362909,9370-2024-01085,1,False,9370,4/2/2024 10:25:00 AM,1025,025,14,109,Oakland,1,True,True,B,SIDE SWIPE,,Tuesday,Yes,False,,,False,True,True,ALAMEDA SUPERIOR COURT WILEY W. MANUEL COURTHOUSE,C,OTHER MOTOR VEHICLE,,1,0,A,DAYLIGHT,37.833896,-122.266418,,,,,A,NO PEDESTRIANS INVOLVED,4/2/2024 10:25:00 AM,A,VC 21658(A),False,1,SR-24 W/B,,,4/12/2024 6:04:47 AM,A,E,318.0,45TH ST,F,,D,4/12/2024 6:04:49 AM,4/12/2024 6:04:49 AM,False,True,4,,4/2/2024 11:21:00 AM,1121,False,,,True
2362879,9370-2024-00797,1,False,9370,3/7/2024 7:35:00 AM,735,055,14,109,Oakland,1,True,True,B,SIDE SWIPE,,Thursday,NotApplicable,False,,,False,True,True,ALAMEDA SUPERIOR COURT WILEY W. MANUEL COURTHOUSE,C,OTHER MOTOR VEHICLE,,0,0,A,DAYLIGHT,37.826535,-122.288562,,,,,A,NO PEDESTRIANS INVOLVED,3/7/2024 7:35:00 AM,A,VC 22350,False,1,I-580 W/B TO I-80 WB,,,4/12/2024 5:08:51 AM,A,E,250.0,MANDELA PKY,F,,D,4/12/2024 5:08:56 AM,4/12/2024 5:08:56 AM,False,True,4,,3/7/2024 7:37:00 AM,737,False,,,True
2362375,9370-2024-00628,1,False,9370,2/23/2024 6:20:00 PM,1820,055,14,109,Oakland,1,True,True,C,REAR END,,Friday,Yes,False,F,,False,True,True,ALAMEDA SUPERIOR COURT WILEY W. MANUEL COURTHOUSE,C,OTHER MOTOR VEHICLE,,1,0,D,DARK-NO STREET LIGHTS,37.826746,-122.285788,,,,,A,NO PEDESTRIANS INVOLVED,2/23/2024 6:20:00 PM,A,VC 21658(A),False,1,I-580 E/B,,,4/11/2024 2:11:44 PM,A,W,261.0,HOLLIS ST,F,,D,4/11/2024 2:11:47 PM,4/11/2024 2:11:47 PM,False,True,4,,2/23/2024 6:53:00 PM,1853,False,,,True
2362369,9370-2024-00976,1,False,9370,3/24/2024 12:05:00 PM,1205,178,14,109,Oakland,1,True,True,B,SIDE SWIPE,,Sunday,NotApplicable,False,,,False,True,False,ALAMEDA SUPERIOR COURT WILEY W. MANUEL COURTHOUSE,C,OTHER MOTOR VEHICLE,,0,0,A,DAYLIGHT,37.810089,-122.304367,,,,,A,NO PEDESTRIANS INVOLVED,3/24/2024 12:05:00 PM,A,VC 22107,False,1,I-880 N/B,,,4/11/2024 2:07:48 PM,A,N,770.0,7TH ST,F,,D,4/11/2024 2:07:51 PM,4/11/2024 2:07:51 PM,False,True,4,,3/24/2024 12:09:00 PM,1209,False,,,True
2362193,9370-2024-01168,1,False,9370,4/4/2024 10:58:00 PM,2258,054,14,109,Oakland,1,True,True,E,HIT OBJECT,,Thursday,NotApplicable,False,M,,False,True,False,ALAMEDA SUPERIOR COURT WILEY W. MANUEL COURTHOUSE,I,FIXED OBJECT,CONCRETE BARRIER,0,0,B,DUSK-DAWN,37.811429,-122.249945,,,,,A,NO PEDESTRIANS INVOLVED,4/4/2024 10:58:00 PM,A,VC 22107,False,1,I-580 WESTBOUND,,,4/11/2024 11:47:25 AM,A,W,467.0,GRAND AVE,F,,D,4/11/2024 11:47:27 AM,4/11/2024 11:47:27 AM,False,True,4,,4/4/2024 11:03:00 PM,2303,False,,,True
2362163,9370-2024-00970,1,False,9370,3/24/2024 12:30:00 PM,1230,176,14,109,Oakland,1,True,True,B,SIDE SWIPE,,Sunday,NotApplicable,False,M,,False,True,False,ALAMEDA SUPERIOR COURT WILEY W. MANUEL COURTHOUSE,C,OTHER MOTOR VEHICLE,,0,0,A,DAYLIGHT,37.72852,-122.185634,,,,,A,NO PEDESTRIANS INVOLVED,3/24/2024 12:30:00 PM,A,VC 21658(a),False,1,I-880 N/B,,,4/11/2024 11:23:15 AM,A,S,1317.0,98TH AVE,F,,D,4/11/2024 11:23:16 AM,4/11/2024 11:23:16 AM,False,True,4,,3/24/2024 12:45:00 PM,1245,False,,,True
2362156,9370-2024-01020,1,False,9370,3/27/2024 11:20:00 PM,2320,176,14,109,Oakland,1,True,True,E,HIT OBJECT,,Wednesday,Yes,False,,,False,True,True,ALAMEDA SUPERIOR COURT WILEY W. MANUEL COURTHOUSE,A,NON-COLLISION,,1,0,C,DARK-STREET LIGHTS,37.727728,-122.185089,,,,,A,NO PEDESTRIANS INVOLVED,3/27/2024 11:20:00 PM,A,VC 22350,False,1,I-880 N/B,,,4/11/2024 11:19:30 AM,B,S,1715.0,98TH AVE,F,,D,4/11/2024 11:19:33 AM,4/11/2024 11:19:33 AM,False,True,4,False,3/27/2024 11:31:00 PM,2331,False,,,True
2362149,9370-2024-01098,2,False,9370,4/3/2024 5:00:00 PM,1700,024,14,109,Oakland,1,True,True,B,SIDE SWIPE,,Wednesday,Yes,False,,,False,True,False,ALAMEDA SUPERIOR COURT WILEY W. MANUEL COURTHOUSE,C,OTHER MOTOR VEHICLE,,1,0,A,DAYLIGHT,37.849921,-122.239442,,,,,A,NO PEDESTRIANS INVOLVED,4/3/2024 5:00:00 PM,A,VC 21658(A),False,1,SR-24 E/B,,,8/20/2024 3:47:05 PM,A,W,2000.0,SR-13 S/B,F,,D,4/11/2024 11:14:41 AM,8/20/2024 3:47:08 PM,False,True,4,,4/3/2024 5:10:00 PM,1710,False,,,True
2362057,9370-2024-01118,1,False,9370,4/4/2024 4:30:00 PM,1630,177,14,109,Oakland,1,True,True,B,SIDE SWIPE,,Thursday,NotApplicable,False,,,False,True,False,ALAMEDA SUPERIOR COURT WILEY W. MANUEL COURTHOUSE,C,OTHER MOTOR VEHICLE,,0,0,A,DAYLIGHT,37.788553,-122.25166,,,,,A,NO PEDESTRIANS INVOLVED,4/4/2024 4:30:00 PM,A,VC 21658(A),False,1,I-880 S/B,,,4/11/2024 10:16:28 AM,B,N,2280.0,16TH AVE,F,,D,4/11/2024 10:16:30 AM,4/11/2024 10:16:30 AM,False,True,4,,4/4/2024 4:35:00 PM,1635,False,,,True
2361967,9370-2024-01107,1,False,9370,4/4/2024 10:40:00 AM,1040,024,14,109,Oakland,1,True,True,E,HIT OBJECT,,Thursday,Yes,False,,,False,True,False,ALAMEDA SUPERIOR COURT WILEY W. MANUEL COURTHOUSE,I,FIXED OBJECT,CONCRETE BARRIER,1,0,A,DAYLIGHT,37.84731,-122.245721,,,,,A,NO PEDESTRIANS INVOLVED,4/4/2024 10:40:00 AM,A,VC 22107,False,1,SR-24 W/B,,,4/11/2024 9:04:12 AM,B,E,500.0,PRESLEY WAY,F,,D,4/11/2024 9:04:14 AM,4/11/2024 9:04:14 AM,False,True,4,,4/4/2024 10:42:00 AM,1042,False,,,True
2361894,9370-2024-01112,1,False,9370,4/4/2024 2:10:00 PM,1410,052,14,109,Oakland,1,True,True,B,SIDE SWIPE,,Thursday,NotApplicable,False,M,,False,True,False,ALAMEDA SUPERIOR COURT WILEY W. MANUEL COURTHOUSE,C,OTHER MOTOR VEHICLE,,0,0,A,DAYLIGHT,37.774955,-122.161559,,,,,A,NO PEDESTRIANS INVOLVED,4/4/2024 2:10:00 PM,A,VC 21658(a),False,,I-580 E/B,,,4/11/2024 8:15:50 AM,A,W,1828.0,KELLER AVE,F,,D,4/11/2024 8:15:54 AM,4/11/2024 8:15:54 AM,False,True,4,,4/4/2024 2:24:00 PM,1424,False,,,True
2383389,9370-2024-01359,1,False,9370,4/26/2024 9:25:00 AM,925,176,14,109,Oakland,1,True,True,B,SIDE SWIPE,,Friday,NotApplicable,False,M,,False,True,False,ALAMEDA SUPERIOR COURT WILEY W. MANUEL COURTHOUSE,C,OTHER MOTOR VEHICLE,,0,0,A,DAYLIGHT,37.763043,-122.216217,,,,,A,NO PEDESTRIANS INVOLVED,4/26/2024 9:25:00 AM,A,VC 21658(a),False,1,INTERSTATE 880 NORTHBOUND,,,5/7/2024 4:56:40 AM,A,S,500.0,HIGH STREET,F,,D,5/7/2024 4:56:42 AM,5/7/2024 4:56:42 AM,False,True,4,,4/26/2024 9:30:00 AM,930,False,,,True