collision-id,report-number,report-version,is-preliminary,ncic-code,crash-date-time,crash-time-description,beat,city-id,city-code,city-name,county-code,city-is-active,city-is-incorporated,collision-type-code,collision-type-description,collision-type-other-desc,day-of-week,dispatch-notified,has-photographs,hit-run,is-attachments-mailed,is-deleted,is-highway-related,is-tow-away,judicial-district,motor-vehicle-involved-with-code,motor-vehicle-involved-with-desc,motor-vehicle-involved-with-other-desc,number-injured,number-killed,lighting-code,lighting-description,latitude,longitude,milepost-direction,milepost-distance,milepost-marker,milepost-unit-of-measure,pedestrian-action-code,pedestrian-action-desc,prepared-date,primary-collision-factor-code,primary-collision-factor-description,primary-collision-factor-is-cited,primary-collision-party-number,primary-road,reporting-district,reporting-district-code,reviewed-date,roadway-surface-code,secondary-direction,secondary-distance,secondary-road,secondary-unit-of-measure,sketch-desc,traffic-control-device-code,created-date,modified-date,is-county-road,is-freeway,chp-555-version,is-additonal-object-struck,notification-date,notification-time-description,has-digital-media-files,evidence-number,is-location-refer-to-narrative,is-aoi-one-same-as-location
2383038,9370-2024-01395,1,False,9370,4/29/2024 8:00:00 PM,2000,052,14,109,Oakland,1,True,True,H,OTHER,DEER,Monday,NotApplicable,False,,,False,True,False,ALAMEDA SUPERIOR COURT WILEY W. MANUEL COURTHOUSE,H,ANIMAL,DEER,0,0,C,DARK-STREET LIGHTS,37.754732,-122.150545,,,,,A,NO PEDESTRIANS INVOLVED,4/29/2024 8:00:00 PM,C,,,,I-580 E/B,,,5/6/2024 3:49:38 PM,A,E,400.0,98TH AVENUE,F,,D,5/6/2024 3:49:39 PM,5/6/2024 3:49:39 PM,False,True,4,False,4/29/2024 8:10:00 PM,2010,False,,,
2382791,9370-2024-01435,1,False,9370,5/2/2024 2:40:00 PM,1440,052,14,109,Oakland,1,True,True,E,HIT OBJECT,,Thursday,NotApplicable,False,,,False,True,True,ALAMEDA SUPERIOR COURT WILEY W. MANUEL COURTHOUSE,I,FIXED OBJECT,ATTENUATOR,0,0,A,DAYLIGHT,37.785613,-122.193959,,,,,A,NO PEDESTRIANS INVOLVED,5/2/2024 2:40:00 PM,A,VC 22107,False,1,I-580 E/B TO MACARTHUR BOULEVARD,,,5/6/2024 12:46:54 PM,A,W,1754.0,MACARTHUR BLVD,F,,D,5/6/2024 12:46:56 PM,5/6/2024 12:46:56 PM,False,True,4,,5/2/2024 2:45:00 PM,1445,False,,,True
2382776,9370-2024-01434,1,False,9370,5/2/2024 3:04:00 PM,1504,052,14,109,Oakland,1,True,True,C,REAR END,,Thursday,NotApplicable,False,,,False,True,True,ALAMEDA SUPERIOR COURT WILEY W. MANUEL COURTHOUSE,C,OTHER MOTOR VEHICLE,,0,0,A,DAYLIGHT,37.785932,-122.194639,,,,,A,NO PEDESTRIANS INVOLVED,5/2/2024 3:04:00 PM,A,VC 22350,False,1,I-580 E/B TO MACARTHUR BOULEVARD,,,5/6/2024 12:38:15 PM,A,W,1987.0,MACARTHUR BOULEVARD,F,,D,5/6/2024 12:38:19 PM,5/6/2024 12:38:19 PM,False,True,4,,5/2/2024 3:10:00 PM,1510,False,,,True
2382748,9370-2024-01360,1,False,9370,4/26/2024 11:10:00 AM,1110,176,14,109,Oakland,1,True,True,C,REAR END,,Friday,NotApplicable,False,,,False,True,False,ALAMEDA SUPERIOR COURT WILEY W. MANUEL COURTHOUSE,C,OTHER MOTOR VEHICLE,,0,0,A,DAYLIGHT,37.776974,-122.23691,,,,,A,NO PEDESTRIANS INVOLVED,4/26/2024 11:10:00 AM,A,VC 22350,False,1,I-880 SB FROM KENNEDY STREET,,,5/6/2024 12:13:46 PM,A,S,100.0,KENNEDY STREET,F,,A,5/6/2024 12:13:48 PM,5/6/2024 12:13:48 PM,False,True,4,,4/26/2024 11:15:00 AM,1115,False,,,True
2382744,9370-2024-01386,1,False,9370,4/28/2024 8:16:00 PM,2016,013,14,109,Oakland,1,True,True,A,HEAD-ON,,Sunday,NotApplicable,False,,,False,True,False,ALAMEDA SUPERIOR COURT WILEY W. MANUEL COURTHOUSE,I,FIXED OBJECT,CENTER DIVIDE,0,0,C,DARK-STREET LIGHTS,37.842634,-122.225808,,,,,A,NO PEDESTRIANS INVOLVED,4/28/2024 8:16:00 PM,A,VC 22350,False,1,SR-13 S/B TO BROADWAY TERRACE,,,5/6/2024 12:07:25 PM,A,N,195.0,BROADWAY TER,F,,D,5/6/2024 12:07:30 PM,5/6/2024 12:07:30 PM,False,True,4,True,4/28/2024 8:20:00 PM,2020,False,,,True
2382737,9370-2024-01349,1,False,9370,4/25/2024 9:55:00 AM,955,055,14,109,Oakland,1,True,True,C,REAR END,,Thursday,NotApplicable,False,,,False,True,False,ALAMEDA SUPERIOR COURT WILEY W. MANUEL COURTHOUSE,C,OTHER MOTOR VEHICLE,,0,0,A,DAYLIGHT,37.825192,-122.270458,,,,,A,NO PEDESTRIANS INVOLVED,4/25/2024 9:55:00 AM,A,VC 21658(A),False,1,SR24 W/B TO I-580 W/B,,,5/6/2024 12:03:50 PM,A,E,150.0,MARKET STREET,F,,D,5/6/2024 12:03:53 PM,5/6/2024 12:03:53 PM,False,True,4,,4/25/2024 10:00:00 AM,1000,False,,,True
2382505,9370-2024-01380,1,False,9370,4/28/2024 5:47:00 AM,547,053,14,109,Oakland,1,True,True,E,HIT OBJECT,,Sunday,Yes,False,F,,False,True,True,ALAMEDA SUPERIOR COURT WILEY W. MANUEL COURTHOUSE,I,FIXED OBJECT,CONCRETE MEDIAN,1,0,C,DARK-STREET LIGHTS,37.799687,-122.223063,,,,,A,NO PEDESTRIANS INVOLVED,4/28/2024 5:47:00 AM,A,VC 22107,False,1,I-580 E/B,,,5/6/2024 9:36:05 AM,A,W,1584.0,FRUITVALE AVENUE,F,,D,5/6/2024 9:36:08 AM,5/6/2024 9:36:08 AM,False,True,4,,4/28/2024 5:51:00 AM,551,True,AREA / EMBEDDED,,True
2382431,9370-2024-01372,2,False,9370,4/27/2024 8:43:00 AM,843,025,14,109,Oakland,1,True,True,C,REAR END,,Saturday,NotApplicable,False,,,False,True,True,ALAMEDA SUPERIOR COURT WILEY W. MANUEL COURTHOUSE,C,OTHER MOTOR VEHICLE,,0,0,A,DAYLIGHT,37.830345,-122.267328,,,,,A,NO PEDESTRIANS INVOLVED,4/27/2024 8:43:00 AM,A,VC 22350,False,1,SR-24 W/B TO I-580 W/B,,,6/3/2024 4:11:13 PM,A,W,157.0,42ND ST,F,,D,5/6/2024 8:57:03 AM,6/3/2024 4:11:17 PM,False,True,4,,4/27/2024 8:44:00 AM,844,False,,,True
2382260,9370-2024-01443,1,False,9370,4/20/2024 2:30:00 AM,230,025,14,109,Oakland,1,True,True,E,HIT OBJECT,,Saturday,No,False,M,,False,True,True,ALAMEDA SUPERIOR COURT WILEY W. MANUEL COURTHOUSE,I,FIXED OBJECT,METAL GUARDRAIL,0,0,C,DARK-STREET LIGHTS,37.830198,-122.267274,,,,,A,NO PEDESTRIANS INVOLVED,4/20/2024 2:30:00 AM,A,VC 22107,False,1,SR-24 W/B TO I-580,,,5/6/2024 7:00:46 AM,A,E,184.0,40TH ST,F,,D,5/6/2024 7:00:48 AM,5/6/2024 7:00:48 AM,False,True,4,,4/20/2024 2:35:00 AM,235,False,,,
2382201,9370-2024-01336,1,False,9370,4/24/2024 12:15:00 AM,15,025,14,109,Oakland,1,True,True,C,REAR END,,Wednesday,Yes,False,,,False,True,True,ALAMEDA SUPERIOR COURT WILEY W. MANUEL COURTHOUSE,C,OTHER MOTOR VEHICLE,,1,0,D,DARK-NO STREET LIGHTS,37.830186,-122.267165,,,,,A,NO PEDESTRIANS INVOLVED,4/24/2024 12:15:00 AM,A,VC 23152(a),True,1,SR-24 W/B,,,5/6/2024 5:08:58 AM,A,E,100.0,40TH STREET,F,,D,5/6/2024 5:09:00 AM,5/6/2024 5:09:00 AM,False,True,4,,4/24/2024 12:25:00 AM,25,False,,,True
2382199,9370-2024-01339,1,False,9370,4/24/2024 4:10:00 PM,1610,176,14,109,Oakland,1,True,True,C,REAR END,,Wednesday,NotApplicable,False,M,,False,True,False,ALAMEDA SUPERIOR COURT WILEY W. MANUEL COURTHOUSE,C,OTHER MOTOR VEHICLE,,0,0,A,DAYLIGHT,37.742077,-122.197202,,,,,A,NO PEDESTRIANS INVOLVED,4/24/2024 4:10:00 PM,A,VC 22350,False,1,I-880 N/B FROM HEGENBERGER ROAD,,,5/6/2024 4:34:29 AM,A,N,212.0,HEGENBERGER RD,F,,A,5/6/2024 4:34:31 AM,5/6/2024 4:34:31 AM,False,True,4,,4/24/2024 4:13:00 PM,1613,False,,,True
2381611,9370-2024-01417,1,False,9370,4/29/2024 8:55:00 PM,2055,052,14,109,Oakland,1,True,True,E,HIT OBJECT,,Monday,NotApplicable,False,,,False,True,False,ALAMEDA SUPERIOR COURT WILEY W. MANUEL COURTHOUSE,H,ANIMAL,DEER,0,0,D,DARK-NO STREET LIGHTS,37.757472,-122.148274,,,,,A,NO PEDESTRIANS INVOLVED,4/29/2024 8:55:00 PM,C,,,,I-580 E/B,,,5/3/2024 6:58:55 PM,A,W,1580.0,98TH AVENUE,F,,D,5/3/2024 6:58:56 PM,5/3/2024 6:58:56 PM,False,True,4,,4/29/2024 9:00:00 PM,2100,False,,,True
2381593,9370-2024-01385,1,False,9370,4/28/2024 10:20:00 AM,1020,054,14,109,Oakland,1,True,True,E,HIT OBJECT,,Sunday,NotApplicable,False,M,,False,True,True,ALAMEDA SUPERIOR COURT WILEY W. MANUEL COURTHOUSE,A,NON-COLLISION,,0,0,A,DAYLIGHT,37.806843,-122.23816,,,,,A,NO PEDESTRIANS INVOLVED,4/28/2024 10:20:00 AM,C,,,,I-580 W/B,,,5/3/2024 5:49:01 PM,A,W,1584.0,PARK BLVD,F,,D,5/3/2024 5:49:05 PM,5/3/2024 5:49:05 PM,False,True,4,,4/28/2024 10:32:00 AM,1032,True,AREA / EMBEDDED,,True
2381589,9370-2024-01362,1,False,9370,4/26/2024 11:13:00 AM,1113,055,14,109,Oakland,1,True,True,C,REAR END,,Friday,NotApplicable,False,M,,False,True,False,ALAMEDA SUPERIOR COURT WILEY W. MANUEL COURTHOUSE,C,OTHER MOTOR VEHICLE,,0,0,A,DAYLIGHT,37.825335,-122.273026,,,,,A,NO PEDESTRIANS INVOLVED,4/26/2024 11:13:00 AM,A,VC 22350,False,1,I-580 E/B,,,5/3/2024 5:38:53 PM,A,W,144.0,WEST ST,F,,D,5/3/2024 5:38:55 PM,5/3/2024 5:38:55 PM,False,True,4,,4/26/2024 11:19:00 AM,1119,True,AREA / EMBEDDED,,True
2381588,9370-2024-01351,1,False,9370,4/25/2024 3:30:00 PM,1530,052,14,109,Oakland,1,True,True,C,REAR END,,Thursday,NotApplicable,False,,,False,True,False,ALAMEDA SUPERIOR COURT WILEY W. MANUEL COURTHOUSE,C,OTHER MOTOR VEHICLE,,0,0,A,DAYLIGHT,37.784221,-122.183777,,,,,A,NO PEDESTRIANS INVOLVED,4/25/2024 3:30:00 PM,A,VC 22350,False,1,I-580 W/B,,,5/3/2024 5:38:22 PM,A,E,1415.0,MACARTHUR BLVD,F,,D,5/3/2024 5:38:23 PM,5/3/2024 5:38:23 PM,False,True,4,,4/25/2024 3:40:00 PM,1540,False,,,True
2381587,9370-2024-01342,1,False,9370,4/24/2024 8:55:00 PM,2055,054,14,109,Oakland,1,True,True,E,HIT OBJECT,,Wednesday,NotApplicable,False,,,False,True,True,ALAMEDA SUPERIOR COURT WILEY W. MANUEL COURTHOUSE,I,FIXED OBJECT,CHAIN LINKED FENCE,1,0,C,DARK-STREET LIGHTS,37.811454,-122.250406,,,,,A,NO PEDESTRIANS INVOLVED,4/24/2024 8:55:00 PM,C,,,,I-580 E/B TO GRAND AVENUE,,,5/3/2024 5:37:42 PM,A,W,617.0,GRAND AVE,F,,D,5/3/2024 5:37:45 PM,5/3/2024 5:37:45 PM,False,True,4,,4/24/2024 8:58:00 PM,2058,False,,,True
2381585,9370-2024-01422,1,False,9370,4/30/2024 9:40:00 PM,2140,177,14,109,Oakland,1,True,True,B,SIDE SWIPE,,Tuesday,NotApplicable,False,,,False,True,False,ALAMEDA SUPERIOR COURT WILEY W. MANUEL COURTHOUSE,C,OTHER MOTOR VEHICLE,,0,0,D,DARK-NO STREET LIGHTS,37.792881,-122.263354,,,,,A,NO PEDESTRIANS INVOLVED,4/30/2024 9:40:00 PM,A,VC 21658(A),False,1,I-880 S/B,,,5/3/2024 5:33:14 PM,A,S,1207.0,OAK ST,F,,D,5/3/2024 5:33:16 PM,5/3/2024 5:33:16 PM,False,True,4,,4/30/2024 9:45:00 PM,2145,False,,,True
2381579,9335-2024-00860,1,False,9335,4/15/2024 4:10:00 AM,410,084,14,109,Oakland,1,True,True,C,REAR END,,Monday,NotApplicable,False,M,,False,True,True,ALAMEDA SUPERIOR COURT ALAMEDA,C,OTHER MOTOR VEHICLE,,1,0,C,DARK-STREET LIGHTS,37.822189,-122.323632,,,,,A,NO PEDESTRIANS INVOLVED,4/15/2024 4:10:00 AM,A,VC 22350,False,1,I-80 E/B,,,5/3/2024 5:06:46 PM,A,W,0.5,TOLL PLAZA,M,,D,5/3/2024 5:06:49 PM,5/3/2024 5:06:49 PM,False,True,4,,4/15/2024 4:15:00 AM,415,True,AREA PHOTO FILE,,True
2381574,9370-2024-01402,1,False,9370,4/30/2024 6:59:00 AM,659,024,14,109,Oakland,1,True,True,C,REAR END,,Tuesday,NotApplicable,False,,,False,True,False,ALAMEDA SUPERIOR COURT WILEY W. MANUEL COURTHOUSE,C,OTHER MOTOR VEHICLE,,0,0,C,DARK-STREET LIGHTS,37.854958,-122.218025,,,,,A,NO PEDESTRIANS INVOLVED,4/30/2024 6:59:00 AM,A,VC 22350,False,1,SR-24 W/B,,,5/3/2024 4:57:25 PM,A,E,1383.0,CALDECOTT LANE,F,,D,5/3/2024 4:57:28 PM,5/3/2024 4:57:28 PM,False,True,4,,4/30/2024 7:00:00 AM,700,False,,,True
2381568,9370-2024-01401,1,False,9370,4/30/2024 6:58:00 AM,658,024,14,109,Oakland,1,True,True,C,REAR END,,Tuesday,NotApplicable,False,,,False,True,False,ALAMEDA SUPERIOR COURT WILEY W. MANUEL COURTHOUSE,C,OTHER MOTOR VEHICLE,,0,0,C,DARK-STREET LIGHTS,37.854917,-122.218175,,,,,A,NO PEDESTRIANS INVOLVED,4/30/2024 6:58:00 AM,A,VC 22350,False,1,SR-24 W/B,,,5/3/2024 4:52:15 PM,A,E,1336.0,CALDECOTT LANE,F,,D,5/3/2024 4:52:17 PM,5/3/2024 4:52:17 PM,False,True,4,,4/30/2024 7:00:00 AM,700,False,,,True
2381396,9370-2024-01388,1,False,9370,4/27/2024 1:20:00 PM,1320,024,14,109,Oakland,1,True,True,C,REAR END,,Saturday,NotApplicable,False,,,False,True,False,ALAMEDA SUPERIOR COURT WILEY W. MANUEL COURTHOUSE,C,OTHER MOTOR VEHICLE,,0,0,A,DAYLIGHT,37.854792,-122.219242,,,,,A,NO PEDESTRIANS INVOLVED,4/27/2024 1:20:00 PM,A,VC 22350,False,1,SR-24 W/B,,,5/3/2024 12:19:33 PM,A,W,65.0,CALDECOTT LN,F,,D,5/3/2024 12:19:36 PM,5/3/2024 12:19:36 PM,False,True,4,,4/27/2024 1:25:00 PM,1325,False,,,True
2381361,9370-2024-01358,1,False,9370,4/26/2024 6:00:00 AM,600,176,14,109,Oakland,1,True,True,C,REAR END,,Friday,Yes,False,,,False,True,True,ALAMEDA SUPERIOR COURT WILEY W. MANUEL COURTHOUSE,C,OTHER MOTOR VEHICLE,,0,0,A,DAYLIGHT,37.733674,-122.189851,,,,,A,NO PEDESTRIANS INVOLVED,4/26/2024 6:00:00 AM,A,VC 22350,False,1,I-880 NORTHBOUND FROM 98TH AVENUE,,,5/3/2024 11:17:43 AM,A,N,730.0,98TH AVENUE,F,,A,5/3/2024 11:17:44 AM,5/3/2024 11:17:44 AM,False,True,4,,4/26/2024 6:10:00 AM,610,False,,,True
2380734,9370-2024-01414,1,False,9370,5/1/2024 10:25:00 AM,1025,025,14,109,Oakland,1,True,True,C,REAR END,,Wednesday,NotApplicable,False,,,False,True,False,ALAMEDA SUPERIOR COURT WILEY W. MANUEL COURTHOUSE,C,OTHER MOTOR VEHICLE,,0,0,A,DAYLIGHT,37.834308,-122.266368,,,,,A,NO PEDESTRIANS INVOLVED,5/1/2024 10:25:00 AM,A,VC 22350,False,1,SR-24 W/B,,,5/2/2024 3:39:14 PM,A,W,1187.0,52ND STREET,F,,D,5/2/2024 3:39:16 PM,5/2/2024 3:39:16 PM,False,True,4,,5/1/2024 10:30:00 AM,1030,False,,,True
2380482,9370-2024-01410,1,False,9370,5/1/2024 12:40:00 AM,40,176,14,109,Oakland,1,True,True,B,SIDE SWIPE,,Wednesday,NotApplicable,False,M,,False,True,False,ALAMEDA SUPERIOR COURT WILEY W. MANUEL COURTHOUSE,C,OTHER MOTOR VEHICLE,,1,0,D,DARK-NO STREET LIGHTS,37.762087,-122.215402,,,,,A,NO PEDESTRIANS INVOLVED,5/1/2024 12:40:00 AM,A,VC 22107,False,1,I-880 S/B,,,5/2/2024 12:40:38 PM,A,N,3500.0,66TH AVE,F,,D,5/2/2024 12:40:41 PM,5/2/2024 12:40:41 PM,False,True,4,,5/1/2024 12:41:00 AM,41,False,,,True
2380477,9370-2024-01364,1,False,9370,4/26/2024 5:38:00 PM,1738,024,14,109,Oakland,1,True,True,C,REAR END,,Friday,NotApplicable,False,,,False,True,True,ALAMEDA SUPERIOR COURT WILEY W. MANUEL COURTHOUSE,C,OTHER MOTOR VEHICLE,,0,0,A,DAYLIGHT,37.830107,-122.267383,,,,,A,NO PEDESTRIANS INVOLVED,4/26/2024 5:38:00 PM,A,VC 21658(A),False,1,SR-24 W/B TO I-580,,,5/2/2024 12:36:57 PM,A,E,140.0,40TH ST,F,,D,5/2/2024 12:37:00 PM,5/2/2024 12:37:00 PM,False,True,4,,4/26/2024 5:45:00 PM,1745,False,,,True
2380453,9370-2024-01293,1,False,9370,4/19/2024 11:35:00 AM,1135,055,14,109,Oakland,1,True,True,B,SIDE SWIPE,,Friday,NotApplicable,False,,,False,True,False,ALAMEDA SUPERIOR COURT WILEY W. MANUEL COURTHOUSE,C,OTHER MOTOR VEHICLE,,0,0,A,DAYLIGHT,37.826616,-122.277525,,,,,A,NO PEDESTRIANS INVOLVED,4/19/2024 11:35:00 AM,A,VC 21658(A),False,1,I-580 W/B,,,5/2/2024 12:05:52 PM,A,E,288.34,SAN PABLO,F,,B,5/2/2024 12:05:54 PM,5/2/2024 12:05:54 PM,False,True,4,,4/19/2024 11:39:00 AM,1139,False,,,True
2380102,9370-2024-00819,1,False,9370,3/13/2024 12:05:00 PM,1205,176,14,109,Oakland,1,True,True,C,REAR END,,Wednesday,NotApplicable,False,M,,False,True,False,ALAMEDA SUPERIOR COURT WILEY W. MANUEL COURTHOUSE,C,OTHER MOTOR VEHICLE,,0,0,A,DAYLIGHT,37.775622,-122.234603,,,,,A,NO PEDESTRIANS INVOLVED,3/13/2024 12:05:00 PM,A,VC 22350,False,1,I-880 N/B,,,5/2/2024 6:25:31 AM,A,S,1150.0,23RD AVE,F,,D,5/2/2024 6:25:35 AM,5/2/2024 6:25:35 AM,False,True,4,,3/13/2024 12:10:00 PM,1210,False,,,True
2380087,9370-2024-01341,1,False,9370,4/24/2024 4:00:00 PM,1600,055,14,109,Oakland,1,True,True,C,REAR END,,Wednesday,NotApplicable,False,,,False,True,False,ALAMEDA SUPERIOR COURT WILEY W. MANUEL COURTHOUSE,C,OTHER MOTOR VEHICLE,,1,0,A,DAYLIGHT,37.830626,-122.266312,,,,,A,NO PEDESTRIANS INVOLVED,4/24/2024 4:00:00 PM,A,VC 22350,False,1,I-580 E/B TO SR-24 EB,,,5/2/2024 5:50:09 AM,A,E,400.0,40TH ST,F,,D,5/2/2024 5:50:12 AM,5/2/2024 5:50:12 AM,False,True,4,,4/24/2024 4:03:00 PM,1603,False,,,True
2379864,9370-2024-01313,1,False,9370,4/21/2024 2:45:00 AM,245,025,14,109,Oakland,1,True,True,C,REAR END,,Sunday,No,False,M,,False,True,True,ALAMEDA SUPERIOR COURT WILEY W. MANUEL COURTHOUSE,C,OTHER MOTOR VEHICLE,,0,0,C,DARK-STREET LIGHTS,37.829005,-122.267652,,,,,A,NO PEDESTRIANS INVOLVED,4/21/2024 2:45:00 AM,C,,,,SR-24 W/B TO I-580,,,5/1/2024 6:32:12 PM,A,W,100.0,MACARTHUR BLVD,F,,D,5/1/2024 6:32:17 PM,5/1/2024 6:32:17 PM,False,True,4,,4/21/2024 2:48:00 AM,248,False,,,
2379300,9370-2024-01365,1,False,9370,4/26/2024 4:20:00 PM,1620,098,14,109,Oakland,1,True,True,C,REAR END,,Friday,NotApplicable,False,,,False,True,True,ALAMEDA SUPERIOR COURT WILEY W. MANUEL COURTHOUSE,C,OTHER MOTOR VEHICLE,,0,0,A,DAYLIGHT,37.799629,-122.27834,,,,,A,NO PEDESTRIANS INVOLVED,4/26/2024 4:20:00 PM,A,VC 22350,False,1,I-980 W/B,,,5/1/2024 7:49:49 AM,A,E,200.0,CLAY ST,F,,D,5/1/2024 7:49:51 AM,5/1/2024 7:49:51 AM,False,True,4,,4/26/2024 4:30:00 PM,1630,False,,,True
2379243,9370-2024-01335,1,False,9370,4/23/2024 4:55:00 PM,1655,024,14,109,Oakland,1,True,True,C,REAR END,,Tuesday,Yes,False,,,False,True,False,ALAMEDA SUPERIOR COURT WILEY W. MANUEL COURTHOUSE,C,OTHER MOTOR VEHICLE,,1,0,A,DAYLIGHT,37.848878,-122.227905,,,,,A,NO PEDESTRIANS INVOLVED,4/23/2024 4:55:00 PM,A,VC 22350,False,1,SR-24 W/B,,,5/1/2024 6:24:38 AM,A,E,100.0,SR-13,F,,D,5/1/2024 6:24:42 AM,5/1/2024 6:24:42 AM,False,True,4,,4/23/2024 5:05:00 PM,1705,False,,,True
2378890,9370-2024-01277,1,False,9370,4/18/2024 10:25:00 AM,1025,008,14,109,Oakland,1,True,True,B,SIDE SWIPE,,Thursday,NotApplicable,False,,,False,True,False,ALAMEDA SUPERIOR COURT WILEY W. MANUEL COURTHOUSE,C,OTHER MOTOR VEHICLE,,0,0,A,DAYLIGHT,37.825125,-122.313265,,,,,A,NO PEDESTRIANS INVOLVED,4/18/2024 10:25:00 AM,A,VC 21658(A),False,1,I-80 W/B,,,4/30/2024 4:32:34 PM,A,W,1000.0,WEST GRAND AVENUE OVER CROSSING,F,,D,4/30/2024 4:32:36 PM,4/30/2024 4:32:36 PM,False,True,4,,4/18/2024 10:30:00 AM,1030,False,,,True
2378888,9370-2024-01276,1,False,9370,4/18/2024 6:35:00 AM,635,008,14,109,Oakland,1,True,True,B,SIDE SWIPE,,Thursday,NotApplicable,False,M,,False,True,False,ALAMEDA SUPERIOR COURT WILEY W. MANUEL COURTHOUSE,C,OTHER MOTOR VEHICLE,,0,0,A,DAYLIGHT,37.825111,-122.313401,,,,,A,NO PEDESTRIANS INVOLVED,4/18/2024 6:35:00 AM,A,VC 22350,False,1,I-80 W/B,,,4/30/2024 4:29:18 PM,A,W,1000.0,WEST GRAND AVENUE,F,,D,4/30/2024 4:29:20 PM,4/30/2024 4:29:20 PM,False,True,4,,4/18/2024 6:41:00 AM,641,False,,,True
2378856,9370-2024-01290,1,False,9370,4/18/2024 8:15:00 PM,2015,052,14,109,Oakland,1,True,True,B,SIDE SWIPE,,Thursday,Yes,False,M,,False,True,True,ALAMEDA SUPERIOR COURT WILEY W. MANUEL COURTHOUSE,C,OTHER MOTOR VEHICLE,,1,0,C,DARK-STREET LIGHTS,37.782663,-122.175754,,,,,A,NO PEDESTRIANS INVOLVED,4/18/2024 8:15:00 PM,A,VC 22107,False,1,I-580 W/B TO SR-13 N/B,,,4/30/2024 3:43:23 PM,A,W,745.0,KUHNLE AVENUE,F,,D,4/30/2024 3:43:26 PM,4/30/2024 3:43:26 PM,False,True,4,,4/18/2024 8:20:00 PM,2020,True,EMBEDDED,,True
2378787,9370-2024-01279,1,False,9370,4/18/2024 2:55:00 PM,1455,054,14,109,Oakland,1,True,True,E,HIT OBJECT,,Thursday,NotApplicable,False,,,False,True,False,ALAMEDA SUPERIOR COURT WILEY W. MANUEL COURTHOUSE,I,FIXED OBJECT,CONCRETE BARRIER,1,0,A,DAYLIGHT,37.810694,-122.249135,,,,,A,NO PEDESTRIANS INVOLVED,4/18/2024 2:55:00 PM,A,VC 22107,False,,I-580 W/B,,,4/30/2024 2:36:17 PM,A,W,140.0,GRAND AVE,F,,D,4/30/2024 2:36:18 PM,4/30/2024 2:36:18 PM,False,True,4,False,4/18/2024 3:00:00 PM,1500,False,,,
2378784,9370-2024-01363,1,False,9370,4/26/2024 12:11:00 PM,1211,055,14,109,Oakland,1,True,True,H,OTHER,UNSAFE BACKING,Friday,NotApplicable,False,M,,False,True,False,ALAMEDA SUPERIOR COURT WILEY W. MANUEL COURTHOUSE,C,OTHER MOTOR VEHICLE,,0,0,A,DAYLIGHT,37.826392,-122.288223,,,,,A,NO PEDESTRIANS INVOLVED,4/26/2024 12:11:00 PM,A,VC 22106,False,1,I-580 E/B,,,4/30/2024 2:33:34 PM,A,W,1056.0,HOLLIS ST,F,,D,4/30/2024 2:33:38 PM,4/30/2024 2:33:38 PM,False,True,4,,4/26/2024 12:16:00 PM,1216,False,,,True
2378579,9370-2023-04203,1,False,9370,3/15/2024 8:50:00 AM,850,054,14,109,Oakland,1,True,True,C,REAR END,,Friday,NotApplicable,False,,,False,True,False,ALAMEDA SUPERIOR COURT WILEY W. MANUEL COURTHOUSE,C,OTHER MOTOR VEHICLE,,0,0,A,DAYLIGHT,37.807485,-122.239296,,,,,A,NO PEDESTRIANS INVOLVED,3/15/2024 8:50:00 AM,A,VC 22350,False,1,I-580 W/B,,,4/30/2024 11:29:39 AM,A,W,1980.0,PARK BOULEVARD,F,,D,4/30/2024 11:29:43 AM,4/30/2024 11:29:43 AM,False,True,4,,3/15/2024 9:02:00 AM,902,False,,,True
2378551,9370-2024-01283,1,False,9370,4/18/2024 9:00:00 AM,900,052,14,109,Oakland,1,True,True,C,REAR END,,Thursday,Yes,False,,,False,True,False,ALAMEDA SUPERIOR COURT ADMINISTRATION BUILDING,C,OTHER MOTOR VEHICLE,,0,0,A,DAYLIGHT,37.780167,-122.17191,,,,,A,NO PEDESTRIANS INVOLVED,4/18/2024 9:00:00 AM,A,VC 23152(a),True,1,INTERSTATE 580 WESTBOUND,,,4/30/2024 11:12:01 AM,A,E,500.0,SEMINARY AVENUE,F,,D,4/30/2024 11:12:03 AM,4/30/2024 11:12:03 AM,False,True,4,,4/18/2024 9:05:00 AM,905,False,,,True
2378527,9370-2024-00967,1,False,9370,3/23/2024 12:45:00 AM,45,177,14,109,Oakland,1,True,True,B,SIDE SWIPE,,Saturday,NotApplicable,False,M,,False,True,False,ALAMEDA SUPERIOR COURT WILEY W. MANUEL COURTHOUSE,C,OTHER MOTOR VEHICLE,,0,0,D,DARK-NO STREET LIGHTS,37.782162,-122.239018,,,,,A,NO PEDESTRIANS INVOLVED,3/23/2024 12:45:00 AM,A,VC 21658(A),False,1,I-880 N/B,,,4/30/2024 10:51:57 AM,B,N,1200.0,23RD AVE,F,,D,4/30/2024 10:52:02 AM,4/30/2024 10:52:02 AM,False,True,4,,3/24/2024 12:47:00 AM,47,False,,,True