collision-id,report-number,report-version,is-preliminary,ncic-code,crash-date-time,crash-time-description,beat,city-id,city-code,city-name,county-code,city-is-active,city-is-incorporated,collision-type-code,collision-type-description,collision-type-other-desc,day-of-week,dispatch-notified,has-photographs,hit-run,is-attachments-mailed,is-deleted,is-highway-related,is-tow-away,judicial-district,motor-vehicle-involved-with-code,motor-vehicle-involved-with-desc,motor-vehicle-involved-with-other-desc,number-injured,number-killed,lighting-code,lighting-description,latitude,longitude,milepost-direction,milepost-distance,milepost-marker,milepost-unit-of-measure,pedestrian-action-code,pedestrian-action-desc,prepared-date,primary-collision-factor-code,primary-collision-factor-description,primary-collision-factor-is-cited,primary-collision-party-number,primary-road,reporting-district,reporting-district-code,reviewed-date,roadway-surface-code,secondary-direction,secondary-distance,secondary-road,secondary-unit-of-measure,sketch-desc,traffic-control-device-code,created-date,modified-date,is-county-road,is-freeway,chp-555-version,is-additonal-object-struck,notification-date,notification-time-description,has-digital-media-files,evidence-number,is-location-refer-to-narrative,is-aoi-one-same-as-location
2377797,9370-2024-01288,1,False,9370,4/18/2024 5:30:00 PM,1730,013,14,109,Oakland,1,True,True,C,REAR END,,Thursday,NotApplicable,False,,,False,True,False,ALAMEDA SUPERIOR COURT WILEY W. MANUEL COURTHOUSE,C,OTHER MOTOR VEHICLE,,0,0,A,DAYLIGHT,37.837851,-122.221298,,,,,A,NO PEDESTRIANS INVOLVED,4/18/2024 5:30:00 PM,A,VC 21658(A),False,1,SR-13 N/B,,,4/29/2024 4:42:23 PM,A,S,1600.0,BROADWAY TERRACE,F,,D,4/29/2024 4:42:27 PM,4/29/2024 4:42:27 PM,False,True,4,,4/18/2024 5:33:00 PM,1733,False,,,True
2377422,9370-2024-01321,1,False,9370,4/19/2024 10:30:00 AM,1030,176,14,109,Oakland,1,True,True,B,SIDE SWIPE,,Friday,NotApplicable,False,,,False,True,False,ALAMEDA SUPERIOR COURT WILEY W. MANUEL COURTHOUSE,C,OTHER MOTOR VEHICLE,,1,0,A,DAYLIGHT,37.75305,-122.207199,,,,,A,NO PEDESTRIANS INVOLVED,4/19/2024 10:30:00 AM,A,VC 21658(A),False,1,I-880 N/B,,,4/29/2024 11:38:27 AM,A,S,375.0,66TH AVENUE,F,,D,4/29/2024 11:38:29 AM,4/29/2024 11:38:29 AM,False,True,4,,4/19/2024 10:32:00 AM,1032,False,,,True
2377223,9370-2024-01319,1,False,9370,4/20/2024 8:15:00 PM,2015,098,14,109,Oakland,1,True,True,C,REAR END,,Saturday,Yes,False,,,False,True,False,ALAMEDA SUPERIOR COURT WILEY W. MANUEL COURTHOUSE,C,OTHER MOTOR VEHICLE,,1,0,C,DARK-STREET LIGHTS,37.806536,-122.278873,,,,,A,NO PEDESTRIANS INVOLVED,4/20/2024 8:15:00 PM,A,VC 22350,False,1,I-980 W/B TO 12TH STREET,,,4/29/2024 9:37:52 AM,A,E,225.0,12TH STREET,F,,A,4/29/2024 9:37:55 AM,4/29/2024 9:37:55 AM,False,True,4,,4/20/2024 8:25:00 PM,2025,False,,,True
2377139,9370-2024-01237,1,False,9370,4/14/2024 7:16:00 AM,716,176,14,109,Oakland,1,True,True,C,REAR END,,Sunday,NotApplicable,False,M,,False,True,False,ALAMEDA SUPERIOR COURT WILEY W. MANUEL COURTHOUSE,C,OTHER MOTOR VEHICLE,,0,0,A,DAYLIGHT,37.741284,-122.19682,,,,,A,NO PEDESTRIANS INVOLVED,4/14/2024 7:16:00 AM,A,VC 22350,False,1,I-880 N/B,,,4/29/2024 8:58:18 AM,A,N,100.0,HEGENBERGER RD,F,,D,4/29/2024 8:58:20 AM,4/29/2024 8:58:20 AM,False,True,4,,4/14/2024 7:19:00 AM,719,False,,,True
2377023,9370-2024-01150,1,False,9370,4/5/2024 11:30:00 PM,2330,008,14,109,Oakland,1,True,True,B,SIDE SWIPE,,Friday,Yes,False,,,False,True,True,ALAMEDA SUPERIOR COURT WILEY W. MANUEL COURTHOUSE,C,OTHER MOTOR VEHICLE,,0,0,C,DARK-STREET LIGHTS,37.829917,-122.293551,,,,,A,NO PEDESTRIANS INVOLVED,4/5/2024 11:30:00 PM,A,VC 23152(a),True,1,I-80 E/B,,,4/29/2024 7:46:52 AM,A,E,350.0,I-80 WB TO I-580 EB / I-880 S/B TRANSITION,F,,D,4/29/2024 7:46:55 AM,4/29/2024 7:46:55 AM,False,True,4,,4/5/2024 11:34:00 PM,2334,False,,,True
2376966,9370-2024-01268,1,False,9370,4/16/2024 5:15:00 PM,1715,176,14,109,Oakland,1,True,True,C,REAR END,,Tuesday,NotApplicable,False,M,,False,True,False,ALAMEDA SUPERIOR COURT WILEY W. MANUEL COURTHOUSE,C,OTHER MOTOR VEHICLE,,0,0,A,DAYLIGHT,37.756167,-122.210153,,,,,A,NO PEDESTRIANS INVOLVED,4/16/2024 5:15:00 PM,A,VC 21658(A),False,1,I-880 S/B,,,4/29/2024 7:18:43 AM,A,N,900.0,66TH AVE,F,,D,4/29/2024 7:18:45 AM,4/29/2024 7:18:45 AM,False,True,4,,4/16/2024 5:22:00 PM,1722,False,,,True
2376956,9370-2024-01296,1,False,9370,4/18/2024 9:55:00 PM,2155,178,14,109,Oakland,1,True,True,B,SIDE SWIPE,,Thursday,NotApplicable,False,,,False,True,False,ALAMEDA SUPERIOR COURT WILEY W. MANUEL COURTHOUSE,E,PARKED MOTOR VEHICLE,,0,0,B,DUSK-DAWN,37.804702,-122.302799,,,,,A,NO PEDESTRIANS INVOLVED,4/18/2024 9:55:00 PM,A,VC 22107,False,1,I-880 N/B,,,4/29/2024 7:08:25 AM,A,S,1187.0,7TH ST,F,,D,4/29/2024 7:08:27 AM,4/29/2024 7:08:27 AM,False,True,4,,4/18/2024 10:00:00 PM,2200,False,,,True
2376909,9370-2024-01262,1,False,9370,4/17/2024 8:30:00 AM,830,176,14,109,Oakland,1,True,True,C,REAR END,,Wednesday,NotApplicable,False,M,,False,True,False,ALAMEDA SUPERIOR COURT WILEY W. MANUEL COURTHOUSE,C,OTHER MOTOR VEHICLE,,1,0,A,DAYLIGHT,37.772286,-122.224792,,,,,A,NO PEDESTRIANS INVOLVED,4/17/2024 8:30:00 AM,A,VC 22350,False,1,INTERSTATE 880 NORTHBOUND,,,4/29/2024 5:43:37 AM,A,N,500.0,HIGH STREET,F,,D,4/29/2024 5:43:39 AM,4/29/2024 5:43:39 AM,False,True,4,,4/17/2024 8:35:00 AM,835,False,,,True
2376900,9370-2024-01261,1,False,9370,4/17/2024 1:02:00 AM,102,054,14,109,Oakland,1,True,True,G,VEHICLE/PEDESTRAIN,,Wednesday,Yes,False,M,,False,True,False,ALAMEDA SUPERIOR COURT WILEY W. MANUEL COURTHOUSE,B,PEDESTRIAN,,1,0,D,DARK-NO STREET LIGHTS,37.810414,-122.248912,,,,,E,IN ROAD - INCLUDES SHOULDER,4/17/2024 1:02:00 AM,A,VC 21954(a),False,2,I-580 E/B,,,4/29/2024 5:12:12 AM,A,W,18.0,GRAND AVE,F,,D,4/29/2024 5:12:17 AM,4/29/2024 5:12:17 AM,False,True,4,,4/17/2024 1:05:00 AM,105,False,,,True
2376616,9370-2024-01327,2,False,9370,4/22/2024 3:30:00 PM,1530,053,14,109,Oakland,1,True,True,C,REAR END,,Monday,Yes,False,,,False,True,False,ALAMEDA SUPERIOR COURT WILEY W. MANUEL COURTHOUSE,C,OTHER MOTOR VEHICLE,,1,0,A,DAYLIGHT,37.800497,-122.256436,,,,,A,NO PEDESTRIANS INVOLVED,4/22/2024 3:30:00 PM,A,VC 22350,False,1,I-580 W/B TO 14TH AVENUE,,,5/9/2024 12:15:01 PM,A,E,250.0,14TH AVE,F,,D,4/27/2024 10:27:07 PM,5/9/2024 12:15:05 PM,False,True,4,True,4/22/2024 3:45:00 PM,1545,False,,,True
2376071,9335-2024-00905,1,False,9335,4/20/2024 4:53:00 PM,1653,082,14,109,Oakland,1,True,True,C,REAR END,,Saturday,NotApplicable,False,,,False,True,True,ALAMEDA SUPERIOR COURT ALAMEDA,C,OTHER MOTOR VEHICLE,,0,0,A,DAYLIGHT,37.823275,-122.320401,,,,,A,NO PEDESTRIANS INVOLVED,4/20/2024 4:53:00 PM,A,VC 21658(a),False,2,I-80 WESTBOUND,,,4/26/2024 11:33:11 AM,A,W,997.0,METERING LIGHTS,F,,D,4/26/2024 11:34:11 AM,4/26/2024 11:34:11 AM,False,True,4,,4/20/2024 4:55:00 PM,1655,False,,,True
2376039,9370-2024-01305,1,False,9370,4/20/2024 6:22:00 PM,1822,052,14,109,Oakland,1,True,True,C,REAR END,,Saturday,NotApplicable,False,,,False,True,True,ALAMEDA SUPERIOR COURT WILEY W. MANUEL COURTHOUSE,C,OTHER MOTOR VEHICLE,,0,0,A,DAYLIGHT,37.778597,-122.168638,,,,,A,NO PEDESTRIANS INVOLVED,4/20/2024 6:22:00 PM,A,VC 22350,False,1,I-580 W/B,,,4/26/2024 11:11:53 AM,A,W,866.0,EDWARDS AVE,F,,D,4/26/2024 11:11:56 AM,4/26/2024 11:11:56 AM,False,True,4,,4/20/2024 6:31:00 PM,1831,False,,,True
2376023,9370-2024-01258,1,False,9370,4/16/2024 11:22:00 AM,1122,177,14,109,Oakland,1,True,True,C,REAR END,,Tuesday,NotApplicable,False,,,False,True,True,ALAMEDA SUPERIOR COURT WILEY W. MANUEL COURTHOUSE,C,OTHER MOTOR VEHICLE,,0,0,A,DAYLIGHT,37.732777,-122.189559,,,,,A,NO PEDESTRIANS INVOLVED,4/16/2024 11:22:00 AM,A,VC 22350,False,1,I-880 S/B,,,4/26/2024 11:00:48 AM,A,N,434.0,98TH AVE,F,,D,4/26/2024 11:00:50 AM,4/26/2024 11:00:50 AM,False,True,4,,4/16/2024 11:28:00 AM,1128,False,,,True
2375793,9370-2024-01324,1,False,9370,4/21/2024 5:30:00 PM,1730,082,14,109,Oakland,1,True,True,C,REAR END,,Sunday,NotApplicable,False,F,,False,True,False,ALAMEDA SUPERIOR COURT WILEY W. MANUEL COURTHOUSE,C,OTHER MOTOR VEHICLE,,0,0,A,DAYLIGHT,37.941161,-122.3244,,,,,A,NO PEDESTRIANS INVOLVED,4/21/2024 5:30:00 PM,A,VC 22350,False,1,I-80 W/B,,,4/26/2024 6:31:12 AM,A,W,293.0,SAN PABLO AVENUE,F,,D,4/26/2024 6:31:16 AM,4/26/2024 6:31:16 AM,False,True,4,,4/21/2024 5:37:00 PM,1737,False,,,True
2375378,9370-2024-01248,2,False,9370,4/14/2024 4:30:00 PM,1630,053,14,109,Oakland,1,True,True,E,HIT OBJECT,,Sunday,NotApplicable,False,,,False,True,True,ALAMEDA SUPERIOR COURT WILEY W. MANUEL COURTHOUSE,I,FIXED OBJECT,FENCE/TREE,0,0,A,DAYLIGHT,37.784347,-122.191013,,,,,A,NO PEDESTRIANS INVOLVED,4/14/2024 4:30:00 PM,A,VC 22107,False,1,I-580 E/B TO MACARTHUR BOULEVARD,,,7/5/2024 9:53:51 PM,A,W,820.0,MACARTHUR BOUELVARD,F,,D,4/25/2024 4:32:41 PM,7/5/2024 9:53:52 PM,False,True,4,,4/14/2024 4:40:00 PM,1640,False,,,True
2375305,9370-2024-01224,1,False,9370,4/13/2024 6:30:00 AM,630,008,14,109,Oakland,1,True,True,B,SIDE SWIPE,,Saturday,NotApplicable,False,,,False,True,True,ALAMEDA SUPERIOR COURT WILEY W. MANUEL COURTHOUSE,C,OTHER MOTOR VEHICLE,,0,0,C,DARK-STREET LIGHTS,37.837111,-122.296387,,,,,A,NO PEDESTRIANS INVOLVED,4/13/2024 6:30:00 AM,A,VC 22350,False,1,I-80 W/B,,,4/25/2024 2:47:39 PM,B,W,315.0,POWELL ST,F,,D,4/25/2024 2:47:41 PM,4/25/2024 2:47:41 PM,False,True,4,,4/13/2024 6:32:00 AM,632,False,,,True
2375205,9370-2024-01294,1,False,9370,4/19/2024 3:10:00 PM,1510,055,14,109,Oakland,1,True,True,B,SIDE SWIPE,,Friday,NotApplicable,False,,,False,True,False,ALAMEDA SUPERIOR COURT WILEY W. MANUEL COURTHOUSE,C,OTHER MOTOR VEHICLE,,0,0,A,DAYLIGHT,37.82663,-122.287257,,,,,A,NO PEDESTRIANS INVOLVED,4/19/2024 3:10:00 PM,A,VC 21658(A),False,,I-580 W/B TO I-80 W/B,,,4/25/2024 1:18:54 PM,A,E,209.0,HANNAH ST,F,,D,4/25/2024 1:18:56 PM,4/25/2024 1:18:56 PM,False,True,4,,4/19/2024 3:15:00 PM,1515,False,,,True
2375136,9370-2024-01099,1,False,9370,4/3/2024 3:50:00 PM,1550,024,14,109,Oakland,1,True,True,H,OTHER,BACKING,Wednesday,NotApplicable,False,M,,False,True,False,ALAMEDA SUPERIOR COURT WILEY W. MANUEL COURTHOUSE,C,OTHER MOTOR VEHICLE,,0,0,A,DAYLIGHT,37.851016,-122.222762,,,,,A,NO PEDESTRIANS INVOLVED,4/3/2024 3:50:00 PM,A,VC 22515(a),False,1,SR-24 E/B,,,4/25/2024 12:07:54 PM,A,W,300.0,TUNNEL RD OFR,F,,D,4/25/2024 12:07:55 PM,4/25/2024 12:07:55 PM,False,True,4,,4/3/2024 4:00:00 PM,1600,False,,,True
2375104,9370-2024-01242,1,False,9370,4/13/2024 12:47:00 PM,1247,008,14,109,Oakland,1,True,True,B,SIDE SWIPE,,Saturday,NotApplicable,False,,,False,True,False,ALAMEDA SUPERIOR COURT WILEY W. MANUEL COURTHOUSE,C,OTHER MOTOR VEHICLE,,0,0,A,DAYLIGHT,37.825389,-122.310656,,,,,A,NO PEDESTRIANS INVOLVED,4/13/2024 12:47:00 PM,A,VC 23152(a),True,1,I-80 W/B (HOV / BUS ONLY LANES),,,4/25/2024 11:38:23 AM,A,E,750.0,SAN FRANCISCO / OAKLAND BAY BRIDGE TOLL BOOTH (SFOBB),F,,D,4/25/2024 11:38:29 AM,4/25/2024 11:38:29 AM,False,True,4,,4/13/2024 12:59:00 PM,1259,False,,,True
2375092,9370-2024-01023,1,False,9370,3/28/2024 12:05:00 AM,5,052,14,109,Oakland,1,True,True,C,REAR END,,Thursday,NotApplicable,False,,,False,True,True,ALAMEDA SUPERIOR COURT WILEY W. MANUEL COURTHOUSE,C,OTHER MOTOR VEHICLE,,1,0,D,DARK-NO STREET LIGHTS,37.784106,-122.184697,,,,,A,NO PEDESTRIANS INVOLVED,3/28/2024 12:05:00 AM,A,VC 22350,False,1,I-580 E/B,,,4/25/2024 11:27:14 AM,B,W,932.0,BUELL ST,F,,D,4/25/2024 11:27:17 AM,4/25/2024 11:27:17 AM,False,True,4,,3/28/2024 12:12:00 AM,12,False,,,True
2375085,9370-2024-01267,1,False,9370,4/17/2024 3:07:00 AM,307,055,14,109,Oakland,1,True,True,E,HIT OBJECT,,Wednesday,NotApplicable,False,,,False,True,False,ALAMEDA SUPERIOR COURT WILEY W. MANUEL COURTHOUSE,I,FIXED OBJECT,METAL GUARD RAIL,0,0,C,DARK-STREET LIGHTS,37.826682,-122.287388,,,,,A,NO PEDESTRIANS INVOLVED,4/17/2024 3:07:00 AM,A,VC 22107,False,1,INTERSTATE 580 WESTBOUND,,,4/25/2024 11:22:11 AM,A,W,2000.0,MACARTHUR BLVD,F,,D,4/25/2024 11:22:13 AM,4/25/2024 11:22:13 AM,False,True,4,,4/17/2024 3:12:00 AM,312,False,,,True
2375075,9370-2024-01220,1,False,9370,4/13/2024 12:30:00 AM,30,176,14,109,Oakland,1,True,True,B,SIDE SWIPE,,Saturday,NotApplicable,False,,,False,True,False,ALAMEDA SUPERIOR COURT WILEY W. MANUEL COURTHOUSE,C,OTHER MOTOR VEHICLE,,0,0,C,DARK-STREET LIGHTS,37.759374,-122.213053,,,,,A,NO PEDESTRIANS INVOLVED,4/13/2024 12:30:00 AM,A,VC 21658(A),False,1,INTERSTATE 880 SOUTHBOUND,,,4/25/2024 11:10:05 AM,A,N,2408.0,66TH AVE,F,,D,4/25/2024 11:10:06 AM,4/25/2024 11:10:06 AM,False,True,4,,4/13/2024 12:54:00 AM,54,False,,,True
2375062,9370-2024-01256,1,False,9370,4/16/2024 7:57:00 AM,757,901,14,109,Oakland,1,True,True,B,SIDE SWIPE,,Tuesday,NotApplicable,False,,,False,False,False,ALAMEDA SUPERIOR COURT WILEY W. MANUEL COURTHOUSE,E,PARKED MOTOR VEHICLE,,0,0,A,DAYLIGHT,37.747638,-122.171597,,,,,A,NO PEDESTRIANS INVOLVED,4/16/2024 7:57:00 AM,A,VC 22107,False,1,94TH AVE N/B (1400 BLOCK),,,4/25/2024 10:57:51 AM,A,S,47.0,HOLLY ST,F,,A,4/25/2024 10:57:53 AM,4/25/2024 10:57:53 AM,True,False,4,False,4/16/2024 8:05:00 AM,805,False,,,True
2375047,9370-2024-01265,1,False,9370,4/17/2024 6:55:00 AM,655,008,14,109,Oakland,1,True,True,B,SIDE SWIPE,,Wednesday,NotApplicable,False,,,False,True,False,ALAMEDA SUPERIOR COURT WILEY W. MANUEL COURTHOUSE,C,OTHER MOTOR VEHICLE,,0,0,A,DAYLIGHT,37.82504,-122.313211,,,,,A,NO PEDESTRIANS INVOLVED,4/17/2024 6:55:00 AM,A,VC 21658(A),False,1,I-80 W/B,,,4/25/2024 10:41:04 AM,A,W,135.0,BAY BRIDGE TOLL PLAZA,F,,A,4/25/2024 10:41:05 AM,4/25/2024 10:41:05 AM,False,True,4,,4/17/2024 7:01:00 AM,701,False,,,True
2374924,9335-2024-00848,1,False,9370,4/13/2024 3:50:00 PM,1550,008,14,109,Oakland,1,True,True,B,SIDE SWIPE,,Saturday,NotApplicable,False,M,,False,True,False,ALAMEDA SUPERIOR COURT WILEY W. MANUEL COURTHOUSE,C,OTHER MOTOR VEHICLE,,1,0,A,DAYLIGHT,37.825172,-122.312861,,,,,A,NO PEDESTRIANS INVOLVED,4/13/2024 3:50:00 PM,A,VC 21658(A),False,1,I-80 WESTBOUND,,,4/25/2024 8:52:04 AM,B,E,247.0,SAN FRANCISCO-OAKLAND BAY BRIDGE (SFOBB),F,,D,4/25/2024 8:52:06 AM,4/25/2024 8:52:06 AM,False,True,4,,4/13/2024 3:55:00 PM,1555,False,,,True
2374888,9370-2024-01332,1,False,9370,4/18/2024 10:00:00 AM,1000,052,14,109,Oakland,1,True,True,C,REAR END,,Thursday,NotApplicable,False,,,False,True,False,ALAMEDA SUPERIOR COURT WILEY W. MANUEL COURTHOUSE,C,OTHER MOTOR VEHICLE,,0,0,A,DAYLIGHT,37.775947,-122.163018,,,,,A,NO PEDESTRIANS INVOLVED,4/18/2024 10:00:00 AM,A,VC 22350,False,1,I-580 W/B,,,4/25/2024 8:24:28 AM,A,E,500.0,EDWARDS AVE,F,,D,4/25/2024 8:24:32 AM,4/25/2024 8:24:32 AM,False,True,4,,4/18/2024 10:04:00 AM,1004,False,,,True
2374880,9370-2024-01257,1,False,9370,4/16/2024 10:53:00 AM,1053,177,14,109,Oakland,1,True,True,C,REAR END,,Tuesday,NotApplicable,False,M,,False,True,False,ALAMEDA SUPERIOR COURT WILEY W. MANUEL COURTHOUSE,C,OTHER MOTOR VEHICLE,,0,0,A,DAYLIGHT,37.799262,-122.276325,,,,,A,NO PEDESTRIANS INVOLVED,4/16/2024 10:53:00 AM,A,VC 22350,False,1,I-880 NB,,,4/25/2024 8:16:11 AM,A,N,130.0,WASHINGTON ST,F,,D,4/25/2024 8:16:13 AM,4/25/2024 8:16:13 AM,False,True,4,,4/16/2024 10:58:00 AM,1058,False,,,True
2374418,9370-2024-01333,1,False,9370,4/18/2024 8:39:00 AM,839,052,14,109,Oakland,1,True,True,C,REAR END,,Thursday,NotApplicable,False,,,False,True,False,ALAMEDA SUPERIOR COURT WILEY W. MANUEL COURTHOUSE,C,OTHER MOTOR VEHICLE,,0,0,A,DAYLIGHT,37.784035,-122.18098,,,,,A,NO PEDESTRIANS INVOLVED,4/18/2024 8:39:00 AM,A,VC 22350,False,1,I-580 W/B,,,4/24/2024 3:23:31 PM,A,W,0.25,SR-13 S/B,M,,D,4/24/2024 3:23:34 PM,4/24/2024 3:23:34 PM,False,True,4,,4/18/2024 8:40:00 AM,840,False,,,True
2374293,9370-2024-01272,1,False,9370,4/17/2024 5:45:00 PM,1745,054,14,109,Oakland,1,True,True,B,SIDE SWIPE,,Wednesday,NotApplicable,False,M,,False,True,False,ALAMEDA SUPERIOR COURT WILEY W. MANUEL COURTHOUSE,C,OTHER MOTOR VEHICLE,,0,0,A,DAYLIGHT,37.806377,-122.23749,,,,,A,NO PEDESTRIANS INVOLVED,4/17/2024 5:45:00 PM,A,VC 21658(A),False,1,I-580 E/B,,,4/24/2024 1:03:25 PM,A,W,1350.0,PARK BLVD,F,,D,4/24/2024 1:03:27 PM,4/24/2024 1:03:27 PM,False,True,4,,4/17/2024 6:04:00 PM,1804,False,,,True
2374237,9370-2024-01280,1,False,9370,4/18/2024 2:55:00 PM,1455,177,14,109,Oakland,1,True,True,C,REAR END,,Thursday,NotApplicable,False,,,False,True,False,ALAMEDA SUPERIOR COURT WILEY W. MANUEL COURTHOUSE,C,OTHER MOTOR VEHICLE,,0,0,A,DAYLIGHT,37.788886,-122.253084,,,,,A,NO PEDESTRIANS INVOLVED,4/18/2024 2:55:00 PM,A,VC 22107,False,1,I-880 S/B,,,4/24/2024 12:02:00 PM,A,S,2940.0,5TH ST,F,,D,4/24/2024 12:02:02 PM,4/24/2024 12:02:02 PM,False,True,4,,4/18/2024 2:58:00 PM,1458,False,,,True
2374197,9370-2024-01263,1,False,9370,4/16/2024 3:50:00 PM,1550,176,14,109,Oakland,1,True,True,B,SIDE SWIPE,,Tuesday,Yes,False,,,False,True,False,ALAMEDA SUPERIOR COURT WILEY W. MANUEL COURTHOUSE,C,OTHER MOTOR VEHICLE,,1,0,A,DAYLIGHT,37.773015,-122.227472,,,,,A,NO PEDESTRIANS INVOLVED,4/16/2024 3:50:00 PM,A,VC 22350,True,1,I-880 S/B,,,4/24/2024 11:21:52 AM,A,N,2700.0,HIGH ST,F,,D,4/24/2024 11:21:56 AM,4/24/2024 11:21:56 AM,False,True,4,,4/16/2024 3:53:00 PM,1553,False,,,True
2374192,9370-2024-01205,1,False,9370,4/12/2024 5:30:00 AM,530,177,14,109,Oakland,1,True,True,B,SIDE SWIPE,,Friday,Yes,False,M,,False,True,True,ALAMEDA SUPERIOR COURT WILEY W. MANUEL COURTHOUSE,C,OTHER MOTOR VEHICLE,,1,0,C,DARK-STREET LIGHTS,37.788427,-122.25134,,,,,A,NO PEDESTRIANS INVOLVED,4/12/2024 5:30:00 AM,B,UNSAFE MERGE,,1,INTERSTATE 880 SOUTHBOUND,,,4/24/2024 11:16:35 AM,A,S,2500.0,5TH STREET,F,,D,4/24/2024 11:16:38 AM,4/24/2024 11:16:38 AM,False,True,4,,4/12/2024 5:40:00 AM,540,False,,,True
2373844,9370-2024-01260,1,False,9370,4/17/2024 1:00:00 AM,100,054,14,109,Oakland,1,True,True,E,HIT OBJECT,,Wednesday,Yes,False,,,False,True,False,ALAMEDA SUPERIOR COURT WILEY W. MANUEL COURTHOUSE,I,FIXED OBJECT,GUARDRAIL,0,0,D,DARK-NO STREET LIGHTS,37.811181,-122.250024,,,,,A,NO PEDESTRIANS INVOLVED,4/17/2024 1:00:00 AM,A,VC 23152(a),True,1,I-580 E/B,,,4/24/2024 6:41:22 AM,A,W,447.0,GRAND AVE,F,,D,4/24/2024 6:41:23 AM,4/24/2024 6:41:23 AM,False,True,4,,4/17/2024 1:02:00 AM,102,False,,,True
2373759,9370-2024-01292,1,False,9370,4/19/2024 12:40:00 PM,1240,055,14,109,Oakland,1,True,True,B,SIDE SWIPE,,Friday,Yes,False,,,False,True,True,ALAMEDA SUPERIOR COURT WILEY W. MANUEL COURTHOUSE,C,OTHER MOTOR VEHICLE,,2,0,A,DAYLIGHT,37.8266,-122.277872,,,,,A,NO PEDESTRIANS INVOLVED,4/19/2024 12:40:00 PM,A,VC 21658(a),False,1,I-580 W/B,,,4/24/2024 4:47:30 AM,A,E,123.0,SAN PABLO AVE,F,,D,4/24/2024 4:47:32 AM,4/24/2024 4:47:32 AM,False,True,4,,4/19/2024 12:47:00 PM,1247,False,,,True
2373758,9370-2024-01209,1,False,9370,4/12/2024 10:30:00 AM,1030,177,14,109,Oakland,1,True,True,B,SIDE SWIPE,,Friday,No,False,,,False,True,False,ALAMEDA SUPERIOR COURT WILEY W. MANUEL COURTHOUSE,C,OTHER MOTOR VEHICLE,,0,0,A,DAYLIGHT,37.796717,-122.269592,,,,,A,NO PEDESTRIANS INVOLVED,4/12/2024 10:30:00 AM,A,VC 21658(a),False,,INTERSTATE 880 N/B FROM JACKSON STREET,,,4/24/2024 4:46:26 AM,A,N,50.0,JACKSON STREET,F,,D,4/24/2024 4:46:27 AM,4/24/2024 4:46:27 AM,False,True,4,,4/12/2024 10:35:00 AM,1035,False,,,True
2373370,9370-2024-01255,1,False,9370,4/15/2024 3:01:00 PM,1501,176,14,109,Oakland,1,True,True,C,REAR END,,Monday,Yes,False,F,,False,True,True,ALAMEDA SUPERIOR COURT WILEY W. MANUEL COURTHOUSE,C,OTHER MOTOR VEHICLE,,2,0,A,DAYLIGHT,37.726955,-122.18423,,,,,A,NO PEDESTRIANS INVOLVED,4/15/2024 3:01:00 PM,A,VC 22350,False,1,I-880 N/B,,,4/23/2024 2:14:00 PM,A,S,2085.0,98TH AVE,F,,A,4/23/2024 2:14:04 PM,4/23/2024 2:14:04 PM,False,True,4,True,4/15/2024 3:33:00 PM,1533,True,AREA PHOTO FILE,,True
2393521,9335-2024-01097,2,False,9335,5/12/2024 5:46:00 PM,1746,082,14,109,Oakland,1,True,True,B,SIDE SWIPE,,Sunday,NotApplicable,False,M,,False,True,False,ALAMEDA SUPERIOR COURT ALAMEDA,C,OTHER MOTOR VEHICLE,,0,0,A,DAYLIGHT,37.824203,-122.316927,,,,,A,NO PEDESTRIANS INVOLVED,5/12/2024 5:46:00 PM,A,VC 21658(A),False,1,I-80 W/B,,,6/1/2024 11:48:32 AM,A,W,903.0,SAN FRANCISCO/OAKLAND BAY BRIDGE TOLL PLAZA,F,,A,5/19/2024 1:21:48 PM,6/1/2024 11:48:36 AM,False,True,4,,5/12/2024 5:48:00 PM,1748,True,EMBEDDED,,True
2392975,9335-2024-00844,1,False,9335,4/12/2024 4:52:00 PM,1652,082,14,109,Oakland,1,True,True,B,SIDE SWIPE,,Friday,NotApplicable,False,,,False,True,False,ALAMEDA SUPERIOR COURT ALAMEDA,I,FIXED OBJECT,TOLL BOOTH #2,0,0,A,DAYLIGHT,37.82449,-122.313721,,,,,A,NO PEDESTRIANS INVOLVED,4/12/2024 4:52:00 PM,A,VC 22107,False,1,I-80 WESTBOUND,,,5/17/2024 3:35:15 PM,A,W,18.0,SFOBB TOLL PLAZA OVER HANG EAST EDGE,F,,A,5/17/2024 3:35:16 PM,5/17/2024 3:35:16 PM,False,True,4,,4/12/2024 4:55:00 PM,1655,False,,,True