collision-id,report-number,report-version,is-preliminary,ncic-code,crash-date-time,crash-time-description,beat,city-id,city-code,city-name,county-code,city-is-active,city-is-incorporated,collision-type-code,collision-type-description,collision-type-other-desc,day-of-week,dispatch-notified,has-photographs,hit-run,is-attachments-mailed,is-deleted,is-highway-related,is-tow-away,judicial-district,motor-vehicle-involved-with-code,motor-vehicle-involved-with-desc,motor-vehicle-involved-with-other-desc,number-injured,number-killed,lighting-code,lighting-description,latitude,longitude,milepost-direction,milepost-distance,milepost-marker,milepost-unit-of-measure,pedestrian-action-code,pedestrian-action-desc,prepared-date,primary-collision-factor-code,primary-collision-factor-description,primary-collision-factor-is-cited,primary-collision-party-number,primary-road,reporting-district,reporting-district-code,reviewed-date,roadway-surface-code,secondary-direction,secondary-distance,secondary-road,secondary-unit-of-measure,sketch-desc,traffic-control-device-code,created-date,modified-date,is-county-road,is-freeway,chp-555-version,is-additonal-object-struck,notification-date,notification-time-description,has-digital-media-files,evidence-number,is-location-refer-to-narrative,is-aoi-one-same-as-location
2384148,9370-2024-01446,1,False,9370,5/3/2024 9:30:00 AM,930,052,14,109,Oakland,1,True,True,B,SIDE SWIPE,,Friday,NotApplicable,False,,,False,True,False,ALAMEDA SUPERIOR COURT WILEY W. MANUEL COURTHOUSE,C,OTHER MOTOR VEHICLE,,0,0,A,DAYLIGHT,37.78049,-122.17234,,,,,A,NO PEDESTRIANS INVOLVED,5/3/2024 9:30:00 AM,A,VC 21658(A),False,1,I-580 W/B,,,5/7/2024 2:09:06 PM,A,E,426.0,KUHNLE AVENUE,F,,D,5/7/2024 2:09:08 PM,5/7/2024 2:09:08 PM,False,True,4,,5/3/2024 9:40:00 AM,940,False,,,False
2384142,9370-2024-01452,1,False,9370,5/4/2024 9:29:00 AM,929,024,14,109,Oakland,1,True,True,F,OVERTURNED,,Saturday,NotApplicable,False,,,False,True,True,ALAMEDA SUPERIOR COURT WILEY W. MANUEL COURTHOUSE,I,FIXED OBJECT,TREE,1,0,A,DAYLIGHT,37.849534,-122.23719,,,,,A,NO PEDESTRIANS INVOLVED,5/4/2024 9:29:00 AM,A,VC 22350,False,1,SR-24 W/B,,,5/7/2024 2:04:10 PM,B,E,1795.0,BROADWAY,F,,D,5/7/2024 2:04:12 PM,5/7/2024 2:04:12 PM,False,True,4,,5/4/2024 9:30:00 AM,930,False,,,True
2383986,9370-2024-01459,1,False,9370,5/4/2024 11:43:00 AM,1143,052,14,109,Oakland,1,True,True,B,SIDE SWIPE,,Saturday,Yes,False,,,False,True,True,ALAMEDA SUPERIOR COURT WILEY W. MANUEL COURTHOUSE,C,OTHER MOTOR VEHICLE,,1,0,A,DAYLIGHT,37.763592,-122.150035,,,,,A,NO PEDESTRIANS INVOLVED,5/4/2024 11:43:00 AM,A,VC 22350,False,2,I-580 W/B,,,5/7/2024 12:08:34 PM,B,E,1124.0,FONTAINE ST,F,,D,5/7/2024 12:08:39 PM,5/7/2024 12:08:39 PM,False,True,4,,5/4/2024 11:45:00 AM,1145,False,,,True
2383978,9370-2024-01481,1,False,9370,5/5/2024 12:45:00 PM,1245,024,14,109,Oakland,1,True,True,A,HEAD-ON,,Sunday,Yes,False,,,False,True,True,ALAMEDA SUPERIOR COURT WILEY W. MANUEL COURTHOUSE,J,OTHER OBJECT,UPHILL EMBANKMENT,1,0,A,DAYLIGHT,37.849851,-122.237941,,,,,A,NO PEDESTRIANS INVOLVED,5/5/2024 12:45:00 PM,A,VC 22107,False,1,SR-24 W/B,,,5/7/2024 12:01:30 PM,A,E,1790.0,BROADWAY,F,,D,5/7/2024 12:01:31 PM,5/7/2024 12:01:31 PM,False,True,4,,5/5/2024 12:47:00 PM,1247,False,,,True
2383919,9370-2024-01436,1,False,9370,5/1/2024 1:30:00 PM,1330,024,14,109,Oakland,1,True,True,C,REAR END,,Wednesday,NotApplicable,False,,,False,True,False,ALAMEDA SUPERIOR COURT WILEY W. MANUEL COURTHOUSE,C,OTHER MOTOR VEHICLE,,0,0,A,DAYLIGHT,37.854047,-122.220474,,,,,A,NO PEDESTRIANS INVOLVED,5/1/2024 1:30:00 PM,A,VC 22350,False,1,SR 24 E/B,,,5/7/2024 11:26:13 AM,A,W,881.0,THE WEST EDGE OF THE #2 BORE OF THE CALDECOTT TUNNEL,F,,D,5/7/2024 11:26:14 AM,5/7/2024 11:26:14 AM,False,True,4,,5/1/2024 1:33:00 PM,1333,False,,,True
2383917,9370-2024-01403,1,False,9370,4/30/2024 9:35:00 AM,935,177,14,109,Oakland,1,True,True,C,REAR END,,Tuesday,NotApplicable,False,,,False,True,True,ALAMEDA SUPERIOR COURT WILEY W. MANUEL COURTHOUSE,C,OTHER MOTOR VEHICLE,,0,0,A,DAYLIGHT,37.794395,-122.264778,,,,,A,NO PEDESTRIANS INVOLVED,4/30/2024 9:35:00 AM,A,VC 22350,False,1,I-880 N/B,,,5/7/2024 11:25:49 AM,A,S,572.0,OAK STREET,F,,D,5/7/2024 11:25:51 AM,5/7/2024 11:25:51 AM,False,True,4,,4/30/2024 9:40:00 AM,940,True,EMBEDDED,,True
2383778,9370-2024-00751,1,False,9370,3/6/2024 4:30:00 PM,1630,025,14,109,Oakland,1,True,True,B,SIDE SWIPE,,Wednesday,NotApplicable,False,M,,False,True,False,ALAMEDA SUPERIOR COURT WILEY W. MANUEL COURTHOUSE,C,OTHER MOTOR VEHICLE,,0,0,A,DAYLIGHT,37.825233,-122.2684,,,,,A,NO PEDESTRIANS INVOLVED,3/6/2024 4:30:00 PM,A,VC 21658(A),False,1,SR-24 W/B TO I-580 E/B,,,5/7/2024 10:06:45 AM,A,W,615.0,W. MACARTHUR BLVD,F,,D,5/7/2024 10:06:49 AM,5/7/2024 10:06:49 AM,False,True,4,,3/6/2024 5:00:00 PM,1700,False,,,True
2383713,9370-2024-01353,1,False,9370,4/24/2024 9:00:00 PM,2100,177,14,109,Oakland,1,True,True,B,SIDE SWIPE,,Wednesday,NotApplicable,False,M,,False,True,False,ALAMEDA SUPERIOR COURT WILEY W. MANUEL COURTHOUSE,C,OTHER MOTOR VEHICLE,,0,0,C,DARK-STREET LIGHTS,37.793664,-122.263941,,,,,A,NO PEDESTRIANS INVOLVED,4/24/2024 9:00:00 PM,A,VC 21658(a),False,1,INTERSTATE 880 NORTHBOUND,,,5/7/2024 9:34:11 AM,A,S,921.0,OAK ST,F,,D,5/7/2024 9:34:13 AM,5/7/2024 9:34:13 AM,False,True,4,,4/24/2024 9:08:00 PM,2108,False,,,True
2383634,9370-2024-01389,1,False,9370,4/26/2024 4:30:00 AM,430,055,14,109,Oakland,1,True,True,C,REAR END,,Friday,NotApplicable,False,M,,False,True,False,ALAMEDA SUPERIOR COURT WILEY W. MANUEL COURTHOUSE,C,OTHER MOTOR VEHICLE,,1,0,B,DUSK-DAWN,37.82805,-122.294199,,,,,A,NO PEDESTRIANS INVOLVED,4/26/2024 4:30:00 AM,A,VC 22350,False,1,INTERSTATE 580 W/B TO INTERSTATE 80 W/B,,,5/7/2024 8:54:37 AM,A,W,1335.0,MANDELA PARKWAY,F,,D,5/7/2024 8:54:40 AM,5/7/2024 8:54:40 AM,False,True,4,True,4/26/2024 4:35:00 AM,435,False,,,True
2383451,9370-2024-01371,2,False,9370,4/26/2024 3:50:00 PM,1550,025,14,109,Oakland,1,True,True,C,REAR END,,Friday,NotApplicable,False,M,,False,True,False,ALAMEDA SUPERIOR COURT WILEY W. MANUEL COURTHOUSE,C,OTHER MOTOR VEHICLE,,0,0,A,DAYLIGHT,37.842656,-122.25686,,,,,A,NO PEDESTRIANS INVOLVED,4/26/2024 3:50:00 PM,A,VC 22350,False,1,SR-24 E/B,,,7/8/2024 7:58:07 AM,A,E,300.0,CLAREMONT AVENUE,F,,D,5/7/2024 6:32:02 AM,7/8/2024 7:58:09 AM,False,True,4,,4/26/2024 4:00:00 PM,1600,False,,,True
2403500,9370-2024-01694,1,False,9370,5/25/2024 1:01:00 AM,101,176,14,109,Oakland,1,True,True,E,HIT OBJECT,,Saturday,Yes,False,,,False,True,False,ALAMEDA SUPERIOR COURT WILEY W. MANUEL COURTHOUSE,I,FIXED OBJECT,CONCRETE BARRIER WALL,0,0,D,DARK-NO STREET LIGHTS,37.757325,-122.211046,,,,,A,NO PEDESTRIANS INVOLVED,5/25/2024 1:01:00 AM,A,VC 22107,False,1,I-880 N/B,,,5/31/2024 4:28:14 PM,A,S,200.0,HIGH ST,F,,D,5/31/2024 4:28:16 PM,5/31/2024 4:28:16 PM,False,True,4,,5/25/2024 1:10:00 AM,110,False,,,True
2403468,9370-2024-01679,1,False,9370,5/24/2024 6:01:00 PM,1801,008,14,109,Oakland,1,True,True,C,REAR END,,Friday,Yes,False,M,,False,True,False,ALAMEDA SUPERIOR COURT WILEY W. MANUEL COURTHOUSE,C,OTHER MOTOR VEHICLE,,1,0,A,DAYLIGHT,37.823392,-122.315962,,,,,A,NO PEDESTRIANS INVOLVED,5/24/2024 6:01:00 PM,A,VC 22350,False,1,I-80 EASTBOUND,,,5/31/2024 3:42:28 PM,A,W,685.0,SFOBB TOLL PLAZA,F,,D,5/31/2024 3:42:32 PM,5/31/2024 3:42:32 PM,False,True,4,False,5/24/2024 6:20:00 PM,1820,False,,,True
2403454,9370-2024-01659,3,False,9370,5/23/2024 9:30:00 AM,930,013,14,109,Oakland,1,True,True,C,REAR END,,Thursday,NotApplicable,False,,,False,True,True,ALAMEDA SUPERIOR COURT WILEY W. MANUEL COURTHOUSE,C,OTHER MOTOR VEHICLE,,0,0,A,DAYLIGHT,37.807798,-122.194121,,,,,A,NO PEDESTRIANS INVOLVED,5/23/2024 9:30:00 AM,A,VC 22350,False,1,STATE ROUTE 13 NORTHBOUND,,,10/17/2024 5:17:23 PM,A,S,300.0,JOAQUIN MILLER RD,F,,D,5/31/2024 3:19:32 PM,10/17/2024 5:17:25 PM,False,True,4,,5/23/2024 9:35:00 AM,935,False,,,True
2403442,9370-2024-01721,1,False,9370,5/28/2024 4:15:00 PM,1615,024,14,109,Oakland,1,True,True,C,REAR END,,Tuesday,NotApplicable,False,M,,False,True,False,ALAMEDA SUPERIOR COURT WILEY W. MANUEL COURTHOUSE,C,OTHER MOTOR VEHICLE,,0,0,A,DAYLIGHT,37.833139,-122.266866,,,,,A,NO PEDESTRIANS INVOLVED,5/28/2024 4:15:00 PM,A,VC 22350,False,1,SR-24 W/B,,,5/31/2024 3:04:24 PM,A,W,50.0,45TH ST,F,,D,5/31/2024 3:04:26 PM,5/31/2024 3:04:26 PM,False,True,4,,5/28/2024 4:28:00 PM,1628,False,,,True
2403438,9370-2024-01591,1,False,9370,5/17/2024 11:25:00 AM,1125,901,14,109,Oakland,1,True,True,C,REAR END,,Friday,NotApplicable,False,,,False,True,False,ALAMEDA SUPERIOR COURT ADMINISTRATION BUILDING,C,OTHER MOTOR VEHICLE,,0,0,A,DAYLIGHT,37.758577,-122.185883,,,,,A,NO PEDESTRIANS INVOLVED,5/17/2024 11:25:00 AM,A,VC 22350,False,1,INTERNATIONAL BOULEVARD,,,5/31/2024 3:00:38 PM,A,N,39.0,75TH AVENUE,F,,A,5/31/2024 3:00:40 PM,5/31/2024 3:00:40 PM,False,False,4,,5/17/2024 11:27:00 AM,1127,False,,,True
2403424,9370-2024-01543,1,False,9370,5/12/2024 7:10:00 AM,710,053,14,109,Oakland,1,True,True,C,REAR END,,Sunday,NotApplicable,False,M,,False,True,False,ALAMEDA SUPERIOR COURT WILEY W. MANUEL COURTHOUSE,C,OTHER MOTOR VEHICLE,,0,0,A,DAYLIGHT,37.799707,-122.223539,,,,,A,NO PEDESTRIANS INVOLVED,5/12/2024 7:10:00 AM,A,VC 22350,False,1,INTERSTATE 580 EASTBOUND,,,5/31/2024 2:45:40 PM,A,W,500.0,FRUITVALE AVE,F,,D,5/31/2024 2:45:42 PM,5/31/2024 2:45:42 PM,False,True,4,,5/12/2024 7:15:00 AM,715,False,,,True
2403379,9370-2024-01643,1,False,9370,5/22/2024 2:20:00 AM,220,052,14,109,Oakland,1,True,True,C,REAR END,,Wednesday,Yes,False,M,,False,True,False,ALAMEDA SUPERIOR COURT WILEY W. MANUEL COURTHOUSE,C,OTHER MOTOR VEHICLE,,0,0,C,DARK-STREET LIGHTS,37.783906,-122.183419,,,,,A,NO PEDESTRIANS INVOLVED,5/22/2024 2:20:00 AM,A,VC 22350,False,2,INTERSTATE 580 EASTBOUND,,,5/31/2024 1:51:46 PM,A,W,113.0,SEMINARY AVENUE,F,,D,5/31/2024 1:51:48 PM,5/31/2024 1:51:48 PM,False,True,4,,5/22/2024 2:30:00 AM,230,False,,,True
2403329,9370-2024-01638,1,False,9370,5/21/2024 4:40:00 PM,1640,055,14,109,Oakland,1,True,True,C,REAR END,,Tuesday,NotApplicable,False,M,,False,True,True,ALAMEDA SUPERIOR COURT WILEY W. MANUEL COURTHOUSE,C,OTHER MOTOR VEHICLE,,0,0,A,DAYLIGHT,37.826579,-122.278683,,,,,A,NO PEDESTRIANS INVOLVED,5/21/2024 4:40:00 PM,A,VC 23152(a),True,1,I-580 E/B,,,5/31/2024 12:53:06 PM,A,W,154.0,SAN PABLO AVE,F,,D,5/31/2024 12:53:10 PM,5/31/2024 12:53:10 PM,False,True,4,,5/21/2024 4:56:00 PM,1656,False,,,True
2403278,9370-2024-01590,1,False,9370,5/16/2024 10:00:00 PM,2200,176,14,109,Oakland,1,True,True,E,HIT OBJECT,,Thursday,Yes,False,,,False,True,True,ALAMEDA SUPERIOR COURT WILEY W. MANUEL COURTHOUSE,J,OTHER OBJECT,GRASS/DIRT,0,0,C,DARK-STREET LIGHTS,37.756026,-122.209584,,,,,A,NO PEDESTRIANS INVOLVED,5/16/2024 10:00:00 PM,A,VC 22107,False,1,I-880 N/B FROM 66TH AVE,,,5/31/2024 11:42:05 AM,A,N,840.0,66TH AVE,F,,D,5/31/2024 11:42:08 AM,5/31/2024 11:42:08 AM,False,True,4,,5/16/2024 10:30:00 PM,2230,False,,,True
2402338,9335-2024-01122,1,False,9335,5/16/2024 7:35:00 AM,735,082,14,109,Oakland,1,True,True,C,REAR END,,Thursday,NotApplicable,False,,,False,True,False,ALAMEDA SUPERIOR COURT ALAMEDA,C,OTHER MOTOR VEHICLE,,0,0,A,DAYLIGHT,37.823507,-122.319487,,,,,A,NO PEDESTRIANS INVOLVED,5/16/2024 7:35:00 AM,A,VC 22106,False,2,I-80 W/B,,,5/30/2024 12:05:30 PM,A,W,658.0,METERING LIGHTS,F,,D,5/30/2024 12:05:45 PM,5/30/2024 12:05:45 PM,False,True,4,,5/16/2024 7:45:00 AM,745,False,,,True
2402290,9370-2024-01501,1,False,9370,5/8/2024 6:30:00 PM,1830,055,14,109,Oakland,1,True,True,B,SIDE SWIPE,,Wednesday,NotApplicable,False,,,False,True,False,ALAMEDA SUPERIOR COURT WILEY W. MANUEL COURTHOUSE,C,OTHER MOTOR VEHICLE,,0,0,A,DAYLIGHT,37.826802,-122.286006,,,,,A,NO PEDESTRIANS INVOLVED,5/8/2024 6:30:00 PM,A,VC 21658(A),False,2,I-580 E/B,,,5/30/2024 11:26:07 AM,A,W,400.0,HOLLIS ST,F,,D,5/30/2024 11:26:09 AM,5/30/2024 11:26:09 AM,False,True,4,,5/8/2024 6:32:00 PM,1832,False,,,True
2402283,9370-2024-01629,1,False,9370,5/21/2024 7:42:00 AM,742,054,14,109,Oakland,1,True,True,C,REAR END,,Tuesday,No,False,,,False,True,False,ALAMEDA SUPERIOR COURT WILEY W. MANUEL COURTHOUSE,E,PARKED MOTOR VEHICLE,,0,0,A,DAYLIGHT,37.800326,-122.226842,,,,,A,NO PEDESTRIANS INVOLVED,5/21/2024 7:42:00 AM,A,VC 22107,False,1,I-580 E/B,,,5/30/2024 11:19:35 AM,A,W,0.55,FRUITVALE AVENUE,M,,D,5/30/2024 11:19:39 AM,5/30/2024 11:19:39 AM,False,True,4,,5/21/2024 7:49:00 AM,749,False,,,True
2402260,9370-2024-01576,1,False,9370,5/16/2024 12:15:00 AM,15,055,14,109,Oakland,1,True,True,E,HIT OBJECT,,Thursday,NotApplicable,False,M,,False,True,True,ALAMEDA SUPERIOR COURT WILEY W. MANUEL COURTHOUSE,I,FIXED OBJECT,CONCRETE BARRIER,0,0,C,DARK-STREET LIGHTS,37.825383,-122.274097,,,,,A,NO PEDESTRIANS INVOLVED,5/16/2024 12:15:00 AM,A,VC 22107,False,1,I-580 E/B TO SR-24 E/B,,,5/30/2024 11:03:53 AM,A,W,291.0,MARKET ST,F,,D,5/30/2024 11:03:54 AM,5/30/2024 11:03:54 AM,False,True,4,,5/16/2024 12:25:00 AM,25,False,,,True
2402125,9370-2024-01678,1,False,9370,5/24/2024 6:00:00 PM,1800,008,14,109,Oakland,1,True,True,B,SIDE SWIPE,,Friday,NotApplicable,False,F,,False,True,False,ALAMEDA SUPERIOR COURT WILEY W. MANUEL COURTHOUSE,C,OTHER MOTOR VEHICLE,,1,0,A,DAYLIGHT,37.823355,-122.315748,,,,,A,NO PEDESTRIANS INVOLVED,5/24/2024 6:00:00 PM,A,VC 21658(a),False,1,I-80 E/B TO I-880 S/B,,,5/30/2024 9:39:44 AM,A,W,600.0,SFOBB TOLL PLAZA,F,,D,5/30/2024 9:39:46 AM,5/30/2024 9:39:46 AM,False,True,4,,5/24/2024 6:55:00 PM,1855,False,,,True
2402049,9370-2024-01651,1,False,9370,5/22/2024 7:50:00 PM,1950,055,14,109,Oakland,1,True,True,B,SIDE SWIPE,,Wednesday,NotApplicable,False,,,False,True,False,ALAMEDA SUPERIOR COURT WILEY W. MANUEL COURTHOUSE,C,OTHER MOTOR VEHICLE,,0,0,B,DUSK-DAWN,37.827774,-122.295224,,,,,A,NO PEDESTRIANS INVOLVED,5/22/2024 7:50:00 PM,A,VC 21658(a),False,1,I-580 W/B TO I-80 W/B,,,5/30/2024 8:37:46 AM,A,W,185.0,I-80 E/B UNDER CROSSING,F,,D,5/30/2024 8:37:48 AM,5/30/2024 8:37:48 AM,False,True,4,,5/22/2024 7:57:00 PM,1957,False,,,True
2401909,9370-2024-01490,1,False,9370,5/8/2024 11:45:00 AM,1145,177,14,109,Oakland,1,True,True,B,SIDE SWIPE,,Wednesday,No,False,M,,False,True,False,ALAMEDA SUPERIOR COURT WILEY W. MANUEL COURTHOUSE,C,OTHER MOTOR VEHICLE,,0,0,A,DAYLIGHT,37.795332,-122.266699,,,,,A,NO PEDESTRIANS INVOLVED,5/8/2024 11:45:00 AM,A,VC 21658(A),False,1,I-880 N/B,,,5/30/2024 6:16:06 AM,A,N,25.0,OAK ST,F,,D,5/30/2024 6:16:07 AM,5/30/2024 6:16:07 AM,False,True,4,,5/8/2024 11:48:00 AM,1148,False,,,True
2401907,9370-2024-01640,1,False,9370,5/21/2024 3:30:00 PM,1530,052,14,109,Oakland,1,True,True,C,REAR END,,Tuesday,NotApplicable,False,,,False,True,False,ALAMEDA SUPERIOR COURT WILEY W. MANUEL COURTHOUSE,C,OTHER MOTOR VEHICLE,,0,0,A,DAYLIGHT,37.787917,-122.198639,,,,,A,NO PEDESTRIANS INVOLVED,5/21/2024 3:30:00 PM,A,VC 22350,False,1,I-580 E/B TO HIGH STREET,,,5/30/2024 6:14:14 AM,A,W,772.0,HIGH ST,F,,D,5/30/2024 6:14:18 AM,5/30/2024 6:14:18 AM,False,True,4,,5/21/2024 3:40:00 PM,1540,False,,,True
2401904,9370-2024-01628,1,False,9370,5/20/2024 1:40:00 PM,1340,176,14,109,Oakland,1,True,True,G,VEHICLE/PEDESTRAIN,,Monday,Yes,False,,,False,True,False,ALAMEDA SUPERIOR COURT WILEY W. MANUEL COURTHOUSE,B,PEDESTRIAN,,1,0,A,DAYLIGHT,37.764111,-122.216751,,,,,E,IN ROAD - INCLUDES SHOULDER,5/20/2024 1:40:00 PM,A,VC 22106,False,1,I-880 N/B,,,5/30/2024 6:12:15 AM,A,S,300.0,HIGH STREET,F,,B,5/30/2024 6:12:16 AM,5/30/2024 6:12:16 AM,False,True,4,False,5/20/2024 1:45:00 PM,1345,False,,,True
2401901,9370-2024-01612,1,False,9370,5/19/2024 8:22:00 PM,2022,176,14,109,Oakland,1,True,True,E,HIT OBJECT,,Sunday,Yes,False,,,False,True,False,ALAMEDA SUPERIOR COURT WILEY W. MANUEL COURTHOUSE,I,FIXED OBJECT,FENCE,0,0,C,DARK-STREET LIGHTS,37.751866,-122.205784,,,,,A,NO PEDESTRIANS INVOLVED,5/19/2024 8:22:00 PM,A,VC 23152(a),True,1,I-880 N/B TO 66TH AVENUE,,,5/30/2024 6:07:51 AM,A,N,965.0,66TH AVENUE,F,,D,5/30/2024 6:07:54 AM,5/30/2024 6:07:54 AM,False,True,4,,5/19/2024 8:27:00 PM,2027,False,,,True
2401900,9370-2024-01653,1,False,9370,5/19/2024 12:20:00 AM,20,176,14,109,Oakland,1,True,True,B,SIDE SWIPE,,Sunday,NotApplicable,False,M,,False,True,False,ALAMEDA SUPERIOR COURT WILEY W. MANUEL COURTHOUSE,C,OTHER MOTOR VEHICLE,,0,0,D,DARK-NO STREET LIGHTS,37.730751,-122.187914,,,,,A,NO PEDESTRIANS INVOLVED,5/19/2024 12:20:00 AM,A,VC 21658(A),False,1,I-880 S/B,,,5/30/2024 6:04:18 AM,A,S,386.0,98TH AVENUE,F,,D,5/30/2024 6:04:21 AM,5/30/2024 6:04:21 AM,False,True,4,,5/19/2024 12:20:00 AM,20,False,,,
2401603,9370-2024-01675,1,False,9370,5/24/2024 4:30:00 PM,1630,055,14,109,Oakland,1,True,True,B,SIDE SWIPE,,Friday,Yes,False,,,False,True,False,ALAMEDA SUPERIOR COURT WILEY W. MANUEL COURTHOUSE,C,OTHER MOTOR VEHICLE,,2,0,A,DAYLIGHT,37.826792,-122.285901,,,,,A,NO PEDESTRIANS INVOLVED,5/24/2024 4:30:00 PM,A,VC 21658(A),False,1,I-580 W/B,,,5/29/2024 5:39:46 PM,A,W,94.0,LOUISE ST,F,,D,5/29/2024 5:39:51 PM,5/29/2024 5:39:51 PM,False,True,4,,5/24/2024 4:35:00 PM,1635,False,,,True
2401591,9370-2024-01622,1,False,9370,5/20/2024 3:10:00 PM,1510,008,14,109,Oakland,1,True,True,B,SIDE SWIPE,,Monday,NotApplicable,False,,,False,True,False,ALAMEDA SUPERIOR COURT WILEY W. MANUEL COURTHOUSE,C,OTHER MOTOR VEHICLE,,1,0,A,DAYLIGHT,37.824945,-122.313653,,,,,A,NO PEDESTRIANS INVOLVED,5/20/2024 3:10:00 PM,A,VC 21658(a),False,1,I-80 W/B,,,5/29/2024 4:58:33 PM,A,E,38.0,SAN FRANCISCO-OAKLAND BAY BRIDGE TOLL PLAZA,F,,D,5/29/2024 4:58:37 PM,5/29/2024 4:58:37 PM,False,True,4,,5/20/2024 3:18:00 PM,1518,False,,,True
2401299,9370-2024-01617,1,False,9370,5/20/2024 8:10:00 AM,810,901,14,109,Oakland,1,True,True,D,BROADSIDE,,Monday,NotApplicable,False,,,False,False,False,ALAMEDA SUPERIOR COURT WILEY W. MANUEL COURTHOUSE,C,OTHER MOTOR VEHICLE,,0,0,A,DAYLIGHT,37.785366,-122.207456,,,,,A,NO PEDESTRIANS INVOLVED,5/20/2024 8:10:00 AM,A,VC 22450(a),False,1,BROOKDALE AVENUE,,,5/29/2024 11:39:38 AM,A,,,38TH AVENUE,,,A,5/29/2024 11:39:42 AM,5/29/2024 11:39:42 AM,True,False,4,,5/20/2024 8:15:00 AM,815,False,,,True
2401018,9370-2024-01588,1,False,9370,5/16/2024 10:20:00 PM,2220,055,14,109,Oakland,1,True,True,B,SIDE SWIPE,,Thursday,NotApplicable,False,M,,False,True,False,ALAMEDA SUPERIOR COURT WILEY W. MANUEL COURTHOUSE,C,OTHER MOTOR VEHICLE,,0,0,C,DARK-STREET LIGHTS,37.826666,-122.278664,,,,,A,NO PEDESTRIANS INVOLVED,5/16/2024 10:20:00 PM,A,VC 21658(a),False,1,I-580 E/B,,,5/29/2024 7:48:15 AM,A,W,1000.0,MARKET ST,F,,D,5/29/2024 7:48:17 AM,5/29/2024 7:48:17 AM,False,True,4,,5/16/2024 10:25:00 PM,2225,False,,,True
2400998,9370-2024-01654,1,False,9370,5/18/2024 2:10:00 AM,210,176,14,109,Oakland,1,True,True,C,REAR END,,Saturday,NotApplicable,False,,,False,True,True,ALAMEDA SUPERIOR COURT WILEY W. MANUEL COURTHOUSE,C,OTHER MOTOR VEHICLE,,3,0,D,DARK-NO STREET LIGHTS,37.751556,-122.206112,,,,,A,NO PEDESTRIANS INVOLVED,5/18/2024 2:10:00 AM,C,,,,I-880 S/B,,,5/29/2024 7:13:12 AM,A,S,1012.0,66TH AVENUE,F,,D,5/29/2024 7:13:14 AM,5/29/2024 7:13:14 AM,False,True,4,,5/18/2024 2:15:00 AM,215,False,,,True
2400954,9370-2024-01646,1,False,9370,5/22/2024 4:25:00 PM,1625,177,14,109,Oakland,1,True,True,B,SIDE SWIPE,,Wednesday,NotApplicable,False,,,False,True,False,ALAMEDA SUPERIOR COURT WILEY W. MANUEL COURTHOUSE,C,OTHER MOTOR VEHICLE,,0,0,A,DAYLIGHT,37.808789,-122.304962,,,,,A,NO PEDESTRIANS INVOLVED,5/22/2024 4:25:00 PM,A,VC 21658(a),False,1,I-880 SOUTHBOUND,,,5/29/2024 6:26:39 AM,A,N,265.0,7TH STREET,F,,D,5/29/2024 6:26:41 AM,5/29/2024 6:26:41 AM,False,True,4,,5/22/2024 4:30:00 PM,1630,False,,,True
2400890,9370-2024-01606,1,False,9370,5/17/2024 9:50:00 PM,2150,177,14,109,Oakland,1,True,True,E,HIT OBJECT,,Friday,NotApplicable,False,,,False,True,True,ALAMEDA SUPERIOR COURT WILEY W. MANUEL COURTHOUSE,I,FIXED OBJECT,CONCRETE BARRIER,1,0,D,DARK-NO STREET LIGHTS,37.794919,-122.265955,,,,,A,NO PEDESTRIANS INVOLVED,5/17/2024 9:50:00 PM,A,VC 22107,False,1,I-880 S/B,,,5/29/2024 4:48:51 AM,A,S,172.0,OAK STREET,F,,D,5/29/2024 4:48:53 AM,5/29/2024 4:48:53 AM,False,True,4,False,5/17/2024 9:53:00 PM,2153,False,,,True
2400518,9370-2024-01672,1,False,9370,5/24/2024 12:55:00 PM,1255,008,14,109,Oakland,1,True,True,B,SIDE SWIPE,,Friday,NotApplicable,False,,,False,True,False,ALAMEDA SUPERIOR COURT WILEY W. MANUEL COURTHOUSE,A,NON-COLLISION,,0,0,A,DAYLIGHT,37.826895,-122.298151,,,,,A,NO PEDESTRIANS INVOLVED,5/24/2024 12:55:00 PM,A,VC 22107,False,1,I-580 WESTBOUND,,,5/28/2024 3:36:12 PM,A,E,4560.0,SFOBB TOLL PLAZA,F,,D,5/28/2024 3:36:14 PM,5/28/2024 3:36:14 PM,False,True,4,,5/24/2024 1:00:00 PM,1300,False,,,True