collision-id,report-number,report-version,is-preliminary,ncic-code,crash-date-time,crash-time-description,beat,city-id,city-code,city-name,county-code,city-is-active,city-is-incorporated,collision-type-code,collision-type-description,collision-type-other-desc,day-of-week,dispatch-notified,has-photographs,hit-run,is-attachments-mailed,is-deleted,is-highway-related,is-tow-away,judicial-district,motor-vehicle-involved-with-code,motor-vehicle-involved-with-desc,motor-vehicle-involved-with-other-desc,number-injured,number-killed,lighting-code,lighting-description,latitude,longitude,milepost-direction,milepost-distance,milepost-marker,milepost-unit-of-measure,pedestrian-action-code,pedestrian-action-desc,prepared-date,primary-collision-factor-code,primary-collision-factor-description,primary-collision-factor-is-cited,primary-collision-party-number,primary-road,reporting-district,reporting-district-code,reviewed-date,roadway-surface-code,secondary-direction,secondary-distance,secondary-road,secondary-unit-of-measure,sketch-desc,traffic-control-device-code,created-date,modified-date,is-county-road,is-freeway,chp-555-version,is-additonal-object-struck,notification-date,notification-time-description,has-digital-media-files,evidence-number,is-location-refer-to-narrative,is-aoi-one-same-as-location
2400314,9370-2024-01668,1,False,9370,5/24/2024 11:45:00 AM,1145,177,14,109,Oakland,1,True,True,B,SIDE SWIPE,,Friday,NotApplicable,False,,,False,True,False,ALAMEDA SUPERIOR COURT WILEY W. MANUEL COURTHOUSE,C,OTHER MOTOR VEHICLE,,0,0,A,DAYLIGHT,37.788828,-122.252648,,,,,A,NO PEDESTRIANS INVOLVED,5/24/2024 11:45:00 AM,A,VC 21658(A),False,1,I-880 S/B,,,5/28/2024 12:54:23 PM,A,N,2433.13,16TH AVE,F,,D,5/28/2024 12:54:26 PM,5/28/2024 12:54:26 PM,False,True,4,,5/24/2024 12:00:00 PM,1200,False,,,True
2400311,9370-2024-01671,1,False,9370,5/24/2024 5:40:00 AM,540,052,14,109,Oakland,1,True,True,C,REAR END,,Friday,NotApplicable,False,,,False,True,False,ALAMEDA SUPERIOR COURT WILEY W. MANUEL COURTHOUSE,C,OTHER MOTOR VEHICLE,,2,0,B,DUSK-DAWN,37.765278,-122.151715,,,,,A,NO PEDESTRIANS INVOLVED,5/24/2024 5:40:00 AM,A,VC 22350,False,1,I-580 E/B,,,5/28/2024 12:52:34 PM,A,E,2640.0,KELLER AVENUE,F,,D,5/28/2024 12:52:36 PM,5/28/2024 12:52:36 PM,False,True,4,,5/24/2024 5:45:00 AM,545,False,,,True
2400304,9370-2024-01664,1,False,9370,5/23/2024 5:35:00 PM,1735,053,14,109,Oakland,1,True,True,B,SIDE SWIPE,,Thursday,NotApplicable,False,M,,False,True,False,ALAMEDA SUPERIOR COURT WILEY W. MANUEL COURTHOUSE,C,OTHER MOTOR VEHICLE,,0,0,A,DAYLIGHT,37.80191,-122.230167,,,,,A,NO PEDESTRIANS INVOLVED,5/23/2024 5:35:00 PM,A,VC 21658(A),False,1,I-580 W/B,,,5/28/2024 12:48:27 PM,A,W,463.0,BEAUMONT AVENUE,F,,D,5/28/2024 12:48:29 PM,5/28/2024 12:48:29 PM,False,True,4,,5/23/2024 5:39:00 PM,1739,False,,,True
2400289,9370-2024-01666,1,False,9370,5/23/2024 3:45:00 PM,1545,178,14,109,Oakland,1,True,True,E,HIT OBJECT,,Thursday,NotApplicable,False,,,False,True,False,ALAMEDA SUPERIOR COURT WILEY W. MANUEL COURTHOUSE,J,OTHER OBJECT,UNKNOWN OBJECT,0,0,A,DAYLIGHT,37.804545,-122.302821,,,,,A,NO PEDESTRIANS INVOLVED,5/23/2024 3:45:00 PM,C,,,,I-880 N/B,,,5/28/2024 12:42:05 PM,A,S,1270.0,17TH STREET,F,,D,5/28/2024 12:42:08 PM,5/28/2024 12:42:08 PM,False,True,4,,5/23/2024 3:50:00 PM,1550,True,EMBEDDED,,True
2400242,9370-2024-01509,1,False,9370,5/9/2024 6:30:00 PM,1830,054,14,109,Oakland,1,True,True,B,SIDE SWIPE,,Thursday,NotApplicable,False,M,,False,True,False,ALAMEDA SUPERIOR COURT WILEY W. MANUEL COURTHOUSE,C,OTHER MOTOR VEHICLE,,0,0,A,DAYLIGHT,37.818291,-122.252929,,,,,A,NO PEDESTRIANS INVOLVED,5/9/2024 6:30:00 PM,A,VC 21658(A),False,1,I-580 W/B,,,5/28/2024 12:07:40 PM,A,E,300.0,OAKLAND AVE,F,,D,5/28/2024 12:07:43 PM,5/28/2024 12:07:43 PM,False,True,4,,5/9/2024 6:35:00 PM,1835,False,,,True
2400173,9370-2024-01454,1,False,9370,5/3/2024 6:02:00 PM,1802,055,14,109,Oakland,1,True,True,C,REAR END,,Friday,NotApplicable,False,,,False,True,False,ALAMEDA SUPERIOR COURT WILEY W. MANUEL COURTHOUSE,C,OTHER MOTOR VEHICLE,,0,0,A,DAYLIGHT,37.827094,-122.289909,,,,,A,NO PEDESTRIANS INVOLVED,5/3/2024 6:02:00 PM,A,VC 22350,False,1,I-580 W/B TO I-80 E/B,,,5/28/2024 11:26:40 AM,A,W,53.0,MANDELA PARKWAY,F,,D,5/28/2024 11:26:44 AM,5/28/2024 11:26:44 AM,False,True,4,,5/3/2024 6:58:00 PM,1858,False,,,True
2400130,9370-2024-01532,1,False,9370,5/11/2024 2:09:00 PM,1409,176,14,109,Oakland,1,True,True,B,SIDE SWIPE,,Saturday,NotApplicable,False,M,,False,True,False,ALAMEDA SUPERIOR COURT WILEY W. MANUEL COURTHOUSE,C,OTHER MOTOR VEHICLE,,0,0,A,DAYLIGHT,37.728486,-122.18566,,,,,A,NO PEDESTRIANS INVOLVED,5/11/2024 2:09:00 PM,A,VC 21658(A),False,1,I-880 N/B,,,5/28/2024 11:02:33 AM,A,S,1500.0,98TH AVENUE,F,,D,5/28/2024 11:02:35 AM,5/28/2024 11:02:35 AM,False,True,4,,5/11/2024 2:38:00 PM,1438,False,,,True
2399862,9370-2024-01381,1,False,9370,4/27/2024 2:45:00 PM,1445,177,14,109,Oakland,1,True,True,B,SIDE SWIPE,,Saturday,NotApplicable,False,M,,False,True,False,ALAMEDA SUPERIOR COURT WILEY W. MANUEL COURTHOUSE,C,OTHER MOTOR VEHICLE,,0,0,A,DAYLIGHT,37.768637,-122.220345,,,,,A,NO PEDESTRIANS INVOLVED,4/27/2024 2:45:00 PM,A,VC 21658(a),False,1,I-880 N/B,,,5/28/2024 8:43:00 AM,A,N,140.0,HIGH ST,F,,D,5/28/2024 8:43:02 AM,5/28/2024 8:43:02 AM,False,True,4,,4/27/2024 2:55:00 PM,1455,True,AREA / EMBEDDED,,True
2399744,9370-2024-01614,1,False,9370,5/20/2024 1:50:00 AM,150,052,14,109,Oakland,1,True,True,E,HIT OBJECT,,Monday,Yes,False,,,False,True,True,ALAMEDA SUPERIOR COURT WILEY W. MANUEL COURTHOUSE,I,FIXED OBJECT,GUARD RAIL,0,0,C,DARK-STREET LIGHTS,37.765556,-122.15154,,,,,A,NO PEDESTRIANS INVOLVED,5/20/2024 1:50:00 AM,A,VC 23152(a),True,1,I-580 W/B,,,5/28/2024 7:39:20 AM,A,E,2730.0,KELLER AVE,F,,D,5/28/2024 7:39:22 AM,5/28/2024 7:39:22 AM,False,True,4,,5/20/2024 1:55:00 AM,155,False,,,True
2399695,9370-2024-01619,2,False,9370,5/20/2024 11:25:00 AM,1125,055,14,109,Oakland,1,True,True,C,REAR END,,Monday,NotApplicable,False,,,False,True,False,ALAMEDA SUPERIOR COURT WILEY W. MANUEL COURTHOUSE,C,OTHER MOTOR VEHICLE,,0,0,A,DAYLIGHT,37.825482,-122.273651,,,,,A,NO PEDESTRIANS INVOLVED,5/20/2024 11:25:00 AM,D,,,1,I-580 E/B,,,8/13/2024 11:30:17 AM,A,W,406.0,WEST ST,F,,D,5/28/2024 6:50:39 AM,8/13/2024 11:30:19 AM,False,True,4,,5/20/2024 11:29:00 AM,1129,False,,,True
2399624,9370-2024-01609,1,False,9370,5/19/2024 5:17:00 PM,1717,013,14,109,Oakland,1,True,True,E,HIT OBJECT,,Sunday,NotApplicable,False,,,False,True,True,ALAMEDA SUPERIOR COURT WILEY W. MANUEL COURTHOUSE,I,FIXED OBJECT,POSTS- LIGHT POST- MAILBX,2,0,A,DAYLIGHT,37.839568,-122.222865,,,,,A,NO PEDESTRIANS INVOLVED,5/19/2024 5:17:00 PM,A,VC 22350,False,1,SR-13 N/B TO BROADWAY TERRACE,,,5/28/2024 5:35:34 AM,A,S,800.0,BROADWAY TERRACE,F,,D,5/28/2024 5:35:36 AM,5/28/2024 5:35:36 AM,False,True,4,True,5/19/2024 5:21:00 PM,1721,False,,,True
2399618,9370-2024-01593,1,False,9370,5/17/2024 6:15:00 AM,615,176,14,109,Oakland,1,True,True,B,SIDE SWIPE,,Friday,NotApplicable,False,M,,False,True,False,ALAMEDA SUPERIOR COURT WILEY W. MANUEL COURTHOUSE,C,OTHER MOTOR VEHICLE,,0,0,A,DAYLIGHT,37.733698,-122.189861,,,,,A,NO PEDESTRIANS INVOLVED,5/17/2024 6:15:00 AM,A,VC 21755(a),False,1,INTERSTATE 880 NORTHBOUND FROM 98TH AVE,,,5/28/2024 5:04:21 AM,A,N,741.0,98TH AVENUE,F,,D,5/28/2024 5:04:22 AM,5/28/2024 5:04:22 AM,False,True,4,,5/17/2024 6:25:00 AM,625,False,,,True
2399281,9370-2024-01620,1,False,9370,5/20/2024 10:55:00 AM,1055,177,14,109,Oakland,1,True,True,E,HIT OBJECT,,Monday,NotApplicable,False,,,False,True,False,ALAMEDA SUPERIOR COURT WILEY W. MANUEL COURTHOUSE,J,OTHER OBJECT,WOODEN DEBRIS,0,0,A,DAYLIGHT,37.798626,-122.274697,,,,,A,NO PEDESTRIANS INVOLVED,5/20/2024 10:55:00 AM,C,,,,I-880 N/B,,,5/27/2024 11:35:30 AM,A,S,660.0,I-980 E/B,F,,D,5/27/2024 11:35:32 AM,5/27/2024 11:35:32 AM,False,True,4,,5/20/2024 11:33:00 AM,1133,True,AREA / EMBEDDED,,True
2399280,9370-2024-01625,1,False,9370,5/20/2024 11:25:00 PM,2325,013,14,109,Oakland,1,True,True,H,OTHER,ANIMAL,Monday,NotApplicable,False,,,False,True,False,ALAMEDA SUPERIOR COURT WILEY W. MANUEL COURTHOUSE,H,ANIMAL,DEER,0,0,D,DARK-NO STREET LIGHTS,37.811483,-122.198625,,,,,A,NO PEDESTRIANS INVOLVED,5/20/2024 11:25:00 PM,C,,,,SR-13 N/B,,,5/27/2024 11:32:09 AM,A,N,345.0,JOAQUIN MILLER RD,F,,D,5/27/2024 11:32:10 AM,5/27/2024 11:32:10 AM,False,True,4,,5/20/2024 11:40:00 PM,2340,False,,False,True
2399221,9370-2024-01575,1,False,9370,5/15/2024 2:25:00 PM,1425,176,14,109,Oakland,1,True,True,C,REAR END,,Wednesday,NotApplicable,False,M,,False,True,False,ALAMEDA SUPERIOR COURT WILEY W. MANUEL COURTHOUSE,C,OTHER MOTOR VEHICLE,,0,0,A,DAYLIGHT,37.773951,-122.230068,,,,,A,NO PEDESTRIANS INVOLVED,5/15/2024 2:25:00 PM,A,VC 22350,False,1,I-880 N/B,,,5/27/2024 9:24:30 AM,A,S,1023.0,29TH AVE,F,,D,5/27/2024 9:24:32 AM,5/27/2024 9:24:32 AM,False,True,4,,5/15/2024 2:31:00 PM,1431,False,,,True
2399176,9370-2024-01604,1,False,9370,5/18/2024 4:40:00 PM,1640,177,14,109,Oakland,1,True,True,C,REAR END,,Saturday,NotApplicable,False,M,,False,True,True,ALAMEDA SUPERIOR COURT WILEY W. MANUEL COURTHOUSE,C,OTHER MOTOR VEHICLE,,0,0,A,DAYLIGHT,37.78126,-122.238863,,,,,A,NO PEDESTRIANS INVOLVED,5/18/2024 4:40:00 PM,A,VC 22350,False,1,I-880 S/B,,,5/27/2024 7:54:29 AM,A,N,150.0,23RD AVE,F,,D,5/27/2024 7:54:32 AM,5/27/2024 7:54:32 AM,False,True,4,,5/18/2024 4:45:00 PM,1645,True,AREA PHOTO FILE,,True
2399163,9370-2024-01605,1,False,9370,5/18/2024 2:24:00 AM,224,176,14,109,Oakland,1,True,True,B,SIDE SWIPE,,Saturday,NotApplicable,False,M,,False,True,True,ALAMEDA SUPERIOR COURT WILEY W. MANUEL COURTHOUSE,C,OTHER MOTOR VEHICLE,,0,0,D,DARK-NO STREET LIGHTS,37.744608,-122.200099,,,,,A,NO PEDESTRIANS INVOLVED,5/18/2024 2:24:00 AM,A,VC 21658(A),False,1,I-880 S/B,,,5/27/2024 7:22:06 AM,A,N,1726.0,HEGENBERGER RD,F,,D,5/27/2024 7:22:08 AM,5/27/2024 7:22:08 AM,False,True,4,,5/18/2024 2:27:00 AM,227,False,,,True
2399105,9370-2024-01514,1,False,9370,5/10/2024 2:45:00 PM,1445,053,14,109,Oakland,1,True,True,C,REAR END,,Friday,Yes,False,,,False,True,True,ALAMEDA SUPERIOR COURT WILEY W. MANUEL COURTHOUSE,C,OTHER MOTOR VEHICLE,,1,0,A,DAYLIGHT,37.798078,-122.216295,,,,,A,NO PEDESTRIANS INVOLVED,5/10/2024 2:45:00 PM,A,VC 22350,False,1,I-580 E/B,,,5/27/2024 4:31:18 AM,A,E,200.0,FRUITVALE AVENUE,F,,D,5/27/2024 4:31:20 AM,5/27/2024 4:31:20 AM,False,True,4,,5/10/2024 2:59:00 PM,1459,False,,,True
2399104,9370-2024-01522,1,False,9370,5/10/2024 11:15:00 PM,2315,008,14,109,Oakland,1,True,True,C,REAR END,,Friday,Yes,False,,,False,True,True,ALAMEDA SUPERIOR COURT WILEY W. MANUEL COURTHOUSE,C,OTHER MOTOR VEHICLE,,0,0,C,DARK-STREET LIGHTS,37.824437,-122.307907,,,,,A,NO PEDESTRIANS INVOLVED,5/10/2024 11:15:00 PM,A,VC 23152(a),False,1,I-80 E/B TO I880 S/B,,,5/27/2024 4:28:52 AM,A,W,2185.0,W. GRAND AVNUE,F,,D,5/27/2024 4:29:00 AM,5/27/2024 4:29:00 AM,False,True,4,,5/10/2024 11:22:00 PM,2322,False,,,True
2398804,9335-2024-01176,1,False,9335,5/21/2024 7:00:00 AM,700,082,14,109,Oakland,1,True,True,B,SIDE SWIPE,,Tuesday,NotApplicable,False,,,False,True,False,ALAMEDA SUPERIOR COURT ALAMEDA,C,OTHER MOTOR VEHICLE,,0,0,A,DAYLIGHT,37.824424,-122.314672,,,,,A,NO PEDESTRIANS INVOLVED,5/21/2024 7:00:00 AM,A,VC 21658(A),False,1,I-80 W/B,,,5/25/2024 6:04:09 PM,A,W,245.0,SAN FRANCISCO-OAKLAND BAY BRIDGE TOLL PLAZA,F,,D,5/25/2024 6:04:12 PM,5/25/2024 6:04:12 PM,False,True,4,,5/21/2024 7:15:00 AM,715,False,,,True
2398796,9335-2024-01167,1,False,9335,5/20/2024 6:20:00 AM,620,082,14,109,Oakland,1,True,True,B,SIDE SWIPE,,Monday,No,False,,,False,True,False,ALAMEDA SUPERIOR COURT ALAMEDA,C,OTHER MOTOR VEHICLE,,0,0,B,DUSK-DAWN,37.822552,-122.323143,,,,,A,NO PEDESTRIANS INVOLVED,5/20/2024 6:20:00 AM,A,VC 21658(A),False,1,I-80 W/B,,,5/25/2024 4:08:40 PM,A,W,0.3,SAN FRANCISCO-OAKLAND BAY BRIDGE TOLL PLAZA METERING LIGHTS,M,,D,5/25/2024 4:08:44 PM,5/25/2024 4:08:44 PM,False,True,4,,5/20/2024 6:25:00 AM,625,False,,,True
2398337,9335-2024-01099,1,False,9335,5/12/2024 9:37:00 PM,2137,082,14,109,Oakland,1,True,True,C,REAR END,,Sunday,Yes,False,,,False,True,True,ALAMEDA SUPERIOR COURT ALAMEDA,C,OTHER MOTOR VEHICLE,,0,0,C,DARK-STREET LIGHTS,37.82447,-122.3143,,,,,A,NO PEDESTRIANS INVOLVED,5/12/2024 9:37:00 PM,A,VC 23152(a),True,1,I-80 W/B,,,5/24/2024 2:45:09 PM,A,W,130.0,SFOBB TOLL PLAZA,F,,D,5/24/2024 2:45:17 PM,5/24/2024 2:45:17 PM,False,True,4,,5/12/2024 9:40:00 PM,2140,False,,,True
2398173,9370-2024-01633,1,False,9370,5/21/2024 12:17:00 PM,1217,053,14,109,Oakland,1,True,True,C,REAR END,,Tuesday,NotApplicable,False,,,False,True,False,ALAMEDA SUPERIOR COURT WILEY W. MANUEL COURTHOUSE,C,OTHER MOTOR VEHICLE,,1,0,A,DAYLIGHT,37.79194,-122.203378,,,,,A,NO PEDESTRIANS INVOLVED,5/21/2024 12:17:00 PM,A,VC 22350,False,1,I-580 W/B,,,5/24/2024 11:06:08 AM,A,E,23.0,35TH AVE,F,,D,5/24/2024 11:06:14 AM,5/24/2024 11:06:14 AM,False,True,4,,5/21/2024 12:22:00 PM,1222,False,,,False
2397987,9370-2024-01390,1,False,9370,4/29/2024 12:50:00 PM,1250,177,14,109,Oakland,1,True,True,B,SIDE SWIPE,,Monday,NotApplicable,False,M,,False,True,False,ALAMEDA SUPERIOR COURT WILEY W. MANUEL COURTHOUSE,C,OTHER MOTOR VEHICLE,,0,0,A,DAYLIGHT,37.798596,-122.275033,,,,,A,NO PEDESTRIANS INVOLVED,4/29/2024 12:50:00 PM,A,VC 22350,False,1,I-880 N/B,,,5/24/2024 6:46:11 AM,A,N,44.0,BROADWAY,F,,D,5/24/2024 6:46:13 AM,5/24/2024 6:46:13 AM,False,True,4,,4/29/2024 12:55:00 PM,1255,False,,,True
2397934,9370-2024-01568,1,False,9370,5/14/2024 6:20:00 AM,620,177,14,109,Oakland,1,True,True,B,SIDE SWIPE,,Tuesday,NotApplicable,False,M,,False,True,False,ALAMEDA SUPERIOR COURT WILEY W. MANUEL COURTHOUSE,C,OTHER MOTOR VEHICLE,,0,0,A,DAYLIGHT,37.787436,-122.24769,,,,,A,NO PEDESTRIANS INVOLVED,5/14/2024 6:20:00 AM,A,VC 21658(A),False,2,I-880 N/B,,,5/24/2024 5:38:00 AM,A,N,950.0,16TH AVENUE OVERCROSSING,F,,D,5/24/2024 5:38:06 AM,5/24/2024 5:38:06 AM,False,True,4,,5/14/2024 7:16:00 AM,716,True,AREA / EMBEDDED,,True
2397587,9370-2024-01537,1,False,9370,5/11/2024 10:10:00 PM,2210,055,14,109,Oakland,1,True,True,E,HIT OBJECT,,Saturday,NotApplicable,False,M,,False,True,True,ALAMEDA SUPERIOR COURT WILEY W. MANUEL COURTHOUSE,J,OTHER OBJECT,CONCRETE WALL,0,0,D,DARK-NO STREET LIGHTS,37.827268,-122.284561,,,,,A,NO PEDESTRIANS INVOLVED,5/11/2024 10:10:00 PM,A,VC 21658(A),False,1,I-580 W/B,,,5/23/2024 10:00:22 PM,A,E,50.0,HOLLIS ST,F,,D,5/23/2024 10:00:25 PM,5/23/2024 10:00:25 PM,False,True,4,,5/11/2024 10:15:00 PM,2215,False,,,True
2397582,9335-2024-01098,1,False,9335,5/12/2024 3:10:00 PM,1510,082,14,109,Oakland,1,True,True,C,REAR END,,Sunday,NotApplicable,False,,,False,True,False,ALAMEDA SUPERIOR COURT ALAMEDA,C,OTHER MOTOR VEHICLE,,0,0,A,DAYLIGHT,37.824141,-122.317441,,,,,A,NO PEDESTRIANS INVOLVED,5/12/2024 3:10:00 PM,A,VC 22350,False,1,I-80 W/B,,,5/23/2024 9:42:54 PM,A,W,27.0,SAN FRANCISCO/OAKLAND BAY BRIDGE (SFOBB) METERING LIGHTS,F,,A,5/23/2024 9:42:57 PM,5/23/2024 9:42:57 PM,False,True,4,,5/12/2024 3:25:00 PM,1525,False,,,True
2397563,9370-2024-01524,1,False,9370,5/10/2024 11:15:00 AM,1115,053,14,109,Oakland,1,True,True,B,SIDE SWIPE,,Friday,NotApplicable,False,M,,False,True,False,ALAMEDA SUPERIOR COURT WILEY W. MANUEL COURTHOUSE,C,OTHER MOTOR VEHICLE,,0,0,A,DAYLIGHT,37.767912,-122.153206,,,,,A,NO PEDESTRIANS INVOLVED,5/10/2024 11:15:00 AM,A,VC 21658(A),False,1,INTERSTATE 580 WB,,,5/23/2024 7:00:37 PM,A,E,500.0,KELLER AVENUE,F,,D,5/23/2024 7:00:39 PM,5/23/2024 7:00:39 PM,False,True,4,,5/10/2024 11:20:00 AM,1120,False,,,True
2397536,9370-2024-01642,1,False,9370,5/21/2024 12:19:00 PM,1219,054,14,109,Oakland,1,True,True,C,REAR END,,Tuesday,No,False,,,False,True,False,ALAMEDA SUPERIOR COURT WILEY W. MANUEL COURTHOUSE,C,OTHER MOTOR VEHICLE,,0,0,A,DAYLIGHT,37.776965,-122.165095,,,,,A,NO PEDESTRIANS INVOLVED,5/21/2024 12:19:00 PM,A,VC 22350,False,1,I-580 W/B,,,5/23/2024 5:06:55 PM,A,E,1404.0,SEMINARY AVE,F,,D,5/23/2024 5:06:58 PM,5/23/2024 5:06:58 PM,False,True,4,,5/21/2024 12:41:00 PM,1241,False,,,True
2397531,9370-2024-01635,1,False,9370,5/21/2024 10:30:00 AM,1030,054,14,109,Oakland,1,True,True,C,REAR END,,Tuesday,No,False,,,False,True,True,ALAMEDA SUPERIOR COURT WILEY W. MANUEL COURTHOUSE,C,OTHER MOTOR VEHICLE,,0,0,A,DAYLIGHT,37.77835,-122.168167,,,,,A,NO PEDESTRIANS INVOLVED,5/21/2024 10:30:00 AM,A,VC 22350,False,1,I-580 W/B,,,5/23/2024 4:52:41 PM,A,W,1953.0,SEMINARY AVENUE,F,,D,5/23/2024 4:52:42 PM,5/23/2024 4:52:42 PM,False,True,4,,5/21/2024 10:40:00 AM,1040,False,,,True
2397363,9370-2024-01601,1,False,9370,5/18/2024 9:50:00 AM,950,053,14,109,Oakland,1,True,True,C,REAR END,,Saturday,Yes,False,,,False,True,False,ALAMEDA SUPERIOR COURT WILEY W. MANUEL COURTHOUSE,C,OTHER MOTOR VEHICLE,,1,0,A,DAYLIGHT,37.79752,-122.213404,,,,,A,NO PEDESTRIANS INVOLVED,5/18/2024 9:50:00 AM,A,VC 22350,False,1,I-580 W/B,,,5/23/2024 2:05:59 PM,A,W,827.0,COOLIDGE AVE,F,,D,5/23/2024 2:06:01 PM,5/23/2024 2:06:01 PM,False,True,4,,5/18/2024 9:52:00 AM,952,False,,,True
2397343,9370-2024-01523,1,False,9370,5/11/2024 7:30:00 AM,730,053,14,109,Oakland,1,True,True,H,OTHER,ROLLED ON ITS SIDE,Saturday,Yes,False,,,False,True,True,ALAMEDA SUPERIOR COURT WILEY W. MANUEL COURTHOUSE,A,NON-COLLISION,,1,0,A,DAYLIGHT,37.784116,-122.190151,,,,,A,NO PEDESTRIANS INVOLVED,5/11/2024 7:30:00 AM,A,VC 22107,False,1,I-580 E/B TO MACARTHUR BOULEVARD,,,5/23/2024 1:45:43 PM,A,W,300.0,MACARTHUR BLVD,F,,D,5/23/2024 1:45:46 PM,5/23/2024 1:45:46 PM,False,True,4,,5/11/2024 7:35:00 AM,735,False,,,True
2397342,9370-2024-01581,1,False,9370,5/16/2024 3:40:00 PM,1540,055,14,109,Oakland,1,True,True,C,REAR END,,Thursday,NotApplicable,False,,,False,True,True,ALAMEDA SUPERIOR COURT WILEY W. MANUEL COURTHOUSE,C,OTHER MOTOR VEHICLE,,1,0,A,DAYLIGHT,37.825046,-122.271737,,,,,A,NO PEDESTRIANS INVOLVED,5/16/2024 3:40:00 PM,A,VC 22350,False,1,I-580 E/B,,,5/23/2024 1:43:21 PM,A,E,145.0,WEST ST,F,,D,5/23/2024 1:43:25 PM,5/23/2024 1:43:25 PM,False,True,4,,5/16/2024 3:45:00 PM,1545,False,,,True
2397277,9370-2024-01535,1,False,9370,5/11/2024 8:55:00 PM,2055,080,14,109,Oakland,1,True,True,B,SIDE SWIPE,,Saturday,NotApplicable,False,M,,False,True,False,ALAMEDA SUPERIOR COURT WILEY W. MANUEL COURTHOUSE,C,OTHER MOTOR VEHICLE,,0,0,C,DARK-STREET LIGHTS,37.833524,-122.294808,,,,,A,NO PEDESTRIANS INVOLVED,5/11/2024 8:55:00 PM,A,VC 21658(A),False,1,I-80 W/B,,,5/23/2024 12:52:15 PM,A,W,1705.0,POWELL ST,F,,D,5/23/2024 12:52:17 PM,5/23/2024 12:52:17 PM,False,True,4,,5/11/2024 8:58:00 PM,2058,False,,,True
2397232,9370-2024-01569,1,False,9370,5/13/2024 8:15:00 AM,815,176,14,109,Oakland,1,True,True,B,SIDE SWIPE,,Monday,NotApplicable,False,F,,False,True,False,ALAMEDA SUPERIOR COURT WILEY W. MANUEL COURTHOUSE,C,OTHER MOTOR VEHICLE,,1,0,A,DAYLIGHT,37.774113,-122.230617,,,,,A,NO PEDESTRIANS INVOLVED,5/13/2024 8:15:00 AM,A,VC 22350,False,1,I-880 N/B,,,5/23/2024 12:05:37 PM,A,S,924.68,29TH AVE,F,,D,5/23/2024 12:05:39 PM,5/23/2024 12:05:39 PM,False,True,4,,5/13/2024 8:30:00 AM,830,False,,,True
2396573,9370-2024-01518,1,False,9370,5/10/2024 12:30:00 PM,1230,023,14,109,Oakland,1,True,True,C,REAR END,,Friday,NotApplicable,False,,,False,True,False,ALAMEDA SUPERIOR COURT WILEY W. MANUEL COURTHOUSE,C,OTHER MOTOR VEHICLE,,0,0,A,DAYLIGHT,37.855048,-122.217844,,,,,A,NO PEDESTRIANS INVOLVED,5/10/2024 12:30:00 PM,A,VC 22350,False,1,SR-24 WESTBOUND,,,5/22/2024 10:16:00 PM,A,E,2150.0,KAY OVERCROSSING,F,,D,5/22/2024 10:16:21 PM,5/22/2024 10:16:21 PM,False,True,4,,5/10/2024 1:00:00 PM,1300,False,,,True
2395941,9335-2024-01031,1,False,9335,5/5/2024 3:50:00 AM,350,084,14,109,Oakland,1,True,True,C,REAR END,,Sunday,NotApplicable,False,,,False,True,True,ALAMEDA SUPERIOR COURT ALAMEDA,C,OTHER MOTOR VEHICLE,,1,0,C,DARK-STREET LIGHTS,37.822319,-122.32228,,,,,A,NO PEDESTRIANS INVOLVED,5/5/2024 3:50:00 AM,A,VC 22350,False,2,I-80 E/B,,,5/22/2024 7:40:04 AM,A,W,0.52,SAN FRANCISCO/ OAKLAND BAY BRIDGE TOLL PLAZA,M,,D,5/22/2024 7:40:07 AM,5/22/2024 7:40:07 AM,False,True,4,,5/5/2024 3:55:00 AM,355,True,E2024-0186,,True
2395869,9370-2024-01573,1,False,9370,5/15/2024 10:50:00 AM,1050,024,14,109,Oakland,1,True,True,C,REAR END,,Wednesday,Yes,False,,,False,True,True,ALAMEDA SUPERIOR COURT WILEY W. MANUEL COURTHOUSE,C,OTHER MOTOR VEHICLE,,1,0,A,DAYLIGHT,37.849377,-122.242072,,,,,A,NO PEDESTRIANS INVOLVED,5/15/2024 10:50:00 AM,A,VC 22350,False,1,SR-24 W/B,,,5/22/2024 6:08:57 AM,A,E,360.0,BROADWAY,F,,D,5/22/2024 6:08:59 AM,5/22/2024 6:08:59 AM,False,True,4,,5/15/2024 11:08:00 AM,1108,False,,,True
2395591,9370-2024-01506,1,False,9370,5/9/2024 4:35:00 PM,1635,024,14,109,Oakland,1,True,True,B,SIDE SWIPE,,Thursday,NotApplicable,False,,,False,True,False,ALAMEDA SUPERIOR COURT WILEY W. MANUEL COURTHOUSE,C,OTHER MOTOR VEHICLE,,0,0,A,DAYLIGHT,37.851037,-122.223061,,,,,A,NO PEDESTRIANS INVOLVED,5/9/2024 4:35:00 PM,A,VC 21658(a),False,1,SR-24 W/B,,,5/21/2024 5:49:03 PM,A,W,130.0,KAY AVENUE,F,,D,5/21/2024 5:49:05 PM,5/21/2024 5:49:05 PM,False,True,4,,5/9/2024 4:40:00 PM,1640,False,,False,True