collision-id,report-number,report-version,is-preliminary,ncic-code,crash-date-time,crash-time-description,beat,city-id,city-code,city-name,county-code,city-is-active,city-is-incorporated,collision-type-code,collision-type-description,collision-type-other-desc,day-of-week,dispatch-notified,has-photographs,hit-run,is-attachments-mailed,is-deleted,is-highway-related,is-tow-away,judicial-district,motor-vehicle-involved-with-code,motor-vehicle-involved-with-desc,motor-vehicle-involved-with-other-desc,number-injured,number-killed,lighting-code,lighting-description,latitude,longitude,milepost-direction,milepost-distance,milepost-marker,milepost-unit-of-measure,pedestrian-action-code,pedestrian-action-desc,prepared-date,primary-collision-factor-code,primary-collision-factor-description,primary-collision-factor-is-cited,primary-collision-party-number,primary-road,reporting-district,reporting-district-code,reviewed-date,roadway-surface-code,secondary-direction,secondary-distance,secondary-road,secondary-unit-of-measure,sketch-desc,traffic-control-device-code,created-date,modified-date,is-county-road,is-freeway,chp-555-version,is-additonal-object-struck,notification-date,notification-time-description,has-digital-media-files,evidence-number,is-location-refer-to-narrative,is-aoi-one-same-as-location
2395475,9370-2024-01615,1,False,9370,5/20/2024 9:30:00 AM,930,179,14,109,Oakland,1,True,True,B,SIDE SWIPE,,Monday,NotApplicable,False,M,,False,True,False,ALAMEDA SUPERIOR COURT WILEY W. MANUEL COURTHOUSE,C,OTHER MOTOR VEHICLE,,0,0,A,DAYLIGHT,37.833477,-122.294239,,,,,A,NO PEDESTRIANS INVOLVED,5/20/2024 9:30:00 AM,A,VC 21658(A),False,1,I-880 N/B TO I-80 E/B,,,5/21/2024 2:51:26 PM,A,S,1752.0,POWELL ST,F,,D,5/21/2024 2:51:28 PM,5/21/2024 2:51:28 PM,False,True,4,,5/20/2024 9:45:00 AM,945,False,,,True
2395463,9370-2024-01595,1,False,9370,5/17/2024 6:13:00 PM,1813,177,14,109,Oakland,1,True,True,C,REAR END,,Friday,NotApplicable,False,,,False,True,False,ALAMEDA SUPERIOR COURT WILEY W. MANUEL COURTHOUSE,C,OTHER MOTOR VEHICLE,,0,0,A,DAYLIGHT,37.793252,-122.26332,,,,,A,NO PEDESTRIANS INVOLVED,5/17/2024 6:13:00 PM,A,VC 22350,False,1,I-880 N/B,,,5/21/2024 2:37:01 PM,A,S,200.0,BROADWAY,F,,D,5/21/2024 2:37:04 PM,5/21/2024 2:37:04 PM,False,True,4,,5/17/2024 6:30:00 PM,1830,False,,,True
2395340,9370-2024-01531,1,False,9370,5/10/2024 11:10:00 PM,2310,053,14,109,Oakland,1,True,True,C,REAR END,,Friday,Yes,False,F,,False,True,True,ALAMEDA SUPERIOR COURT WILEY W. MANUEL COURTHOUSE,C,OTHER MOTOR VEHICLE,,1,0,C,DARK-STREET LIGHTS,37.794268,-122.205916,,,,,A,NO PEDESTRIANS INVOLVED,5/10/2024 11:10:00 PM,A,VC 22350,False,1,I-580 E/B,,,5/21/2024 1:08:34 PM,A,W,865.0,35TH AVE,F,,D,5/21/2024 1:08:36 PM,5/21/2024 1:08:36 PM,False,True,4,,5/10/2024 11:15:00 PM,2315,False,,,True
2395186,9370-2024-01603,1,False,9370,5/18/2024 7:20:00 PM,1920,054,14,109,Oakland,1,True,True,C,REAR END,,Saturday,NotApplicable,False,M,,False,True,True,ALAMEDA SUPERIOR COURT WILEY W. MANUEL COURTHOUSE,C,OTHER MOTOR VEHICLE,,0,0,A,DAYLIGHT,37.821745,-122.258167,,,,,A,NO PEDESTRIANS INVOLVED,5/18/2024 7:20:00 PM,A,VC 22350,False,1,I-580 W/B,,,5/21/2024 11:12:27 AM,A,E,173.0,BROADWAY,F,,D,5/21/2024 11:12:29 AM,5/21/2024 11:12:29 AM,False,True,4,,5/18/2024 7:28:00 PM,1928,False,,,True
2394927,9370-2024-01301,1,False,9370,4/19/2024 11:22:00 AM,1122,176,14,109,Oakland,1,True,True,B,SIDE SWIPE,,Friday,NotApplicable,False,M,,False,True,False,ALAMEDA SUPERIOR COURT WILEY W. MANUEL COURTHOUSE,C,OTHER MOTOR VEHICLE,,0,0,A,DAYLIGHT,37.755054,-122.209244,,,,,A,NO PEDESTRIANS INVOLVED,4/19/2024 11:22:00 AM,A,VC 21658(A),False,1,I-880 S/B,,,5/21/2024 8:24:59 AM,A,N,400.0,66TH AVE,F,,D,5/21/2024 8:25:02 AM,5/21/2024 8:25:02 AM,False,True,4,,4/19/2024 2:30:00 PM,1430,True,AREA PHOTO FILE,,True
2394833,9370-2024-01621,1,False,9370,5/20/2024 5:30:00 PM,1730,052,14,109,Oakland,1,True,True,C,REAR END,,Monday,NotApplicable,False,,,False,True,False,ALAMEDA SUPERIOR COURT WILEY W. MANUEL COURTHOUSE,C,OTHER MOTOR VEHICLE,,0,0,A,DAYLIGHT,37.78408,-122.185838,,,,,G,APPROACHING/LEAVING SCHOOL BUS,5/20/2024 5:30:00 PM,A,VC 22350,False,1,I-580 E/B,,,5/21/2024 7:28:55 AM,A,E,643.0,MACARTHUR BLVD,F,,D,5/21/2024 7:28:57 AM,5/21/2024 7:28:57 AM,False,True,4,,5/20/2024 5:42:00 PM,1742,False,,,True
2394790,9370-2024-01616,1,False,9370,5/20/2024 9:00:00 AM,900,176,14,109,Oakland,1,True,True,B,SIDE SWIPE,,Monday,NotApplicable,False,,,False,True,False,ALAMEDA SUPERIOR COURT WILEY W. MANUEL COURTHOUSE,C,OTHER MOTOR VEHICLE,,0,0,A,DAYLIGHT,37.732015,-122.187076,,,,,A,NO PEDESTRIANS INVOLVED,5/20/2024 9:00:00 AM,A,VC 21658(A),False,1,I-880 N/B,,,5/21/2024 6:44:47 AM,A,S,145.0,98TH AVENUE,F,,A,5/21/2024 6:44:49 AM,5/21/2024 6:44:49 AM,False,True,4,,5/20/2024 9:05:00 AM,905,False,,,True
2394776,9370-2024-01567,1,False,9370,5/15/2024 2:10:00 AM,210,008,14,109,Oakland,1,True,True,F,OVERTURNED,,Wednesday,NotApplicable,False,,,False,True,True,ALAMEDA SUPERIOR COURT WILEY W. MANUEL COURTHOUSE,A,NON-COLLISION,,0,0,C,DARK-STREET LIGHTS,37.82506,-122.309484,,,,,A,NO PEDESTRIANS INVOLVED,5/15/2024 2:10:00 AM,A,VC 22350,True,1,I-80 W/B TO WEST GRAND AVE,,,5/21/2024 6:21:17 AM,A,E,680.0,BURMA ROAD,F,,D,5/21/2024 6:21:19 AM,5/21/2024 6:21:19 AM,False,True,4,True,5/15/2024 2:13:00 AM,213,False,,,True
2394715,9370-2024-01533,1,False,9370,5/11/2024 4:10:00 PM,1610,176,14,109,Oakland,1,True,True,B,SIDE SWIPE,,Saturday,NotApplicable,False,M,,False,True,False,ALAMEDA SUPERIOR COURT WILEY W. MANUEL COURTHOUSE,C,OTHER MOTOR VEHICLE,,0,0,A,DAYLIGHT,37.734913,-122.191583,,,,,A,NO PEDESTRIANS INVOLVED,5/11/2024 4:10:00 PM,A,VC 21658(A),False,1,I-880 S/B,,,5/21/2024 4:19:20 AM,A,N,200.0,98TH AVE,F,,D,5/21/2024 4:19:24 AM,5/21/2024 4:19:24 AM,False,True,4,,5/11/2024 4:30:00 PM,1630,False,,,True
2394504,9370-2024-01508,1,False,9370,5/9/2024 5:05:00 PM,1705,053,14,109,Oakland,1,True,True,B,SIDE SWIPE,,Thursday,Yes,False,,,False,True,False,ALAMEDA SUPERIOR COURT WILEY W. MANUEL COURTHOUSE,C,OTHER MOTOR VEHICLE,,1,0,A,DAYLIGHT,37.796939,-122.212106,,,,,A,NO PEDESTRIANS INVOLVED,5/9/2024 5:05:00 PM,A,VC 21658(A),False,1,I-580 E/B,,,5/20/2024 10:44:22 PM,A,W,350.0,COOLIDGE AVE,F,,D,5/20/2024 10:44:36 PM,5/20/2024 10:44:36 PM,False,True,4,,5/9/2024 5:05:00 PM,1705,False,,,True
2394478,9370-2024-01596,1,False,9370,5/17/2024 5:20:00 PM,1720,008,14,109,Oakland,1,True,True,C,REAR END,,Friday,NotApplicable,False,,,False,True,False,ALAMEDA SUPERIOR COURT WILEY W. MANUEL COURTHOUSE,C,OTHER MOTOR VEHICLE,,0,0,A,DAYLIGHT,37.834162,-122.294413,,,,,A,NO PEDESTRIANS INVOLVED,5/17/2024 5:20:00 PM,A,VC 22350,False,1,I-80 EASTBOUND,,,5/20/2024 7:20:33 PM,A,W,1515.0,POWELL STREET,F,,D,5/20/2024 7:20:34 PM,5/20/2024 7:20:34 PM,False,True,4,,5/17/2024 5:25:00 PM,1725,False,,,True
2394306,9370-2024-01495,1,False,9370,5/8/2024 4:00:00 PM,1600,055,14,109,Oakland,1,True,True,B,SIDE SWIPE,,Wednesday,NotApplicable,False,M,,False,True,False,ALAMEDA SUPERIOR COURT WILEY W. MANUEL COURTHOUSE,C,OTHER MOTOR VEHICLE,,0,0,A,DAYLIGHT,37.828,-122.266692,,,,,A,NO PEDESTRIANS INVOLVED,5/8/2024 4:00:00 PM,A,VC 21658(A),False,1,I-580 TO SR-24 E/B,,,5/20/2024 2:11:13 PM,A,W,440.0,40TH ST,F,,D,5/20/2024 2:11:15 PM,5/20/2024 2:11:15 PM,False,False,4,,5/8/2024 4:23:00 PM,1623,False,,,True
2394252,9370-2024-01547,1,False,9370,5/12/2024 7:00:00 PM,1900,055,14,109,Oakland,1,True,True,E,HIT OBJECT,,Sunday,NotApplicable,False,,,False,True,False,ALAMEDA SUPERIOR COURT WILEY W. MANUEL COURTHOUSE,I,FIXED OBJECT,CONCRETE CENTER MEDIAN,0,0,A,DAYLIGHT,37.826667,-122.278237,,,,,A,NO PEDESTRIANS INVOLVED,5/12/2024 7:00:00 PM,A,VC 21658(A),False,1,I-580 W/B,,,5/20/2024 1:24:02 PM,A,E,70.0,SAN PABLO AVE,F,,D,5/20/2024 1:24:05 PM,5/20/2024 1:24:05 PM,False,True,4,False,5/12/2024 7:01:00 PM,1901,False,,,True
2394158,9370-2024-01225,1,False,9370,3/29/2024 3:43:00 PM,1543,177,14,109,Oakland,1,True,True,C,REAR END,,Friday,NotApplicable,False,M,,False,True,False,ALAMEDA SUPERIOR COURT WILEY W. MANUEL COURTHOUSE,C,OTHER MOTOR VEHICLE,,0,0,A,DAYLIGHT,37.78765,-122.248822,,,,,A,NO PEDESTRIANS INVOLVED,3/29/2024 3:43:00 PM,A,VC 22350,False,1,I-880 S/B,,,5/20/2024 12:09:01 PM,B,N,1342.0,16TH ST,F,,D,5/20/2024 12:09:04 PM,5/20/2024 12:09:04 PM,False,True,4,,4/13/2024 5:00:00 AM,500,False,,,True
2394082,9370-2024-01556,1,False,9370,5/13/2024 5:10:00 PM,1710,055,14,109,Oakland,1,True,True,C,REAR END,,Monday,NotApplicable,False,,,False,True,False,ALAMEDA SUPERIOR COURT WILEY W. MANUEL COURTHOUSE,C,OTHER MOTOR VEHICLE,,0,0,A,DAYLIGHT,37.821612,-122.258713,,,,,A,NO PEDESTRIANS INVOLVED,5/13/2024 5:10:00 PM,A,VC 22350,False,1,I-580 E/B,,,5/20/2024 11:16:09 AM,A,W,1344.0,HARRISON ST,F,,D,5/20/2024 11:16:12 AM,5/20/2024 11:16:12 AM,False,True,4,,5/13/2024 5:58:00 PM,1758,False,,,True
2393735,9370-2024-01471,1,False,9370,5/5/2024 11:45:00 PM,2345,054,14,109,Oakland,1,True,True,C,REAR END,,Sunday,Yes,False,,,False,True,False,ALAMEDA SUPERIOR COURT WILEY W. MANUEL COURTHOUSE,C,OTHER MOTOR VEHICLE,,0,0,C,DARK-STREET LIGHTS,37.816572,-122.251612,,,,,A,NO PEDESTRIANS INVOLVED,5/5/2024 11:45:00 PM,A,VC 22350,False,1,INTERSTATE 580 WESTBOUND,,,5/20/2024 6:12:38 AM,A,W,90.0,CHETWOOD ST,F,,D,5/20/2024 6:12:40 AM,5/20/2024 6:12:40 AM,False,True,4,,5/5/2024 11:50:00 PM,2350,False,,,True
2393697,9370-2024-01536,1,False,9370,5/11/2024 10:05:00 PM,2205,008,14,109,Oakland,1,True,True,E,HIT OBJECT,,Saturday,NotApplicable,False,,,False,True,True,ALAMEDA SUPERIOR COURT WILEY W. MANUEL COURTHOUSE,I,FIXED OBJECT,CONRETE BARRIER,0,0,D,DARK-NO STREET LIGHTS,37.82329,-122.30125,,,,,A,NO PEDESTRIANS INVOLVED,5/11/2024 10:05:00 PM,A,VC 22107,False,1,I-80 W/B,,,5/20/2024 5:18:02 AM,A,E,275.0,MARITIME STREET,F,,D,5/20/2024 5:18:03 AM,5/20/2024 5:18:03 AM,False,True,4,False,5/11/2024 10:08:00 PM,2208,False,,,True
2413650,9370-2024-01860,1,False,9370,6/6/2024 2:34:00 PM,1434,176,14,109,Oakland,1,True,True,C,REAR END,,Thursday,Yes,False,,,False,True,True,ALAMEDA SUPERIOR COURT WILEY W. MANUEL COURTHOUSE,C,OTHER MOTOR VEHICLE,,1,0,A,DAYLIGHT,37.749783,-122.204246,,,,,A,NO PEDESTRIANS INVOLVED,6/6/2024 2:34:00 PM,A,VC 22350,False,1,I-880 N/B,,,6/13/2024 6:19:19 AM,A,S,1200.0,66TH AVE,F,,D,6/13/2024 6:19:21 AM,6/13/2024 6:19:21 AM,False,True,4,,6/6/2024 2:35:00 PM,1435,False,,,True
2413638,9370-2024-01900,1,False,9370,6/6/2024 12:15:00 PM,1215,176,14,109,Oakland,1,True,True,D,BROADSIDE,,Thursday,NotApplicable,False,,,False,True,True,ALAMEDA SUPERIOR COURT WILEY W. MANUEL COURTHOUSE,C,OTHER MOTOR VEHICLE,,0,0,A,DAYLIGHT,37.748762,-122.203099,,,,,A,NO PEDESTRIANS INVOLVED,6/6/2024 12:15:00 PM,A,VC 21658(A),False,1,I-880 N/B TO 66TH AVENUE,,,6/13/2024 6:03:01 AM,A,S,2260.0,66TH AVENUE,F,,D,6/13/2024 6:03:03 AM,6/13/2024 6:03:03 AM,False,True,4,,6/6/2024 12:21:00 PM,1221,False,,,True
2413603,9370-2024-01817,1,False,9370,6/4/2024 9:50:00 AM,950,008,14,109,Oakland,1,True,True,B,SIDE SWIPE,,Tuesday,NotApplicable,False,,,False,True,False,ALAMEDA SUPERIOR COURT WILEY W. MANUEL COURTHOUSE,C,OTHER MOTOR VEHICLE,,0,0,A,DAYLIGHT,37.827252,-122.297461,,,,,A,NO PEDESTRIANS INVOLVED,6/4/2024 9:50:00 AM,A,VC 21658(a),False,1,I-80 W/B,,,6/13/2024 5:11:25 AM,A,E,3555.0,WEST GRAND AVENUE,F,,D,6/13/2024 5:11:28 AM,6/13/2024 5:11:28 AM,False,True,4,,6/4/2024 9:53:00 AM,953,False,,,True
2413601,9370-2024-01819,1,False,9370,6/4/2024 8:59:00 AM,859,052,14,109,Oakland,1,True,True,C,REAR END,,Tuesday,NotApplicable,False,,,False,True,False,ALAMEDA SUPERIOR COURT WILEY W. MANUEL COURTHOUSE,C,OTHER MOTOR VEHICLE,,0,0,A,DAYLIGHT,37.78011,-122.17167,,,,,A,NO PEDESTRIANS INVOLVED,6/4/2024 8:59:00 AM,A,VC 22350,False,1,I-580 W/B,,,6/13/2024 5:08:30 AM,A,E,583.0,SR-13,F,,D,6/13/2024 5:08:31 AM,6/13/2024 5:08:31 AM,False,True,4,,6/4/2024 9:04:00 AM,904,False,,,True
2413600,9370-2024-01787,1,False,9370,6/1/2024 5:34:00 PM,1734,178,14,109,Oakland,1,True,True,C,REAR END,,Saturday,Yes,False,,,False,True,True,ALAMEDA SUPERIOR COURT WILEY W. MANUEL COURTHOUSE,C,OTHER MOTOR VEHICLE,,0,0,A,DAYLIGHT,37.823884,-122.302868,,,,,A,NO PEDESTRIANS INVOLVED,6/1/2024 5:34:00 PM,A,VC 23152(a),True,1,I-880 N/B,,,6/13/2024 4:50:38 AM,A,S,319.0,ENGINEER RD,F,,D,6/13/2024 4:50:42 AM,6/13/2024 4:50:42 AM,False,True,4,,6/1/2024 5:44:00 PM,1744,False,,,True
2412883,9370-2024-01847,1,False,9370,6/5/2024 10:25:00 PM,2225,176,14,109,Oakland,1,True,True,C,REAR END,,Wednesday,Yes,False,,,False,True,False,ALAMEDA SUPERIOR COURT WILEY W. MANUEL COURTHOUSE,C,OTHER MOTOR VEHICLE,,0,0,D,DARK-NO STREET LIGHTS,37.735244,-122.191976,,,,,A,NO PEDESTRIANS INVOLVED,6/5/2024 10:25:00 PM,A,VC 23152(A),True,1,I-880 S/B,,,6/12/2024 11:58:52 AM,A,N,1550.0,98TH AVENUE,F,,D,6/12/2024 11:58:54 AM,6/12/2024 11:58:54 AM,False,True,4,,6/5/2024 12:00:00 AM,2233,False,,,True
2412709,9370-2024-01746,1,False,9370,5/30/2024 3:15:00 PM,1515,008,14,109,Oakland,1,True,True,B,SIDE SWIPE,,Thursday,Yes,False,M,,False,True,True,ALAMEDA SUPERIOR COURT WILEY W. MANUEL COURTHOUSE,C,OTHER MOTOR VEHICLE,,0,0,A,DAYLIGHT,37.825958,-122.301455,,,,,A,NO PEDESTRIANS INVOLVED,5/30/2024 3:15:00 PM,A,VC 21658(A),False,1,I-80 EB,,,6/12/2024 9:57:32 AM,A,E,1000.0,MARITIME STREET,F,,D,6/12/2024 9:57:34 AM,6/12/2024 9:57:34 AM,False,True,4,,5/30/2024 3:20:00 PM,1520,False,,,True
2412685,9370-2024-01913,1,False,9370,6/11/2024 1:55:00 PM,1355,098,14,109,Oakland,1,True,True,B,SIDE SWIPE,,Tuesday,NotApplicable,False,M,,False,True,False,ALAMEDA SUPERIOR COURT WILEY W. MANUEL COURTHOUSE,C,OTHER MOTOR VEHICLE,,0,0,A,DAYLIGHT,37.802508,-122.280341,,,,,A,NO PEDESTRIANS INVOLVED,6/11/2024 1:55:00 PM,A,VC 21658(A),False,1,I-980 WESTBOUND,,,6/12/2024 9:43:42 AM,A,W,905.0,11TH STREET,F,,D,6/12/2024 9:43:44 AM,6/12/2024 9:43:44 AM,False,True,4,,6/11/2024 2:00:00 PM,1400,False,,,True
2412485,9370-2024-01878,1,False,9370,6/8/2024 10:00:00 AM,1000,176,14,109,Oakland,1,True,True,C,REAR END,,Saturday,NotApplicable,False,M,,False,True,False,ALAMEDA SUPERIOR COURT WILEY W. MANUEL COURTHOUSE,C,OTHER MOTOR VEHICLE,,0,0,A,DAYLIGHT,37.736199,-122.192447,,,,,A,NO PEDESTRIANS INVOLVED,6/8/2024 10:00:00 AM,A,VC 22350,False,1,I-880 N/B,,,6/12/2024 7:54:19 AM,A,S,1909.0,HEGENBERGER RD,F,,D,6/12/2024 7:54:21 AM,6/12/2024 7:54:21 AM,False,True,4,,6/8/2024 10:10:00 AM,1010,False,,,
2412374,9370-2024-01865,1,False,9370,6/7/2024 2:00:00 AM,200,177,14,109,Oakland,1,True,True,E,HIT OBJECT,,Friday,Yes,False,,,False,True,True,ALAMEDA SUPERIOR COURT WILEY W. MANUEL COURTHOUSE,I,FIXED OBJECT,WIRE ATTENUATOR BARRELS,1,0,D,DARK-NO STREET LIGHTS,37.77981,-122.238372,,,,,A,NO PEDESTRIANS INVOLVED,6/7/2024 2:00:00 AM,A,VC 22107,False,1,I-880 S/B,,,6/12/2024 6:35:34 AM,A,N,800.0,23RD AVE,F,,D,6/12/2024 6:35:35 AM,6/12/2024 6:35:35 AM,False,True,4,,6/7/2024 2:05:00 AM,205,False,,,
2412356,9370-2024-01864,1,False,9370,6/7/2024 12:18:00 AM,18,176,14,109,Oakland,1,True,True,E,HIT OBJECT,,Friday,NotApplicable,False,M,,False,False,False,ALAMEDA SUPERIOR COURT WILEY W. MANUEL COURTHOUSE,I,FIXED OBJECT,CURB EDGE,0,0,C,DARK-STREET LIGHTS,37.718506,-122.181151,,,,,A,NO PEDESTRIANS INVOLVED,6/7/2024 12:18:00 AM,A,VC 22107,False,1,PHILLIPS LN,,,6/12/2024 6:22:52 AM,A,N,129.0,DAVIS ST,F,,D,6/12/2024 6:22:55 AM,6/12/2024 6:22:55 AM,False,False,4,,6/7/2024 12:18:00 AM,18,False,,,
2412346,9370-2024-01844,1,False,9370,6/5/2024 12:37:00 PM,1237,025,14,109,Oakland,1,True,True,C,REAR END,,Wednesday,NotApplicable,False,,,False,True,False,ALAMEDA SUPERIOR COURT WILEY W. MANUEL COURTHOUSE,C,OTHER MOTOR VEHICLE,,0,0,A,DAYLIGHT,37.838527,-122.265349,,,,,A,NO PEDESTRIANS INVOLVED,6/5/2024 12:37:00 PM,A,VC 22350,False,1,SR-24 W/B,,,6/12/2024 6:08:24 AM,A,E,298.11,51ST ST,F,,D,6/12/2024 6:08:26 AM,6/12/2024 6:08:26 AM,False,True,4,False,6/5/2024 12:40:00 PM,1240,False,,,True
2412304,9370-2024-01820,1,False,9370,6/4/2024 12:48:00 PM,1248,176,14,109,Oakland,1,True,True,C,REAR END,,Tuesday,NotApplicable,False,,,False,True,False,ALAMEDA SUPERIOR COURT WILEY W. MANUEL COURTHOUSE,C,OTHER MOTOR VEHICLE,,0,0,A,DAYLIGHT,37.757882,-122.211796,,,,,A,NO PEDESTRIANS INVOLVED,6/4/2024 12:48:00 PM,A,VC 22350,False,1,I-880 S/B,,,6/12/2024 4:53:48 AM,A,N,1750.0,ZHONE WAY,F,,D,6/12/2024 4:53:52 AM,6/12/2024 4:53:52 AM,False,True,4,False,6/4/2024 12:53:00 PM,1253,False,,False,True
2412302,9370-2024-01813,1,False,9370,6/3/2024 9:45:00 PM,2145,176,14,109,Oakland,1,True,True,B,SIDE SWIPE,,Monday,NotApplicable,False,M,,False,True,False,ALAMEDA SUPERIOR COURT WILEY W. MANUEL COURTHOUSE,C,OTHER MOTOR VEHICLE,,0,0,D,DARK-NO STREET LIGHTS,37.765878,-122.218967,,,,,A,NO PEDESTRIANS INVOLVED,6/3/2024 9:45:00 PM,A,VC 21658(A),False,1,I-880 S/B FROM OAKPORT STREET,,,6/12/2024 4:39:02 AM,A,N,650.0,I-880 S/B,F,,D,6/12/2024 4:39:06 AM,6/12/2024 4:39:06 AM,False,True,4,,6/3/2024 9:50:00 PM,2150,False,,,True
2412091,9370-2024-01747,1,False,9370,5/30/2024 10:00:00 AM,1000,008,14,109,Oakland,1,True,True,C,REAR END,,Thursday,Yes,False,,,False,True,True,ALAMEDA SUPERIOR COURT WILEY W. MANUEL COURTHOUSE,C,OTHER MOTOR VEHICLE,,1,0,A,DAYLIGHT,37.826515,-122.300094,,,,,A,NO PEDESTRIANS INVOLVED,5/30/2024 10:00:00 AM,A,VC 23152(F),False,1,I-80 W/B,,,6/11/2024 9:23:55 PM,A,E,0.75,SAN FRANCISCO-OAKLAND BAY BRIDGE (SFOBB) TOLL PLAZA,M,,D,6/11/2024 9:23:58 PM,6/11/2024 9:23:58 PM,False,True,4,,5/30/2024 10:01:00 AM,1001,False,,,True
2412048,9370-2024-01889,1,False,9370,6/9/2024 1:35:00 AM,135,024,14,109,Oakland,1,True,True,B,SIDE SWIPE,,Sunday,NotApplicable,False,,,False,True,True,ALAMEDA SUPERIOR COURT WILEY W. MANUEL COURTHOUSE,I,FIXED OBJECT,CONCRETE WALL,0,0,C,DARK-STREET LIGHTS,37.855379,-122.217631,,,,,A,NO PEDESTRIANS INVOLVED,6/9/2024 1:35:00 AM,A,VC 22107,False,1,SR 24,,,6/11/2024 5:59:54 PM,A,E,416.0,OLD TUNNEL ROAD,F,,D,6/11/2024 5:59:55 PM,6/11/2024 5:59:55 PM,False,True,4,,6/9/2024 1:37:00 AM,137,False,,,True
2411984,9370-2024-01882,1,False,9370,6/8/2024 4:20:00 PM,1620,052,14,109,Oakland,1,True,True,B,SIDE SWIPE,,Saturday,NotApplicable,False,M,,False,True,False,ALAMEDA SUPERIOR COURT WILEY W. MANUEL COURTHOUSE,C,OTHER MOTOR VEHICLE,,0,0,A,DAYLIGHT,37.763921,-122.150552,,,,,A,NO PEDESTRIANS INVOLVED,6/8/2024 4:20:00 PM,A,VC 21658(A),False,1,I-580 E/B,,,6/11/2024 4:06:38 PM,A,W,150.0,98TH AVENUE,F,,D,6/11/2024 4:06:40 PM,6/11/2024 4:06:40 PM,False,True,4,,6/8/2024 4:25:00 PM,1625,False,,,True
2411983,9370-2024-01893,1,False,9370,6/9/2024 11:40:00 AM,1140,055,14,109,Oakland,1,True,True,C,REAR END,,Sunday,NotApplicable,False,,,False,True,False,ALAMEDA SUPERIOR COURT WILEY W. MANUEL COURTHOUSE,C,OTHER MOTOR VEHICLE,,1,0,A,DAYLIGHT,37.826701,-122.278033,,,,,A,NO PEDESTRIANS INVOLVED,6/9/2024 11:40:00 AM,A,VC 22350,False,1,INTERSTATE 580 WESTBOUND,,,6/11/2024 4:02:19 PM,A,E,96.0,SAN PABLO AVE,F,,D,6/11/2024 4:02:21 PM,6/11/2024 4:02:21 PM,False,True,4,,6/9/2024 11:44:00 AM,1144,False,,,True
2411982,9370-2024-01883,1,False,9370,6/8/2024 7:10:00 PM,1910,054,14,109,Oakland,1,True,True,B,SIDE SWIPE,,Saturday,NotApplicable,False,M,,False,True,True,ALAMEDA SUPERIOR COURT WILEY W. MANUEL COURTHOUSE,C,OTHER MOTOR VEHICLE,,0,0,A,DAYLIGHT,37.81023,-122.248536,,,,,A,NO PEDESTRIANS INVOLVED,6/8/2024 7:10:00 PM,A,VC 21658(a),False,1,I-580 E/B,,,6/11/2024 4:00:41 PM,A,E,83.0,GRAND AVE,F,,D,6/11/2024 4:00:43 PM,6/11/2024 4:00:43 PM,False,True,4,,6/8/2024 7:26:00 PM,1926,False,,,True
2411967,9370-2024-01870,1,False,9370,6/7/2024 12:15:00 PM,1215,098,14,109,Oakland,1,True,True,E,HIT OBJECT,,Friday,NotApplicable,False,,,False,True,False,ALAMEDA SUPERIOR COURT WILEY W. MANUEL COURTHOUSE,J,OTHER OBJECT,ROCK,0,0,A,DAYLIGHT,37.817342,-122.270537,,,,,A,NO PEDESTRIANS INVOLVED,6/7/2024 12:15:00 PM,C,,,,I-980 WB,,,6/11/2024 3:49:45 PM,A,E,100.0,27TH STREET,F,,D,6/11/2024 3:49:48 PM,6/11/2024 3:49:48 PM,False,True,4,,6/7/2024 12:16:00 PM,1216,False,,,True
2411913,9370-2024-01805,1,False,9370,6/3/2024 7:55:00 AM,755,008,14,109,Oakland,1,True,True,B,SIDE SWIPE,,Monday,NotApplicable,False,,,False,True,True,ALAMEDA SUPERIOR COURT WILEY W. MANUEL COURTHOUSE,C,OTHER MOTOR VEHICLE,,0,0,A,DAYLIGHT,37.826131,-122.302246,,,,,A,NO PEDESTRIANS INVOLVED,6/3/2024 7:55:00 AM,A,VC 22107,False,1,I-80 W/B,,,6/11/2024 3:04:00 PM,A,E,372.0,WEST GRAND AVE,F,,D,6/11/2024 3:04:03 PM,6/11/2024 3:04:03 PM,False,True,4,,6/3/2024 8:09:00 AM,809,False,,,True