collision-id,report-number,report-version,is-preliminary,ncic-code,crash-date-time,crash-time-description,beat,city-id,city-code,city-name,county-code,city-is-active,city-is-incorporated,collision-type-code,collision-type-description,collision-type-other-desc,day-of-week,dispatch-notified,has-photographs,hit-run,is-attachments-mailed,is-deleted,is-highway-related,is-tow-away,judicial-district,motor-vehicle-involved-with-code,motor-vehicle-involved-with-desc,motor-vehicle-involved-with-other-desc,number-injured,number-killed,lighting-code,lighting-description,latitude,longitude,milepost-direction,milepost-distance,milepost-marker,milepost-unit-of-measure,pedestrian-action-code,pedestrian-action-desc,prepared-date,primary-collision-factor-code,primary-collision-factor-description,primary-collision-factor-is-cited,primary-collision-party-number,primary-road,reporting-district,reporting-district-code,reviewed-date,roadway-surface-code,secondary-direction,secondary-distance,secondary-road,secondary-unit-of-measure,sketch-desc,traffic-control-device-code,created-date,modified-date,is-county-road,is-freeway,chp-555-version,is-additonal-object-struck,notification-date,notification-time-description,has-digital-media-files,evidence-number,is-location-refer-to-narrative,is-aoi-one-same-as-location
2411709,9370-2024-01848,1,False,9370,6/6/2024 9:00:00 AM,900,177,14,109,Oakland,1,True,True,C,REAR END,,Thursday,NotApplicable,False,,,False,True,False,ALAMEDA SUPERIOR COURT WILEY W. MANUEL COURTHOUSE,C,OTHER MOTOR VEHICLE,,0,0,A,DAYLIGHT,37.797982,-122.273065,,,,,A,NO PEDESTRIANS INVOLVED,6/6/2024 9:00:00 AM,A,VC 22350,False,1,I-880 N/B,,,6/11/2024 12:48:43 PM,A,N,180.0,WEBSTER ST,F,,D,6/11/2024 12:48:46 PM,6/11/2024 12:48:46 PM,False,True,4,,6/6/2024 9:05:00 AM,905,False,,,True
2411665,9370-2024-01811,1,False,9370,6/3/2024 3:40:00 PM,1540,081,14,109,Oakland,1,True,True,B,SIDE SWIPE,,Monday,NotApplicable,False,,,False,True,False,ALAMEDA SUPERIOR COURT WILEY W. MANUEL COURTHOUSE,C,OTHER MOTOR VEHICLE,,0,0,A,DAYLIGHT,37.873765,-122.305826,,,,,A,NO PEDESTRIANS INVOLVED,6/3/2024 3:40:00 PM,A,VC 21658(a),False,1,I-80 E/B,,,6/11/2024 12:01:23 PM,A,W,1540.0,GILMAN STREET,F,,D,6/11/2024 12:01:36 PM,6/11/2024 12:01:36 PM,False,True,4,,6/3/2024 3:45:00 PM,1545,False,,,True
2411604,9370-2024-01856,1,False,9370,6/5/2024 4:40:00 PM,1640,008,14,109,Oakland,1,True,True,B,SIDE SWIPE,,Wednesday,NotApplicable,False,M,,False,True,False,ALAMEDA SUPERIOR COURT WILEY W. MANUEL COURTHOUSE,C,OTHER MOTOR VEHICLE,,0,0,A,DAYLIGHT,37.826131,-122.301868,,,,,A,NO PEDESTRIANS INVOLVED,6/5/2024 4:40:00 PM,A,VC 21658(A),False,2,I-80 W/B,,,6/11/2024 11:02:43 AM,A,W,3050.0,SHELLMOUND STREET,F,,D,6/11/2024 11:02:46 AM,6/11/2024 11:02:46 AM,False,True,4,,6/6/2024 3:25:00 PM,1525,True,EMBEDDED,,True
2411504,9370-2024-01828,1,False,9370,6/4/2024 10:15:00 PM,2215,024,14,109,Oakland,1,True,True,B,SIDE SWIPE,,Tuesday,NotApplicable,False,,,False,True,False,ALAMEDA SUPERIOR COURT WILEY W. MANUEL COURTHOUSE,C,OTHER MOTOR VEHICLE,,0,0,D,DARK-NO STREET LIGHTS,37.845719,-122.248246,,,,,A,NO PEDESTRIANS INVOLVED,6/4/2024 10:15:00 PM,A,VC 21658(A),False,1,SR-24 E/B,,,6/11/2024 9:46:47 AM,A,W,1248.0,BROADWAY,F,,D,6/11/2024 9:46:51 AM,6/11/2024 9:46:51 AM,False,True,4,,6/4/2024 10:20:00 PM,2220,False,,,True
2411370,9370-2024-01815,3,False,9370,6/4/2024 6:58:00 AM,658,025,14,109,Oakland,1,True,True,C,REAR END,,Tuesday,NotApplicable,False,,,False,True,True,ALAMEDA SUPERIOR COURT WILEY W. MANUEL COURTHOUSE,C,OTHER MOTOR VEHICLE,,0,0,A,DAYLIGHT,37.841779,-122.26052,,,,,A,NO PEDESTRIANS INVOLVED,6/4/2024 6:58:00 AM,A,VC 22350,False,1,SR-24 WB,,,11/6/2024 3:22:34 PM,A,W,410.0,TELEGRAPH AVE.,F,,D,6/11/2024 8:26:20 AM,11/6/2024 3:22:36 PM,False,True,4,True,6/4/2024 7:00:00 AM,700,False,,,True
2411350,9370-2024-01823,1,False,9370,6/4/2024 9:34:00 PM,2134,024,14,109,Oakland,1,True,True,H,OTHER,ANIMAL,Tuesday,NotApplicable,False,,,False,True,True,ALAMEDA SUPERIOR COURT WILEY W. MANUEL COURTHOUSE,H,ANIMAL,DEER,0,0,C,DARK-STREET LIGHTS,37.848755,-122.23274,,,,,A,NO PEDESTRIANS INVOLVED,6/4/2024 9:34:00 PM,C,,,,SR-24 E/B,,,6/11/2024 8:14:39 AM,A,W,1195.0,SR-13 S/B,F,,D,6/11/2024 8:14:41 AM,6/11/2024 8:14:41 AM,False,True,4,,6/4/2024 9:44:00 PM,2144,False,,,True
2411255,9370-2024-01729,1,False,9370,5/29/2024 5:25:00 AM,525,052,14,109,Oakland,1,True,True,D,BROADSIDE,,Wednesday,Yes,False,F,,False,True,True,ALAMEDA SUPERIOR COURT WILEY W. MANUEL COURTHOUSE,C,OTHER MOTOR VEHICLE,,1,0,B,DUSK-DAWN,37.770594,-122.155623,,,,,A,NO PEDESTRIANS INVOLVED,5/29/2024 5:25:00 AM,A,VC 21651(B),False,1,I-580 E/B FROM KELLER AVE.,,,6/11/2024 6:45:17 AM,A,E,460.0,KELLER AVE.,F,,A,6/11/2024 6:45:18 AM,6/11/2024 6:45:18 AM,False,True,4,,5/29/2024 5:32:00 AM,532,False,,,True
2411250,9370-2024-01789,1,False,9370,6/1/2024 2:10:00 PM,1410,052,14,109,Oakland,1,True,True,C,REAR END,,Saturday,Yes,False,,,False,True,False,ALAMEDA SUPERIOR COURT WILEY W. MANUEL COURTHOUSE,C,OTHER MOTOR VEHICLE,,1,0,A,DAYLIGHT,37.784115,-122.186913,,,,,A,NO PEDESTRIANS INVOLVED,6/1/2024 2:10:00 PM,A,VC 21658(A),False,1,I-580 E/B,,,6/11/2024 6:41:15 AM,A,W,2100.0,SR-13,F,,D,6/11/2024 6:41:17 AM,6/11/2024 6:41:17 AM,False,True,4,,6/1/2024 2:11:00 PM,1411,False,,,True
2411203,9370-2024-01762,1,False,9370,5/31/2024 10:10:00 AM,1010,176,14,109,Oakland,1,True,True,B,SIDE SWIPE,,Friday,NotApplicable,False,,,False,True,False,ALAMEDA SUPERIOR COURT WILEY W. MANUEL COURTHOUSE,C,OTHER MOTOR VEHICLE,,0,0,A,DAYLIGHT,37.743295,-122.198864,,,,,A,NO PEDESTRIANS INVOLVED,5/31/2024 10:10:00 AM,A,VC 21658(A),False,2,I-880 S/B,,,6/11/2024 5:35:47 AM,A,N,1150.0,HEGENBERGER RD,F,,D,6/11/2024 5:35:50 AM,6/11/2024 5:35:50 AM,False,True,4,,5/31/2024 10:15:00 AM,1015,False,,,True
2410882,9370-2024-01804,1,False,9370,6/2/2024 11:15:00 PM,2315,053,14,109,Oakland,1,True,True,A,HEAD-ON,,Sunday,NotApplicable,False,,,False,True,False,ALAMEDA SUPERIOR COURT WILEY W. MANUEL COURTHOUSE,J,OTHER OBJECT,WOODEN DESK,1,0,B,DUSK-DAWN,37.799086,-122.220709,,,,,A,NO PEDESTRIANS INVOLVED,6/2/2024 11:15:00 PM,C,,,,I-580 E/B,,,6/10/2024 5:58:45 PM,A,W,1093.0,FRUITVALE AVENUE,F,,D,6/10/2024 5:58:48 PM,6/10/2024 5:58:48 PM,False,True,4,,6/2/2024 11:17:00 PM,2317,False,,,True
2410811,9370-2024-01725,1,False,9370,5/29/2024 9:30:00 AM,930,176,14,109,Oakland,1,True,True,E,HIT OBJECT,,Wednesday,NotApplicable,False,,,False,True,True,ALAMEDA SUPERIOR COURT WILEY W. MANUEL COURTHOUSE,I,FIXED OBJECT,GUARDRAIL,0,0,A,DAYLIGHT,37.741404,-122.19538,,,,,A,NO PEDESTRIANS INVOLVED,5/29/2024 9:30:00 AM,A,VC 22350,False,1,I-880 N/B FROM HEGENBERGER ROAD,,,6/10/2024 4:32:05 PM,A,S,223.0,HEGENBERGER RD,F,,D,6/10/2024 4:32:09 PM,6/10/2024 4:32:09 PM,False,True,4,False,5/29/2024 9:32:00 AM,932,False,,,True
2410807,9370-2024-01782,1,False,9370,5/31/2024 6:11:00 AM,611,052,14,109,Oakland,1,True,True,E,HIT OBJECT,,Friday,NotApplicable,False,,,False,True,True,ALAMEDA SUPERIOR COURT WILEY W. MANUEL COURTHOUSE,I,FIXED OBJECT,CONCRETE BARRIER WALL,0,0,A,DAYLIGHT,37.752922,-122.151659,,,,,A,NO PEDESTRIANS INVOLVED,5/31/2024 6:11:00 AM,C,,,,I-580 W/B,,,6/10/2024 4:28:15 PM,A,E,205.0,GOLF LINKS RD,F,,D,6/10/2024 4:28:19 PM,6/10/2024 4:28:19 PM,False,True,4,False,5/31/2024 6:16:00 AM,616,False,,,True
2410684,9370-2024-01391,1,False,9370,4/28/2024 3:05:00 PM,1505,055,14,109,Oakland,1,True,True,B,SIDE SWIPE,,Sunday,NotApplicable,False,M,,False,True,False,ALAMEDA SUPERIOR COURT WILEY W. MANUEL COURTHOUSE,C,OTHER MOTOR VEHICLE,,0,0,A,DAYLIGHT,37.827228,-122.284739,,,,,A,NO PEDESTRIANS INVOLVED,4/28/2024 3:05:00 PM,A,VC 21658(a),False,1,I-580 W/B,,,6/10/2024 2:24:20 PM,A,W,1200.0,WEST STREET,F,,D,6/10/2024 2:24:24 PM,6/10/2024 2:24:24 PM,False,True,4,,4/28/2024 3:15:00 PM,1515,True,AREA / EMBEDDED,,True
2410673,9370-2024-01639,1,False,9370,5/21/2024 11:00:00 PM,2300,176,14,109,Oakland,1,True,True,B,SIDE SWIPE,,Tuesday,Yes,False,,,False,True,True,ALAMEDA SUPERIOR COURT WILEY W. MANUEL COURTHOUSE,C,OTHER MOTOR VEHICLE,,1,0,C,DARK-STREET LIGHTS,37.765139,-122.218207,,,,,A,NO PEDESTRIANS INVOLVED,5/21/2024 11:00:00 PM,A,VC 21658(A),True,1,I-880 N/B,,,6/10/2024 2:20:22 PM,A,N,1188.0,HIGH ST,F,,D,6/10/2024 2:20:26 PM,6/10/2024 2:20:26 PM,False,True,4,,5/21/2024 11:10:00 PM,2310,False,,,True
2410663,9370-2024-01803,1,False,9370,6/2/2024 9:05:00 PM,2105,053,14,109,Oakland,1,True,True,B,SIDE SWIPE,,Sunday,NotApplicable,False,M,,False,True,False,ALAMEDA SUPERIOR COURT WILEY W. MANUEL COURTHOUSE,C,OTHER MOTOR VEHICLE,,0,0,C,DARK-STREET LIGHTS,37.801667,-122.230355,,,,,A,NO PEDESTRIANS INVOLVED,6/2/2024 9:05:00 PM,A,VC 21658(A),False,2,I-580 E/B,,,6/10/2024 2:16:24 PM,A,W,450.0,BEAUMONT AVE,F,,D,6/10/2024 2:16:28 PM,6/10/2024 2:16:28 PM,False,True,4,,6/2/2024 9:12:00 PM,2112,False,,,True
2410655,9370-2024-01627,1,False,9370,5/20/2024 3:25:00 PM,1525,901,14,109,Oakland,1,True,True,B,SIDE SWIPE,,Monday,NotApplicable,False,M,,False,False,False,ALAMEDA SUPERIOR COURT WILEY W. MANUEL COURTHOUSE,C,OTHER MOTOR VEHICLE,,0,0,A,DAYLIGHT,37.758858,-122.1815,,,,,A,NO PEDESTRIANS INVOLVED,5/20/2024 3:25:00 PM,A,VC 22454(A),False,1,78TH AVENUE (1500 BLOCK),,,6/10/2024 2:11:43 PM,A,N,56.0,ALDER ST,F,,A,6/10/2024 2:11:46 PM,6/10/2024 2:11:46 PM,True,False,4,,5/20/2024 3:30:00 PM,1530,False,,,True
2410552,9370-2024-01818,1,False,9370,6/4/2024 8:05:00 AM,805,177,14,109,Oakland,1,True,True,C,REAR END,,Tuesday,Yes,False,,,False,True,False,ALAMEDA SUPERIOR COURT WILEY W. MANUEL COURTHOUSE,C,OTHER MOTOR VEHICLE,,2,0,A,DAYLIGHT,37.795087,-122.266037,,,,,A,NO PEDESTRIANS INVOLVED,6/4/2024 8:05:00 AM,A,VC 21658(a),False,1,I-880 N/B,,,6/10/2024 12:44:41 PM,A,S,500.0,OAK ST,F,,D,6/10/2024 12:44:43 PM,6/10/2024 12:44:43 PM,False,True,4,,6/4/2024 8:06:00 AM,806,False,,,True
2410546,9370-2024-01795,1,False,9370,6/1/2024 5:57:00 PM,1757,024,14,109,Oakland,1,True,True,C,REAR END,,Saturday,NotApplicable,False,M,,False,True,False,ALAMEDA SUPERIOR COURT WILEY W. MANUEL COURTHOUSE,C,OTHER MOTOR VEHICLE,,0,0,A,DAYLIGHT,37.84919,-122.230467,,,,,A,NO PEDESTRIANS INVOLVED,6/1/2024 5:57:00 PM,A,VC 22350,False,1,SR-24 W/B,,,6/10/2024 12:41:33 PM,A,E,2713.0,GOLDEN GATE AVE,F,,D,6/10/2024 12:41:35 PM,6/10/2024 12:41:35 PM,False,True,4,,6/1/2024 6:33:00 PM,1833,False,,,True
2410544,9370-2024-01793,1,False,9370,6/1/2024 6:10:00 PM,1810,052,14,109,Oakland,1,True,True,E,HIT OBJECT,,Saturday,NotApplicable,False,,,False,True,False,ALAMEDA SUPERIOR COURT WILEY W. MANUEL COURTHOUSE,I,FIXED OBJECT,CURB,0,0,A,DAYLIGHT,37.7801,-122.171436,,,,,A,NO PEDESTRIANS INVOLVED,6/1/2024 6:10:00 PM,A,VC 22107,False,1,I-580 W/B,,,6/10/2024 12:40:28 PM,A,E,759.0,KUHNLE AVENUE,F,,D,6/10/2024 12:40:30 PM,6/10/2024 12:40:30 PM,False,True,4,False,6/1/2024 6:22:00 PM,1822,False,,,True
2410543,9370-2024-01786,1,False,9370,6/1/2024 4:25:00 PM,1625,024,14,109,Oakland,1,True,True,C,REAR END,,Saturday,NotApplicable,False,,,False,True,False,ALAMEDA SUPERIOR COURT WILEY W. MANUEL COURTHOUSE,C,OTHER MOTOR VEHICLE,,0,0,A,DAYLIGHT,37.828682,-122.266653,,,,,A,NO PEDESTRIANS INVOLVED,6/1/2024 4:25:00 PM,A,VC 22350,False,1,SR-24 E/B,,,6/10/2024 12:38:46 PM,A,W,259.0,40TH ST,F,,D,6/10/2024 12:38:50 PM,6/10/2024 12:38:50 PM,False,True,4,,6/1/2024 4:30:00 PM,1630,False,,,True
2410533,9370-2024-01812,1,False,9370,6/3/2024 6:17:00 PM,1817,053,14,109,Oakland,1,True,True,C,REAR END,,Monday,No,False,M,,False,True,False,ALAMEDA SUPERIOR COURT WILEY W. MANUEL COURTHOUSE,C,OTHER MOTOR VEHICLE,,0,0,A,DAYLIGHT,37.778949,-122.169345,,,,,A,NO PEDESTRIANS INVOLVED,6/3/2024 6:17:00 PM,A,VC 22350,False,1,I-580 W/B,,,6/10/2024 12:33:36 PM,A,E,0.56,SEMINARY AVE,F,,D,6/10/2024 12:33:41 PM,6/10/2024 12:33:41 PM,False,True,4,,6/3/2024 6:20:00 PM,1820,False,,,True
2410517,9370-2024-01774,1,False,9370,5/31/2024 11:55:00 PM,2355,176,14,109,Oakland,1,True,True,C,REAR END,,Friday,NotApplicable,False,,,False,True,False,ALAMEDA SUPERIOR COURT WILEY W. MANUEL COURTHOUSE,C,OTHER MOTOR VEHICLE,,0,0,C,DARK-STREET LIGHTS,37.781404,-122.238786,,,,,A,NO PEDESTRIANS INVOLVED,5/31/2024 11:55:00 PM,A,VC 22350,False,1,INTERSTATE 880 SOUTHBOUND,,,6/10/2024 12:25:03 PM,A,N,1371.0,29RD AVE,F,,D,6/10/2024 12:25:06 PM,6/10/2024 12:25:06 PM,False,True,4,,5/31/2024 11:58:00 PM,2358,False,,,True
2410402,9370-2024-01607,1,False,9370,5/19/2024 6:45:00 AM,645,177,14,109,Oakland,1,True,True,E,HIT OBJECT,,Sunday,Yes,False,,,False,True,True,ALAMEDA SUPERIOR COURT WILEY W. MANUEL COURTHOUSE,I,FIXED OBJECT,CONCRETE BARRIER,1,0,A,DAYLIGHT,37.789465,-122.255363,,,,,A,NO PEDESTRIANS INVOLVED,5/19/2024 6:45:00 AM,A,VC 22107,False,1,I-880 S/B,,,6/10/2024 11:05:10 AM,A,N,3280.0,16TH AVE,F,,D,6/10/2024 11:05:14 AM,6/10/2024 11:05:14 AM,False,True,4,,5/19/2024 6:54:00 AM,654,False,,,True
2410335,9370-2024-01779,1,False,9370,5/26/2024 7:15:00 AM,715,052,14,109,Oakland,1,True,True,B,SIDE SWIPE,,Sunday,NotApplicable,False,M,,False,True,False,ALAMEDA SUPERIOR COURT WILEY W. MANUEL COURTHOUSE,C,OTHER MOTOR VEHICLE,,0,0,A,DAYLIGHT,37.752896,-122.151504,,,,,A,NO PEDESTRIANS INVOLVED,5/26/2024 7:15:00 AM,A,VC 21658(A),False,1,I-580 W/B,,,6/10/2024 10:30:42 AM,A,E,232.0,GOLF LINKS RD,F,,D,6/10/2024 10:30:44 AM,6/10/2024 10:30:44 AM,False,True,4,,5/26/2024 7:41:00 AM,741,False,,,True
2410328,9370-2024-01797,1,False,9370,6/2/2024 11:27:00 AM,1127,055,14,109,Oakland,1,True,True,C,REAR END,,Sunday,NotApplicable,False,M,,False,True,False,ALAMEDA SUPERIOR COURT WILEY W. MANUEL COURTHOUSE,C,OTHER MOTOR VEHICLE,,0,0,A,DAYLIGHT,37.827602,-122.283281,,,,,A,NO PEDESTRIANS INVOLVED,6/2/2024 11:27:00 AM,A,VC 21658(A),False,1,INTERSTATE 580 WESTBOUND,,,6/10/2024 10:26:40 AM,A,E,365.0,HOLLIS ST,F,,D,6/10/2024 10:26:42 AM,6/10/2024 10:26:42 AM,False,True,4,,6/2/2024 11:32:00 AM,1132,False,,,True
2410269,9370-2024-01785,1,False,9370,6/1/2024 2:19:00 PM,1419,055,14,109,Oakland,1,True,True,B,SIDE SWIPE,,Saturday,Yes,False,,,False,True,False,ALAMEDA SUPERIOR COURT WILEY W. MANUEL COURTHOUSE,C,OTHER MOTOR VEHICLE,,5,0,A,DAYLIGHT,37.826578,-122.286383,,,,,A,NO PEDESTRIANS INVOLVED,6/1/2024 2:19:00 PM,A,VC 21658(A),False,1,I-80 E/B,,,6/10/2024 10:01:08 AM,A,E,100.0,HELEN ST,F,,D,6/10/2024 10:01:10 AM,6/10/2024 10:01:10 AM,False,True,4,,6/1/2024 2:24:00 PM,1424,False,,,True
2410123,9370-2024-01752,1,False,9370,5/31/2024 9:30:00 AM,930,024,14,109,Oakland,1,True,True,B,SIDE SWIPE,,Friday,NotApplicable,False,M,,False,True,False,ALAMEDA SUPERIOR COURT WILEY W. MANUEL COURTHOUSE,C,OTHER MOTOR VEHICLE,,0,0,A,DAYLIGHT,37.851976,-122.22248,,,,,A,NO PEDESTRIANS INVOLVED,5/31/2024 9:30:00 AM,A,VC 21658(a),False,1,STATE ROUTE 24,,,6/10/2024 8:39:19 AM,A,E,700.0,TUNNEL RD,F,,D,6/10/2024 8:39:22 AM,6/10/2024 8:39:22 AM,False,True,4,False,5/31/2024 9:35:00 AM,935,False,,,True
2410044,9370-2024-01094,1,False,9370,4/3/2024 9:30:00 AM,930,054,14,109,Oakland,1,True,True,C,REAR END,,Wednesday,Yes,False,F,,False,True,True,ALAMEDA SUPERIOR COURT WILEY W. MANUEL COURTHOUSE,C,OTHER MOTOR VEHICLE,,1,0,A,DAYLIGHT,37.814755,-122.250935,,,,,A,NO PEDESTRIANS INVOLVED,4/3/2024 9:30:00 AM,A,VC 22350,False,2,INTERSTATE 580 WB,,,6/10/2024 7:34:23 AM,A,E,500.0,HARRISON ST,F,,D,6/10/2024 7:34:25 AM,6/10/2024 7:34:25 AM,False,True,4,,4/3/2024 9:35:00 AM,935,False,,,True
2409992,9370-2024-01768,2,False,9370,5/31/2024 6:00:00 PM,1800,176,14,109,Oakland,1,True,True,E,HIT OBJECT,,Friday,NotApplicable,False,M,,False,True,False,ALAMEDA SUPERIOR COURT WILEY W. MANUEL COURTHOUSE,I,FIXED OBJECT,CONCRETE WALL,0,0,A,DAYLIGHT,37.774076,-122.230271,,,,,A,NO PEDESTRIANS INVOLVED,5/31/2024 6:00:00 PM,A,VC 23114(a),False,1,I-880 N/B,,,7/12/2024 7:49:28 AM,D,S,1000.0,29TH AVE,F,,D,6/10/2024 6:55:29 AM,7/12/2024 7:49:29 AM,False,True,4,,5/31/2024 6:10:00 PM,1810,False,,,True
2409971,9370-2024-01754,1,False,9370,5/31/2024 11:30:00 AM,1130,052,14,109,Oakland,1,True,True,C,REAR END,,Friday,NotApplicable,False,,,False,True,False,ALAMEDA SUPERIOR COURT WILEY W. MANUEL COURTHOUSE,C,OTHER MOTOR VEHICLE,,0,0,A,DAYLIGHT,37.778172,-122.167786,,,,,A,NO PEDESTRIANS INVOLVED,5/31/2024 11:30:00 AM,A,VC 21658(A),False,1,INTERSTATE 580 WESTBOUND,,,6/10/2024 6:38:18 AM,A,E,1700.0,SEMINARY AVENUE,F,,D,6/10/2024 6:38:19 AM,6/10/2024 6:38:19 AM,False,True,4,,5/31/2024 11:35:00 AM,1135,False,,,
2409962,9370-2024-01781,1,False,9370,5/31/2024 5:53:00 AM,553,052,14,109,Oakland,1,True,True,A,HEAD-ON,,Friday,NotApplicable,False,,,False,True,False,ALAMEDA SUPERIOR COURT WILEY W. MANUEL COURTHOUSE,I,FIXED OBJECT,CONCRETE BARRIER,1,0,A,DAYLIGHT,37.748126,-122.150476,,,,,A,NO PEDESTRIANS INVOLVED,5/31/2024 5:53:00 AM,A,VC 22107,False,1,I-580 W/B,,,6/10/2024 6:28:52 AM,A,E,1965.0,GOLF LINKS RD,F,,D,6/10/2024 6:28:54 AM,6/10/2024 6:28:54 AM,False,True,4,False,5/31/2024 6:02:00 AM,602,False,,,True
2409958,9370-2024-01751,1,False,9370,5/31/2024 4:45:00 AM,445,176,14,109,Oakland,1,True,True,C,REAR END,,Friday,NotApplicable,False,,,False,True,False,ALAMEDA SUPERIOR COURT WILEY W. MANUEL COURTHOUSE,C,OTHER MOTOR VEHICLE,,0,0,D,DARK-NO STREET LIGHTS,37.74982,-122.204587,,,,,A,NO PEDESTRIANS INVOLVED,5/31/2024 4:45:00 AM,A,VC 22350,False,1,I-880 S/B,,,6/10/2024 6:24:40 AM,A,S,1760.0,66TH AVE,F,,D,6/10/2024 6:24:41 AM,6/10/2024 6:24:41 AM,False,True,4,,5/31/2024 4:50:00 AM,450,False,,,True
2409950,9370-2024-01761,1,False,9370,5/31/2024 4:45:00 AM,445,176,14,109,Oakland,1,True,True,B,SIDE SWIPE,,Friday,NotApplicable,False,M,,False,True,True,ALAMEDA SUPERIOR COURT WILEY W. MANUEL COURTHOUSE,C,OTHER MOTOR VEHICLE,,0,0,B,DUSK-DAWN,37.74746,-122.20249,,,,,A,NO PEDESTRIANS INVOLVED,5/31/2024 4:45:00 AM,A,VC 21658(a),False,1,I-880 S/B,,,6/10/2024 6:14:45 AM,A,S,2900.0,HEGENBERGER RD,F,,D,6/10/2024 6:14:47 AM,6/10/2024 6:14:47 AM,False,True,4,,5/31/2024 6:10:00 AM,610,False,,,True
2409926,9370-2024-01730,1,False,9370,5/29/2024 7:40:00 AM,740,052,14,109,Oakland,1,True,True,E,HIT OBJECT,,Wednesday,NotApplicable,False,,,False,True,True,ALAMEDA SUPERIOR COURT WILEY W. MANUEL COURTHOUSE,I,FIXED OBJECT,CENTER MEDIAN WALL,0,0,A,DAYLIGHT,37.776817,-122.165151,,,,,A,NO PEDESTRIANS INVOLVED,5/29/2024 7:40:00 AM,A,VC 22107,False,1,I-580 W/B,,,6/10/2024 5:25:13 AM,A,W,310.0,EDWARDS AVE,F,,A,6/10/2024 5:25:15 AM,6/10/2024 5:25:15 AM,False,True,4,,5/29/2024 7:47:00 AM,747,False,,,True
2409032,9370-2024-01800,1,False,9370,6/2/2024 1:40:00 PM,1340,025,14,109,Oakland,1,True,True,C,REAR END,,Sunday,NotApplicable,False,,,False,True,False,ALAMEDA SUPERIOR COURT WILEY W. MANUEL COURTHOUSE,C,OTHER MOTOR VEHICLE,,0,0,A,DAYLIGHT,37.837107,-122.265814,,,,,A,NO PEDESTRIANS INVOLVED,6/2/2024 1:40:00 PM,A,VC 22350,False,1,SR-24 W/B,,,6/7/2024 11:03:50 AM,A,W,134.0,52ND ST,F,,D,6/7/2024 11:03:54 AM,6/7/2024 11:03:54 AM,False,True,4,,6/2/2024 1:50:00 PM,1350,False,,,False
2409026,9370-2024-01862,1,False,9370,6/6/2024 4:20:00 PM,1620,024,14,109,Oakland,1,True,True,C,REAR END,,Thursday,NotApplicable,False,,,False,True,False,ALAMEDA SUPERIOR COURT WILEY W. MANUEL COURTHOUSE,C,OTHER MOTOR VEHICLE,,0,0,A,DAYLIGHT,37.853708,-122.220974,,,,,A,NO PEDESTRIANS INVOLVED,6/6/2024 4:20:00 PM,A,VC 22350,False,1,SR-24 E/B,,,6/7/2024 10:56:00 AM,A,W,1056.0,CALDECOTT TUNL,F,,D,6/7/2024 10:56:04 AM,6/7/2024 10:56:04 AM,False,True,4,,6/6/2024 4:25:00 PM,1625,False,,,True
2408965,9370-2024-01849,1,False,9370,6/6/2024 9:00:00 AM,900,176,14,109,Oakland,1,True,True,C,REAR END,,Thursday,NotApplicable,False,,,False,True,False,ALAMEDA SUPERIOR COURT WILEY W. MANUEL COURTHOUSE,C,OTHER MOTOR VEHICLE,,0,0,A,DAYLIGHT,37.754224,-122.208264,,,,,A,NO PEDESTRIANS INVOLVED,6/6/2024 9:00:00 AM,A,VC 22350,False,1,I-880 N/B,,,6/7/2024 9:54:59 AM,A,N,50.0,66TH AVENUE,F,,D,6/7/2024 9:55:02 AM,6/7/2024 9:55:02 AM,False,True,4,,6/6/2024 9:01:00 AM,901,False,,,True
2408861,9370-2024-01841,1,False,9370,6/5/2024 1:00:00 PM,1300,054,14,109,Oakland,1,True,True,C,REAR END,,Wednesday,No,False,,,False,True,False,ALAMEDA SUPERIOR COURT WILEY W. MANUEL COURTHOUSE,C,OTHER MOTOR VEHICLE,,0,0,A,DAYLIGHT,37.813736,-122.250696,,,,,A,NO PEDESTRIANS INVOLVED,6/5/2024 1:00:00 PM,A,VC 22350,False,1,I-580 W/B,,,6/7/2024 8:24:47 AM,A,E,925.88,HARRISON ST,F,,D,6/7/2024 8:24:50 AM,6/7/2024 8:24:50 AM,False,True,4,,6/5/2024 1:03:00 PM,1303,False,,,True
2408842,9370-2024-01846,1,False,9370,6/5/2024 3:20:00 AM,320,177,14,109,Oakland,1,True,True,E,HIT OBJECT,,Wednesday,NotApplicable,False,,,False,True,False,ALAMEDA SUPERIOR COURT WILEY W. MANUEL COURTHOUSE,J,OTHER OBJECT,UNKNOWN DEBRIS,0,0,A,DAYLIGHT,37.785188,-122.24315,,,,,A,NO PEDESTRIANS INVOLVED,6/5/2024 3:20:00 AM,C,,,,I-880 N/B,,,6/7/2024 7:59:49 AM,A,S,400.0,16TH AVE,F,,D,6/7/2024 7:59:52 AM,6/7/2024 7:59:52 AM,False,True,4,,6/5/2024 3:30:00 AM,330,False,,,