collision-id,report-number,report-version,is-preliminary,ncic-code,crash-date-time,crash-time-description,beat,city-id,city-code,city-name,county-code,city-is-active,city-is-incorporated,collision-type-code,collision-type-description,collision-type-other-desc,day-of-week,dispatch-notified,has-photographs,hit-run,is-attachments-mailed,is-deleted,is-highway-related,is-tow-away,judicial-district,motor-vehicle-involved-with-code,motor-vehicle-involved-with-desc,motor-vehicle-involved-with-other-desc,number-injured,number-killed,lighting-code,lighting-description,latitude,longitude,milepost-direction,milepost-distance,milepost-marker,milepost-unit-of-measure,pedestrian-action-code,pedestrian-action-desc,prepared-date,primary-collision-factor-code,primary-collision-factor-description,primary-collision-factor-is-cited,primary-collision-party-number,primary-road,reporting-district,reporting-district-code,reviewed-date,roadway-surface-code,secondary-direction,secondary-distance,secondary-road,secondary-unit-of-measure,sketch-desc,traffic-control-device-code,created-date,modified-date,is-county-road,is-freeway,chp-555-version,is-additonal-object-struck,notification-date,notification-time-description,has-digital-media-files,evidence-number,is-location-refer-to-narrative,is-aoi-one-same-as-location
2408740,9370-2024-01802,1,False,9370,6/2/2024 12:45:00 PM,1245,053,14,109,Oakland,1,True,True,C,REAR END,,Sunday,NotApplicable,False,M,,False,True,False,ALAMEDA SUPERIOR COURT WILEY W. MANUEL COURTHOUSE,C,OTHER MOTOR VEHICLE,,0,0,A,DAYLIGHT,37.790394,-122.20146,,,,,A,NO PEDESTRIANS INVOLVED,6/2/2024 12:45:00 PM,A,VC 22350,False,1,I-580 W/B,,,6/7/2024 5:40:23 AM,A,E,850.0,35TH AVE,F,,D,6/7/2024 5:40:26 AM,6/7/2024 5:40:26 AM,False,True,4,False,6/2/2024 12:53:00 PM,1253,False,,,True
2408247,9370-2024-01644,1,False,9370,5/21/2024 6:01:00 PM,1801,901,14,109,Oakland,1,True,True,B,SIDE SWIPE,,Tuesday,Yes,False,M,,False,False,False,ALAMEDA SUPERIOR COURT WILEY W. MANUEL COURTHOUSE,C,OTHER MOTOR VEHICLE,,2,0,A,DAYLIGHT,37.768233,-122.220296,,,,,A,NO PEDESTRIANS INVOLVED,5/21/2024 6:01:00 PM,A,VC 22107,False,1,HIGH STREET,,,6/6/2024 7:38:32 PM,A,N,150.0,OAKPORT STREET,F,,D,6/6/2024 7:38:36 PM,6/6/2024 7:38:36 PM,False,False,4,False,5/21/2024 6:01:00 PM,1801,True,EMBEDDED,,True
2408115,9335-2024-01243,1,False,9335,5/30/2024 7:20:00 AM,720,081,14,109,Oakland,1,True,True,C,REAR END,,Thursday,NotApplicable,False,,,False,True,False,ALAMEDA SUPERIOR COURT ALAMEDA,C,OTHER MOTOR VEHICLE,,0,0,A,DAYLIGHT,37.824279,-122.317847,,,,,A,NO PEDESTRIANS INVOLVED,5/30/2024 7:20:00 AM,A,VC 22350,False,1,I-80 WB,,,6/6/2024 3:21:13 PM,A,W,120.0,SFOBB METERING LIGHTS,F,,A,6/6/2024 3:21:16 PM,6/6/2024 3:21:16 PM,False,True,4,,5/30/2024 7:35:00 AM,735,False,,,True
2408033,9370-2024-01839,1,False,9370,6/5/2024 12:45:00 PM,1245,055,14,109,Oakland,1,True,True,B,SIDE SWIPE,,Wednesday,NotApplicable,False,,,False,True,False,ALAMEDA SUPERIOR COURT WILEY W. MANUEL COURTHOUSE,C,OTHER MOTOR VEHICLE,,0,0,A,DAYLIGHT,37.827516,-122.281457,,,,,A,NO PEDESTRIANS INVOLVED,6/5/2024 12:45:00 PM,A,VC 21658(A),False,,I-580 W/B,,,6/6/2024 2:15:48 PM,A,W,485.0,ADELINE ST,F,,D,6/6/2024 2:15:50 PM,6/6/2024 2:15:50 PM,False,True,4,,6/5/2024 1:00:00 PM,1300,False,,,True
2407953,9370-2024-01771,1,False,9370,5/31/2024 10:11:00 PM,2211,008,14,109,Oakland,1,True,True,B,SIDE SWIPE,,Friday,NotApplicable,False,M,,False,True,False,ALAMEDA SUPERIOR COURT WILEY W. MANUEL COURTHOUSE,C,OTHER MOTOR VEHICLE,,0,0,D,DARK-NO STREET LIGHTS,37.825466,-122.291191,,,,,A,NO PEDESTRIANS INVOLVED,5/31/2024 10:11:00 PM,A,VC 21658(A),False,1,I-880 SOUTHBOUND,,,6/6/2024 12:38:52 PM,A,N,2390.0,WEST GRAND AVENUE,F,,D,6/6/2024 12:38:54 PM,6/6/2024 12:38:54 PM,False,True,4,,5/31/2024 10:15:00 PM,2215,False,,,True
2407897,9370-2024-01794,1,False,9370,6/1/2024 3:06:00 PM,1506,024,14,109,Oakland,1,True,True,B,SIDE SWIPE,,Saturday,NotApplicable,False,M,,False,True,False,ALAMEDA SUPERIOR COURT WILEY W. MANUEL COURTHOUSE,C,OTHER MOTOR VEHICLE,,0,0,A,DAYLIGHT,37.854234,-122.220558,,,,,A,NO PEDESTRIANS INVOLVED,6/1/2024 3:06:00 PM,A,VC 21658(A),False,1,SR-24 W/B,,,6/6/2024 11:52:10 AM,A,E,528.0,CALDECOTT LN,F,,D,6/6/2024 11:52:12 AM,6/6/2024 11:52:12 AM,False,True,4,,6/1/2024 3:22:00 PM,1522,False,,,True
2407830,9370-2024-01688,1,False,9370,5/25/2024 12:35:00 PM,1235,055,14,109,Oakland,1,True,True,B,SIDE SWIPE,,Saturday,NotApplicable,False,,,False,True,True,ALAMEDA SUPERIOR COURT WILEY W. MANUEL COURTHOUSE,C,OTHER MOTOR VEHICLE,,0,0,A,DAYLIGHT,37.823597,-122.263881,,,,,A,NO PEDESTRIANS INVOLVED,5/25/2024 12:35:00 PM,A,VC 21658(a),False,1,INTERSTATE 580 WB TO INTERSTATE 980 WB,,,6/6/2024 10:58:33 AM,A,W,1170.0,BROADWAY,F,,D,6/6/2024 10:58:35 AM,6/6/2024 10:58:35 AM,False,True,4,,5/25/2024 12:40:00 PM,1240,False,,,True
2407634,9335-2024-01232,1,False,9335,5/28/2024 12:04:00 PM,1204,082,14,109,Oakland,1,True,True,D,BROADSIDE,,Tuesday,NotApplicable,False,,,False,True,True,ALAMEDA SUPERIOR COURT ALAMEDA,C,OTHER MOTOR VEHICLE,,0,0,A,DAYLIGHT,37.823919,-122.317438,,,,,A,NO PEDESTRIANS INVOLVED,5/28/2024 12:04:00 PM,A,VC 21658(a),False,1,I-80 W/B,,,6/6/2024 8:18:26 AM,A,W,25.0,THE SFOBB METERING LIGHTS,F,,A,6/6/2024 8:18:29 AM,6/6/2024 8:18:29 AM,False,True,4,,5/28/2024 12:05:00 PM,1205,True,AREA PHOTO FILE,,True
2407544,9370-2024-01715,1,False,9370,5/27/2024 6:00:00 PM,1800,013,14,109,Oakland,1,True,True,B,SIDE SWIPE,,Monday,Yes,False,,,False,True,False,ALAMEDA SUPERIOR COURT WILEY W. MANUEL COURTHOUSE,C,OTHER MOTOR VEHICLE,,1,0,A,DAYLIGHT,37.845064,-122.22732,,,,,A,NO PEDESTRIANS INVOLVED,5/27/2024 6:00:00 PM,A,VC 21658(A),False,1,SR-13 S/B,,,6/6/2024 6:54:00 AM,A,S,970.0,SR-24,F,,D,6/6/2024 6:54:08 AM,6/6/2024 6:54:08 AM,False,True,4,,5/27/2024 6:12:00 PM,1812,True,EMBEDDED,,True
2407539,9370-2024-01731,1,False,9370,5/29/2024 8:07:00 AM,807,177,14,109,Oakland,1,True,True,B,SIDE SWIPE,,Wednesday,No,False,,,False,True,False,ALAMEDA SUPERIOR COURT WILEY W. MANUEL COURTHOUSE,C,OTHER MOTOR VEHICLE,,0,0,A,DAYLIGHT,37.778871,-122.237769,,,,,A,NO PEDESTRIANS INVOLVED,5/29/2024 8:07:00 AM,A,VC 21658(A),False,1,I-880 N/B,,,6/6/2024 6:48:19 AM,A,S,364.18,23RD AVE,F,,D,6/6/2024 6:48:21 AM,6/6/2024 6:48:21 AM,False,True,4,,5/29/2024 8:10:00 AM,810,False,,,True
2407194,9370-2024-01690,1,False,9370,5/25/2024 11:27:00 AM,1127,054,14,109,Oakland,1,True,True,C,REAR END,,Saturday,NotApplicable,False,,,False,True,False,ALAMEDA SUPERIOR COURT WILEY W. MANUEL COURTHOUSE,C,OTHER MOTOR VEHICLE,,0,0,A,DAYLIGHT,37.807378,-122.239805,,,,,A,NO PEDESTRIANS INVOLVED,5/25/2024 11:27:00 AM,A,VC 22350,False,1,I-580 E/B,,,6/5/2024 9:37:36 PM,A,W,2067.0,PARK BLVD,F,,D,6/5/2024 9:37:41 PM,6/5/2024 9:37:41 PM,False,True,4,,5/25/2024 11:30:00 AM,1130,False,,False,True
2407166,9370-2024-01742,1,False,9370,5/29/2024 4:10:00 PM,1610,013,14,109,Oakland,1,True,True,C,REAR END,,Wednesday,NotApplicable,False,,,False,True,False,ALAMEDA SUPERIOR COURT WILEY W. MANUEL COURTHOUSE,C,OTHER MOTOR VEHICLE,,0,0,A,DAYLIGHT,37.833044,-122.216988,,,,,A,NO PEDESTRIANS INVOLVED,5/29/2024 4:10:00 PM,A,VC 22350,False,1,SR-13 N/B,,,6/5/2024 6:14:48 PM,A,N,190.0,MORAGA AVE,F,,D,6/5/2024 6:14:50 PM,6/5/2024 6:14:50 PM,False,True,4,,5/29/2024 4:15:00 PM,1615,False,,False,True
2407162,9370-2024-01767,1,False,9370,5/31/2024 7:05:00 PM,1905,176,14,109,Oakland,1,True,True,C,REAR END,,Friday,NotApplicable,False,,,False,True,False,ALAMEDA SUPERIOR COURT WILEY W. MANUEL COURTHOUSE,C,OTHER MOTOR VEHICLE,,0,0,A,DAYLIGHT,37.72896,-122.186104,,,,,A,NO PEDESTRIANS INVOLVED,5/31/2024 7:05:00 PM,A,VC 22350,False,1,I-880 N/B,,,6/5/2024 6:08:53 PM,A,S,200.0,98TH AVENUE,F,,D,6/5/2024 6:08:56 PM,6/5/2024 6:08:56 PM,False,True,4,,5/31/2024 7:15:00 PM,1915,False,,,
2407161,9370-2024-01796,1,False,9370,6/1/2024 4:35:00 PM,1635,008,14,109,Oakland,1,True,True,C,REAR END,,Saturday,NotApplicable,False,,,False,True,False,ALAMEDA SUPERIOR COURT WILEY W. MANUEL COURTHOUSE,C,OTHER MOTOR VEHICLE,,0,0,A,DAYLIGHT,37.824701,-122.311797,,,,,A,NO PEDESTRIANS INVOLVED,6/1/2024 4:35:00 PM,A,VC 22350,False,1,I-80 W/B,,,6/5/2024 6:08:12 PM,A,W,117.0,WEST GRAND AVENUE,F,,D,6/5/2024 6:08:15 PM,6/5/2024 6:08:15 PM,False,True,4,,6/1/2024 4:38:00 PM,1638,False,,,True
2407160,9370-2024-01772,1,False,9370,5/31/2024 11:45:00 PM,2345,176,14,109,Oakland,1,True,True,C,REAR END,,Friday,NotApplicable,False,,,False,True,False,ALAMEDA SUPERIOR COURT WILEY W. MANUEL COURTHOUSE,C,OTHER MOTOR VEHICLE,,0,0,C,DARK-STREET LIGHTS,37.756623,-122.210994,,,,,A,NO PEDESTRIANS INVOLVED,5/31/2024 11:45:00 PM,A,VC 22350,False,1,I-880 S/B TO 66TH AVE,,,6/5/2024 6:06:27 PM,A,N,1250.0,66TH AVE,F,,D,6/5/2024 6:06:30 PM,6/5/2024 6:06:30 PM,False,True,4,,5/31/2024 11:50:00 PM,2350,False,,,True
2407156,9370-2024-01834,1,False,9370,6/5/2024 12:50:00 PM,1250,176,14,109,Oakland,1,True,True,B,SIDE SWIPE,,Wednesday,NotApplicable,False,M,,False,True,False,ALAMEDA SUPERIOR COURT WILEY W. MANUEL COURTHOUSE,C,OTHER MOTOR VEHICLE,,0,0,A,DAYLIGHT,37.772253,-122.225363,,,,,A,NO PEDESTRIANS INVOLVED,6/5/2024 12:50:00 PM,A,VC 21658(a),False,1,I-880 SOUTHBOUND,,,6/5/2024 5:54:52 PM,A,N,2035.0,HIGH STREET,F,,D,6/5/2024 5:54:55 PM,6/5/2024 5:54:55 PM,False,True,4,,6/5/2024 1:00:00 PM,1300,False,,,True
2407146,9370-2024-01765,1,False,9370,5/31/2024 4:45:00 PM,1645,008,14,109,Oakland,1,True,True,B,SIDE SWIPE,,Friday,NotApplicable,False,,,False,True,False,ALAMEDA SUPERIOR COURT ALAMEDA,C,OTHER MOTOR VEHICLE,,0,0,A,DAYLIGHT,37.824959,-122.31357,,,,,A,NO PEDESTRIANS INVOLVED,5/31/2024 4:45:00 PM,A,VC 21658(A),False,1,I-80 W/B,,,6/5/2024 5:15:40 PM,A,E,30.0,SFOBB TOLL PLAZA,F,,D,6/5/2024 5:15:44 PM,6/5/2024 5:15:44 PM,False,True,4,,5/31/2024 5:00:00 PM,1700,False,,,True
2407095,9370-2024-01743,1,False,9370,5/30/2024 12:00:00 AM,1140,176,14,109,Oakland,1,True,True,E,HIT OBJECT,,Thursday,NotApplicable,False,,,False,True,False,ALAMEDA SUPERIOR COURT ALAMEDA,J,OTHER OBJECT,TIRE,0,0,D,DARK-NO STREET LIGHTS,37.735727,-122.191743,,,,,A,NO PEDESTRIANS INVOLVED,5/30/2024 12:00:00 AM,C,,,,I-880 N/B,,,6/5/2024 4:18:49 PM,A,N,522.34,98TH AVENUE,F,,D,6/5/2024 4:18:51 PM,6/5/2024 4:18:51 PM,False,True,4,,5/30/2024 12:00:00 AM,1145,False,,,True
2407075,9370-2024-01829,1,False,9370,5/25/2024 7:25:00 AM,725,052,14,109,Oakland,1,True,True,E,HIT OBJECT,,Saturday,Yes,False,,,False,True,True,ALAMEDA SUPERIOR COURT WILEY W. MANUEL COURTHOUSE,I,FIXED OBJECT,RAISED CONCRETE BARRIER,0,0,A,DAYLIGHT,37.778208,-122.168224,,,,,A,NO PEDESTRIANS INVOLVED,5/25/2024 7:25:00 AM,A,VC 23152(a),False,1,INTERSTATE 580 EASTBOUND,,,6/5/2024 3:54:46 PM,B,W,1350.0,EDWARDS AVENUE,F,,D,6/5/2024 3:54:50 PM,6/5/2024 3:54:50 PM,False,True,4,,5/25/2024 7:30:00 AM,730,False,,,True
2406999,9370-2024-01670,2,False,9370,5/24/2024 12:55:00 PM,1255,008,14,109,Oakland,1,True,True,C,REAR END,,Friday,NotApplicable,False,M,,False,True,True,ALAMEDA SUPERIOR COURT WILEY W. MANUEL COURTHOUSE,C,OTHER MOTOR VEHICLE,,1,0,A,DAYLIGHT,37.829848,-122.293861,,,,,A,NO PEDESTRIANS INVOLVED,5/24/2024 12:55:00 PM,A,VC 22350,False,1,INTERSTATE 80 WESTBOUND,,,8/26/2024 1:07:12 PM,A,W,1200.0,POWELL STREET,F,,D,6/5/2024 2:54:26 PM,8/26/2024 1:07:14 PM,False,True,4,,5/24/2024 12:59:00 PM,1259,False,,,True
2406643,9370-2024-01720,1,False,9370,5/28/2024 4:20:00 PM,1620,176,14,109,Oakland,1,True,True,C,REAR END,,Tuesday,NotApplicable,False,,,False,True,False,ALAMEDA SUPERIOR COURT WILEY W. MANUEL COURTHOUSE,C,OTHER MOTOR VEHICLE,,0,0,A,DAYLIGHT,37.765227,-122.218394,,,,,A,NO PEDESTRIANS INVOLVED,5/28/2024 4:20:00 PM,A,VC 21755,False,1,I-880 S/B FROM OAKPORT STREET,,,6/5/2024 10:45:42 AM,A,S,988.0,HIGH STREET,F,,A,6/5/2024 10:46:15 AM,6/5/2024 10:46:15 AM,False,True,4,,5/28/2024 4:25:00 PM,1625,False,,,True
2406606,9370-2024-01744,1,False,9370,5/30/2024 11:20:00 PM,2320,176,14,109,Oakland,1,True,True,E,HIT OBJECT,,Thursday,NotApplicable,False,,,False,True,False,ALAMEDA SUPERIOR COURT ALAMEDA,J,OTHER OBJECT,TIRE,0,0,D,DARK-NO STREET LIGHTS,37.738326,-122.194352,,,,,A,NO PEDESTRIANS INVOLVED,5/30/2024 11:20:00 PM,C,,,,I-880 N/B,,,6/5/2024 10:15:57 AM,A,S,134.91,HEGENBERGER RD,F,,D,6/5/2024 10:16:27 AM,6/5/2024 10:16:27 AM,False,True,4,,5/30/2024 11:25:00 PM,2325,False,,,True
2406061,9370-2024-01663,1,False,9370,5/23/2024 2:15:00 PM,1415,176,14,109,Oakland,1,True,True,C,REAR END,,Thursday,NotApplicable,False,,,False,True,False,ALAMEDA SUPERIOR COURT WILEY W. MANUEL COURTHOUSE,C,OTHER MOTOR VEHICLE,,0,0,A,DAYLIGHT,37.729737,-122.186879,,,,,A,NO PEDESTRIANS INVOLVED,5/23/2024 2:15:00 PM,D,,,,I-880 S/B,,,6/4/2024 5:05:40 PM,A,S,818.0,98TH AVENUE,F,,D,6/4/2024 5:05:43 PM,6/4/2024 5:05:43 PM,False,True,4,,5/23/2024 2:18:00 PM,1418,True,EMBEDDED,,True
2406054,9370-2024-01741,1,False,9370,5/30/2024 12:30:00 PM,1230,176,14,109,Oakland,1,True,True,B,SIDE SWIPE,,Thursday,NotApplicable,False,,,False,True,False,ALAMEDA SUPERIOR COURT WILEY W. MANUEL COURTHOUSE,C,OTHER MOTOR VEHICLE,,0,0,A,DAYLIGHT,37.730809,-122.188244,,,,,A,NO PEDESTRIANS INVOLVED,5/30/2024 12:30:00 PM,A,VC 21658(A),False,1,I-880 S/B FROM 98TH AVENUE,,,6/4/2024 4:58:16 PM,A,S,100.0,98TH AVENUE,F,,A,6/4/2024 4:58:18 PM,6/4/2024 4:58:18 PM,False,True,4,,5/30/2024 12:31:00 PM,1231,False,,,True
2406040,9370-2024-01778,1,False,9370,6/1/2024 8:32:00 AM,832,055,14,109,Oakland,1,True,True,E,HIT OBJECT,,Saturday,NotApplicable,False,,,False,True,False,ALAMEDA SUPERIOR COURT WILEY W. MANUEL COURTHOUSE,J,OTHER OBJECT,METAL PIPE,0,0,A,DAYLIGHT,37.827139,-122.285477,,,,,A,NO PEDESTRIANS INVOLVED,6/1/2024 8:32:00 AM,C,,,,I-580 W/B,,,6/4/2024 4:30:32 PM,A,E,1173.0,MANDELA PKY,F,,D,6/4/2024 4:30:37 PM,6/4/2024 4:30:37 PM,False,True,4,,6/1/2024 8:36:00 AM,836,False,,,True
2405993,9370-2024-01756,1,False,9370,5/31/2024 1:52:00 PM,1352,008,14,109,Oakland,1,True,True,C,REAR END,,Friday,NotApplicable,False,,,False,True,False,ALAMEDA SUPERIOR COURT WILEY W. MANUEL COURTHOUSE,C,OTHER MOTOR VEHICLE,,0,0,A,DAYLIGHT,37.826943,-122.297,,,,,A,NO PEDESTRIANS INVOLVED,5/31/2024 1:52:00 PM,A,VC 22350,False,1,I-80 E/B,,,6/4/2024 3:32:58 PM,A,E,3696.0,SAN FRANCISCO-OAKLAND BAY BRIDGE (SFOBB) TOLL PLAZA,F,,D,6/4/2024 3:33:05 PM,6/4/2024 3:33:05 PM,False,True,4,,5/31/2024 1:57:00 PM,1357,False,,,False
2405663,9370-2024-01685,1,False,9370,5/25/2024 2:15:00 AM,215,052,14,109,Oakland,1,True,True,A,HEAD-ON,,Saturday,Yes,False,,,False,True,False,ALAMEDA SUPERIOR COURT WILEY W. MANUEL COURTHOUSE,I,FIXED OBJECT,K-RAIL AND LIGHT POLE,0,0,D,DARK-NO STREET LIGHTS,37.756544,-122.148266,,,,,A,NO PEDESTRIANS INVOLVED,5/25/2024 2:15:00 AM,A,VC 23152(a),False,1,I-580 W/B,,,6/4/2024 11:59:10 AM,A,W,1161.0,GOLF LINKS ROAD,F,,D,6/4/2024 11:59:12 AM,6/4/2024 11:59:12 AM,False,True,4,,5/25/2024 2:20:00 AM,220,False,,,True
2405080,9370-2024-01714,1,False,9370,5/27/2024 4:00:00 PM,1600,024,14,109,Oakland,1,True,True,B,SIDE SWIPE,,Monday,NotApplicable,False,M,,False,True,False,ALAMEDA SUPERIOR COURT WILEY W. MANUEL COURTHOUSE,C,OTHER MOTOR VEHICLE,,0,0,A,DAYLIGHT,37.853543,-122.221288,,,,,A,NO PEDESTRIANS INVOLVED,5/27/2024 4:00:00 PM,A,VC 21658(A),False,1,SR-24 E/B,,,6/4/2024 5:08:19 AM,A,E,1110.0,KAY ROAD,F,,D,6/4/2024 5:08:21 AM,6/4/2024 5:08:21 AM,False,True,4,,5/27/2024 4:30:00 PM,1630,False,,,True
2405077,9370-2024-01683,1,False,9370,5/24/2024 10:05:00 PM,2205,176,14,109,Oakland,1,True,True,B,SIDE SWIPE,,Friday,NotApplicable,False,,,False,True,True,ALAMEDA SUPERIOR COURT WILEY W. MANUEL COURTHOUSE,C,OTHER MOTOR VEHICLE,,1,0,D,DARK-NO STREET LIGHTS,37.730826,-122.18759,,,,,A,NO PEDESTRIANS INVOLVED,5/24/2024 10:05:00 PM,A,VC 22350,False,1,I-880 N/B,,,6/4/2024 4:31:05 AM,B,S,375.0,98TH AVENUE,F,,D,6/4/2024 4:31:08 AM,6/4/2024 4:31:08 AM,False,True,4,,5/24/2024 10:08:00 PM,2208,False,,,True
2404728,9370-2024-01723,1,False,9370,5/27/2024 1:45:00 AM,145,176,14,109,Oakland,1,True,True,E,HIT OBJECT,,Monday,NotApplicable,False,,,False,True,False,ALAMEDA SUPERIOR COURT WILEY W. MANUEL COURTHOUSE,I,FIXED OBJECT,CONCRETE BARRIER WALL,1,0,D,DARK-NO STREET LIGHTS,37.750324,-122.204912,,,,,A,NO PEDESTRIANS INVOLVED,5/27/2024 1:45:00 AM,A,VC 22107,False,1,I-880 N/B,,,6/3/2024 5:55:26 PM,A,S,1450.0,66TH AVE,F,,D,6/3/2024 5:55:27 PM,6/3/2024 5:55:27 PM,False,True,4,,5/27/2024 1:48:00 AM,148,False,,,False
2404727,9370-2024-01712,1,False,9370,5/26/2024 10:15:00 PM,2215,024,14,109,Oakland,1,True,True,B,SIDE SWIPE,,Sunday,NotApplicable,False,M,,False,True,False,ALAMEDA SUPERIOR COURT WILEY W. MANUEL COURTHOUSE,C,OTHER MOTOR VEHICLE,,0,0,C,DARK-STREET LIGHTS,37.849398,-122.236495,,,,,A,NO PEDESTRIANS INVOLVED,5/26/2024 10:15:00 PM,A,VC 21658(a),False,1,SR-24 W/B,,,6/3/2024 5:54:07 PM,A,W,500.0,BROADWAY,F,,D,6/3/2024 5:54:09 PM,6/3/2024 5:54:09 PM,False,True,4,,5/26/2024 10:20:00 PM,2220,False,,,True
2404725,9370-2024-01713,1,False,9370,5/26/2024 10:10:00 PM,2210,013,14,109,Oakland,1,True,True,B,SIDE SWIPE,,Sunday,NotApplicable,False,M,,False,True,False,ALAMEDA SUPERIOR COURT WILEY W. MANUEL COURTHOUSE,C,OTHER MOTOR VEHICLE,,0,0,C,DARK-STREET LIGHTS,37.84718,-122.227543,,,,,A,NO PEDESTRIANS INVOLVED,5/26/2024 10:10:00 PM,A,VC 21658(a),False,1,SR-13 N/B,,,6/3/2024 5:52:03 PM,A,N,700.0,BROADWAY TER,F,,D,6/3/2024 5:52:05 PM,6/3/2024 5:52:05 PM,False,True,4,,5/26/2024 11:00:00 PM,2300,False,,,True
2404716,9370-2024-01708,1,False,9370,5/26/2024 8:00:00 PM,2000,176,14,109,Oakland,1,True,True,C,REAR END,,Sunday,Yes,False,,,False,True,False,ALAMEDA SUPERIOR COURT WILEY W. MANUEL COURTHOUSE,C,OTHER MOTOR VEHICLE,,0,0,A,DAYLIGHT,37.774423,-122.231697,,,,,A,NO PEDESTRIANS INVOLVED,5/26/2024 8:00:00 PM,A,VC 22350,False,1,I-880 S/B,,,6/3/2024 5:23:14 PM,A,S,550.0,29TH AVE,F,,D,6/3/2024 5:23:15 PM,6/3/2024 5:23:15 PM,False,True,4,,5/26/2024 8:01:00 PM,2001,False,,,True
2404706,9335-2024-01258,1,False,9335,6/1/2024 1:10:00 PM,1310,082,14,109,Oakland,1,True,True,B,SIDE SWIPE,,Saturday,NotApplicable,False,,,False,True,False,ALAMEDA SUPERIOR COURT WILEY W. MANUEL COURTHOUSE,C,OTHER MOTOR VEHICLE,,0,0,A,DAYLIGHT,37.823186,-122.319987,,,,,A,NO PEDESTRIANS INVOLVED,6/1/2024 1:10:00 PM,A,VC 22107,False,1,I-80 W/B,,,6/3/2024 4:54:21 PM,A,W,0.34,TOLL PLAZA,M,,D,6/3/2024 4:54:30 PM,6/3/2024 4:54:30 PM,False,True,4,,6/1/2024 1:15:00 PM,1315,False,,,True
2404275,9370-2024-01701,1,False,9370,5/26/2024 2:48:00 AM,248,008,14,109,Oakland,1,True,True,B,SIDE SWIPE,,Sunday,NotApplicable,False,M,,False,True,False,ALAMEDA SUPERIOR COURT WILEY W. MANUEL COURTHOUSE,C,OTHER MOTOR VEHICLE,,0,0,B,DUSK-DAWN,37.829177,-122.293868,,,,,A,NO PEDESTRIANS INVOLVED,5/26/2024 2:48:00 AM,A,VC 21658(A),False,1,I-80 WB TO I-580 EB / I-880 SB,,,6/3/2024 9:30:40 AM,A,W,50.0,I-80 E/B,F,,D,6/3/2024 9:30:41 AM,6/3/2024 9:30:41 AM,False,True,4,,5/26/2024 2:50:00 AM,250,False,,,True
2404257,9370-2024-01776,1,False,9370,5/25/2024 11:21:00 PM,2321,055,14,109,Oakland,1,True,True,B,SIDE SWIPE,,Saturday,NotApplicable,False,M,,False,True,False,ALAMEDA SUPERIOR COURT WILEY W. MANUEL COURTHOUSE,C,OTHER MOTOR VEHICLE,,0,0,D,DARK-NO STREET LIGHTS,37.826531,-122.287178,,,,,A,NO PEDESTRIANS INVOLVED,5/25/2024 11:21:00 PM,A,VC 21658(A),False,1,I-580 E/B,,,6/3/2024 9:19:39 AM,A,W,150.0,HOLLIS ST,F,,D,6/3/2024 9:19:43 AM,6/3/2024 9:19:43 AM,False,True,4,,5/25/2024 11:22:00 PM,2322,False,,,True
2404124,9370-2024-01691,1,False,9370,5/25/2024 10:15:00 AM,1015,177,14,109,Oakland,1,True,True,B,SIDE SWIPE,,Saturday,Yes,False,M,,False,True,False,ALAMEDA SUPERIOR COURT WILEY W. MANUEL COURTHOUSE,C,OTHER MOTOR VEHICLE,,1,0,A,DAYLIGHT,37.778401,-122.237559,,,,,A,NO PEDESTRIANS INVOLVED,5/25/2024 10:15:00 AM,A,VC 21658(A),False,1,INTERSTATE 880 NORTHBOUND,,,6/3/2024 7:06:11 AM,A,N,121.0,23RD AVENUE,F,,D,6/3/2024 7:06:13 AM,6/3/2024 7:06:13 AM,False,True,4,False,5/25/2024 10:20:00 AM,1020,False,,,True
2404118,9370-2024-01684,3,False,9370,5/25/2024 2:10:00 AM,210,177,14,109,Oakland,1,True,True,B,SIDE SWIPE,,Saturday,Yes,False,M,,False,True,False,ALAMEDA SUPERIOR COURT WILEY W. MANUEL COURTHOUSE,C,OTHER MOTOR VEHICLE,,1,0,B,DUSK-DAWN,37.795037,-122.266069,,,,,A,NO PEDESTRIANS INVOLVED,5/25/2024 2:10:00 AM,A,VC 21658(a),False,2,I-880 N/B,,,8/5/2024 1:17:19 PM,A,S,118.0,OAK ST,F,,D,6/3/2024 6:58:54 AM,8/5/2024 1:17:22 PM,False,True,4,,5/25/2024 2:11:00 AM,211,False,,,True
2404105,9370-2024-01534,1,False,9370,5/11/2024 12:18:00 PM,1218,176,14,109,Oakland,1,True,True,C,REAR END,,Saturday,NotApplicable,False,M,,False,True,False,ALAMEDA SUPERIOR COURT WILEY W. MANUEL COURTHOUSE,C,OTHER MOTOR VEHICLE,,1,0,A,DAYLIGHT,37.774965,-122.232821,,,,,A,NO PEDESTRIANS INVOLVED,5/11/2024 12:18:00 PM,A,VC 23152(a),True,1,INTERSTATE 880 NORTHBOUND,,,6/3/2024 6:36:33 AM,A,S,136.0,29TH AVE,F,,D,6/3/2024 6:36:35 AM,6/3/2024 6:36:35 AM,False,True,4,,5/11/2024 12:45:00 PM,1245,False,,,True