collision-id,report-number,report-version,is-preliminary,ncic-code,crash-date-time,crash-time-description,beat,city-id,city-code,city-name,county-code,city-is-active,city-is-incorporated,collision-type-code,collision-type-description,collision-type-other-desc,day-of-week,dispatch-notified,has-photographs,hit-run,is-attachments-mailed,is-deleted,is-highway-related,is-tow-away,judicial-district,motor-vehicle-involved-with-code,motor-vehicle-involved-with-desc,motor-vehicle-involved-with-other-desc,number-injured,number-killed,lighting-code,lighting-description,latitude,longitude,milepost-direction,milepost-distance,milepost-marker,milepost-unit-of-measure,pedestrian-action-code,pedestrian-action-desc,prepared-date,primary-collision-factor-code,primary-collision-factor-description,primary-collision-factor-is-cited,primary-collision-party-number,primary-road,reporting-district,reporting-district-code,reviewed-date,roadway-surface-code,secondary-direction,secondary-distance,secondary-road,secondary-unit-of-measure,sketch-desc,traffic-control-device-code,created-date,modified-date,is-county-road,is-freeway,chp-555-version,is-additonal-object-struck,notification-date,notification-time-description,has-digital-media-files,evidence-number,is-location-refer-to-narrative,is-aoi-one-same-as-location
2404082,9370-2024-01571,1,False,9370,5/14/2024 6:18:00 PM,1818,053,14,109,Oakland,1,True,True,B,SIDE SWIPE,,Tuesday,NotApplicable,False,M,,False,True,False,ALAMEDA SUPERIOR COURT WILEY W. MANUEL COURTHOUSE,C,OTHER MOTOR VEHICLE,,1,0,A,DAYLIGHT,37.799168,-122.221235,,,,,A,NO PEDESTRIANS INVOLVED,5/14/2024 6:18:00 PM,A,VC 21658(A),False,1,I-580 E/B,,,6/3/2024 5:42:08 AM,A,W,1212.0,FRUITVALE AVENUE,F,,D,6/3/2024 5:42:11 AM,6/3/2024 5:42:11 AM,False,True,4,,5/14/2024 6:20:00 PM,1820,True,EMBEDDED,,True
2404070,9370-2024-01626,1,False,9370,5/20/2024 5:04:00 PM,1704,177,14,109,Oakland,1,True,True,B,SIDE SWIPE,,Monday,Yes,False,,,False,True,False,ALAMEDA SUPERIOR COURT WILEY W. MANUEL COURTHOUSE,C,OTHER MOTOR VEHICLE,,0,0,A,DAYLIGHT,37.799596,-122.277849,,,,,A,NO PEDESTRIANS INVOLVED,5/20/2024 5:04:00 PM,A,VC 21658(a),False,1,I-880 S/B,,,6/3/2024 4:37:38 AM,A,N,200.0,BROADWAY,F,,D,6/3/2024 4:37:39 AM,6/3/2024 4:37:39 AM,False,True,4,,5/20/2024 5:15:00 PM,1715,False,,,True
2404069,9370-2024-01641,1,False,9370,5/22/2024 1:15:00 AM,115,008,14,109,Oakland,1,True,True,E,HIT OBJECT,,Wednesday,NotApplicable,False,,,False,True,True,ALAMEDA SUPERIOR COURT WILEY W. MANUEL COURTHOUSE,I,FIXED OBJECT,GUARD RAIL,0,0,D,DARK-NO STREET LIGHTS,37.826038,-122.300672,,,,,A,NO PEDESTRIANS INVOLVED,5/22/2024 1:15:00 AM,A,VC 22350,False,1,I-80 E/B,,,6/3/2024 4:25:52 AM,A,E,909.56,W GRAND AVE.,F,,D,6/3/2024 4:25:53 AM,6/3/2024 4:25:53 AM,False,True,4,,5/22/2024 1:30:00 AM,130,False,,,True
2404068,9370-2024-01652,1,False,9370,5/22/2024 10:20:00 PM,2220,055,14,109,Oakland,1,True,True,B,SIDE SWIPE,,Wednesday,NotApplicable,False,M,,False,True,False,ALAMEDA SUPERIOR COURT WILEY W. MANUEL COURTHOUSE,C,OTHER MOTOR VEHICLE,,0,0,D,DARK-NO STREET LIGHTS,37.826197,-122.277196,,,,,A,NO PEDESTRIANS INVOLVED,5/22/2024 10:20:00 PM,A,VC 21658(A),False,1,I-580 E/B,,,6/3/2024 4:24:16 AM,A,W,562.86,SR-24,F,,D,6/3/2024 4:24:17 AM,6/3/2024 4:24:17 AM,False,True,4,,5/22/2024 10:45:00 PM,2245,False,,,True
2423430,9370-2024-01951,1,False,9370,6/14/2024 4:45:00 PM,1645,080,14,109,Oakland,1,True,True,B,SIDE SWIPE,,Friday,NotApplicable,False,,,False,True,False,ALAMEDA SUPERIOR COURT WILEY W. MANUEL COURTHOUSE,C,OTHER MOTOR VEHICLE,,0,0,A,DAYLIGHT,37.84064,-122.297319,,,,,A,NO PEDESTRIANS INVOLVED,6/14/2024 4:45:00 PM,B,UNSAFE MERGE,,2,I-80 W/B,,,6/25/2024 8:21:05 PM,A,E,900.0,POWELL ST,F,,D,6/25/2024 8:21:09 PM,6/25/2024 8:21:09 PM,False,True,4,,6/14/2024 4:51:00 PM,1651,False,,,True
2423429,9370-2024-01624,1,False,9370,5/20/2024 8:57:00 PM,2057,008,14,109,Oakland,1,True,True,B,SIDE SWIPE,,Monday,NotApplicable,False,M,,False,True,False,ALAMEDA SUPERIOR COURT WILEY W. MANUEL COURTHOUSE,C,OTHER MOTOR VEHICLE,,0,0,C,DARK-STREET LIGHTS,37.82565,-122.301968,,,,,A,NO PEDESTRIANS INVOLVED,5/20/2024 8:57:00 PM,A,VC 21658(A),False,1,INTERSTATE 580 EASTBOUND,,,6/25/2024 8:14:05 PM,A,E,928.0,MARITIME ST,F,,D,6/25/2024 8:14:08 PM,6/25/2024 8:14:08 PM,False,True,4,,5/20/2024 9:00:00 PM,2100,False,,,True
2423334,9370-2024-01943,1,False,9370,6/13/2024 9:30:00 PM,2130,052,14,109,Oakland,1,True,True,C,REAR END,,Thursday,Yes,False,,,False,True,False,ALAMEDA SUPERIOR COURT WILEY W. MANUEL COURTHOUSE,C,OTHER MOTOR VEHICLE,,2,0,C,DARK-STREET LIGHTS,37.818849,-122.254387,,,,,A,NO PEDESTRIANS INVOLVED,6/13/2024 9:30:00 PM,A,VC 23152(a),True,1,I-580 EASTBOUND TO OAKLAND AVENUE,,,6/25/2024 4:02:15 PM,A,W,70.0,OAKLAND AVENUE,F,,A,6/25/2024 4:02:17 PM,6/25/2024 4:02:17 PM,False,True,4,,6/13/2024 9:35:00 PM,2135,False,,,True
2422391,9370-2024-01978,1,False,9370,6/16/2024 5:25:00 PM,1725,176,14,109,Oakland,1,True,True,C,REAR END,,Sunday,NotApplicable,False,,,False,True,False,ALAMEDA SUPERIOR COURT WILEY W. MANUEL COURTHOUSE,C,OTHER MOTOR VEHICLE,,0,0,A,DAYLIGHT,37.771826,-122.224131,,,,,A,NO PEDESTRIANS INVOLVED,6/16/2024 5:25:00 PM,A,VC 22350,False,1,I-880 S/B,,,6/24/2024 9:44:23 PM,A,N,1180.0,HIGH STREET,F,,D,6/24/2024 9:44:44 PM,6/24/2024 9:44:44 PM,False,True,4,,6/16/2024 5:26:00 PM,1726,False,,,True
2422354,9370-2024-01964,1,False,9370,6/15/2024 4:30:00 PM,1630,098,14,109,Oakland,1,True,True,C,REAR END,,Saturday,NotApplicable,False,,,False,True,False,ALAMEDA SUPERIOR COURT WILEY W. MANUEL COURTHOUSE,C,OTHER MOTOR VEHICLE,,0,0,A,DAYLIGHT,37.806468,-122.278916,,,,,A,NO PEDESTRIANS INVOLVED,6/15/2024 4:30:00 PM,A,VC 22350,True,1,I-980 W/B,,,6/24/2024 5:36:52 PM,A,E,225.0,12TH ST,F,,A,6/24/2024 5:36:55 PM,6/24/2024 5:36:55 PM,False,True,4,,6/15/2024 4:33:00 PM,1633,False,,False,True
2422352,9370-2024-01961,1,False,9370,6/15/2024 4:07:00 PM,1607,055,14,109,Oakland,1,True,True,C,REAR END,,Saturday,NotApplicable,False,,,False,True,False,ALAMEDA SUPERIOR COURT WILEY W. MANUEL COURTHOUSE,C,OTHER MOTOR VEHICLE,,0,0,A,DAYLIGHT,37.826759,-122.288159,,,,,A,NO PEDESTRIANS INVOLVED,6/15/2024 4:07:00 PM,A,VC 22350,False,,I-580 W/B,,,6/24/2024 5:32:48 PM,A,E,135.0,HANNAH ST,F,,D,6/24/2024 5:32:50 PM,6/24/2024 5:32:50 PM,False,True,4,,6/15/2024 4:10:00 PM,1610,False,,,True
2422295,9370-2024-01955,1,False,9370,6/14/2024 7:00:00 PM,1900,025,14,109,Oakland,1,True,True,C,REAR END,,Friday,NotApplicable,False,,,False,True,False,ALAMEDA SUPERIOR COURT WILEY W. MANUEL COURTHOUSE,C,OTHER MOTOR VEHICLE,,0,0,A,DAYLIGHT,37.830954,-122.267445,,,,,A,NO PEDESTRIANS INVOLVED,6/14/2024 7:00:00 PM,A,VC 22350,False,1,SR-24 W/B,,,6/24/2024 4:29:07 PM,A,E,450.0,40TH ST,F,,D,6/24/2024 4:29:08 PM,6/24/2024 4:29:08 PM,False,True,4,,6/14/2024 7:05:00 PM,1905,False,,,True
2422229,9370-2024-01949,1,False,9370,6/14/2024 1:40:00 PM,1340,176,14,109,Oakland,1,True,True,C,REAR END,,Friday,No,False,,,False,True,False,ALAMEDA SUPERIOR COURT WILEY W. MANUEL COURTHOUSE,C,OTHER MOTOR VEHICLE,,1,0,A,DAYLIGHT,37.77184,-122.224151,,,,,A,NO PEDESTRIANS INVOLVED,6/14/2024 1:40:00 PM,A,VC 22350,False,2,I-880 S/B,,,6/24/2024 3:24:42 PM,A,N,1702.0,HIGH STREET,F,,D,6/24/2024 3:24:46 PM,6/24/2024 3:24:46 PM,False,True,4,,6/14/2024 1:41:00 PM,1341,True,EMBEDDED,,True
2421281,9370-2024-01952,1,False,9370,6/14/2024 1:25:00 PM,1325,176,14,109,Oakland,1,True,True,C,REAR END,,Friday,NotApplicable,False,,,False,True,False,ALAMEDA SUPERIOR COURT WILEY W. MANUEL COURTHOUSE,C,OTHER MOTOR VEHICLE,,0,0,A,DAYLIGHT,37.73732,-122.193634,,,,,A,NO PEDESTRIANS INVOLVED,6/14/2024 1:25:00 PM,A,VC 22350,False,1,I-880 S/B,,,6/23/2024 10:00:46 PM,A,S,1320.0,HEGENBERGER RD,F,,D,6/23/2024 10:00:50 PM,6/23/2024 10:00:50 PM,False,True,4,,6/14/2024 1:26:00 PM,1326,False,,,True
2421259,9335-2024-01368,1,False,9335,6/15/2024 12:15:00 PM,1215,082,14,109,Oakland,1,True,True,C,REAR END,,Saturday,NotApplicable,False,,,False,True,False,ALAMEDA SUPERIOR COURT ALAMEDA,C,OTHER MOTOR VEHICLE,,0,0,A,DAYLIGHT,37.82475,-122.314947,,,,,A,NO PEDESTRIANS INVOLVED,6/15/2024 12:15:00 PM,A,VC 22350,False,1,I-80 WB,,,6/23/2024 2:01:20 PM,A,W,100.0,TOLL PLAZA,F,,A,6/23/2024 2:01:24 PM,6/23/2024 2:01:24 PM,False,True,4,,6/15/2024 12:25:00 PM,1225,False,,,True
2420699,9370-2024-02003,1,False,9370,6/13/2024 8:03:00 PM,2003,176,14,109,Oakland,1,True,True,B,SIDE SWIPE,,Thursday,NotApplicable,False,M,,False,True,False,ALAMEDA SUPERIOR COURT ALAMEDA,C,OTHER MOTOR VEHICLE,,0,0,B,DUSK-DAWN,37.754416,-122.207255,,,,,A,NO PEDESTRIANS INVOLVED,6/13/2024 8:03:00 PM,A,VC 22107,False,1,I-880 N/B FROM 66TH AVENUE,,,6/21/2024 8:30:58 PM,A,N,175.0,66TH AVENUE,F,,D,6/21/2024 8:30:59 PM,6/21/2024 8:30:59 PM,False,True,4,,6/13/2024 8:03:00 PM,2003,False,,,True
2420636,9370-2024-01992,1,False,9370,6/18/2024 11:00:00 AM,1100,054,14,109,Oakland,1,True,True,F,OVERTURNED,,Tuesday,NotApplicable,False,,,False,True,True,ALAMEDA SUPERIOR COURT WILEY W. MANUEL COURTHOUSE,A,NON-COLLISION,,0,0,A,DAYLIGHT,37.806998,-122.238212,,,,,A,NO PEDESTRIANS INVOLVED,6/18/2024 11:00:00 AM,A,VC 22107,False,1,I-580 W/B,,,6/21/2024 3:45:14 PM,A,E,1218.0,LAKESHORE AVENUE,F,,A,6/21/2024 3:45:17 PM,6/21/2024 3:45:17 PM,False,True,4,,6/18/2024 11:15:00 AM,1115,False,,True,False
2420624,9370-2024-01942,1,False,9370,6/13/2024 7:30:00 AM,730,008,14,109,Oakland,1,True,True,B,SIDE SWIPE,,Thursday,NotApplicable,False,,,False,True,False,ALAMEDA SUPERIOR COURT WILEY W. MANUEL COURTHOUSE,C,OTHER MOTOR VEHICLE,,0,0,A,DAYLIGHT,37.830375,-122.293434,,,,,A,NO PEDESTRIANS INVOLVED,6/13/2024 7:30:00 AM,A,VC 21658(A),False,1,I-80 E/B,,,6/21/2024 3:29:14 PM,A,W,2946.0,POWELL ST,F,,D,6/21/2024 3:29:17 PM,6/21/2024 3:29:17 PM,False,True,4,,6/13/2024 7:35:00 AM,735,False,,,True
2420620,9370-2024-01926,1,False,9370,6/12/2024 6:36:00 PM,1836,054,14,109,Oakland,1,True,True,B,SIDE SWIPE,,Wednesday,Yes,False,,,False,True,True,ALAMEDA SUPERIOR COURT WILEY W. MANUEL COURTHOUSE,C,OTHER MOTOR VEHICLE,,1,0,A,DAYLIGHT,37.81471,-122.251258,,,,,A,NO PEDESTRIANS INVOLVED,6/12/2024 6:36:00 PM,A,VC 21658(A),False,1,I-580 E/B,,,6/21/2024 3:23:59 PM,A,E,560.0,CHETWOOD ST,F,,D,6/21/2024 3:24:01 PM,6/21/2024 3:24:01 PM,False,True,4,,6/12/2024 6:40:00 PM,1840,False,,True,False
2420598,9370-2024-02009,1,False,9370,6/20/2024 9:05:00 AM,905,176,14,109,Oakland,1,True,True,C,REAR END,,Thursday,No,False,,,False,True,False,ALAMEDA SUPERIOR COURT WILEY W. MANUEL COURTHOUSE,C,OTHER MOTOR VEHICLE,,0,0,A,DAYLIGHT,37.772328,-122.2254,,,,,A,NO PEDESTRIANS INVOLVED,6/20/2024 9:05:00 AM,A,VC 22350,False,1,I-880 S/B,,,6/21/2024 2:51:46 PM,A,N,1454.0,HIGH ST,F,,A,6/21/2024 2:51:47 PM,6/21/2024 2:51:47 PM,False,True,4,,6/20/2024 9:10:00 AM,910,False,,True,
2420593,9370-2024-01935,1,False,9370,6/12/2024 5:36:00 PM,1736,176,14,109,Oakland,1,True,True,C,REAR END,,Wednesday,NotApplicable,False,,,False,True,True,ALAMEDA SUPERIOR COURT ALAMEDA,C,OTHER MOTOR VEHICLE,,0,0,A,DAYLIGHT,37.773941,-122.229753,,,,,A,NO PEDESTRIANS INVOLVED,6/12/2024 5:36:00 PM,A,VC 22350,False,1,I-880 N/B,,,6/21/2024 2:47:43 PM,A,S,539.09,29TH AVENUE,F,,D,6/21/2024 2:47:46 PM,6/21/2024 2:47:46 PM,False,True,4,,6/12/2024 5:41:00 PM,1741,False,,True,True
2420588,9370-2024-01936,1,False,9370,6/12/2024 5:35:00 PM,1735,176,14,109,Oakland,1,True,True,C,REAR END,,Wednesday,NotApplicable,False,,,False,True,False,ALAMEDA SUPERIOR COURT ALAMEDA,C,OTHER MOTOR VEHICLE,,0,0,A,DAYLIGHT,37.773941,-122.229758,,,,,A,NO PEDESTRIANS INVOLVED,6/12/2024 5:35:00 PM,A,VC 22350,False,1,I-880 N/B,,,6/21/2024 2:40:35 PM,A,S,540.5,29TH AVENUE,F,,D,6/21/2024 2:40:38 PM,6/21/2024 2:40:38 PM,False,True,4,,6/12/2024 5:40:00 PM,1740,False,,,True
2420530,9370-2024-01884,1,False,9370,6/8/2024 2:12:00 PM,1412,025,14,109,Oakland,1,True,True,C,REAR END,,Saturday,NotApplicable,False,,,False,True,False,ALAMEDA SUPERIOR COURT WILEY W. MANUEL COURTHOUSE,C,OTHER MOTOR VEHICLE,,0,0,A,DAYLIGHT,37.841773,-122.261397,,,,,A,NO PEDESTRIANS INVOLVED,6/8/2024 2:12:00 PM,A,VC 22350,False,1,SR-24 W/B TO TELEGRAPH AVENUE,,,6/21/2024 1:35:22 PM,A,E,39.0,TELEGRAPH AVENUE,F,,D,6/21/2024 1:35:24 PM,6/21/2024 1:35:24 PM,False,True,4,,6/8/2024 2:25:00 PM,1425,False,,,True
2420430,9370-2024-01930,1,False,9370,6/11/2024 8:15:00 AM,815,008,14,109,Oakland,1,True,True,B,SIDE SWIPE,,Tuesday,Yes,False,,,False,True,False,ALAMEDA SUPERIOR COURT WILEY W. MANUEL COURTHOUSE,C,OTHER MOTOR VEHICLE,,0,0,A,DAYLIGHT,37.825528,-122.306419,,,,,A,NO PEDESTRIANS INVOLVED,6/11/2024 8:15:00 AM,A,VC 23152(F),False,1,I-80 W/B,,,6/21/2024 11:59:06 AM,A,E,300.0,WEST GRAND AVENUE,F,,D,6/21/2024 11:59:08 AM,6/21/2024 11:59:08 AM,False,True,4,,6/11/2024 8:20:00 AM,820,False,,,True
2420410,9370-2024-01916,1,False,9370,6/11/2024 11:35:00 AM,1135,052,14,109,Oakland,1,True,True,E,HIT OBJECT,,Tuesday,Yes,False,,,False,True,True,ALAMEDA SUPERIOR COURT WILEY W. MANUEL COURTHOUSE,I,FIXED OBJECT,LIGHT POLE,2,0,A,DAYLIGHT,37.759274,-122.148111,,,,,A,NO PEDESTRIANS INVOLVED,6/11/2024 11:35:00 AM,A,VC 22107,False,1,I-580 E/B,,,6/21/2024 11:35:42 AM,A,W,180.0,TWIN OAKS WAY,F,,A,6/21/2024 11:35:45 AM,6/21/2024 11:35:45 AM,False,True,4,False,6/11/2024 11:44:00 AM,1144,False,,True,True
2420397,9345-2024-02312,1,False,9345,6/18/2024 11:15:00 PM,2315,901,14,109,Oakland,1,True,True,E,HIT OBJECT,,Tuesday,NotApplicable,False,M,,False,False,True,ALAMEDA SUPERIOR COURT WILEY W. MANUEL COURTHOUSE,I,FIXED OBJECT,RAISED CONCRETE MEDIAN,0,0,C,DARK-STREET LIGHTS,37.732681,-122.187028,,,,,A,NO PEDESTRIANS INVOLVED,6/18/2024 11:15:00 PM,A,VC 22350,False,1,98TH AVE,,,6/21/2024 11:25:22 AM,A,E,98.0,I-880 N/B,F,,D,6/21/2024 11:25:25 AM,6/21/2024 11:25:25 AM,False,False,4,,6/18/2024 11:15:00 PM,2315,False,,,True
2419796,9370-2024-01931,1,False,9370,6/13/2024 12:46:00 PM,1246,176,14,109,Oakland,1,True,True,B,SIDE SWIPE,,Thursday,No,False,,,False,True,False,ALAMEDA SUPERIOR COURT WILEY W. MANUEL COURTHOUSE,C,OTHER MOTOR VEHICLE,,0,0,A,DAYLIGHT,37.770225,-122.22149,,,,,A,NO PEDESTRIANS INVOLVED,6/13/2024 12:46:00 PM,A,VC 21658(A),False,1,I-880 N/B,,,6/20/2024 7:40:18 PM,A,N,746.0,HIGH STREET,F,,D,6/20/2024 7:40:20 PM,6/20/2024 7:40:20 PM,False,True,4,,6/13/2024 12:48:00 PM,1248,True,EMBEDDED,,True
2419761,9370-2024-01562,1,False,9370,5/14/2024 11:20:00 AM,1120,176,14,109,Oakland,1,True,True,B,SIDE SWIPE,,Tuesday,NotApplicable,False,M,,False,True,False,ALAMEDA SUPERIOR COURT ALAMEDA,C,OTHER MOTOR VEHICLE,,0,0,A,DAYLIGHT,37.743649,-122.199124,,,,,A,NO PEDESTRIANS INVOLVED,5/14/2024 11:20:00 AM,A,VC 21658(A),False,1,I-880 S/B,,,6/20/2024 5:06:37 PM,A,S,1264.04,HEGENBERGER RD,F,,D,6/20/2024 5:06:39 PM,6/20/2024 5:06:39 PM,False,True,4,,5/14/2024 11:25:00 AM,1125,False,,,True
2419493,9370-2024-01792,2,False,9370,5/31/2024 10:39:00 PM,2239,901,14,109,Oakland,1,True,True,B,SIDE SWIPE,,Friday,NotApplicable,False,,,False,False,True,ALAMEDA SUPERIOR COURT WILEY W. MANUEL COURTHOUSE,E,PARKED MOTOR VEHICLE,,0,0,C,DARK-STREET LIGHTS,37.825981,-122.278148,,,,,A,NO PEDESTRIANS INVOLVED,5/31/2024 10:39:00 PM,A,VC 22107,False,1,SAN PABLO AVE (3400 BLOCK),,,6/21/2024 11:48:43 AM,A,S,114.0,35TH STREET,F,,A,6/20/2024 12:51:47 PM,6/21/2024 11:48:44 AM,False,False,4,,5/31/2024 10:40:00 PM,2240,False,,,True
2418868,9370-2024-01928,1,False,9370,6/13/2024 2:30:00 AM,230,053,14,109,Oakland,1,True,True,H,OTHER,DOG,Thursday,NotApplicable,False,,,False,True,False,ALAMEDA SUPERIOR COURT WILEY W. MANUEL COURTHOUSE,H,ANIMAL,DOG,0,0,D,DARK-NO STREET LIGHTS,37.786423,-122.195305,,,,,A,NO PEDESTRIANS INVOLVED,6/13/2024 2:30:00 AM,C,,,,I-580 E/B,,,6/19/2024 7:30:30 PM,A,E,182.0,HIGH ST,F,,D,6/19/2024 7:30:32 PM,6/19/2024 7:30:32 PM,False,True,4,,6/13/2024 2:50:00 AM,250,False,,,
2418865,9370-2024-01925,1,False,9370,6/12/2024 5:40:00 PM,1740,024,14,109,Oakland,1,True,True,C,REAR END,,Wednesday,NotApplicable,False,,,False,True,False,ALAMEDA SUPERIOR COURT WILEY W. MANUEL COURTHOUSE,C,OTHER MOTOR VEHICLE,,0,0,A,DAYLIGHT,37.851108,-122.22311,,,,,A,NO PEDESTRIANS INVOLVED,6/12/2024 5:40:00 PM,A,VC 22350,False,1,SR-24 W/B,,,6/19/2024 7:25:10 PM,A,E,284.7,FWY OVERPASS,F,,D,6/19/2024 7:25:13 PM,6/19/2024 7:25:13 PM,False,True,4,,6/12/2024 5:45:00 PM,1745,False,,,True
2418854,9370-2024-01912,1,False,9370,6/10/2024 7:00:00 PM,1900,054,14,109,Oakland,1,True,True,E,HIT OBJECT,,Monday,Yes,False,,,False,True,True,ALAMEDA SUPERIOR COURT WILEY W. MANUEL COURTHOUSE,I,FIXED OBJECT,CONCRETE CENTER DIVIDE,1,0,A,DAYLIGHT,37.803295,-122.232157,,,,,A,NO PEDESTRIANS INVOLVED,6/10/2024 7:00:00 PM,A,VC 23152(a),True,1,I-580 W/B,,,6/19/2024 6:09:16 PM,A,E,505.0,PARK BLVD,F,,D,6/19/2024 6:09:18 PM,6/19/2024 6:09:18 PM,False,True,4,,6/10/2024 7:09:00 PM,1909,False,,,True
2418797,9370-2024-01868,1,False,9370,6/6/2024 7:55:00 AM,755,053,14,109,Oakland,1,True,True,B,SIDE SWIPE,,Thursday,NotApplicable,False,M,,False,True,False,ALAMEDA SUPERIOR COURT WILEY W. MANUEL COURTHOUSE,C,OTHER MOTOR VEHICLE,,0,0,A,DAYLIGHT,37.795548,-122.207791,,,,,A,NO PEDESTRIANS INVOLVED,6/6/2024 7:55:00 AM,A,VC 21658(A),False,1,I-580 W/B,,,6/19/2024 3:57:54 PM,A,E,850.0,COOLIDGE AVE,F,,A,6/19/2024 3:57:55 PM,6/19/2024 3:57:55 PM,False,True,4,,6/6/2024 8:14:00 AM,814,False,,,True
2418789,9370-2024-01905,1,False,9370,6/9/2024 12:40:00 AM,40,008,14,109,Oakland,1,True,True,B,SIDE SWIPE,,Sunday,NotApplicable,False,M,,False,True,False,ALAMEDA SUPERIOR COURT WILEY W. MANUEL COURTHOUSE,C,OTHER MOTOR VEHICLE,,0,0,C,DARK-STREET LIGHTS,37.825358,-122.303392,,,,,A,NO PEDESTRIANS INVOLVED,6/9/2024 12:40:00 AM,A,VC 22107,False,1,I-580 E/B,,,6/19/2024 3:52:21 PM,A,E,1785.0,WEST GRAND AVENUE,F,,D,6/19/2024 3:52:24 PM,6/19/2024 3:52:24 PM,False,True,4,,6/9/2024 12:44:00 AM,44,False,,,True
2418770,9370-2024-01914,1,False,9370,6/11/2024 6:15:00 PM,1815,176,14,109,Oakland,1,True,True,B,SIDE SWIPE,,Tuesday,NotApplicable,False,,,False,True,False,ALAMEDA SUPERIOR COURT WILEY W. MANUEL COURTHOUSE,C,OTHER MOTOR VEHICLE,,1,0,A,DAYLIGHT,37.774938,-122.233241,,,,,A,NO PEDESTRIANS INVOLVED,6/11/2024 6:15:00 PM,A,VC 21658(A),False,1,I-880 SOUTHBOUND,,,6/19/2024 3:42:43 PM,A,N,1625.0,FRUITVALE AVE,F,,D,6/19/2024 3:42:45 PM,6/19/2024 3:42:45 PM,False,True,4,,6/11/2024 6:20:00 PM,1820,False,,True,True
2418762,9370-2024-01859,1,False,9370,6/6/2024 5:21:00 PM,1721,177,14,109,Oakland,1,True,True,B,SIDE SWIPE,,Thursday,Yes,False,M,,False,True,True,ALAMEDA SUPERIOR COURT WILEY W. MANUEL COURTHOUSE,C,OTHER MOTOR VEHICLE,,1,0,A,DAYLIGHT,37.782493,-122.239298,,,,,A,NO PEDESTRIANS INVOLVED,6/6/2024 5:21:00 PM,A,VC 21658(A),False,1,I-880 N/B,,,6/19/2024 3:35:34 PM,A,N,812.0,23RD AVE,F,,D,6/19/2024 3:35:36 PM,6/19/2024 3:35:36 PM,False,True,4,,6/6/2024 5:30:00 PM,1730,False,,,True
2418747,9370-2024-01843,1,False,9370,6/5/2024 1:10:00 PM,1310,054,14,109,Oakland,1,True,True,C,REAR END,,Wednesday,NotApplicable,False,,,False,True,False,ALAMEDA SUPERIOR COURT WILEY W. MANUEL COURTHOUSE,C,OTHER MOTOR VEHICLE,,0,0,A,DAYLIGHT,37.813743,-122.250701,,,,,A,NO PEDESTRIANS INVOLVED,6/5/2024 1:10:00 PM,A,VC 22350,False,1,I-580 W/B,,,6/19/2024 3:18:03 PM,A,E,925.88,HARRISON ST,F,,D,6/19/2024 3:18:05 PM,6/19/2024 3:18:05 PM,False,True,4,,6/5/2024 1:12:00 PM,1312,False,,,True
2418726,9370-2024-01758,1,False,9370,5/31/2024 4:55:00 PM,1655,177,14,109,Oakland,1,True,True,H,OTHER,BACKING,Friday,NotApplicable,False,M,,False,True,False,ALAMEDA SUPERIOR COURT WILEY W. MANUEL COURTHOUSE,C,OTHER MOTOR VEHICLE,,0,0,A,DAYLIGHT,37.802135,-122.298701,,,,,A,NO PEDESTRIANS INVOLVED,5/31/2024 4:55:00 PM,A,VC 22106,False,1,I-880 S/B,,,6/19/2024 2:43:50 PM,A,N,200.0,BROADWAY,F,,D,6/19/2024 2:43:52 PM,6/19/2024 2:43:52 PM,False,True,4,,5/31/2024 5:10:00 PM,1710,False,,,True
2418238,9370-2024-01903,1,False,9370,6/7/2024 9:32:00 PM,2132,054,14,109,Oakland,1,True,True,B,SIDE SWIPE,,Friday,Yes,False,,,False,True,False,ALAMEDA SUPERIOR COURT WILEY W. MANUEL COURTHOUSE,C,OTHER MOTOR VEHICLE,,0,0,D,DARK-NO STREET LIGHTS,37.821989,-122.259507,,,,,A,NO PEDESTRIANS INVOLVED,6/7/2024 9:32:00 PM,A,VC 21658(a) VC,True,1,I-580 E/B,,,6/19/2024 8:40:38 AM,A,W,443.56,HARRISON STREET,F,,D,6/19/2024 8:40:41 AM,6/19/2024 8:40:41 AM,False,True,4,,6/7/2024 9:40:00 PM,2140,True,WMVARS,,True
2417852,9370-2024-01892,1,False,9370,6/8/2024 4:05:00 PM,1605,024,14,109,Oakland,1,True,True,C,REAR END,,Saturday,NotApplicable,False,,,False,True,False,ALAMEDA SUPERIOR COURT WILEY W. MANUEL COURTHOUSE,C,OTHER MOTOR VEHICLE,,1,0,A,DAYLIGHT,37.849247,-122.230934,,,,,A,NO PEDESTRIANS INVOLVED,6/8/2024 4:05:00 PM,A,VC 22350,False,1,SR-24 W/B TO SR-13 S/B,,,6/18/2024 6:16:36 PM,A,W,180.0,SR-13 S/B,F,,D,6/18/2024 6:16:40 PM,6/18/2024 6:16:40 PM,False,True,4,,6/8/2024 4:10:00 PM,1610,False,,,True