collision-id,report-number,report-version,is-preliminary,ncic-code,crash-date-time,crash-time-description,beat,city-id,city-code,city-name,county-code,city-is-active,city-is-incorporated,collision-type-code,collision-type-description,collision-type-other-desc,day-of-week,dispatch-notified,has-photographs,hit-run,is-attachments-mailed,is-deleted,is-highway-related,is-tow-away,judicial-district,motor-vehicle-involved-with-code,motor-vehicle-involved-with-desc,motor-vehicle-involved-with-other-desc,number-injured,number-killed,lighting-code,lighting-description,latitude,longitude,milepost-direction,milepost-distance,milepost-marker,milepost-unit-of-measure,pedestrian-action-code,pedestrian-action-desc,prepared-date,primary-collision-factor-code,primary-collision-factor-description,primary-collision-factor-is-cited,primary-collision-party-number,primary-road,reporting-district,reporting-district-code,reviewed-date,roadway-surface-code,secondary-direction,secondary-distance,secondary-road,secondary-unit-of-measure,sketch-desc,traffic-control-device-code,created-date,modified-date,is-county-road,is-freeway,chp-555-version,is-additonal-object-struck,notification-date,notification-time-description,has-digital-media-files,evidence-number,is-location-refer-to-narrative,is-aoi-one-same-as-location
2417808,9370-2024-01842,2,False,9370,6/5/2024 4:28:00 PM,1628,177,14,109,Oakland,1,True,True,B,SIDE SWIPE,,Wednesday,NotApplicable,False,M,,False,True,False,ALAMEDA SUPERIOR COURT WILEY W. MANUEL COURTHOUSE,C,OTHER MOTOR VEHICLE,,0,0,A,DAYLIGHT,37.793434,-122.264071,,,,,A,NO PEDESTRIANS INVOLVED,6/5/2024 4:28:00 PM,A,VC 21658(A),False,1,I-880 S/B,,,8/29/2024 6:23:08 PM,A,S,840.0,OAK STREET,F,,D,6/18/2024 4:09:40 PM,8/29/2024 6:23:10 PM,False,True,4,,6/5/2024 4:37:00 PM,1637,False,,,True
2417787,9370-2024-01906,1,False,9370,6/10/2024 3:55:00 AM,355,008,14,109,Oakland,1,True,True,A,HEAD-ON,,Monday,Yes,False,,,False,True,True,ALAMEDA SUPERIOR COURT WILEY W. MANUEL COURTHOUSE,I,FIXED OBJECT,ATTENUATOR,1,0,C,DARK-STREET LIGHTS,37.82475,-122.313705,,,,,A,NO PEDESTRIANS INVOLVED,6/10/2024 3:55:00 AM,A,VC 22350,False,1,I-80 W/B,,,6/18/2024 3:48:25 PM,A,W,2182.0,I-880 N/B TO I-80 W/B,F,,A,6/18/2024 3:48:26 PM,6/18/2024 3:48:26 PM,False,True,4,,6/10/2024 4:00:00 AM,400,False,,,True
2417739,9370-2024-01861,1,False,9370,6/6/2024 5:45:00 PM,1745,055,14,109,Oakland,1,True,True,C,REAR END,,Thursday,Yes,False,,,False,True,False,ALAMEDA SUPERIOR COURT WILEY W. MANUEL COURTHOUSE,C,OTHER MOTOR VEHICLE,,1,0,A,DAYLIGHT,37.827115,-122.28565,,,,,A,NO PEDESTRIANS INVOLVED,6/6/2024 5:45:00 PM,A,VC 22350,False,1,I-580 W/B TO I-80 E/B,,,6/18/2024 3:16:00 PM,A,W,654.0,HOLLIS ST,F,,D,6/18/2024 3:16:01 PM,6/18/2024 3:16:01 PM,False,True,4,,6/6/2024 5:51:00 PM,1751,False,,,True
2417735,9370-2024-01901,1,False,9370,6/6/2024 11:19:00 AM,1119,055,14,109,Oakland,1,True,True,C,REAR END,,Thursday,NotApplicable,False,,,False,True,False,ALAMEDA SUPERIOR COURT WILEY W. MANUEL COURTHOUSE,C,OTHER MOTOR VEHICLE,,1,0,A,DAYLIGHT,37.822758,-122.262078,,,,,A,NO PEDESTRIANS INVOLVED,6/6/2024 11:19:00 AM,A,VC 22350,False,,I-580 E/B,,,6/18/2024 3:09:33 PM,A,E,360.0,TELEGRAPH AVE,F,,D,6/18/2024 3:09:37 PM,6/18/2024 3:09:37 PM,False,True,4,,6/6/2024 11:21:00 AM,1121,True,AREA PHOTO FILE,,True
2417489,24-001014,1,False,3300,6/11/2024 10:55:00 AM,1055,A3,14,109,Oakland,1,True,True,B,SIDE SWIPE,,Tuesday,Yes,True,,,False,False,False,RENE C. DAVIDSON COURTHOUSE,C,OTHER MOTOR VEHICLE,,,,A,DAYLIGHT,,,,,,,A,NO PEDESTRIANS INVOLVED,,A,21807 VC,False,1,1451 7TH ST,02Y,,,A,,,CENTER ST,,,A,6/18/2024 12:31:22 PM,6/18/2024 12:31:22 PM,,,4,,,,,,,
2417450,9370-2024-01927,1,False,9370,6/12/2024 9:00:00 PM,2100,008,14,109,Oakland,1,True,True,C,REAR END,,Wednesday,NotApplicable,False,M,,False,True,False,ALAMEDA SUPERIOR COURT WILEY W. MANUEL COURTHOUSE,C,OTHER MOTOR VEHICLE,,0,0,D,DARK-NO STREET LIGHTS,37.824434,-122.310201,,,,,A,NO PEDESTRIANS INVOLVED,6/12/2024 9:00:00 PM,A,VC 22350,False,1,I-80 E/B,,,6/18/2024 12:08:18 PM,A,W,168.0,W. GRAND AVENUE OVERCROSSING,F,,D,6/18/2024 12:08:44 PM,6/18/2024 12:08:44 PM,False,True,4,,6/12/2024 9:03:00 PM,2103,False,,,True
2417426,9370-2024-01979,1,False,9370,6/17/2024 1:20:00 PM,1320,025,14,109,Oakland,1,True,True,C,REAR END,,Monday,NotApplicable,False,,,False,True,False,ALAMEDA SUPERIOR COURT WILEY W. MANUEL COURTHOUSE,C,OTHER MOTOR VEHICLE,,0,0,A,DAYLIGHT,37.834008,-122.266736,,,,,A,NO PEDESTRIANS INVOLVED,6/17/2024 1:20:00 PM,A,VC 22350,False,1,SR-24 W/B FROM SHATTUCK AVENUE,,,6/18/2024 11:49:21 AM,A,E,130.0,42ND STREET,F,,D,6/18/2024 11:49:45 AM,6/18/2024 11:49:45 AM,False,True,4,,6/17/2024 1:30:00 PM,1330,False,,,True
2416644,9370-2024-01852,1,False,9370,6/6/2024 11:10:00 AM,1110,178,14,109,Oakland,1,True,True,F,OVERTURNED,,Thursday,NotApplicable,False,,,False,True,True,ALAMEDA SUPERIOR COURT WILEY W. MANUEL COURTHOUSE,A,NON-COLLISION,,1,0,A,DAYLIGHT,37.814504,-122.301132,,,,,A,NO PEDESTRIANS INVOLVED,6/6/2024 11:10:00 AM,C,,,,I-880 S/B,,,6/17/2024 6:48:21 PM,A,N,2590.0,7TH STREET,F,,D,6/17/2024 6:48:23 PM,6/17/2024 6:48:23 PM,False,True,4,,6/6/2024 11:18:00 AM,1118,False,,,
2416612,9370-2024-01703,1,False,9370,5/26/2024 3:55:00 PM,1555,055,14,109,Oakland,1,True,True,B,SIDE SWIPE,,Sunday,NotApplicable,False,M,,False,True,True,ALAMEDA SUPERIOR COURT WILEY W. MANUEL COURTHOUSE,C,OTHER MOTOR VEHICLE,,0,0,A,DAYLIGHT,37.822319,-122.259826,,,,,A,NO PEDESTRIANS INVOLVED,5/26/2024 3:55:00 PM,A,VC 21658(a),False,1,I-580 W/B,,,6/17/2024 4:51:12 PM,A,E,15.0,BROADWAY,F,,D,6/17/2024 4:51:13 PM,6/17/2024 4:51:13 PM,False,True,4,,5/26/2024 4:00:00 PM,1600,False,,,True
2416593,9370-2024-01821,1,False,9370,6/4/2024 8:00:00 AM,800,053,14,109,Oakland,1,True,True,C,REAR END,,Tuesday,NotApplicable,False,,,False,True,False,ALAMEDA SUPERIOR COURT WILEY W. MANUEL COURTHOUSE,C,OTHER MOTOR VEHICLE,,0,0,A,DAYLIGHT,37.775977,-122.16325,,,,,A,NO PEDESTRIANS INVOLVED,6/4/2024 8:00:00 AM,A,VC 22350,False,1,I-580 E/B,,,6/17/2024 4:36:59 PM,A,E,270.0,EDWARDS AVE,F,,D,6/17/2024 4:37:00 PM,6/17/2024 4:37:00 PM,False,True,4,,6/4/2024 8:21:00 AM,821,False,,,True
2416589,9370-2024-01836,1,False,9370,6/5/2024 12:14:00 PM,1214,008,14,109,Oakland,1,True,True,B,SIDE SWIPE,,Wednesday,NotApplicable,False,,,False,True,False,ALAMEDA SUPERIOR COURT WILEY W. MANUEL COURTHOUSE,C,OTHER MOTOR VEHICLE,,0,0,A,DAYLIGHT,37.82842,-122.29486,,,,,A,NO PEDESTRIANS INVOLVED,6/5/2024 12:14:00 PM,A,21658(A)VC,True,,I-80 W/B,,,6/17/2024 4:34:38 PM,A,W,0.75,POWELL ST,M,,D,6/17/2024 4:34:40 PM,6/17/2024 4:34:40 PM,False,True,4,False,6/5/2024 12:28:00 PM,1228,False,,,True
2416535,9370-2024-01790,1,False,9370,6/1/2024 2:47:00 PM,1447,008,14,109,Oakland,1,True,True,C,REAR END,,Saturday,NotApplicable,False,M,,False,True,False,ALAMEDA SUPERIOR COURT WILEY W. MANUEL COURTHOUSE,C,OTHER MOTOR VEHICLE,,0,0,A,DAYLIGHT,37.825054,-122.313528,,,,,A,NO PEDESTRIANS INVOLVED,6/1/2024 2:47:00 PM,A,VC 21658(A),False,1,I-80 W/B,,,6/17/2024 3:27:48 PM,A,W,1160.0,WEST GRAND AVE,F,,D,6/17/2024 3:27:51 PM,6/17/2024 3:27:51 PM,False,True,4,,6/1/2024 3:00:00 PM,1500,False,,,True
2416493,9370-2024-01674,1,False,9370,5/24/2024 6:45:00 PM,1845,024,14,109,Oakland,1,True,True,C,REAR END,,Friday,NotApplicable,False,,,False,True,False,ALAMEDA SUPERIOR COURT WILEY W. MANUEL COURTHOUSE,C,OTHER MOTOR VEHICLE,,2,0,A,DAYLIGHT,37.8309,-122.267282,,,,,A,NO PEDESTRIANS INVOLVED,5/24/2024 6:45:00 PM,A,VC 22107,False,1,I-580 W/B FROM SHATTUCK AVENUE,,,6/17/2024 2:44:35 PM,A,W,100.0,42ND ST,F,,D,6/17/2024 2:44:37 PM,6/17/2024 2:44:37 PM,False,True,4,,5/24/2024 6:50:00 PM,1850,False,,,True
2416471,9370-2024-01863,1,False,9370,6/6/2024 10:10:00 PM,2210,055,14,109,Oakland,1,True,True,B,SIDE SWIPE,,Thursday,NotApplicable,False,,,False,True,False,ALAMEDA SUPERIOR COURT WILEY W. MANUEL COURTHOUSE,C,OTHER MOTOR VEHICLE,,0,0,D,DARK-NO STREET LIGHTS,37.826369,-122.289746,,,,,A,NO PEDESTRIANS INVOLVED,6/6/2024 10:10:00 PM,A,VC 21658(A),False,1,I-580 E/B,,,6/17/2024 2:22:42 PM,A,E,74.0,MANDELA PARKWAY,F,,D,6/17/2024 2:22:44 PM,6/17/2024 2:22:44 PM,False,True,4,,6/6/2024 10:15:00 PM,2215,False,,,True
2416460,9370-2024-01854,1,False,9370,4/25/2024 6:35:00 AM,635,008,14,109,Oakland,1,True,True,C,REAR END,,Thursday,NotApplicable,False,M,,False,True,False,ALAMEDA SUPERIOR COURT WILEY W. MANUEL COURTHOUSE,C,OTHER MOTOR VEHICLE,,0,0,A,DAYLIGHT,37.825273,-122.313573,,,,,A,NO PEDESTRIANS INVOLVED,4/25/2024 6:35:00 AM,A,VC 22350,False,1,I-80 W/B,,,6/17/2024 2:15:50 PM,A,E,70.0,W. EDGE OF SFOBB TOLL PLAZA,F,,D,6/17/2024 2:15:52 PM,6/17/2024 2:15:52 PM,False,True,4,,5/18/2024 5:00:00 PM,1700,False,,,True
2416455,9370-2024-01880,1,False,9370,6/6/2024 6:30:00 PM,1830,176,14,109,Oakland,1,True,True,B,SIDE SWIPE,,Thursday,NotApplicable,False,,,False,True,True,ALAMEDA SUPERIOR COURT WILEY W. MANUEL COURTHOUSE,C,OTHER MOTOR VEHICLE,,0,0,A,DAYLIGHT,37.761276,-122.214456,,,,,A,NO PEDESTRIANS INVOLVED,6/6/2024 6:30:00 PM,A,VC 22350,False,1,I-880 N/B,,,6/17/2024 2:10:08 PM,A,N,3236.21,66TH AVE,F,,D,6/17/2024 2:10:10 PM,6/17/2024 2:10:10 PM,False,True,4,,6/6/2024 6:35:00 PM,1835,False,,,True
2416295,9370-2024-01830,1,False,9370,6/4/2024 5:35:00 PM,1735,052,14,109,Oakland,1,True,True,C,REAR END,,Tuesday,NotApplicable,False,M,,False,True,False,ALAMEDA SUPERIOR COURT ALAMEDA,C,OTHER MOTOR VEHICLE,,0,0,A,DAYLIGHT,37.78387,-122.181823,,,,,A,NO PEDESTRIANS INVOLVED,6/4/2024 5:35:00 PM,A,VC 22350,False,1,I-580 E/B,,,6/17/2024 12:06:25 PM,A,W,316.19,KUHNLE AVE U/C,F,,D,6/17/2024 12:06:27 PM,6/17/2024 12:06:27 PM,False,True,4,,6/4/2024 5:45:00 PM,1745,False,,,True
2416270,9370-2024-01866,1,False,9370,6/5/2024 5:00:00 PM,1700,024,14,109,Oakland,1,True,True,B,SIDE SWIPE,,Wednesday,NotApplicable,False,,,False,True,False,ALAMEDA SUPERIOR COURT WILEY W. MANUEL COURTHOUSE,I,FIXED OBJECT,CONCRETE BARRIER,0,0,A,DAYLIGHT,37.845501,-122.249732,,,,,A,NO PEDESTRIANS INVOLVED,6/5/2024 5:00:00 PM,A,VC 22107,False,1,SR-24 WESTBOUND,,,6/17/2024 11:47:14 AM,A,W,600.0,BROADWAY,F,,D,6/17/2024 11:47:18 AM,6/17/2024 11:47:18 AM,False,True,4,False,6/5/2024 5:05:00 PM,1705,False,,,True
2416207,9370-2024-01938,1,False,9370,6/13/2024 7:10:00 PM,1910,023,14,109,Oakland,1,True,True,B,SIDE SWIPE,,Thursday,NotApplicable,False,,,False,True,False,ALAMEDA SUPERIOR COURT WILEY W. MANUEL COURTHOUSE,C,OTHER MOTOR VEHICLE,,0,0,A,DAYLIGHT,37.855471,-122.217117,,,,,A,NO PEDESTRIANS INVOLVED,6/13/2024 7:10:00 PM,A,VC 21658(A),False,,SR-24 W/B,,,6/17/2024 10:57:32 AM,A,E,2430.0,KAY RD,F,,D,6/17/2024 10:57:34 AM,6/17/2024 10:57:34 AM,False,True,4,,6/13/2024 7:20:00 PM,1920,False,,,True
2415713,9335-2024-01348,1,False,9335,6/11/2024 6:08:00 PM,1808,082,14,109,Oakland,1,True,True,B,SIDE SWIPE,,Tuesday,NotApplicable,False,M,,False,True,False,ALAMEDA SUPERIOR COURT ALAMEDA,C,OTHER MOTOR VEHICLE,,0,0,A,DAYLIGHT,37.824388,-122.314979,,,,,A,NO PEDESTRIANS INVOLVED,6/11/2024 6:08:00 PM,B,UNSAFE MERGE,,1,I-80 W/B,,,6/16/2024 6:46:35 PM,A,W,337.0,SAN FRANCISCO/OAKLAND BAY BRIDGE TOLL PLAZA,F,,D,6/16/2024 6:46:38 PM,6/16/2024 6:46:38 PM,False,True,4,,6/11/2024 6:10:00 PM,1810,False,,,
2415695,9335-2024-01337,1,False,9335,6/10/2024 8:50:00 AM,850,082,14,109,Oakland,1,True,True,E,HIT OBJECT,,Monday,Yes,False,,,False,True,False,ALAMEDA SUPERIOR COURT ALAMEDA,I,FIXED OBJECT,CONCRETE WALL,0,0,A,DAYLIGHT,37.824916,-122.313948,,,,,A,NO PEDESTRIANS INVOLVED,6/10/2024 8:50:00 AM,A,VC 21658(A),False,1,I-80 W/B,,,6/16/2024 1:40:33 PM,A,W,3.0,THE WEST EDGE OF THE SFOBB TOLL PLAZA,F,,A,6/16/2024 1:40:35 PM,6/16/2024 1:40:35 PM,False,True,4,,6/10/2024 8:55:00 AM,855,True,EMBEDDED,,True
2415026,9370-2024-01824,1,False,9370,6/4/2024 2:15:00 PM,1415,052,14,109,Oakland,1,True,True,C,REAR END,,Tuesday,NotApplicable,False,,,False,True,False,ALAMEDA SUPERIOR COURT WILEY W. MANUEL COURTHOUSE,C,OTHER MOTOR VEHICLE,,3,0,A,DAYLIGHT,37.77866,-122.169543,,,,,A,NO PEDESTRIANS INVOLVED,6/4/2024 2:15:00 PM,A,VC 22350,False,1,I-580 E/B FROM SEMINARY AVENUE,,,6/14/2024 1:42:58 PM,A,E,650.0,SEMINARY AVENUE,F,,D,6/14/2024 1:43:02 PM,6/14/2024 1:43:02 PM,False,True,4,,6/4/2024 2:20:00 PM,1420,False,,,True
2414867,9335-2024-00475,1,False,9335,2/29/2024 12:06:00 PM,1206,084,14,109,Oakland,1,True,True,E,HIT OBJECT,,Thursday,NotApplicable,False,,,False,True,False,ALAMEDA SUPERIOR COURT WILEY W. MANUEL COURTHOUSE,I,FIXED OBJECT,METAL ATENUATOR,2,0,A,DAYLIGHT,37.823654,-122.31434,,,,,A,NO PEDESTRIANS INVOLVED,2/29/2024 12:06:00 PM,A,VC 22107,False,1,I-80 EASTBOUND,,,6/14/2024 10:31:21 AM,B,W,120.0,THE SFOBB TOLL PLAZA,F,,D,6/14/2024 10:31:26 AM,6/14/2024 10:31:26 AM,False,True,4,,2/29/2024 12:15:00 PM,1215,True,EMBEDDED,,False
2414834,9335-2024-00977,1,False,9335,4/30/2024 5:44:00 AM,544,082,14,109,Oakland,1,True,True,B,SIDE SWIPE,,Tuesday,NotApplicable,False,M,,False,True,True,ALAMEDA SUPERIOR COURT WILEY W. MANUEL COURTHOUSE,C,OTHER MOTOR VEHICLE,,0,0,C,DARK-STREET LIGHTS,37.8245,-122.313879,,,,,A,NO PEDESTRIANS INVOLVED,4/30/2024 5:44:00 AM,A,VC 21658(A),False,1,I-80 W/B,,,6/14/2024 9:58:18 AM,A,W,50.0,SFOBB TOLL PLAZA,F,,D,6/14/2024 9:58:21 AM,6/14/2024 9:58:21 AM,False,True,4,,4/30/2024 5:45:00 AM,545,True,AREA PHOTO FILE,,True
2413923,9370-2024-01831,1,False,9370,6/5/2024 8:40:00 AM,840,053,14,109,Oakland,1,True,True,C,REAR END,,Wednesday,NotApplicable,False,,,False,True,False,ALAMEDA SUPERIOR COURT WILEY W. MANUEL COURTHOUSE,C,OTHER MOTOR VEHICLE,,0,0,A,DAYLIGHT,37.798076,-122.215768,,,,,A,NO PEDESTRIANS INVOLVED,6/5/2024 8:40:00 AM,A,VC 22350,False,1,I-580 W/B,,,6/13/2024 10:10:08 AM,A,E,344.0,FRUITVALE AVENUE,F,,D,6/13/2024 10:10:11 AM,6/13/2024 10:10:11 AM,False,True,4,,6/5/2024 8:45:00 AM,845,False,,,True
2434068,9370-2024-02128,2,False,9370,6/30/2024 6:20:00 PM,1820,176,14,109,Oakland,1,True,True,C,REAR END,,Sunday,NotApplicable,False,,,False,True,True,ALAMEDA SUPERIOR COURT WILEY W. MANUEL COURTHOUSE,C,OTHER MOTOR VEHICLE,,0,0,A,DAYLIGHT,37.746348,-122.201643,,,,,A,NO PEDESTRIANS INVOLVED,6/30/2024 6:20:00 PM,A,VC 22350,False,1,I-880 S/B,,,9/10/2024 11:17:27 AM,A,N,1560.0,HEGENBERGER RD,F,,D,7/9/2024 10:48:19 AM,9/10/2024 11:17:29 AM,False,True,4,,6/30/2024 6:21:00 PM,1821,False,,,True
2433877,9370-2024-02118,1,False,9370,6/29/2024 11:10:00 PM,2310,053,14,109,Oakland,1,True,True,B,SIDE SWIPE,,Saturday,NotApplicable,False,M,,False,True,True,ALAMEDA SUPERIOR COURT WILEY W. MANUEL COURTHOUSE,C,OTHER MOTOR VEHICLE,,0,0,D,DARK-NO STREET LIGHTS,37.791774,-122.202752,,,,,A,NO PEDESTRIANS INVOLVED,6/29/2024 11:10:00 PM,A,VC 21658(A),False,1,I-580 W/B,,,7/9/2024 8:45:20 AM,A,E,182.0,35TH AVE,F,,D,7/9/2024 8:45:23 AM,7/9/2024 8:45:23 AM,False,True,4,,6/29/2024 11:15:00 PM,2315,False,,,True
2433771,9370-2024-02112,1,False,9370,6/28/2024 4:15:00 PM,1615,013,14,109,Oakland,1,True,True,C,REAR END,,Friday,NotApplicable,False,,,False,True,False,ALAMEDA SUPERIOR COURT WILEY W. MANUEL COURTHOUSE,C,OTHER MOTOR VEHICLE,,1,0,A,DAYLIGHT,37.78514,-122.179114,,,,,A,NO PEDESTRIANS INVOLVED,6/28/2024 4:15:00 PM,A,VC 22350,False,1,SR-13 S/B,,,7/9/2024 6:37:27 AM,A,N,420.0,I-580 W/B,F,,D,7/9/2024 6:37:28 AM,7/9/2024 6:37:28 AM,False,True,4,,6/28/2024 4:20:00 PM,1620,False,,,True
2433764,9370-2024-02130,1,False,9370,6/28/2024 12:50:00 PM,1250,176,14,109,Oakland,1,True,True,C,REAR END,,Friday,Yes,False,M,,False,True,True,ALAMEDA SUPERIOR COURT WILEY W. MANUEL COURTHOUSE,C,OTHER MOTOR VEHICLE,,1,0,A,DAYLIGHT,37.771059,-122.222411,,,,,A,NO PEDESTRIANS INVOLVED,6/28/2024 12:50:00 PM,A,VC 22350,False,1,I-880 N/B,,,7/9/2024 6:30:31 AM,A,N,610.0,HIGH ST,F,,D,7/9/2024 6:30:33 AM,7/9/2024 6:30:33 AM,False,True,4,,6/28/2024 1:00:00 PM,1300,False,,,True
2433757,9370-2024-02099,1,False,9370,6/28/2024 11:08:00 AM,1108,177,14,109,Oakland,1,True,True,B,SIDE SWIPE,,Friday,NotApplicable,False,,,False,True,False,ALAMEDA SUPERIOR COURT WILEY W. MANUEL COURTHOUSE,C,OTHER MOTOR VEHICLE,,0,0,A,DAYLIGHT,37.792925,-122.262962,,,,,A,NO PEDESTRIANS INVOLVED,6/28/2024 11:08:00 AM,A,VC 21658(A),False,1,I-880 N/B,,,7/9/2024 6:22:19 AM,A,S,1312.0,OAK ST,F,,D,7/9/2024 6:22:22 AM,7/9/2024 6:22:22 AM,False,True,4,,6/28/2024 11:13:00 AM,1113,False,,,True
2432960,9370-2024-01941,1,False,9370,6/13/2024 5:10:00 PM,1710,098,14,109,Oakland,1,True,True,B,SIDE SWIPE,,Thursday,NotApplicable,False,,,False,True,True,ALAMEDA SUPERIOR COURT WILEY W. MANUEL COURTHOUSE,C,OTHER MOTOR VEHICLE,,3,0,A,DAYLIGHT,37.803074,-122.280232,,,,,A,NO PEDESTRIANS INVOLVED,6/13/2024 5:10:00 PM,A,VC 21658(a),False,4,I-980 W/B TO I-880 S/B,,,7/8/2024 12:02:28 PM,A,E,325.0,7TH STREET,F,,D,7/8/2024 12:02:31 PM,7/8/2024 12:02:31 PM,False,True,4,True,6/13/2024 5:15:00 PM,1715,True,AREA PHOTO FILE,,True
2432939,9370-2024-02058,1,False,9370,6/24/2024 12:46:00 PM,1246,052,14,109,Oakland,1,True,True,C,REAR END,,Monday,NotApplicable,False,M,,False,True,False,ALAMEDA SUPERIOR COURT WILEY W. MANUEL COURTHOUSE,C,OTHER MOTOR VEHICLE,,0,0,A,DAYLIGHT,37.738174,-122.141589,,,,,A,NO PEDESTRIANS INVOLVED,6/24/2024 12:46:00 PM,A,VC 22350,False,1,I-580 E/B,,,7/8/2024 11:51:55 AM,A,W,1393.0,DUTTON AVENUE,F,,D,7/8/2024 11:51:57 AM,7/8/2024 11:51:57 AM,False,True,4,,6/24/2024 12:48:00 PM,1248,False,,,True
2432923,9370-2024-02125,1,False,9370,6/28/2024 8:49:00 AM,849,055,14,109,Oakland,1,True,True,C,REAR END,,Friday,NotApplicable,False,,,False,True,False,ALAMEDA SUPERIOR COURT WILEY W. MANUEL COURTHOUSE,C,OTHER MOTOR VEHICLE,,0,0,A,DAYLIGHT,37.827152,-122.285454,,,,,A,NO PEDESTRIANS INVOLVED,6/28/2024 8:49:00 AM,A,VC 22350,False,1,I-580 W/B,,,7/8/2024 11:41:42 AM,A,W,90.0,LOUISE ST,F,,D,7/8/2024 11:41:44 AM,7/8/2024 11:41:44 AM,False,True,4,,6/28/2024 8:54:00 AM,854,False,,,True
2432875,9370-2024-02121,1,False,9370,6/30/2024 6:14:00 AM,614,901,14,109,Oakland,1,True,True,C,REAR END,,Sunday,Yes,False,,,False,False,True,ALAMEDA SUPERIOR COURT WILEY W. MANUEL COURTHOUSE,C,OTHER MOTOR VEHICLE,,3,0,B,DUSK-DAWN,37.730837,-122.190318,,,,,A,NO PEDESTRIANS INVOLVED,6/30/2024 6:14:00 AM,A,VC 22350,False,1,98TH AVENUE,,,7/8/2024 11:04:54 AM,A,E,368.0,EMPIRE ROAD,F,,D,7/8/2024 11:04:56 AM,7/8/2024 11:04:56 AM,False,False,4,,6/30/2024 6:15:00 AM,615,False,,,True
2432794,9370-2024-02093,2,False,9370,6/27/2024 5:55:00 PM,1755,177,14,109,Oakland,1,True,True,C,REAR END,,Thursday,NotApplicable,False,M,,False,True,False,ALAMEDA SUPERIOR COURT WILEY W. MANUEL COURTHOUSE,C,OTHER MOTOR VEHICLE,,0,0,A,DAYLIGHT,37.789645,-122.257175,,,,,A,NO PEDESTRIANS INVOLVED,6/27/2024 5:55:00 PM,A,VC 22350,False,1,I-880 S/B,,,8/12/2024 12:45:08 PM,A,S,350.0,BROOKLYN BASIN WAY,F,,D,7/8/2024 10:05:20 AM,8/12/2024 12:45:10 PM,False,True,4,,6/27/2024 5:59:00 PM,1759,False,,,True
2432697,9370-2024-02105,1,False,9370,6/27/2024 5:50:00 AM,550,176,14,109,Oakland,1,True,True,B,SIDE SWIPE,,Thursday,NotApplicable,False,M,,False,True,True,ALAMEDA SUPERIOR COURT WILEY W. MANUEL COURTHOUSE,C,OTHER MOTOR VEHICLE,,1,0,A,DAYLIGHT,37.734482,-122.191026,,,,,A,NO PEDESTRIANS INVOLVED,6/27/2024 5:50:00 AM,A,VC 21658(A),False,,I-880 S/B,,,7/8/2024 9:06:36 AM,A,N,101.0,98TH AVENUE,F,,D,7/8/2024 9:06:38 AM,7/8/2024 9:06:38 AM,False,True,4,,6/27/2024 6:55:00 AM,655,False,,,True
2432564,9370-2024-02080,1,False,9370,6/26/2024 4:04:00 PM,1604,052,14,109,Oakland,1,True,True,C,REAR END,,Wednesday,NotApplicable,False,,,False,True,True,ALAMEDA SUPERIOR COURT WILEY W. MANUEL COURTHOUSE,C,OTHER MOTOR VEHICLE,,0,0,A,DAYLIGHT,37.778235,-122.167921,,,,,A,NO PEDESTRIANS INVOLVED,6/26/2024 4:04:00 PM,A,VC 22350,True,1,I-580 W/B,,,7/8/2024 6:54:36 AM,A,E,1663.0,KUHNLE AVENUE,F,,D,7/8/2024 6:54:38 AM,7/8/2024 6:54:38 AM,False,True,4,,6/26/2024 4:08:00 PM,1608,False,,,True
2432550,9370-2024-02072,2,False,9370,6/26/2024 2:50:00 AM,250,055,14,109,Oakland,1,True,True,C,REAR END,,Wednesday,NotApplicable,False,,,False,True,False,ALAMEDA SUPERIOR COURT WILEY W. MANUEL COURTHOUSE,C,OTHER MOTOR VEHICLE,,1,0,D,DARK-NO STREET LIGHTS,37.827639,-122.283249,,,,,A,NO PEDESTRIANS INVOLVED,6/26/2024 2:50:00 AM,C,,,1,I-580 W/B,,,8/6/2024 3:57:09 PM,A,E,365.0,HOLLIS ST,F,,D,7/8/2024 6:33:26 AM,8/6/2024 3:57:10 PM,False,True,4,,6/26/2024 2:55:00 AM,255,False,,,True
2432506,9370-2024-01763,2,False,9370,5/31/2024 5:55:00 PM,1755,176,14,109,Oakland,1,True,True,E,HIT OBJECT,,Friday,NotApplicable,False,M,,False,True,False,ALAMEDA SUPERIOR COURT WILEY W. MANUEL COURTHOUSE,I,FIXED OBJECT,CONCRETE WALL,0,0,A,DAYLIGHT,37.77419,-122.23141,,,,,A,NO PEDESTRIANS INVOLVED,5/31/2024 5:55:00 PM,A,VC 23114(a),True,2,I-880 N/B,,,7/12/2024 7:48:02 AM,D,S,381.0,29TH AVENUE,F,,D,7/8/2024 5:22:23 AM,7/12/2024 7:48:04 AM,False,True,4,True,5/31/2024 5:56:00 PM,1756,True,AREA / EMBEDDED,,True