collision-id,report-number,report-version,is-preliminary,ncic-code,crash-date-time,crash-time-description,beat,city-id,city-code,city-name,county-code,city-is-active,city-is-incorporated,collision-type-code,collision-type-description,collision-type-other-desc,day-of-week,dispatch-notified,has-photographs,hit-run,is-attachments-mailed,is-deleted,is-highway-related,is-tow-away,judicial-district,motor-vehicle-involved-with-code,motor-vehicle-involved-with-desc,motor-vehicle-involved-with-other-desc,number-injured,number-killed,lighting-code,lighting-description,latitude,longitude,milepost-direction,milepost-distance,milepost-marker,milepost-unit-of-measure,pedestrian-action-code,pedestrian-action-desc,prepared-date,primary-collision-factor-code,primary-collision-factor-description,primary-collision-factor-is-cited,primary-collision-party-number,primary-road,reporting-district,reporting-district-code,reviewed-date,roadway-surface-code,secondary-direction,secondary-distance,secondary-road,secondary-unit-of-measure,sketch-desc,traffic-control-device-code,created-date,modified-date,is-county-road,is-freeway,chp-555-version,is-additonal-object-struck,notification-date,notification-time-description,has-digital-media-files,evidence-number,is-location-refer-to-narrative,is-aoi-one-same-as-location
2432504,9370-2024-01791,1,False,9370,6/1/2024 10:55:00 PM,2255,013,14,109,Oakland,1,True,True,B,SIDE SWIPE,,Saturday,Yes,False,F,,False,True,True,ALAMEDA SUPERIOR COURT WILEY W. MANUEL COURTHOUSE,C,OTHER MOTOR VEHICLE,,1,0,D,DARK-NO STREET LIGHTS,37.849163,-122.230476,,,,,A,NO PEDESTRIANS INVOLVED,6/1/2024 10:55:00 PM,A,VC 21658(A),False,1,SR-24 W/B,,,7/8/2024 5:12:51 AM,A,E,80.0,SR-13 S/B,F,,D,7/8/2024 5:12:52 AM,7/8/2024 5:12:52 AM,False,True,4,,6/1/2024 10:58:00 PM,2258,False,,,True
2432503,9370-2024-01760,2,False,9370,5/31/2024 5:50:00 PM,1750,176,14,109,Oakland,1,True,True,F,OVERTURNED,,Friday,NotApplicable,False,M,,False,True,False,ALAMEDA SUPERIOR COURT WILEY W. MANUEL COURTHOUSE,A,NON-COLLISION,,0,0,A,DAYLIGHT,37.774507,-122.231957,,,,,A,NO PEDESTRIANS INVOLVED,5/31/2024 5:50:00 PM,A,VC 23114(a),False,2,I-880 N/B,,,7/12/2024 7:50:16 AM,D,S,357.0,29TH AVENUE,F,,D,7/8/2024 5:10:34 AM,7/12/2024 7:50:19 AM,False,True,4,,5/31/2024 5:55:00 PM,1755,True,AREA / EMBEDDED,,True
2431705,9370-2024-02076,1,False,9370,6/26/2024 8:30:00 AM,830,176,14,109,Oakland,1,True,True,B,SIDE SWIPE,,Wednesday,NotApplicable,False,M,,False,True,False,ALAMEDA SUPERIOR COURT WILEY W. MANUEL COURTHOUSE,C,OTHER MOTOR VEHICLE,,0,0,A,DAYLIGHT,37.7322,-122.189094,,,,,A,NO PEDESTRIANS INVOLVED,6/26/2024 8:30:00 AM,A,VC 21658(A),False,1,I-880 S/B,,,7/5/2024 2:40:23 PM,A,N,165.0,98TH AVENUE,F,,D,7/5/2024 2:40:27 PM,7/5/2024 2:40:27 PM,False,True,4,,6/26/2024 8:32:00 AM,832,False,,,True
2431372,9370-2024-02068,1,False,9370,6/25/2024 7:55:00 AM,755,177,14,109,Oakland,1,True,True,C,REAR END,,Tuesday,NotApplicable,False,,,False,True,True,ALAMEDA SUPERIOR COURT WILEY W. MANUEL COURTHOUSE,C,OTHER MOTOR VEHICLE,,0,0,A,DAYLIGHT,37.772203,-122.225051,,,,,A,NO PEDESTRIANS INVOLVED,6/25/2024 7:55:00 AM,A,VC 22350,False,1,I-880 S/B,,,7/5/2024 9:02:30 AM,A,N,1240.0,42ND AVE,F,,A,7/5/2024 9:02:32 AM,7/5/2024 9:02:32 AM,False,True,4,,6/25/2024 8:04:00 AM,804,False,,True,
2431346,9370-2024-02106,1,False,9370,6/28/2024 2:35:00 PM,1435,024,14,109,Oakland,1,True,True,C,REAR END,,Friday,NotApplicable,False,,,False,True,False,ALAMEDA SUPERIOR COURT WILEY W. MANUEL COURTHOUSE,C,OTHER MOTOR VEHICLE,,0,0,A,DAYLIGHT,37.848548,-122.227581,,,,,A,NO PEDESTRIANS INVOLVED,6/28/2024 2:35:00 PM,A,VC 22350,False,1,SR-24 E/B,,,7/5/2024 8:31:33 AM,A,E,95.0,SR-13 S/B,F,,D,7/5/2024 8:31:34 AM,7/5/2024 8:31:34 AM,False,True,4,False,6/28/2024 2:40:00 PM,1440,False,,,True
2431286,9345-2024-02510,1,False,9345,7/4/2024 6:35:00 AM,635,904,14,109,Oakland,1,True,True,B,SIDE SWIPE,,Thursday,NotApplicable,False,,,False,True,False,ALAMEDA SUPERIOR COURT WILEY W. MANUEL COURTHOUSE,C,OTHER MOTOR VEHICLE,,0,0,A,DAYLIGHT,37.785861,-122.24433,,,,,A,NO PEDESTRIANS INVOLVED,7/4/2024 6:35:00 AM,A,VC 22350,False,1,I-880 S/B,,,7/5/2024 7:19:04 AM,A,S,150.0,16TH AVENUE,F,,D,7/5/2024 7:19:12 AM,7/5/2024 7:19:12 AM,False,True,4,,7/4/2024 6:40:00 AM,640,True,EMBEDDED,True,True
2431253,9370-2024-02089,1,False,9370,6/27/2024 7:30:00 PM,1930,055,14,109,Oakland,1,True,True,B,SIDE SWIPE,,Thursday,NotApplicable,False,M,,False,True,False,ALAMEDA SUPERIOR COURT WILEY W. MANUEL COURTHOUSE,C,OTHER MOTOR VEHICLE,,0,0,A,DAYLIGHT,37.824993,-122.269943,,,,,A,NO PEDESTRIANS INVOLVED,6/27/2024 7:30:00 PM,A,VC 21658(A),False,1,I-580 W/B,,,7/5/2024 6:15:58 AM,A,E,1000.0,WEST ST,F,,D,7/5/2024 6:16:01 AM,7/5/2024 6:16:01 AM,False,False,4,,6/27/2024 7:40:00 PM,1940,False,,,True
2430992,9370-2024-02063,1,False,9370,6/24/2024 5:30:00 PM,1730,052,14,109,Oakland,1,True,True,C,REAR END,,Monday,NotApplicable,False,,,False,True,False,ALAMEDA SUPERIOR COURT WILEY W. MANUEL COURTHOUSE,C,OTHER MOTOR VEHICLE,,1,0,A,DAYLIGHT,37.780176,-122.173177,,,,,A,NO PEDESTRIANS INVOLVED,6/24/2024 5:30:00 PM,A,VC 22350,False,1,I-580 E/B FROM KUHNLE AVENUE,,,7/4/2024 11:27:14 PM,A,E,174.0,KUHNLE AVENUE,F,,D,7/4/2024 11:27:16 PM,7/4/2024 11:27:16 PM,False,True,4,,6/24/2024 5:35:00 PM,1735,False,,,True
2430990,9370-2024-02071,1,False,9370,6/24/2024 4:40:00 PM,1640,055,14,109,Oakland,1,True,True,C,REAR END,,Monday,NotApplicable,False,,,False,True,False,ALAMEDA SUPERIOR COURT WILEY W. MANUEL COURTHOUSE,C,OTHER MOTOR VEHICLE,,1,0,A,DAYLIGHT,37.755145,-122.150397,,,,,A,NO PEDESTRIANS INVOLVED,6/24/2024 4:40:00 PM,A,VC 22350,True,1,I-580 E/B TO 98TH AVENUE,,,7/4/2024 11:21:32 PM,A,E,542.0,98TH AVENUE,F,,D,7/4/2024 11:21:33 PM,7/4/2024 11:21:33 PM,False,True,4,,6/24/2024 4:45:00 PM,1645,False,,,True
2430986,9370-2024-02036,1,False,9370,6/22/2024 5:20:00 PM,1720,025,14,109,Oakland,1,True,True,B,SIDE SWIPE,,Saturday,Yes,False,,,False,True,True,ALAMEDA SUPERIOR COURT WILEY W. MANUEL COURTHOUSE,C,OTHER MOTOR VEHICLE,,3,0,A,DAYLIGHT,37.825976,-122.268127,,,,,A,NO PEDESTRIANS INVOLVED,6/22/2024 5:20:00 PM,A,VC 21658(A),False,,SR-24 W/B,,,7/4/2024 10:49:52 PM,A,E,1040.0,34TH ST,F,,D,7/4/2024 10:50:03 PM,7/4/2024 10:50:03 PM,False,True,4,,6/22/2024 5:32:00 PM,1732,False,,,True
2429049,9370-2024-02098,1,False,9370,6/28/2024 8:26:00 AM,826,054,14,109,Oakland,1,True,True,C,REAR END,,Friday,NotApplicable,False,,,False,True,True,ALAMEDA SUPERIOR COURT WILEY W. MANUEL COURTHOUSE,C,OTHER MOTOR VEHICLE,,0,0,A,DAYLIGHT,37.808271,-122.24119,,,,,A,NO PEDESTRIANS INVOLVED,6/28/2024 8:26:00 AM,A,VC 22350,False,1,I-580 W/B,,,7/2/2024 7:04:14 PM,A,E,1572.0,LAKESHORE AVE,F,,D,7/2/2024 7:04:16 PM,7/2/2024 7:04:16 PM,False,True,4,,6/28/2024 8:27:00 AM,827,False,,,True
2429048,9370-2024-02088,1,False,9370,6/27/2024 3:00:00 PM,1500,176,14,109,Oakland,1,True,True,E,HIT OBJECT,,Thursday,NotApplicable,False,M,,False,True,False,ALAMEDA SUPERIOR COURT WILEY W. MANUEL COURTHOUSE,I,FIXED OBJECT,CONCRETE BARRIER,0,0,A,DAYLIGHT,37.749287,-122.20401,,,,,A,NO PEDESTRIANS INVOLVED,6/27/2024 3:00:00 PM,A,VC 22107,False,1,I-880 N/B,,,7/2/2024 7:01:46 PM,A,S,2020.0,66TH AVE,F,,D,7/2/2024 7:01:48 PM,7/2/2024 7:01:48 PM,False,True,4,,6/27/2024 3:10:00 PM,1510,False,,,True
2429046,9370-2024-02103,1,False,9370,6/28/2024 12:45:00 PM,1245,176,14,109,Oakland,1,True,True,E,HIT OBJECT,,Friday,NotApplicable,False,,,False,True,True,ALAMEDA SUPERIOR COURT WILEY W. MANUEL COURTHOUSE,I,FIXED OBJECT,RAISED CONCRETE DIVIDER,0,0,A,DAYLIGHT,37.747648,-122.202632,,,,,A,NO PEDESTRIANS INVOLVED,6/28/2024 12:45:00 PM,A,VC 22107,False,1,INTERSTATE 880 SOUTHBOUND,,,7/2/2024 6:54:20 PM,A,N,3000.0,HEGENBERGER RD,F,,D,7/2/2024 6:54:22 PM,7/2/2024 6:54:22 PM,False,True,4,,6/28/2024 12:50:00 PM,1250,False,,,True
2429034,9370-2024-02081,1,False,9370,6/26/2024 5:40:00 PM,1740,054,14,109,Oakland,1,True,True,C,REAR END,,Wednesday,NotApplicable,False,,,False,True,False,ALAMEDA SUPERIOR COURT WILEY W. MANUEL COURTHOUSE,C,OTHER MOTOR VEHICLE,,0,0,A,DAYLIGHT,37.822119,-122.25965,,,,,A,NO PEDESTRIANS INVOLVED,6/26/2024 5:40:00 PM,A,VC 22350,False,1,I-580 E/B,,,7/2/2024 6:14:35 PM,A,W,417.0,BROADWAY,F,,D,7/2/2024 6:14:37 PM,7/2/2024 6:14:37 PM,False,True,4,,6/26/2024 5:44:00 PM,1744,False,,,True
2429033,9370-2024-02083,1,False,9370,6/27/2024 6:40:00 AM,640,178,14,109,Oakland,1,True,True,E,HIT OBJECT,,Thursday,NotApplicable,False,,,False,True,True,ALAMEDA SUPERIOR COURT WILEY W. MANUEL COURTHOUSE,I,FIXED OBJECT,GUARD RAIL,0,0,A,DAYLIGHT,37.828501,-122.293632,,,,,A,NO PEDESTRIANS INVOLVED,6/27/2024 6:40:00 AM,A,VC 22350,False,1,I-80 WB TO I-880 SB,,,7/2/2024 6:08:59 PM,A,W,2500.0,WEST GRAND AVE,F,,D,7/2/2024 6:09:00 PM,7/2/2024 6:09:00 PM,False,True,4,,6/27/2024 6:50:00 AM,650,False,,,True
2429025,9370-2024-02073,1,False,9370,6/25/2024 10:40:00 PM,2240,055,14,109,Oakland,1,True,True,B,SIDE SWIPE,,Tuesday,Yes,False,,,False,True,True,ALAMEDA SUPERIOR COURT WILEY W. MANUEL COURTHOUSE,C,OTHER MOTOR VEHICLE,,1,0,C,DARK-STREET LIGHTS,37.826552,-122.286838,,,,,A,NO PEDESTRIANS INVOLVED,6/25/2024 10:40:00 PM,A,VC 21658(A),False,1,I-580 E/B,,,7/2/2024 5:52:43 PM,A,W,690.0,HOLLIS ST,F,,D,7/2/2024 5:52:45 PM,7/2/2024 5:52:45 PM,False,True,4,,6/25/2024 10:44:00 PM,2244,False,,,True
2429023,9370-2024-02069,1,False,9370,6/25/2024 4:00:00 PM,1600,052,14,109,Oakland,1,True,True,C,REAR END,,Tuesday,NotApplicable,False,,,False,True,False,ALAMEDA SUPERIOR COURT WILEY W. MANUEL COURTHOUSE,C,OTHER MOTOR VEHICLE,,1,0,A,DAYLIGHT,37.755791,-122.149591,,,,,A,NO PEDESTRIANS INVOLVED,6/25/2024 4:00:00 PM,A,VC 22350,False,1,I-580 E/B TO GOLF LINKS ROAD,,,7/2/2024 5:48:02 PM,A,W,1000.0,GOLF LINKS RD,F,,D,7/2/2024 5:48:05 PM,7/2/2024 5:48:05 PM,False,True,4,,6/25/2024 4:05:00 PM,1605,False,,,True
2429016,9370-2024-02079,1,False,9370,6/25/2024 7:40:00 AM,740,013,14,109,Oakland,1,True,True,C,REAR END,,Tuesday,NotApplicable,False,,,False,True,False,ALAMEDA SUPERIOR COURT WILEY W. MANUEL COURTHOUSE,C,OTHER MOTOR VEHICLE,,0,0,A,DAYLIGHT,37.801015,-122.187891,,,,,A,NO PEDESTRIANS INVOLVED,6/25/2024 7:40:00 AM,A,VC 22350,False,1,SR-13 S/B,,,7/2/2024 5:37:11 PM,A,N,341.6,REDWOOD RD,F,,D,7/2/2024 5:37:15 PM,7/2/2024 5:37:15 PM,False,True,4,,6/25/2024 7:54:00 AM,754,False,,,True
2428946,9335-2024-01446,1,False,9335,6/24/2024 10:15:00 AM,1015,082,14,109,Oakland,1,True,True,C,REAR END,,Monday,NotApplicable,False,,,False,True,False,ALAMEDA SUPERIOR COURT ADMINISTRATION BUILDING,C,OTHER MOTOR VEHICLE,,0,0,A,DAYLIGHT,37.824378,-122.316726,,,,,A,NO PEDESTRIANS INVOLVED,6/24/2024 10:15:00 AM,A,VC 22350,False,1,INTERSTATE 80 WESTBOUND,,,7/2/2024 3:56:01 PM,A,W,0.1,SFO BAY BRIDGE TOLL PLAZA,M,,A,7/2/2024 3:56:05 PM,7/2/2024 3:56:05 PM,False,True,4,,6/24/2024 10:30:00 AM,1030,False,,,
2428918,9370-2024-02060,1,False,9370,6/24/2024 12:45:00 PM,1245,176,14,109,Oakland,1,True,True,C,REAR END,,Monday,NotApplicable,False,,,False,True,False,ALAMEDA SUPERIOR COURT WILEY W. MANUEL COURTHOUSE,C,OTHER MOTOR VEHICLE,,0,0,A,DAYLIGHT,37.752684,-122.207175,,,,,A,NO PEDESTRIANS INVOLVED,6/24/2024 12:45:00 PM,A,VC 22350,False,1,I-880 S/B,,,7/2/2024 3:30:44 PM,A,S,480.0,66TH AVE,F,,D,7/2/2024 3:30:48 PM,7/2/2024 3:30:48 PM,False,True,4,,6/24/2024 12:47:00 PM,1247,False,,,True
2428872,9370-2024-02056,1,False,9370,6/24/2024 7:00:00 AM,700,008,14,109,Oakland,1,True,True,B,SIDE SWIPE,,Monday,NotApplicable,False,,,False,True,False,ALAMEDA SUPERIOR COURT ALAMEDA,C,OTHER MOTOR VEHICLE,,0,0,A,DAYLIGHT,37.825137,-122.311633,,,,,A,NO PEDESTRIANS INVOLVED,6/24/2024 7:00:00 AM,A,VC 21658(a),False,1,I-80 W/B,,,7/2/2024 2:49:07 PM,A,E,620.54,SFOBB TOLL PLAZA,F,,D,7/2/2024 2:49:09 PM,7/2/2024 2:49:09 PM,False,True,4,,6/24/2024 7:09:00 AM,709,False,,,True
2428843,9370-2024-02059,1,False,9370,6/24/2024 5:05:00 AM,505,052,14,109,Oakland,1,True,True,C,REAR END,,Monday,Yes,False,M,,False,True,True,ALAMEDA SUPERIOR COURT WILEY W. MANUEL COURTHOUSE,C,OTHER MOTOR VEHICLE,,2,0,B,DUSK-DAWN,37.778807,-122.16926,,,,,A,NO PEDESTRIANS INVOLVED,6/24/2024 5:05:00 AM,A,VC 22350,False,2,I-580 W/B,,,7/2/2024 2:24:57 PM,A,E,1600.0,SEMINARY AVE,F,,D,7/2/2024 2:24:58 PM,7/2/2024 2:24:58 PM,False,True,4,,6/24/2024 5:10:00 AM,510,False,,,True
2428840,9370-2024-02082,1,False,9370,6/25/2024 9:55:00 PM,2155,176,14,109,Oakland,1,True,True,B,SIDE SWIPE,,Tuesday,NotApplicable,False,,,False,True,False,ALAMEDA SUPERIOR COURT WILEY W. MANUEL COURTHOUSE,C,OTHER MOTOR VEHICLE,,0,0,D,DARK-NO STREET LIGHTS,37.743668,-122.19887,,,,,A,NO PEDESTRIANS INVOLVED,6/25/2024 9:55:00 PM,A,VC 21658(A),False,1,I-880 N/B,,,7/2/2024 2:23:15 PM,A,N,1100.0,HEGENBERGER RD,F,,D,7/2/2024 2:23:20 PM,7/2/2024 2:23:20 PM,False,True,4,,6/25/2024 10:00:00 PM,2200,False,,,True
2428835,9370-2024-02066,1,False,9370,6/25/2024 7:00:00 AM,700,052,14,109,Oakland,1,True,True,B,SIDE SWIPE,,Tuesday,NotApplicable,False,,,False,True,False,ALAMEDA SUPERIOR COURT WILEY W. MANUEL COURTHOUSE,C,OTHER MOTOR VEHICLE,,0,0,A,DAYLIGHT,37.782066,-122.175114,,,,,A,NO PEDESTRIANS INVOLVED,6/25/2024 7:00:00 AM,A,VC 21658(A),False,1,I-580 W/B,,,7/2/2024 2:19:40 PM,A,E,1200.0,SR-13,F,,D,7/2/2024 2:19:43 PM,7/2/2024 2:19:43 PM,False,True,4,,6/25/2024 7:05:00 AM,705,False,,False,True
2428796,9370-2024-02052,1,False,9370,6/24/2024 12:50:00 AM,50,055,14,109,Oakland,1,True,True,C,REAR END,,Monday,Yes,False,,,False,True,True,ALAMEDA SUPERIOR COURT WILEY W. MANUEL COURTHOUSE,C,OTHER MOTOR VEHICLE,,1,0,C,DARK-STREET LIGHTS,37.82642,-122.288854,,,,,A,NO PEDESTRIANS INVOLVED,6/24/2024 12:50:00 AM,A,VC 23152(a),True,1,I-580 E/B,,,7/2/2024 1:49:07 PM,A,E,225.0,MANDELA PKY,F,,D,7/2/2024 1:49:09 PM,7/2/2024 1:49:09 PM,False,True,4,,6/24/2024 12:51:00 AM,51,False,,,True
2428637,9370-2024-02046,1,False,9370,6/23/2024 5:38:00 AM,538,176,14,109,Oakland,1,True,True,E,HIT OBJECT,,Sunday,NotApplicable,False,M,,False,True,False,ALAMEDA SUPERIOR COURT WILEY W. MANUEL COURTHOUSE,I,FIXED OBJECT,CONCRETE BARRIER,0,0,A,DAYLIGHT,37.737639,-122.193771,,,,,A,NO PEDESTRIANS INVOLVED,6/23/2024 5:38:00 AM,A,VC 22107,False,1,INTERSTATE 880 SOUTHBOUND,,,7/2/2024 11:26:04 AM,A,S,1100.0,HEGENBERGER RD,F,,D,7/2/2024 11:26:05 AM,7/2/2024 11:26:05 AM,False,True,4,,6/23/2024 5:43:00 AM,543,False,,,True
2428619,9370-2024-02049,1,False,9370,6/23/2024 5:35:00 PM,1735,176,14,109,Oakland,1,True,True,B,SIDE SWIPE,,Sunday,NotApplicable,False,,,False,True,False,ALAMEDA SUPERIOR COURT WILEY W. MANUEL COURTHOUSE,C,OTHER MOTOR VEHICLE,,0,0,A,DAYLIGHT,37.753504,-122.207807,,,,,A,NO PEDESTRIANS INVOLVED,6/23/2024 5:35:00 PM,A,VC 21658(A),False,,I-880 S/B,,,7/2/2024 11:15:11 AM,A,S,200.0,66TH AVE,F,,D,7/2/2024 11:15:12 AM,7/2/2024 11:15:12 AM,False,True,4,,6/23/2024 5:55:00 PM,1755,False,,,True
2427922,9335-2024-01388,1,False,9335,6/17/2024 6:35:00 AM,635,081,14,109,Oakland,1,True,True,E,HIT OBJECT,,Monday,NotApplicable,False,,,False,True,False,ALAMEDA SUPERIOR COURT ALAMEDA,I,FIXED OBJECT,TOLL BOOTH,0,0,A,DAYLIGHT,37.82451,-122.313759,,,,,A,NO PEDESTRIANS INVOLVED,6/17/2024 6:35:00 AM,A,VC 22107,False,1,I-80 W/B,,,7/1/2024 8:30:05 PM,A,E,1045.0,METERING LIGHTS,F,,D,7/1/2024 8:30:07 PM,7/1/2024 8:30:07 PM,False,True,4,,6/17/2024 6:42:00 AM,642,False,,,True
2427901,9370-2024-02051,1,False,9370,6/23/2024 8:50:00 PM,2050,053,14,109,Oakland,1,True,True,E,HIT OBJECT,,Sunday,NotApplicable,False,,,False,True,False,ALAMEDA SUPERIOR COURT WILEY W. MANUEL COURTHOUSE,J,OTHER OBJECT,LADDER,0,0,C,DARK-STREET LIGHTS,37.796067,-122.209735,,,,,A,NO PEDESTRIANS INVOLVED,6/23/2024 8:50:00 PM,C,,,,I-580 E/B,,,7/1/2024 7:22:39 PM,A,W,1250.0,35TH AVE,F,,D,7/1/2024 7:22:41 PM,7/1/2024 7:22:41 PM,False,True,4,,6/23/2024 8:55:00 PM,2055,False,,,True
2427898,9370-2024-02048,1,False,9370,6/23/2024 6:30:00 PM,1830,176,14,109,Oakland,1,True,True,C,REAR END,,Sunday,NotApplicable,False,,,False,True,False,ALAMEDA SUPERIOR COURT WILEY W. MANUEL COURTHOUSE,C,OTHER MOTOR VEHICLE,,0,0,A,DAYLIGHT,37.745498,-122.200748,,,,,A,NO PEDESTRIANS INVOLVED,6/23/2024 6:30:00 PM,A,VC 22350,True,1,I-880 S/B,,,7/1/2024 7:20:49 PM,A,N,2000.0,HEGENBERGER RD,F,,D,7/1/2024 7:20:51 PM,7/1/2024 7:20:51 PM,False,True,4,,6/23/2024 6:48:00 PM,1848,False,,,True
2427888,9370-2024-02040,1,False,9370,6/22/2024 8:20:00 PM,2020,052,14,109,Oakland,1,True,True,E,HIT OBJECT,,Saturday,Yes,False,,,False,True,True,ALAMEDA SUPERIOR COURT WILEY W. MANUEL COURTHOUSE,J,OTHER OBJECT,RAISED GORE-POINT CURB,1,0,A,DAYLIGHT,37.782466,-122.17561,,,,,A,NO PEDESTRIANS INVOLVED,6/22/2024 8:20:00 PM,A,VC 22107,False,1,I-580 W/B,,,7/1/2024 6:49:48 PM,A,W,800.0,KUHNLE AVENUE,F,,D,7/1/2024 6:49:49 PM,7/1/2024 6:49:49 PM,False,True,4,,6/22/2024 8:24:00 PM,2024,True,AREA PHOTO FILE,,True
2427725,9370-2024-02001,1,False,9370,6/19/2024 10:30:00 AM,1030,177,14,109,Oakland,1,True,True,B,SIDE SWIPE,,Wednesday,No,False,,,False,True,False,ALAMEDA SUPERIOR COURT ALAMEDA,D,MOTOR VEHICLE ON OTHER ROADWAY,,0,0,A,DAYLIGHT,37.788171,-122.249792,,,,,A,NO PEDESTRIANS INVOLVED,6/19/2024 10:30:00 AM,A,VC 21658(A),False,1,I-880 N/B,,,7/1/2024 3:10:57 PM,A,S,2508.0,5TH AVENUE,F,,D,7/1/2024 3:11:00 PM,7/1/2024 3:11:00 PM,False,True,4,,6/19/2024 10:35:00 AM,1035,True,AREA PHOTO FILE,,True
2427607,9370-2024-02107,1,False,9370,6/22/2024 2:02:00 AM,202,013,14,109,Oakland,1,True,True,E,HIT OBJECT,,Saturday,NotApplicable,False,M,,False,True,True,ALAMEDA SUPERIOR COURT WILEY W. MANUEL COURTHOUSE,J,OTHER OBJECT,TREE,0,0,D,DARK-NO STREET LIGHTS,37.788881,-122.181133,,,,,A,NO PEDESTRIANS INVOLVED,6/22/2024 2:02:00 AM,A,VC 22107,False,1,SR-13 NORTHBOUND,,,7/1/2024 1:33:22 PM,A,S,1901.0,CARSON ST,F,,D,7/1/2024 1:33:24 PM,7/1/2024 1:33:24 PM,False,True,4,,6/22/2024 2:10:00 AM,210,False,,,True
2427579,9370-2024-02033,1,False,9370,6/21/2024 8:45:00 PM,2045,176,14,109,Oakland,1,True,True,B,SIDE SWIPE,,Friday,Yes,False,M,,False,True,False,ALAMEDA SUPERIOR COURT WILEY W. MANUEL COURTHOUSE,C,OTHER MOTOR VEHICLE,,0,0,C,DARK-STREET LIGHTS,37.773289,-122.227928,,,,,A,NO PEDESTRIANS INVOLVED,6/21/2024 8:45:00 PM,A,VC 21658(A),False,1,I-880 N/B,,,7/1/2024 1:10:15 PM,A,S,1684.0,29TH AVENUE,F,,D,7/1/2024 1:10:18 PM,7/1/2024 1:10:18 PM,False,True,4,,6/21/2024 8:48:00 PM,2048,True,EMBEDDED,,True
2427533,9370-2024-02024,1,False,9370,6/21/2024 1:55:00 PM,1355,177,14,109,Oakland,1,True,True,B,SIDE SWIPE,,Friday,NotApplicable,False,M,,False,True,False,ALAMEDA SUPERIOR COURT WILEY W. MANUEL COURTHOUSE,C,OTHER MOTOR VEHICLE,,0,0,A,DAYLIGHT,37.796248,-122.269033,,,,,A,NO PEDESTRIANS INVOLVED,6/21/2024 1:55:00 PM,A,VC 21658(A),False,1,I-880 N/B,,,7/1/2024 12:38:29 PM,A,N,784.0,OAK STREET,F,,D,7/1/2024 12:38:32 PM,7/1/2024 12:38:32 PM,False,True,4,,6/21/2024 1:58:00 PM,1358,False,,,True
2427350,9370-2024-01888,1,False,9370,6/9/2024 3:10:00 AM,310,178,14,109,Oakland,1,True,True,E,HIT OBJECT,,Sunday,NotApplicable,False,M,,False,True,False,ALAMEDA SUPERIOR COURT WILEY W. MANUEL COURTHOUSE,I,FIXED OBJECT,CONCRETE WALL,0,0,C,DARK-STREET LIGHTS,37.827808,-122.293268,,,,,A,NO PEDESTRIANS INVOLVED,6/9/2024 3:10:00 AM,A,VC 22350,False,1,INTERSTATE 880 SOUTHBOUND,,,7/1/2024 10:28:40 AM,A,N,3465.0,W GRAND AVE,F,,D,7/1/2024 10:28:41 AM,7/1/2024 10:28:41 AM,False,True,4,,6/9/2024 3:15:00 AM,315,False,,,True
2426927,9370-2024-02005,1,False,9370,6/9/2024 12:44:00 AM,44,054,14,109,Oakland,1,True,True,C,REAR END,,Sunday,Yes,False,M,,False,True,True,ALAMEDA SUPERIOR COURT WILEY W. MANUEL COURTHOUSE,C,OTHER MOTOR VEHICLE,,0,0,B,DUSK-DAWN,37.810733,-122.249034,,,,,A,NO PEDESTRIANS INVOLVED,6/9/2024 12:44:00 AM,C,,,,I-580 W/B,,,6/30/2024 9:56:28 PM,A,W,100.0,GRAND AVE,F,,D,6/30/2024 9:56:30 PM,6/30/2024 9:56:30 PM,False,True,4,,6/9/2024 4:47:00 AM,447,False,,,True
2426919,9370-2024-02042,1,False,9370,6/22/2024 4:41:00 PM,1641,081,14,109,Oakland,1,True,True,B,SIDE SWIPE,,Saturday,NotApplicable,False,,,False,True,False,ALAMEDA SUPERIOR COURT WILEY W. MANUEL COURTHOUSE,C,OTHER MOTOR VEHICLE,,0,0,A,DAYLIGHT,37.893784,-122.307477,,,,,A,NO PEDESTRIANS INVOLVED,6/22/2024 4:41:00 PM,A,VC 21658(A),False,,I-80 E/B,,,6/30/2024 7:19:33 PM,A,E,0.4,BUCHANAN ST,M,,D,6/30/2024 7:19:35 PM,6/30/2024 7:19:35 PM,False,True,4,,6/22/2024 4:46:00 PM,1646,False,,,True
2426917,9370-2024-02038,1,False,9370,6/22/2024 5:10:00 PM,1710,081,14,109,Oakland,1,True,True,C,REAR END,,Saturday,NotApplicable,False,,,False,True,False,ALAMEDA SUPERIOR COURT WILEY W. MANUEL COURTHOUSE,C,OTHER MOTOR VEHICLE,,1,0,A,DAYLIGHT,37.852839,-122.29989,,,,,A,NO PEDESTRIANS INVOLVED,6/22/2024 5:10:00 PM,A,VC 22350,False,1,I-80 W/B,,,6/30/2024 7:14:29 PM,A,W,1446.0,ASHBY AVENUE,F,,D,6/30/2024 7:14:30 PM,6/30/2024 7:14:30 PM,False,True,4,,6/22/2024 5:12:00 PM,1712,True,EMBEDDED,,True