collision-id,report-number,report-version,is-preliminary,ncic-code,crash-date-time,crash-time-description,beat,city-id,city-code,city-name,county-code,city-is-active,city-is-incorporated,collision-type-code,collision-type-description,collision-type-other-desc,day-of-week,dispatch-notified,has-photographs,hit-run,is-attachments-mailed,is-deleted,is-highway-related,is-tow-away,judicial-district,motor-vehicle-involved-with-code,motor-vehicle-involved-with-desc,motor-vehicle-involved-with-other-desc,number-injured,number-killed,lighting-code,lighting-description,latitude,longitude,milepost-direction,milepost-distance,milepost-marker,milepost-unit-of-measure,pedestrian-action-code,pedestrian-action-desc,prepared-date,primary-collision-factor-code,primary-collision-factor-description,primary-collision-factor-is-cited,primary-collision-party-number,primary-road,reporting-district,reporting-district-code,reviewed-date,roadway-surface-code,secondary-direction,secondary-distance,secondary-road,secondary-unit-of-measure,sketch-desc,traffic-control-device-code,created-date,modified-date,is-county-road,is-freeway,chp-555-version,is-additonal-object-struck,notification-date,notification-time-description,has-digital-media-files,evidence-number,is-location-refer-to-narrative,is-aoi-one-same-as-location
2426916,9370-2024-02035,1,False,9370,6/22/2024 6:30:00 PM,1830,025,14,109,Oakland,1,True,True,B,SIDE SWIPE,,Saturday,NotApplicable,False,,,False,True,False,ALAMEDA SUPERIOR COURT WILEY W. MANUEL COURTHOUSE,C,OTHER MOTOR VEHICLE,,0,0,A,DAYLIGHT,37.830112,-122.267361,,,,,A,NO PEDESTRIANS INVOLVED,6/22/2024 6:30:00 PM,D,,,,SR-24 W/B,,,6/30/2024 7:13:18 PM,A,W,50.0,40TH ST,F,,D,6/30/2024 7:13:20 PM,6/30/2024 7:13:20 PM,False,True,4,,6/22/2024 6:34:00 PM,1834,False,,,True
2426915,9370-2024-02034,1,False,9370,6/22/2024 5:20:00 PM,1720,052,14,109,Oakland,1,True,True,E,HIT OBJECT,,Saturday,NotApplicable,False,,,False,True,False,ALAMEDA SUPERIOR COURT WILEY W. MANUEL COURTHOUSE,I,FIXED OBJECT,TREE,0,0,A,DAYLIGHT,37.782199,-122.176442,,,,,A,NO PEDESTRIANS INVOLVED,6/22/2024 5:20:00 PM,A,VC 22107,False,,SR-13 S/B,,,6/30/2024 6:10:51 PM,A,N,800.0,SEMINARY AVE,F,,D,6/30/2024 6:10:52 PM,6/30/2024 6:10:52 PM,False,True,4,False,6/22/2024 5:24:00 PM,1724,False,,,True
2426224,9370-2024-01881,1,False,9370,6/8/2024 3:38:00 PM,1538,081,14,109,Oakland,1,True,True,C,REAR END,,Saturday,NotApplicable,False,,,False,True,False,ALAMEDA SUPERIOR COURT WILEY W. MANUEL COURTHOUSE,C,OTHER MOTOR VEHICLE,,0,0,A,DAYLIGHT,37.880525,-122.308036,,,,,A,NO PEDESTRIANS INVOLVED,6/8/2024 3:38:00 PM,A,VC 21658(A),False,1,I-80 W/B,,,6/28/2024 1:06:23 PM,A,W,340.0,GILMAN STREET,F,,D,6/28/2024 1:06:23 PM,6/28/2024 1:06:23 PM,False,True,4,,6/8/2024 3:40:00 PM,1540,False,,,False
2425559,9370-2024-02006,1,False,9370,6/19/2024 7:40:00 PM,1940,053,14,109,Oakland,1,True,True,B,SIDE SWIPE,,Wednesday,Yes,False,M,,False,True,True,ALAMEDA SUPERIOR COURT WILEY W. MANUEL COURTHOUSE,C,OTHER MOTOR VEHICLE,,1,0,A,DAYLIGHT,37.783722,-122.178965,,,,,A,NO PEDESTRIANS INVOLVED,6/19/2024 7:40:00 PM,A,VC 22107,False,1,I-580 E/B,,,6/28/2024 2:10:00 AM,A,E,300.0,KUHNLE AVE,F,,D,6/28/2024 2:10:02 AM,6/28/2024 2:10:02 AM,False,True,4,,6/19/2024 7:45:00 PM,1945,False,,,True
2425558,9370-2024-02010,1,False,9370,6/18/2024 7:57:00 PM,1957,052,14,109,Oakland,1,True,True,E,HIT OBJECT,,Tuesday,Yes,False,,,False,True,False,ALAMEDA SUPERIOR COURT WILEY W. MANUEL COURTHOUSE,I,FIXED OBJECT,CONCRETE BARRIER WALL,2,0,A,DAYLIGHT,37.773176,-122.157895,,,,,A,NO PEDESTRIANS INVOLVED,6/18/2024 7:57:00 PM,A,VC 23152(F),True,1,I-580 W/B,,,6/28/2024 2:08:55 AM,A,E,596.0,KELLER AVE,F,,D,6/28/2024 2:08:58 AM,6/28/2024 2:08:58 AM,False,True,4,,6/18/2024 7:59:00 PM,1959,False,,,True
2425485,9370-2024-02027,1,False,9370,6/21/2024 6:00:00 PM,1800,052,14,109,Oakland,1,True,True,B,SIDE SWIPE,,Friday,NotApplicable,False,,,False,True,False,ALAMEDA SUPERIOR COURT WILEY W. MANUEL COURTHOUSE,C,OTHER MOTOR VEHICLE,,0,0,A,DAYLIGHT,37.768391,-122.153468,,,,,A,NO PEDESTRIANS INVOLVED,6/21/2024 6:00:00 PM,A,VC 21658(A),False,1,I-580 W/B,,,6/27/2024 6:53:04 PM,A,E,1551.0,KELLER AVE,F,,D,6/27/2024 6:53:06 PM,6/27/2024 6:53:06 PM,False,True,4,,6/21/2024 6:02:00 PM,1802,False,,,True
2425482,9370-2024-02023,1,False,9370,6/21/2024 4:30:00 PM,1630,008,14,109,Oakland,1,True,True,C,REAR END,,Friday,NotApplicable,False,,,False,True,False,ALAMEDA SUPERIOR COURT WILEY W. MANUEL COURTHOUSE,C,OTHER MOTOR VEHICLE,,0,0,A,DAYLIGHT,37.824392,-122.31024,,,,,A,NO PEDESTRIANS INVOLVED,6/21/2024 4:30:00 PM,A,VC 22350,False,1,I-80 E/B,,,6/27/2024 6:51:25 PM,A,E,1000.0,SAN FRANCISCO OAKLAND BAY BRIDGE TOLL PLAZA,F,,D,6/27/2024 6:51:27 PM,6/27/2024 6:51:27 PM,False,True,4,,6/21/2024 4:40:00 PM,1640,False,,,True
2425480,9370-2024-02026,1,False,9370,6/21/2024 4:00:00 PM,1600,025,14,109,Oakland,1,True,True,C,REAR END,,Friday,NotApplicable,False,,,False,True,False,ALAMEDA SUPERIOR COURT WILEY W. MANUEL COURTHOUSE,C,OTHER MOTOR VEHICLE,,0,0,A,DAYLIGHT,37.825642,-122.268984,,,,,A,NO PEDESTRIANS INVOLVED,6/21/2024 4:00:00 PM,A,VC 22350,False,1,SR-24 W/B TO I-580 W/B,,,6/27/2024 6:48:10 PM,A,W,527.0,MACARTHUR BOULEVARD,F,,D,6/27/2024 6:48:12 PM,6/27/2024 6:48:12 PM,False,True,4,,6/21/2024 4:02:00 PM,1602,False,,,True
2425476,9370-2024-02013,1,False,9370,6/21/2024 3:38:00 AM,338,008,14,109,Oakland,1,True,True,E,HIT OBJECT,,Friday,Yes,False,,,False,True,False,ALAMEDA SUPERIOR COURT WILEY W. MANUEL COURTHOUSE,I,FIXED OBJECT,CONCETE BARRIER,0,0,D,DARK-NO STREET LIGHTS,37.82961,-122.293732,,,,,A,NO PEDESTRIANS INVOLVED,6/21/2024 3:38:00 AM,A,VC 23152(a),True,1,I-80 E/B,,,6/27/2024 6:36:18 PM,A,W,3143.0,POWELL STREET,F,,D,6/27/2024 6:36:20 PM,6/27/2024 6:36:20 PM,False,True,4,,6/21/2024 3:40:00 AM,340,False,,,True
2425444,9370-2024-01827,1,False,9370,6/4/2024 8:25:00 AM,825,013,14,109,Oakland,1,True,True,B,SIDE SWIPE,,Tuesday,Yes,False,M,,False,True,False,ALAMEDA SUPERIOR COURT WILEY W. MANUEL COURTHOUSE,C,OTHER MOTOR VEHICLE,,0,0,A,DAYLIGHT,37.828848,-122.213107,,,,,A,NO PEDESTRIANS INVOLVED,6/4/2024 8:25:00 AM,A,VC 22350,False,1,SR-13 N/B,,,6/27/2024 5:30:26 PM,A,S,527.0,MORAGA AVE,F,,D,6/27/2024 5:30:28 PM,6/27/2024 5:30:28 PM,False,True,4,,6/4/2024 8:39:00 AM,839,True,EMBEDDED,,True
2425342,9370-2024-01997,1,False,9370,6/19/2024 12:00:00 PM,1200,052,14,109,Oakland,1,True,True,A,HEAD-ON,,Wednesday,NotApplicable,False,,,False,True,True,ALAMEDA SUPERIOR COURT WILEY W. MANUEL COURTHOUSE,I,FIXED OBJECT,CONCRETE WALL,1,0,A,DAYLIGHT,37.758834,-122.148039,,,,,A,NO PEDESTRIANS INVOLVED,6/19/2024 12:00:00 PM,A,VC 22350,False,1,I-580 E/B,,,6/27/2024 3:24:13 PM,A,W,20.0,TWIN OAKS WAY OVER CROSSING,F,,D,6/27/2024 3:24:15 PM,6/27/2024 3:24:15 PM,False,True,4,,6/19/2024 12:07:00 PM,1207,False,,False,
2425270,9370-2024-01995,1,False,9370,6/19/2024 10:45:00 AM,1045,055,14,109,Oakland,1,True,True,C,REAR END,,Wednesday,NotApplicable,False,,,False,True,False,ALAMEDA SUPERIOR COURT WILEY W. MANUEL COURTHOUSE,C,OTHER MOTOR VEHICLE,,0,0,A,DAYLIGHT,37.826909,-122.286464,,,,,A,NO PEDESTRIANS INVOLVED,6/19/2024 10:45:00 AM,A,VC 22350,False,1,I-580 W/B,,,6/27/2024 2:14:53 PM,A,W,500.0,HOLLIS ST,F,,D,6/27/2024 2:14:55 PM,6/27/2024 2:14:55 PM,False,True,4,,6/19/2024 11:00:00 AM,1100,False,,,True
2425238,9370-2024-01989,1,False,9370,6/18/2024 6:15:00 PM,1815,177,14,109,Oakland,1,True,True,C,REAR END,,Tuesday,NotApplicable,False,,,False,True,False,ALAMEDA SUPERIOR COURT WILEY W. MANUEL COURTHOUSE,C,OTHER MOTOR VEHICLE,,0,0,A,DAYLIGHT,37.798767,-122.275105,,,,,A,NO PEDESTRIANS INVOLVED,6/18/2024 6:15:00 PM,A,VC 22350,False,1,I-880 N/B,,,6/27/2024 1:54:07 PM,A,S,1403.16,I-980 E/B,F,,D,6/27/2024 1:54:10 PM,6/27/2024 1:54:10 PM,False,True,4,,6/18/2024 6:18:00 PM,1818,False,,,True
2425231,9370-2024-01987,1,False,9370,6/18/2024 2:44:00 PM,1444,024,14,109,Oakland,1,True,True,C,REAR END,,Tuesday,NotApplicable,False,,,False,True,False,ALAMEDA SUPERIOR COURT WILEY W. MANUEL COURTHOUSE,C,OTHER MOTOR VEHICLE,,0,0,A,DAYLIGHT,37.848601,-122.234881,,,,,A,NO PEDESTRIANS INVOLVED,6/18/2024 2:44:00 PM,A,VC 22350,False,1,SR-24 E/B,,,6/27/2024 1:50:53 PM,A,W,610.0,SR-13 S/B,F,,D,6/27/2024 1:50:55 PM,6/27/2024 1:50:55 PM,False,True,4,,6/18/2024 2:45:00 PM,1445,False,,,True
2425225,9370-2024-01988,1,False,9370,6/18/2024 1:50:00 PM,1350,098,14,109,Oakland,1,True,True,E,HIT OBJECT,,Tuesday,NotApplicable,False,,,False,True,False,ALAMEDA SUPERIOR COURT WILEY W. MANUEL COURTHOUSE,J,OTHER OBJECT,UNKNOWN OBJECT,0,0,A,DAYLIGHT,37.805283,-122.27906,,,,,A,NO PEDESTRIANS INVOLVED,6/18/2024 1:50:00 PM,C,,,,I-980 W/B,,,6/27/2024 1:49:20 PM,A,E,345.0,12TH ST,F,,D,6/27/2024 1:49:21 PM,6/27/2024 1:49:21 PM,False,True,4,,6/18/2024 1:50:00 PM,1350,False,,,True
2425220,9370-2024-01759,1,False,9370,5/31/2024 4:40:00 PM,1640,176,14,109,Oakland,1,True,True,E,HIT OBJECT,,Friday,NotApplicable,False,M,,False,True,False,ALAMEDA SUPERIOR COURT WILEY W. MANUEL COURTHOUSE,I,FIXED OBJECT,CONCRETE WALL,0,0,A,DAYLIGHT,37.774222,-122.231008,,,,,A,NO PEDESTRIANS INVOLVED,5/31/2024 4:40:00 PM,A,VC 23114(a),True,2,I-880 N/B,,,6/27/2024 1:46:52 PM,D,S,410.0,29TH AVENUE,F,,D,6/27/2024 1:46:54 PM,6/27/2024 1:46:54 PM,False,True,4,,5/31/2024 4:50:00 PM,1650,True,AREA / EMBEDDED,,True
2425170,9370-2024-01887,1,False,9370,6/8/2024 10:53:00 PM,2253,176,14,109,Oakland,1,True,True,C,REAR END,,Saturday,NotApplicable,False,M,,False,True,True,ALAMEDA SUPERIOR COURT WILEY W. MANUEL COURTHOUSE,C,OTHER MOTOR VEHICLE,,0,0,A,DAYLIGHT,37.731429,-122.188194,,,,,A,NO PEDESTRIANS INVOLVED,6/8/2024 10:53:00 PM,A,VC 22350,False,1,I-880 N/B,,,6/27/2024 1:07:30 PM,A,S,104.0,98TH AVENUE,F,,D,6/27/2024 1:07:32 PM,6/27/2024 1:07:32 PM,False,True,4,,6/8/2024 11:00:00 PM,2300,False,,,True
2424484,9370-2024-01966,1,False,9370,6/16/2024 2:15:00 AM,215,008,14,109,Oakland,1,True,True,E,HIT OBJECT,,Sunday,NotApplicable,False,M,,False,True,False,ALAMEDA SUPERIOR COURT WILEY W. MANUEL COURTHOUSE,I,FIXED OBJECT,ATTENUATOR,0,0,D,DARK-NO STREET LIGHTS,37.824793,-122.31371,,,,,A,NO PEDESTRIANS INVOLVED,6/16/2024 2:15:00 AM,A,VC 22107,False,1,I-80 W/B,,,6/26/2024 8:16:54 PM,A,W,1213.0,WEST GRAND AVENUE,F,,D,6/26/2024 8:16:58 PM,6/26/2024 8:16:58 PM,False,True,4,,6/16/2024 2:20:00 AM,220,False,,,True
2424483,9370-2024-01994,1,False,9370,6/19/2024 10:00:00 AM,1000,055,14,109,Oakland,1,True,True,B,SIDE SWIPE,,Wednesday,NotApplicable,False,,,False,True,False,ALAMEDA SUPERIOR COURT WILEY W. MANUEL COURTHOUSE,C,OTHER MOTOR VEHICLE,,0,0,A,DAYLIGHT,37.827172,-122.285297,,,,,A,NO PEDESTRIANS INVOLVED,6/19/2024 10:00:00 AM,A,VC 21658(A),False,1,I-580 W/B,,,6/26/2024 8:14:40 PM,A,W,170.0,HOLLIS ST,F,,D,6/26/2024 8:14:43 PM,6/26/2024 8:14:43 PM,False,True,4,,6/19/2024 10:15:00 AM,1015,False,,,True
2424466,9370-2024-01983,1,False,9370,6/18/2024 8:04:00 AM,804,008,14,109,Oakland,1,True,True,B,SIDE SWIPE,,Tuesday,NotApplicable,False,,,False,True,False,ALAMEDA SUPERIOR COURT WILEY W. MANUEL COURTHOUSE,C,OTHER MOTOR VEHICLE,,0,0,A,DAYLIGHT,37.825152,-122.313899,,,,,A,NO PEDESTRIANS INVOLVED,6/18/2024 8:04:00 AM,A,VC 21658(A),False,1,I-80 W/B,,,6/26/2024 6:23:25 PM,A,W,505.0,WEST GRAND AVENUE OVER CROSSING,F,,D,6/26/2024 6:23:27 PM,6/26/2024 6:23:27 PM,False,True,4,,6/18/2024 8:09:00 AM,809,False,,,True
2424443,9370-2024-01990,1,False,9370,6/18/2024 1:37:00 PM,1337,098,14,109,Oakland,1,True,True,E,HIT OBJECT,,Tuesday,Yes,False,,,False,True,True,ALAMEDA SUPERIOR COURT WILEY W. MANUEL COURTHOUSE,J,OTHER OBJECT,BLACK METAL PIPE,1,0,A,DAYLIGHT,37.807399,-122.277801,,,,,A,NO PEDESTRIANS INVOLVED,6/18/2024 1:37:00 PM,C,,,,I-980 E/B,,,6/26/2024 5:13:00 PM,A,E,480.0,17TH ST,F,,D,6/26/2024 5:13:02 PM,6/26/2024 5:13:02 PM,False,True,4,,6/18/2024 1:39:00 PM,1339,False,,,True
2424436,9370-2024-01996,1,False,9370,6/19/2024 12:05:00 PM,1205,052,14,109,Oakland,1,True,True,H,OTHER,DEER,Wednesday,NotApplicable,False,,,False,True,False,ALAMEDA SUPERIOR COURT WILEY W. MANUEL COURTHOUSE,H,ANIMAL,DEER,0,0,A,DAYLIGHT,37.774264,-122.160017,,,,,A,NO PEDESTRIANS INVOLVED,6/19/2024 12:05:00 PM,C,,,,I-580 E/B,,,6/26/2024 5:06:02 PM,A,W,1224.0,KELLER AVE,F,,D,6/26/2024 5:06:04 PM,6/26/2024 5:06:04 PM,False,True,4,,6/19/2024 12:08:00 PM,1208,False,,,True
2424435,9370-2024-02004,1,False,9370,6/19/2024 6:35:00 PM,1835,008,14,109,Oakland,1,True,True,E,HIT OBJECT,,Wednesday,NotApplicable,False,,,False,True,False,ALAMEDA SUPERIOR COURT WILEY W. MANUEL COURTHOUSE,I,FIXED OBJECT,CURVE,0,0,A,DAYLIGHT,37.824942,-122.313784,,,,,A,NO PEDESTRIANS INVOLVED,6/19/2024 6:35:00 PM,A,VC 22107,False,1,I-80 WESTBOUND,,,6/26/2024 5:05:21 PM,A,E,5.0,SAN FRANCISCO OAKLAND BAY BRIDGE TOLL PLAZA,F,,D,6/26/2024 5:05:23 PM,6/26/2024 5:05:23 PM,False,True,4,False,6/19/2024 6:40:00 PM,1840,False,,,True
2424434,9370-2024-01973,1,False,9370,6/16/2024 4:10:00 PM,1610,055,14,109,Oakland,1,True,True,C,REAR END,,Sunday,NotApplicable,False,M,,False,True,False,ALAMEDA SUPERIOR COURT WILEY W. MANUEL COURTHOUSE,C,OTHER MOTOR VEHICLE,,0,0,A,DAYLIGHT,37.826788,-122.286885,,,,,A,NO PEDESTRIANS INVOLVED,6/16/2024 4:10:00 PM,A,VC 22350,False,1,I-80 E/B,,,6/26/2024 5:04:26 PM,A,E,132.0,HOLLIS ST,F,,A,6/26/2024 5:04:28 PM,6/26/2024 5:04:28 PM,False,True,4,,6/16/2024 4:15:00 PM,1615,False,,,True
2424433,9370-2024-02019,1,False,9370,6/21/2024 9:00:00 AM,900,055,14,109,Oakland,1,True,True,E,HIT OBJECT,,Friday,NotApplicable,False,M,,False,True,True,ALAMEDA SUPERIOR COURT WILEY W. MANUEL COURTHOUSE,I,FIXED OBJECT,RAISED CONCRETE DIVIDER,0,0,A,DAYLIGHT,37.808701,-122.242725,,,,,A,NO PEDESTRIANS INVOLVED,6/21/2024 9:00:00 AM,A,VC 22107,False,1,INTERSTATE 580 W/B,,,6/26/2024 5:02:21 PM,A,E,200.0,GRAND AVENUE,F,,D,6/26/2024 5:02:23 PM,6/26/2024 5:02:23 PM,False,True,4,,6/21/2024 9:05:00 AM,905,False,,,True
2424424,9370-2024-01967,1,False,9370,6/15/2024 10:18:00 PM,2218,007,14,109,Oakland,1,True,True,E,HIT OBJECT,,Saturday,Yes,False,,,False,True,True,ALAMEDA SUPERIOR COURT WILEY W. MANUEL COURTHOUSE,I,FIXED OBJECT,YELLOW SAND BARRELS,1,0,D,DARK-NO STREET LIGHTS,37.824708,-122.304798,,,,,A,NO PEDESTRIANS INVOLVED,6/15/2024 10:18:00 PM,A,VC 22107,False,1,I-880 N/B TO I-80 W/B,,,6/26/2024 4:50:54 PM,A,N,500.0,ENGINEER ROAD,F,,D,6/26/2024 4:50:57 PM,6/26/2024 4:50:57 PM,False,True,4,,6/15/2024 10:22:00 PM,2222,False,,,True
2424413,9370-2024-02021,1,False,9370,6/15/2024 6:50:00 PM,1850,080,14,109,Oakland,1,True,True,B,SIDE SWIPE,,Saturday,NotApplicable,False,M,,False,True,False,ALAMEDA SUPERIOR COURT WILEY W. MANUEL COURTHOUSE,C,OTHER MOTOR VEHICLE,,0,0,A,DAYLIGHT,37.836641,-122.296197,,,,,A,NO PEDESTRIANS INVOLVED,6/15/2024 6:50:00 PM,A,VC 21658(A),False,1,I-80 W/B,,,6/26/2024 4:31:13 PM,A,W,350.0,POWELL STREET,F,,D,6/26/2024 4:31:16 PM,6/26/2024 4:31:16 PM,False,True,4,,6/17/2024 8:00:00 AM,800,False,,,True
2424385,9370-2024-01958,1,False,9370,6/14/2024 11:15:00 PM,2315,055,14,109,Oakland,1,True,True,B,SIDE SWIPE,,Friday,NotApplicable,False,,,False,True,True,ALAMEDA SUPERIOR COURT WILEY W. MANUEL COURTHOUSE,C,OTHER MOTOR VEHICLE,,0,0,C,DARK-STREET LIGHTS,37.823553,-122.264343,,,,,A,NO PEDESTRIANS INVOLVED,6/14/2024 11:15:00 PM,A,VC 21658(b),False,1,I-580 W/B TO I-980 E/B,,,6/26/2024 4:05:44 PM,A,E,146.0,TELEGRAPH AVENUE,F,,D,6/26/2024 4:05:47 PM,6/26/2024 4:05:47 PM,False,True,4,,6/14/2024 11:25:00 PM,2325,False,,,True
2424360,9370-2024-01948,1,False,9370,6/14/2024 12:50:00 PM,1250,024,14,109,Oakland,1,True,True,C,REAR END,,Friday,NotApplicable,False,,,False,True,False,ALAMEDA SUPERIOR COURT WILEY W. MANUEL COURTHOUSE,C,OTHER MOTOR VEHICLE,,0,0,A,DAYLIGHT,37.849846,-122.238355,,,,,A,NO PEDESTRIANS INVOLVED,6/14/2024 12:50:00 PM,A,VC 22350,False,1,SR 24 EB,,,6/26/2024 3:43:23 PM,A,W,1808.0,FREEWAY OVERPASS,F,,D,6/26/2024 3:43:25 PM,6/26/2024 3:43:25 PM,False,True,4,,6/14/2024 12:54:00 PM,1254,False,,,True
2424357,9370-2024-01902,1,False,9370,6/10/2024 5:50:00 PM,1750,024,14,109,Oakland,1,True,True,B,SIDE SWIPE,,Monday,NotApplicable,False,,,False,True,True,ALAMEDA SUPERIOR COURT WILEY W. MANUEL COURTHOUSE,C,OTHER MOTOR VEHICLE,,0,0,A,DAYLIGHT,37.848802,-122.23402,,,,,A,NO PEDESTRIANS INVOLVED,6/10/2024 5:50:00 PM,A,VC 22350,False,1,SR-24 W/B,,,6/26/2024 3:37:02 PM,A,W,1400.0,SR-13 S/B,F,,D,6/26/2024 3:37:05 PM,6/26/2024 3:37:05 PM,False,True,4,,6/10/2024 5:56:00 PM,1756,True,AREA PHOTO FILE,True,True
2424227,9370-2024-01840,1,False,9370,6/4/2024 11:00:00 AM,1100,024,14,109,Oakland,1,True,True,H,OTHER,BACKING,Tuesday,NotApplicable,False,M,,False,True,False,ALAMEDA SUPERIOR COURT WILEY W. MANUEL COURTHOUSE,C,OTHER MOTOR VEHICLE,,0,0,C,DARK-STREET LIGHTS,37.855789,-122.215274,,,,,A,NO PEDESTRIANS INVOLVED,6/4/2024 11:00:00 AM,A,VC 22106,False,4,SR-24 E/B,,,6/26/2024 1:35:22 PM,A,E,800.0,WEST EDGE OF THE CALDECOTT TUNNEL BORE #2,F,,D,6/26/2024 1:35:26 PM,6/26/2024 1:35:26 PM,False,True,4,,6/4/2024 11:05:00 AM,1105,True,EMBEDDED,True,
2444594,9370-2024-02233,1,False,9370,7/11/2024 4:50:00 PM,1650,052,14,109,Oakland,1,True,True,E,HIT OBJECT,,Thursday,NotApplicable,False,,,False,True,False,ALAMEDA SUPERIOR COURT WILEY W. MANUEL COURTHOUSE,J,OTHER OBJECT,UNKNOWN DEBRIS,0,0,A,DAYLIGHT,37.784019,-122.185502,,,,,A,NO PEDESTRIANS INVOLVED,7/11/2024 4:50:00 PM,C,,,,I-580 E/B,,,7/22/2024 7:25:32 AM,A,W,1381.0,SEMINARY AVE,F,,D,7/22/2024 7:25:34 AM,7/22/2024 7:25:34 AM,False,True,4,False,7/11/2024 5:18:00 PM,1718,False,,,True
2444576,9370-2024-02214,1,False,9370,7/10/2024 8:10:00 AM,810,024,14,109,Oakland,1,True,True,C,REAR END,,Wednesday,NotApplicable,False,,,False,True,False,ALAMEDA SUPERIOR COURT WILEY W. MANUEL COURTHOUSE,C,OTHER MOTOR VEHICLE,,0,0,A,DAYLIGHT,37.855338,-122.217309,,,,,A,NO PEDESTRIANS INVOLVED,7/10/2024 8:10:00 AM,A,VC 22350,False,1,SR-24 W/B (CALDECOTT TUNNEL BORE #3),,,7/22/2024 6:48:55 AM,A,E,320.0,CALDECOTT TUNNEL BORE #3 WEST EDGE,F,,D,7/22/2024 6:48:58 AM,7/22/2024 6:48:58 AM,False,True,4,,7/10/2024 8:15:00 AM,815,False,,,True
2444568,9370-2024-01968,1,False,9370,6/15/2024 10:30:00 PM,2230,053,14,109,Oakland,1,True,True,C,REAR END,,Saturday,Yes,False,M,,False,True,True,ALAMEDA SUPERIOR COURT WILEY W. MANUEL COURTHOUSE,C,OTHER MOTOR VEHICLE,,2,0,C,DARK-STREET LIGHTS,37.794749,-122.206825,,,,,A,NO PEDESTRIANS INVOLVED,6/15/2024 10:30:00 PM,A,VC 23152(a),True,1,I-580 E/B,,,7/22/2024 6:38:41 AM,A,W,430.0,35TH AVE,F,,D,7/22/2024 6:38:43 AM,7/22/2024 6:38:43 AM,False,True,4,,6/15/2024 10:50:00 PM,2250,False,,,True
2444556,9370-2024-02114,1,False,9370,6/26/2024 1:40:00 AM,140,008,14,109,Oakland,1,True,True,B,SIDE SWIPE,,Wednesday,NotApplicable,False,,,False,True,True,ALAMEDA SUPERIOR COURT WILEY W. MANUEL COURTHOUSE,C,OTHER MOTOR VEHICLE,,2,0,C,DARK-STREET LIGHTS,37.824776,-122.307235,,,,,A,NO PEDESTRIANS INVOLVED,6/26/2024 1:40:00 AM,A,VC 21658(A),False,1,I-80 E/B,,,7/22/2024 6:12:05 AM,A,W,380.0,WEST GRAND AVE,F,,D,7/22/2024 6:12:07 AM,7/22/2024 6:12:07 AM,False,True,4,,6/26/2024 1:46:00 AM,146,False,,,True
2444531,9370-2024-02193,1,False,9370,7/8/2024 2:40:00 AM,240,054,14,109,Oakland,1,True,True,B,SIDE SWIPE,,Monday,Yes,False,,,False,True,True,ALAMEDA SUPERIOR COURT WILEY W. MANUEL COURTHOUSE,C,OTHER MOTOR VEHICLE,,1,0,C,DARK-STREET LIGHTS,37.812779,-122.250618,,,,,A,NO PEDESTRIANS INVOLVED,7/8/2024 2:40:00 AM,A,VC 21658(a),False,1,I-580 E/B,,,7/22/2024 5:42:33 AM,A,W,1500.0,GRAND AVENUE,F,,D,7/22/2024 5:42:36 AM,7/22/2024 5:42:36 AM,False,True,4,,7/8/2024 2:50:00 AM,250,False,,,True
2444515,9370-2024-02227,1,False,9370,7/11/2024 6:35:00 AM,635,054,14,109,Oakland,1,True,True,B,SIDE SWIPE,,Thursday,NotApplicable,False,M,,False,True,False,ALAMEDA SUPERIOR COURT WILEY W. MANUEL COURTHOUSE,C,OTHER MOTOR VEHICLE,,0,0,A,DAYLIGHT,37.808628,-122.242278,,,,,A,NO PEDESTRIANS INVOLVED,7/11/2024 6:35:00 AM,A,VC 21658(A),False,1,I-580 W/B,,,7/22/2024 5:26:49 AM,A,E,1127.0,LAKESHORE AVE,F,,D,7/22/2024 5:26:54 AM,7/22/2024 5:26:54 AM,False,True,4,,7/11/2024 6:39:00 AM,639,False,,,True
2444146,9335-2024-01616,1,False,9335,7/15/2024 7:35:00 AM,735,082,14,109,Oakland,1,True,True,C,REAR END,,Monday,NotApplicable,False,,,False,True,False,ALAMEDA SUPERIOR COURT ALAMEDA,C,OTHER MOTOR VEHICLE,,0,0,A,DAYLIGHT,37.824339,-122.315285,,,,,A,NO PEDESTRIANS INVOLVED,7/15/2024 7:35:00 AM,A,VC 22350,False,1,I-80 WB,,,7/20/2024 12:07:50 PM,A,W,425.0,TOLL PLAZA,F,,A,7/20/2024 12:07:52 PM,7/20/2024 12:07:52 PM,False,True,4,,7/15/2024 7:40:00 AM,740,False,,,True