collision-id,report-number,report-version,is-preliminary,ncic-code,crash-date-time,crash-time-description,beat,city-id,city-code,city-name,county-code,city-is-active,city-is-incorporated,collision-type-code,collision-type-description,collision-type-other-desc,day-of-week,dispatch-notified,has-photographs,hit-run,is-attachments-mailed,is-deleted,is-highway-related,is-tow-away,judicial-district,motor-vehicle-involved-with-code,motor-vehicle-involved-with-desc,motor-vehicle-involved-with-other-desc,number-injured,number-killed,lighting-code,lighting-description,latitude,longitude,milepost-direction,milepost-distance,milepost-marker,milepost-unit-of-measure,pedestrian-action-code,pedestrian-action-desc,prepared-date,primary-collision-factor-code,primary-collision-factor-description,primary-collision-factor-is-cited,primary-collision-party-number,primary-road,reporting-district,reporting-district-code,reviewed-date,roadway-surface-code,secondary-direction,secondary-distance,secondary-road,secondary-unit-of-measure,sketch-desc,traffic-control-device-code,created-date,modified-date,is-county-road,is-freeway,chp-555-version,is-additonal-object-struck,notification-date,notification-time-description,has-digital-media-files,evidence-number,is-location-refer-to-narrative,is-aoi-one-same-as-location
2442536,9370-2024-02267,1,False,9370,7/13/2024 7:10:00 PM,1910,008,14,109,Oakland,1,True,True,E,HIT OBJECT,,Saturday,NotApplicable,False,M,,False,True,True,ALAMEDA SUPERIOR COURT WILEY W. MANUEL COURTHOUSE,I,FIXED OBJECT,CONCRETE CENTER DIVIDE,0,0,A,DAYLIGHT,37.82844,-122.293576,,,,,A,NO PEDESTRIANS INVOLVED,7/13/2024 7:10:00 PM,A,VC 22350,False,1,I-80 W/B TO I-580 E/B,,,7/18/2024 10:29:15 AM,A,W,3572.0,POWELL STREET,F,,D,7/18/2024 10:29:17 AM,7/18/2024 10:29:17 AM,False,True,4,,7/13/2024 7:19:00 PM,1919,False,,,True
2442369,9370-2024-02230,1,False,9370,7/11/2024 7:00:00 PM,1900,054,14,109,Oakland,1,True,True,D,BROADSIDE,,Thursday,NotApplicable,False,,,False,True,False,ALAMEDA SUPERIOR COURT WILEY W. MANUEL COURTHOUSE,C,OTHER MOTOR VEHICLE,,0,0,A,DAYLIGHT,37.811115,-122.249513,,,,,A,NO PEDESTRIANS INVOLVED,7/11/2024 7:00:00 PM,A,VC 22350,False,1,I-580 W/B,,,7/18/2024 8:12:46 AM,A,W,259.0,GRAND AVE,F,,D,7/18/2024 8:12:48 AM,7/18/2024 8:12:48 AM,False,True,4,,7/11/2024 7:04:00 PM,1904,False,,,True
2442368,9370-2024-02235,1,False,9370,7/11/2024 7:05:00 PM,1905,054,14,109,Oakland,1,True,True,E,HIT OBJECT,,Thursday,NotApplicable,False,,,False,True,True,ALAMEDA SUPERIOR COURT WILEY W. MANUEL COURTHOUSE,I,FIXED OBJECT,RAISED CONCRETE CENTER,0,0,A,DAYLIGHT,37.812379,-122.249314,,,,,A,NO PEDESTRIANS INVOLVED,7/11/2024 7:05:00 PM,A,VC 22350,False,1,I-580 W/B TO GRAND AVENUE,,,7/18/2024 8:12:26 AM,A,W,490.0,GRAND AVENUE,F,,D,7/18/2024 8:12:28 AM,7/18/2024 8:12:28 AM,False,True,4,,7/11/2024 7:05:00 PM,1905,False,,,True
2442349,9370-2024-02213,1,False,9370,7/10/2024 8:09:00 AM,809,024,14,109,Oakland,1,True,True,C,REAR END,,Wednesday,Yes,False,,,False,True,False,ALAMEDA SUPERIOR COURT WILEY W. MANUEL COURTHOUSE,C,OTHER MOTOR VEHICLE,,1,0,A,DAYLIGHT,37.85506,-122.217939,,,,,A,NO PEDESTRIANS INVOLVED,7/10/2024 8:09:00 AM,A,VC 22350,False,1,SR-24 WB (CALDECOTT TUNNEL BORE #3),,,7/18/2024 7:56:11 AM,A,E,137.0,WEST EDGE OF CALDECOTT TUNNEL,F,,D,7/18/2024 7:56:13 AM,7/18/2024 7:56:13 AM,False,True,4,,7/10/2024 8:15:00 AM,815,False,,,True
2442297,9370-2024-02206,1,False,9370,7/9/2024 5:30:00 PM,1730,176,14,109,Oakland,1,True,True,C,REAR END,,Tuesday,NotApplicable,False,,,False,True,False,ALAMEDA SUPERIOR COURT WILEY W. MANUEL COURTHOUSE,C,OTHER MOTOR VEHICLE,,1,0,A,DAYLIGHT,37.749234,-122.20401,,,,,A,NO PEDESTRIANS INVOLVED,7/9/2024 5:30:00 PM,A,VC 22350,False,1,I-880 SOUTHBOUND,,,7/18/2024 7:03:35 AM,A,S,2045.0,66TH AVENUE,F,,D,7/18/2024 7:03:36 AM,7/18/2024 7:03:36 AM,False,True,4,,7/9/2024 5:30:00 PM,1730,False,,,True
2442264,9370-2024-02200,1,False,9370,7/9/2024 7:10:00 AM,710,024,14,109,Oakland,1,True,True,D,BROADSIDE,,Tuesday,Yes,False,,,False,True,False,ALAMEDA SUPERIOR COURT WILEY W. MANUEL COURTHOUSE,C,OTHER MOTOR VEHICLE,,2,0,C,DARK-STREET LIGHTS,37.855542,-122.215179,,,,,A,NO PEDESTRIANS INVOLVED,7/9/2024 7:10:00 AM,C,,,,SR-24 E/B (CALDECOTT TUNNEL BORE #1),,,7/18/2024 5:57:02 AM,D,E,720.0,WEST EDGE OF CALDECOTT TNL,F,,D,7/18/2024 5:57:06 AM,7/18/2024 5:57:06 AM,False,True,4,True,7/9/2024 7:15:00 AM,715,False,,,
2441623,9335-2024-01500,1,False,9335,6/30/2024 8:00:00 AM,800,082,14,109,Oakland,1,True,True,B,SIDE SWIPE,,Sunday,Yes,False,,,False,True,False,ALAMEDA SUPERIOR COURT ALAMEDA,C,OTHER MOTOR VEHICLE,,1,0,A,DAYLIGHT,37.824046,-122.318536,,,,,A,NO PEDESTRIANS INVOLVED,6/30/2024 8:00:00 AM,A,VC 21658,False,2,I-80 W/B,,,7/17/2024 12:25:29 PM,A,W,338.0,TOLL PLAZA METERING LIGHTS,F,,D,7/17/2024 12:25:35 PM,7/17/2024 12:25:35 PM,False,True,4,True,6/30/2024 8:17:00 AM,817,True,EMBEDDED,,True
2441490,9370-2024-02232,1,False,9370,7/11/2024 4:22:00 PM,1622,177,14,109,Oakland,1,True,True,C,REAR END,,Thursday,NotApplicable,False,,,False,True,False,ALAMEDA SUPERIOR COURT WILEY W. MANUEL COURTHOUSE,C,OTHER MOTOR VEHICLE,,0,0,A,DAYLIGHT,37.799581,-122.277742,,,,,A,NO PEDESTRIANS INVOLVED,7/11/2024 4:22:00 PM,A,VC 22350,False,1,INTERSTATE 880 SOUTHBOUND,,,7/17/2024 10:28:15 AM,A,N,486.0,WASHINGTON STREET,F,,D,7/17/2024 10:28:17 AM,7/17/2024 10:28:17 AM,False,True,4,,7/11/2024 4:27:00 PM,1627,False,,,True
2441475,9370-2024-02229,1,False,9370,2/11/2024 12:12:00 AM,12,176,14,109,Oakland,1,True,True,B,SIDE SWIPE,,Sunday,NotApplicable,False,M,,False,True,False,ALAMEDA SUPERIOR COURT WILEY W. MANUEL COURTHOUSE,C,OTHER MOTOR VEHICLE,,0,0,C,DARK-STREET LIGHTS,37.78539,-122.243858,,,,,A,NO PEDESTRIANS INVOLVED,2/11/2024 12:12:00 AM,A,VC 21658(A),False,1,I-880 S/B,,,7/17/2024 10:09:58 AM,A,N,3100.0,23RD AVE,F,,D,7/17/2024 10:09:59 AM,7/17/2024 10:09:59 AM,False,True,4,,2/11/2024 12:15:00 AM,15,False,,,True
2441368,9370-2024-02226,1,False,9370,7/10/2024 8:30:00 PM,2030,024,14,109,Oakland,1,True,True,B,SIDE SWIPE,,Wednesday,NotApplicable,False,M,,False,True,False,ALAMEDA SUPERIOR COURT WILEY W. MANUEL COURTHOUSE,C,OTHER MOTOR VEHICLE,,0,0,B,DUSK-DAWN,37.848978,-122.224775,,,,,A,NO PEDESTRIANS INVOLVED,7/10/2024 8:30:00 PM,A,VC 21658(A),False,1,SR-24 E/B,,,7/17/2024 9:00:13 AM,A,W,1515.68,TUNNEL RD,F,,D,7/17/2024 9:00:14 AM,7/17/2024 9:00:14 AM,False,True,4,,7/10/2024 8:32:00 PM,2032,False,,,True
2441338,9370-2024-02205,1,False,9370,7/9/2024 5:10:00 PM,1710,901,14,109,Oakland,1,True,True,B,SIDE SWIPE,,Tuesday,NotApplicable,False,,,False,False,False,ALAMEDA SUPERIOR COURT WILEY W. MANUEL COURTHOUSE,C,OTHER MOTOR VEHICLE,,0,0,A,DAYLIGHT,37.749054,-122.196268,,,,,A,NO PEDESTRIANS INVOLVED,7/9/2024 5:10:00 PM,A,VC 21658(a),False,1,HEGENBERGER ROAD (600 BLOCK),,,7/17/2024 8:41:24 AM,A,S,1161.0,SAN LEANDRO STREET,F,,D,7/17/2024 8:41:26 AM,7/17/2024 8:41:26 AM,True,False,4,,7/9/2024 5:17:00 PM,1717,False,,True,
2441300,9370-2024-02204,1,False,9370,7/9/2024 3:35:00 PM,1535,176,14,109,Oakland,1,True,True,C,REAR END,,Tuesday,NotApplicable,False,,,False,True,False,ALAMEDA SUPERIOR COURT WILEY W. MANUEL COURTHOUSE,C,OTHER MOTOR VEHICLE,,2,0,D,DARK-NO STREET LIGHTS,37.725972,-122.183361,,,,,A,NO PEDESTRIANS INVOLVED,7/9/2024 3:35:00 PM,A,VC 22350,False,1,I-880 NORTHBOUND,,,7/17/2024 8:08:40 AM,A,S,2525.0,98TH AVENUE,F,,D,7/17/2024 8:08:43 AM,7/17/2024 8:08:43 AM,False,True,4,,7/9/2024 3:40:00 PM,1540,False,,,
2441290,9370-2024-02209,1,False,9370,7/9/2024 3:30:00 PM,1530,013,14,109,Oakland,1,True,True,C,REAR END,,Tuesday,NotApplicable,False,,,False,True,False,ALAMEDA SUPERIOR COURT WILEY W. MANUEL COURTHOUSE,C,OTHER MOTOR VEHICLE,,0,0,A,DAYLIGHT,37.834635,-122.218261,,,,,A,NO PEDESTRIANS INVOLVED,7/9/2024 3:30:00 PM,A,VC 22350,False,1,SR-13 N/B,,,7/17/2024 7:59:49 AM,A,N,544.02,MORAGA AVE,F,,D,7/17/2024 7:59:51 AM,7/17/2024 7:59:51 AM,False,True,4,,7/9/2024 3:33:00 PM,1533,False,,,True
2441267,9370-2024-02149,2,False,9370,7/3/2024 4:25:00 AM,425,177,14,109,Oakland,1,True,True,C,REAR END,,Wednesday,NotApplicable,False,,,False,True,False,ALAMEDA SUPERIOR COURT ADMINISTRATION BUILDING,C,OTHER MOTOR VEHICLE,,2,0,D,DARK-NO STREET LIGHTS,37.785052,-122.243216,,,,,A,NO PEDESTRIANS INVOLVED,7/3/2024 4:25:00 AM,A,VC 22107,False,1,I-880 S/B,,,10/15/2024 12:11:14 PM,A,S,426.0,16TH STREET,F,,D,7/17/2024 7:35:36 AM,10/15/2024 12:11:18 PM,False,True,4,,7/3/2024 4:27:00 AM,427,False,,,
2440763,9335-2024-01590,3,False,9335,7/11/2024 8:20:00 AM,820,082,14,109,Oakland,1,True,True,C,REAR END,,Thursday,NotApplicable,False,,,False,True,False,ALAMEDA SUPERIOR COURT ALAMEDA,C,OTHER MOTOR VEHICLE,,0,0,A,DAYLIGHT,37.824674,-122.315458,,,,,A,NO PEDESTRIANS INVOLVED,7/11/2024 8:20:00 AM,A,VC 22350,False,1,I-80 WB,,,10/28/2024 12:32:37 PM,A,E,500.0,METERING LIGHTS,F,,A,7/16/2024 2:51:14 PM,10/28/2024 12:32:43 PM,False,True,4,,7/11/2024 8:30:00 AM,830,False,,,True
2440738,9370-2024-02153,2,False,9370,7/3/2024 7:08:00 AM,708,176,14,109,Oakland,1,True,True,B,SIDE SWIPE,,Wednesday,Yes,False,,,False,True,False,ALAMEDA SUPERIOR COURT WILEY W. MANUEL COURTHOUSE,C,OTHER MOTOR VEHICLE,,1,0,A,DAYLIGHT,37.749751,-122.204288,,,,,A,NO PEDESTRIANS INVOLVED,7/3/2024 7:08:00 AM,A,VC 22107,False,1,I-880 N/B,,,10/15/2024 12:50:59 PM,A,S,2043.0,66TH AVE,F,,D,7/16/2024 2:25:07 PM,10/15/2024 12:51:04 PM,False,True,4,True,7/3/2024 7:18:00 AM,718,False,,,True
2440578,9335-2024-01525,1,False,9370,7/3/2024 8:20:00 AM,820,008,14,109,Oakland,1,True,True,B,SIDE SWIPE,,Wednesday,NotApplicable,False,,,False,True,False,ALAMEDA SUPERIOR COURT WILEY W. MANUEL COURTHOUSE,C,OTHER MOTOR VEHICLE,,0,0,A,DAYLIGHT,37.826831,-122.298824,,,,,A,NO PEDESTRIANS INVOLVED,7/3/2024 8:20:00 AM,A,VC 21658(a),False,1,INTERSTATE 80 WESTBOUND,,,7/16/2024 12:03:55 PM,A,E,0.83,SAN FRANCISCO - OAKLAND BAY BRIDGE TOLL PLAZA,M,,A,7/16/2024 12:03:58 PM,7/16/2024 12:03:58 PM,False,True,4,,7/3/2024 8:21:00 AM,821,False,,,
2440464,9370-2024-02202,1,False,9370,7/8/2024 7:00:00 PM,1900,053,14,109,Oakland,1,True,True,E,HIT OBJECT,,Monday,NotApplicable,False,,,False,True,False,ALAMEDA SUPERIOR COURT WILEY W. MANUEL COURTHOUSE,J,OTHER OBJECT,BOX SPRING,0,0,A,DAYLIGHT,37.797726,-122.214527,,,,,A,NO PEDESTRIANS INVOLVED,7/8/2024 7:00:00 PM,C,,,,I-580 W/B,,,7/16/2024 10:37:07 AM,A,E,802.59,35TH AVENUE,F,,D,7/16/2024 10:37:10 AM,7/16/2024 10:37:10 AM,False,True,4,,7/8/2024 7:05:00 PM,1905,False,,,True
2440400,9370-2024-02215,1,False,9370,7/9/2024 6:20:00 PM,1820,008,14,109,Oakland,1,True,True,C,REAR END,,Tuesday,NotApplicable,False,,,False,True,False,ALAMEDA SUPERIOR COURT WILEY W. MANUEL COURTHOUSE,C,OTHER MOTOR VEHICLE,,0,0,A,DAYLIGHT,37.82563,-122.303939,,,,,A,NO PEDESTRIANS INVOLVED,7/9/2024 6:20:00 PM,A,VC 22350,False,1,I-80 W/B,,,7/16/2024 9:56:00 AM,A,E,1431.51,MARITIME STREET,F,,D,7/16/2024 9:56:02 AM,7/16/2024 9:56:02 AM,False,True,4,,7/9/2024 6:24:00 PM,1824,False,,,True
2440279,9370-2024-02195,1,False,9370,7/8/2024 9:15:00 AM,915,054,14,109,Oakland,1,True,True,B,SIDE SWIPE,,Monday,NotApplicable,False,,,False,True,False,ALAMEDA SUPERIOR COURT WILEY W. MANUEL COURTHOUSE,C,OTHER MOTOR VEHICLE,,0,0,A,DAYLIGHT,37.808131,-122.241272,,,,,A,NO PEDESTRIANS INVOLVED,7/8/2024 9:15:00 AM,A,VC 21658(A),False,1,I-580 E/B,,,7/16/2024 8:49:07 AM,A,E,165.0,LAKE PARK AVE,F,,D,7/16/2024 8:49:09 AM,7/16/2024 8:49:09 AM,False,True,4,,7/8/2024 9:19:00 AM,919,False,,,True
2440266,9370-2024-02194,1,False,9370,7/8/2024 8:50:00 AM,850,053,14,109,Oakland,1,True,True,E,HIT OBJECT,,Monday,NotApplicable,False,,,False,True,True,ALAMEDA SUPERIOR COURT WILEY W. MANUEL COURTHOUSE,I,FIXED OBJECT,GUARD RAIL,1,0,A,DAYLIGHT,37.789433,-122.200999,,,,,A,NO PEDESTRIANS INVOLVED,7/8/2024 8:50:00 AM,A,VC 22107,False,1,I-580 E/B,,,7/16/2024 8:41:30 AM,A,W,1700.0,HIGH ST,F,,D,7/16/2024 8:41:32 AM,7/16/2024 8:41:32 AM,False,True,4,,7/8/2024 8:55:00 AM,855,False,,,True
2440179,9370-2024-02236,1,False,9370,7/7/2024 4:30:00 PM,1630,176,14,109,Oakland,1,True,True,C,REAR END,,Sunday,NotApplicable,False,,,False,True,False,ALAMEDA SUPERIOR COURT WILEY W. MANUEL COURTHOUSE,C,OTHER MOTOR VEHICLE,,0,0,A,DAYLIGHT,37.754227,-122.208569,,,,,A,NO PEDESTRIANS INVOLVED,7/7/2024 4:30:00 PM,A,VC 22350,False,1,I-880 S/B,,,7/16/2024 7:27:41 AM,A,S,120.0,66TH AVE,F,,D,7/16/2024 7:27:45 AM,7/16/2024 7:27:45 AM,False,True,4,,7/7/2024 4:50:00 PM,1650,False,,,True
2440158,9370-2024-02197,1,False,9370,7/8/2024 7:48:00 AM,748,176,14,109,Oakland,1,True,True,C,REAR END,,Monday,NotApplicable,False,,,False,True,False,ALAMEDA SUPERIOR COURT WILEY W. MANUEL COURTHOUSE,C,OTHER MOTOR VEHICLE,,0,0,A,DAYLIGHT,37.733675,-122.189855,,,,,A,NO PEDESTRIANS INVOLVED,7/8/2024 7:48:00 AM,A,VC 22350,False,1,I-880 N/B FROM 98TH AVENUE W/B,,,7/16/2024 7:05:57 AM,A,N,727.0,98TH AVENUE,F,,A,7/16/2024 7:05:57 AM,7/16/2024 7:05:57 AM,False,True,4,,7/8/2024 7:55:00 AM,755,False,,,True
2440154,9370-2024-02167,2,False,9370,7/4/2024 12:20:00 PM,1220,052,14,109,Oakland,1,True,True,B,SIDE SWIPE,,Thursday,NotApplicable,False,M,,False,True,False,ALAMEDA SUPERIOR COURT WILEY W. MANUEL COURTHOUSE,C,OTHER MOTOR VEHICLE,,0,0,A,DAYLIGHT,37.753752,-122.150699,,,,,A,NO PEDESTRIANS INVOLVED,7/4/2024 12:20:00 PM,A,VC 21658(a),False,1,I-580 W/B FROM GOLF LINKS ROAD,,,8/16/2024 12:20:54 PM,A,W,64.0,GOLF LINKS ROAD,F,,D,7/16/2024 7:02:09 AM,8/16/2024 12:20:55 PM,False,True,4,,7/4/2024 2:45:00 PM,1445,False,,,False
2439537,9335-2024-01533,1,False,9335,7/4/2024 10:55:00 AM,1055,084,14,109,Oakland,1,True,True,E,HIT OBJECT,,Thursday,Yes,False,,,False,True,True,ALAMEDA SUPERIOR COURT WILEY W. MANUEL COURTHOUSE,I,FIXED OBJECT,CONCRETE WALL,2,0,A,DAYLIGHT,37.819469,-122.344914,,,,,A,NO PEDESTRIANS INVOLVED,7/4/2024 10:55:00 AM,A,VC 22107,False,1,I-80 E/B,,,7/15/2024 2:21:50 PM,A,E,1.28,TREASURE ISLAND TUNNEL,M,,D,7/15/2024 2:21:52 PM,7/15/2024 2:21:52 PM,False,True,4,,7/4/2024 11:02:00 AM,1102,True,EMBEDDED,False,True
2439385,9335-2024-01450,1,False,9335,6/24/2024 3:23:00 PM,1523,082,14,109,Oakland,1,True,True,F,OVERTURNED,,Monday,NotApplicable,False,,,False,True,True,ALAMEDA SUPERIOR COURT ALAMEDA,C,OTHER MOTOR VEHICLE,,1,0,A,DAYLIGHT,37.823893,-122.317459,,,,,A,NO PEDESTRIANS INVOLVED,6/24/2024 3:23:00 PM,A,VC 21658(A),False,1,I-80 W/B,,,7/15/2024 12:47:01 PM,A,W,44.0,SAN FRANCISCO/OAKLAND BAY BRIDGE  METERING LIGHTS,F,,D,7/15/2024 12:47:04 PM,7/15/2024 12:47:04 PM,False,True,4,True,6/24/2024 3:25:00 PM,1525,True,EMBEDDED,,True
2438440,9335-2024-01522,1,False,9335,7/2/2024 9:00:00 PM,2100,084,14,109,Oakland,1,True,True,B,SIDE SWIPE,,Tuesday,Yes,False,,,False,True,True,ALAMEDA SUPERIOR COURT ALAMEDA,C,OTHER MOTOR VEHICLE,,1,0,B,DUSK-DAWN,37.822619,-122.321146,,,,,A,NO PEDESTRIANS INVOLVED,7/2/2024 9:00:00 PM,A,VC 21658(A),False,1,I-80 E/B,,,7/13/2024 1:36:50 PM,A,W,2150.0,SFOBB TOLL PLAZA,F,,D,7/13/2024 1:36:53 PM,7/13/2024 1:36:53 PM,False,True,4,,7/2/2024 9:05:00 PM,2105,False,,,True
2438190,9335-2024-01508,1,False,9335,7/1/2024 7:30:00 AM,730,083,14,109,Oakland,1,True,True,C,REAR END,,Monday,Yes,False,,,False,True,False,ALAMEDA SUPERIOR COURT ALAMEDA,C,OTHER MOTOR VEHICLE,,0,0,A,DAYLIGHT,37.822539,-122.321593,,,,,A,NO PEDESTRIANS INVOLVED,7/1/2024 7:30:00 AM,A,VC 22350,False,1,I-80 EB,,,7/12/2024 8:50:21 PM,A,W,2000.0,SFOBB TOLL PLAZA,F,,D,7/12/2024 8:50:25 PM,7/12/2024 8:50:25 PM,False,True,4,,7/1/2024 7:40:00 AM,740,True,EMBEDDED,,True
2437939,9370-2024-02166,1,False,9370,6/30/2024 8:20:00 PM,2020,177,14,109,Oakland,1,True,True,B,SIDE SWIPE,,Sunday,NotApplicable,False,,,False,True,False,ALAMEDA SUPERIOR COURT WILEY W. MANUEL COURTHOUSE,C,OTHER MOTOR VEHICLE,,0,0,A,DAYLIGHT,37.81191,-122.274308,,,,,A,NO PEDESTRIANS INVOLVED,6/30/2024 8:20:00 PM,A,VC 21658(A),False,1,I-980 W/B,,,7/12/2024 1:03:15 PM,A,E,200.0,14TH ST,F,,D,7/12/2024 1:03:17 PM,7/12/2024 1:03:17 PM,False,True,4,,6/30/2024 8:30:00 PM,2030,False,,,True
2437657,9370-2024-01468,1,False,9370,5/5/2024 9:35:00 PM,2135,025,14,109,Oakland,1,True,True,B,SIDE SWIPE,,Sunday,NotApplicable,False,M,,False,True,False,ALAMEDA SUPERIOR COURT WILEY W. MANUEL COURTHOUSE,C,OTHER MOTOR VEHICLE,,0,0,D,DARK-NO STREET LIGHTS,37.844409,-122.25275,,,,,A,NO PEDESTRIANS INVOLVED,5/5/2024 9:35:00 PM,A,VC 21658(A),False,1,SR-24 W/B,,,7/12/2024 8:34:00 AM,A,W,283.0,COLLEGE AVENUE,M,,D,7/12/2024 8:34:02 AM,7/12/2024 8:34:02 AM,False,True,4,False,5/5/2024 9:59:00 PM,2159,False,,,True
2437644,9370-2024-02186,1,False,9370,7/6/2024 4:30:00 PM,1630,176,14,109,Oakland,1,True,True,C,REAR END,,Saturday,NotApplicable,False,,,False,True,False,ALAMEDA SUPERIOR COURT WILEY W. MANUEL COURTHOUSE,C,OTHER MOTOR VEHICLE,,0,0,A,DAYLIGHT,37.772489,-122.225892,,,,,A,NO PEDESTRIANS INVOLVED,7/6/2024 4:30:00 PM,A,VC 22350,False,1,I-880 S/B,,,7/12/2024 8:24:06 AM,A,N,2250.0,HIGH ST,F,,D,7/12/2024 8:24:08 AM,7/12/2024 8:24:08 AM,False,True,4,,7/6/2024 4:35:00 PM,1635,False,,,True
2437567,9370-2024-02127,1,False,9370,6/30/2024 8:40:00 PM,2040,176,14,109,Oakland,1,True,True,E,HIT OBJECT,,Sunday,NotApplicable,False,,,False,True,False,ALAMEDA SUPERIOR COURT WILEY W. MANUEL COURTHOUSE,J,OTHER OBJECT,GRAY TARP,0,0,B,DUSK-DAWN,37.746751,-122.20194,,,,,A,NO PEDESTRIANS INVOLVED,6/30/2024 8:40:00 PM,C,,,,I-880 S/B,,,7/12/2024 6:55:38 AM,A,N,2585.0,HEGENBERGER RD,F,,D,7/12/2024 6:55:41 AM,7/12/2024 6:55:41 AM,False,True,4,,6/30/2024 8:41:00 PM,2041,False,,,True
2437563,9370-2024-02176,1,False,9370,7/5/2024 7:50:00 PM,1950,053,14,109,Oakland,1,True,True,B,SIDE SWIPE,,Friday,NotApplicable,False,,,False,True,False,ALAMEDA SUPERIOR COURT WILEY W. MANUEL COURTHOUSE,C,OTHER MOTOR VEHICLE,,2,0,A,DAYLIGHT,37.796267,-122.210866,,,,,F,NOT IN ROAD,7/5/2024 7:50:00 PM,A,VC 21802(a),False,1,I-580 E/B FROM COOLIDGE AVENUE,,,7/12/2024 6:52:32 AM,A,E,3.0,COOLIDGE AVENUE,F,,A,7/12/2024 6:52:33 AM,7/12/2024 6:52:33 AM,False,True,4,,7/5/2024 8:04:00 PM,2004,False,,,True
2437529,9370-2024-02136,1,False,9370,7/1/2024 9:30:00 AM,930,178,14,109,Oakland,1,True,True,C,REAR END,,Monday,NotApplicable,False,,,False,True,False,ALAMEDA SUPERIOR COURT WILEY W. MANUEL COURTHOUSE,C,OTHER MOTOR VEHICLE,,0,0,A,DAYLIGHT,37.825363,-122.309665,,,,,A,NO PEDESTRIANS INVOLVED,7/1/2024 9:30:00 AM,A,VC 22350,False,1,I-880 N/B TO I-80 W/B,,,7/12/2024 5:58:26 AM,A,E,1071.0,SFOBB TOLL PLAZA,F,,D,7/12/2024 5:58:27 AM,7/12/2024 5:58:27 AM,False,True,4,,7/1/2024 9:34:00 AM,934,False,,,True
2437517,9370-2024-02181,1,False,9370,7/6/2024 5:42:00 PM,1742,177,14,109,Oakland,1,True,True,E,HIT OBJECT,,Saturday,Yes,False,,,False,True,False,ALAMEDA SUPERIOR COURT WILEY W. MANUEL COURTHOUSE,I,FIXED OBJECT,CENTER DIVIDER,1,0,A,DAYLIGHT,37.789035,-122.25308,,,,,A,NO PEDESTRIANS INVOLVED,7/6/2024 5:42:00 PM,A,VC 22107,False,1,I-880 N/B,,,7/12/2024 5:34:28 AM,A,S,400.0,5TH AVENUE,F,,D,7/12/2024 5:34:31 AM,7/12/2024 5:34:31 AM,False,True,4,,7/6/2024 5:45:00 PM,1745,False,,,True
2437513,9370-2024-02168,1,False,9370,7/3/2024 10:50:00 PM,2250,177,14,109,Oakland,1,True,True,A,HEAD-ON,,Wednesday,NotApplicable,False,M,,False,True,False,ALAMEDA SUPERIOR COURT WILEY W. MANUEL COURTHOUSE,I,FIXED OBJECT,12 SAND BARRELS,0,0,D,DARK-NO STREET LIGHTS,37.795893,-122.267776,,,,,A,NO PEDESTRIANS INVOLVED,7/3/2024 10:50:00 PM,A,VC 22107,False,1,I-880 N/B,,,7/12/2024 5:13:21 AM,A,S,300.0,OAK ST,F,,D,7/12/2024 5:13:27 AM,7/12/2024 5:13:27 AM,False,True,4,,7/3/2024 10:55:00 PM,2255,False,,,True
2437511,9370-2024-01845,1,False,9370,6/5/2024 11:00:00 PM,2300,053,14,109,Oakland,1,True,True,C,REAR END,,Wednesday,NotApplicable,False,,,False,True,False,ALAMEDA SUPERIOR COURT WILEY W. MANUEL COURTHOUSE,C,OTHER MOTOR VEHICLE,,0,0,D,DARK-NO STREET LIGHTS,37.786887,-122.19688,,,,,A,NO PEDESTRIANS INVOLVED,6/5/2024 11:00:00 PM,A,VC 22350,False,1,I-580 E/B TO HIGH STREET,,,7/12/2024 5:10:27 AM,A,W,318.16,HIGH ST,F,,A,7/12/2024 5:10:29 AM,7/12/2024 5:10:29 AM,False,True,4,,6/5/2024 11:30:00 PM,2330,False,,,True
2436342,9370-2024-02108,1,False,9370,6/28/2024 7:57:00 PM,1957,901,14,109,Oakland,1,True,True,D,BROADSIDE,,Friday,NotApplicable,False,,,False,False,False,ALAMEDA SUPERIOR COURT WILEY W. MANUEL COURTHOUSE,C,OTHER MOTOR VEHICLE,,0,0,A,DAYLIGHT,37.822416,-122.270303,,,,,A,NO PEDESTRIANS INVOLVED,6/28/2024 7:57:00 PM,A,VC 22103,False,1,MARTIN LUTHER KING JR WAY,,,7/11/2024 1:51:06 PM,A,S,128.0,33RD STREET,F,,D,7/11/2024 1:51:09 PM,7/11/2024 1:51:09 PM,True,False,4,False,6/28/2024 7:58:00 PM,1958,True,AREA PHOTO FILE,,True
2435831,9370-2024-02174,1,False,9370,7/5/2024 8:54:00 PM,2054,176,14,109,Oakland,1,True,True,B,SIDE SWIPE,,Friday,NotApplicable,False,,,False,True,False,ALAMEDA SUPERIOR COURT WILEY W. MANUEL COURTHOUSE,C,OTHER MOTOR VEHICLE,,0,0,D,DARK-NO STREET LIGHTS,37.759986,-122.213608,,,,,A,NO PEDESTRIANS INVOLVED,7/5/2024 8:54:00 PM,A,VC 21658(A),False,1,I-880 S/B,,,7/11/2024 6:41:59 AM,A,N,2685.0,66TH AVE,F,,D,7/11/2024 6:42:01 AM,7/11/2024 6:42:01 AM,False,True,4,True,7/5/2024 8:55:00 PM,2055,False,,,True