collision-id,report-number,report-version,is-preliminary,ncic-code,crash-date-time,crash-time-description,beat,city-id,city-code,city-name,county-code,city-is-active,city-is-incorporated,collision-type-code,collision-type-description,collision-type-other-desc,day-of-week,dispatch-notified,has-photographs,hit-run,is-attachments-mailed,is-deleted,is-highway-related,is-tow-away,judicial-district,motor-vehicle-involved-with-code,motor-vehicle-involved-with-desc,motor-vehicle-involved-with-other-desc,number-injured,number-killed,lighting-code,lighting-description,latitude,longitude,milepost-direction,milepost-distance,milepost-marker,milepost-unit-of-measure,pedestrian-action-code,pedestrian-action-desc,prepared-date,primary-collision-factor-code,primary-collision-factor-description,primary-collision-factor-is-cited,primary-collision-party-number,primary-road,reporting-district,reporting-district-code,reviewed-date,roadway-surface-code,secondary-direction,secondary-distance,secondary-road,secondary-unit-of-measure,sketch-desc,traffic-control-device-code,created-date,modified-date,is-county-road,is-freeway,chp-555-version,is-additonal-object-struck,notification-date,notification-time-description,has-digital-media-files,evidence-number,is-location-refer-to-narrative,is-aoi-one-same-as-location
2435817,9370-2024-02090,2,False,9370,6/27/2024 11:25:00 PM,2325,178,14,109,Oakland,1,True,True,C,REAR END,,Thursday,Yes,False,F,,False,True,True,ALAMEDA SUPERIOR COURT WILEY W. MANUEL COURTHOUSE,C,OTHER MOTOR VEHICLE,,1,0,D,DARK-NO STREET LIGHTS,37.801835,-122.283111,,,,,A,NO PEDESTRIANS INVOLVED,6/27/2024 11:25:00 PM,C,,,,I-880 N/B,,,7/12/2024 8:46:17 AM,A,N,100.0,MARKET ST,F,,D,7/11/2024 6:09:08 AM,7/12/2024 8:46:19 AM,False,True,4,,6/27/2024 11:30:00 PM,2330,False,,,
2435812,9370-2024-02172,1,False,9370,7/4/2024 1:05:00 PM,1305,025,14,109,Oakland,1,True,True,C,REAR END,,Thursday,NotApplicable,False,M,,False,True,True,ALAMEDA SUPERIOR COURT WILEY W. MANUEL COURTHOUSE,C,OTHER MOTOR VEHICLE,,0,0,A,DAYLIGHT,37.841111,-122.262362,,,,,A,NO PEDESTRIANS INVOLVED,7/4/2024 1:05:00 PM,A,VC 22350,False,1,SR-24 W/B,,,7/11/2024 5:49:48 AM,A,W,159.0,TELEGRAPH AVENUE,F,,D,7/11/2024 5:49:50 AM,7/11/2024 5:49:50 AM,False,True,4,True,7/4/2024 1:08:00 PM,1308,False,,,True
2435601,9370-2024-02152,1,False,9370,7/3/2024 7:10:00 AM,710,176,14,109,Oakland,1,True,True,B,SIDE SWIPE,,Wednesday,NotApplicable,False,M,,False,True,False,ALAMEDA SUPERIOR COURT WILEY W. MANUEL COURTHOUSE,C,OTHER MOTOR VEHICLE,,0,0,A,DAYLIGHT,37.749722,-122.204444,,,,,A,NO PEDESTRIANS INVOLVED,7/3/2024 7:10:00 AM,A,VC 22107,False,1,I-880 N/B,,,7/11/2024 2:52:14 AM,A,S,1802.0,66TH AVE,F,,D,7/11/2024 2:52:18 AM,7/11/2024 2:52:18 AM,False,True,4,,7/3/2024 7:18:00 AM,718,False,,,True
2435597,9370-2024-02148,1,False,9370,7/2/2024 7:05:00 PM,1905,013,14,109,Oakland,1,True,True,E,HIT OBJECT,,Tuesday,NotApplicable,False,,,False,True,True,ALAMEDA SUPERIOR COURT WILEY W. MANUEL COURTHOUSE,I,FIXED OBJECT,CONCRETE WALL,0,0,A,DAYLIGHT,37.796568,-122.183972,,,,,A,NO PEDESTRIANS INVOLVED,7/2/2024 7:05:00 PM,A,VC 22107,False,1,SR-13 S/B,,,7/11/2024 2:27:11 AM,A,S,2200.0,REDWOOD RD,F,,D,7/11/2024 2:27:13 AM,7/11/2024 2:27:13 AM,False,True,4,True,7/2/2024 7:10:00 PM,1910,False,,,True
2435583,9370-2024-02146,1,False,9370,7/2/2024 7:00:00 PM,1900,176,14,109,Oakland,1,True,True,C,REAR END,,Tuesday,NotApplicable,False,M,,False,True,False,ALAMEDA SUPERIOR COURT WILEY W. MANUEL COURTHOUSE,C,OTHER MOTOR VEHICLE,,0,0,A,DAYLIGHT,37.753957,-122.208481,,,,,A,NO PEDESTRIANS INVOLVED,7/2/2024 7:00:00 PM,A,VC 22350,False,1,I-880 S/B FROM 66TH AVENUE,,,7/11/2024 2:13:07 AM,A,N,32.0,66TH AVENUE,F,,A,7/11/2024 2:13:09 AM,7/11/2024 2:13:09 AM,False,True,4,,7/2/2024 7:10:00 PM,1910,False,,,True
2435567,9370-2024-02147,1,False,9370,7/2/2024 5:30:00 PM,1730,054,14,109,Oakland,1,True,True,C,REAR END,,Tuesday,Yes,False,,,False,True,False,ALAMEDA SUPERIOR COURT WILEY W. MANUEL COURTHOUSE,C,OTHER MOTOR VEHICLE,,1,0,A,DAYLIGHT,37.805216,-122.235167,,,,,A,NO PEDESTRIANS INVOLVED,7/2/2024 5:30:00 PM,D,,,,I-580 E/B,,,7/11/2024 1:57:04 AM,A,W,560.0,PARK BLVD,F,,D,7/11/2024 1:57:07 AM,7/11/2024 1:57:07 AM,False,True,4,,7/2/2024 5:32:00 PM,1732,False,,,True
2435556,9370-2024-02145,1,False,9370,7/2/2024 12:30:00 PM,1230,176,14,109,Oakland,1,True,True,C,REAR END,,Tuesday,NotApplicable,False,,,False,True,False,ALAMEDA SUPERIOR COURT WILEY W. MANUEL COURTHOUSE,C,OTHER MOTOR VEHICLE,,0,0,A,DAYLIGHT,37.776975,-122.236911,,,,,A,NO PEDESTRIANS INVOLVED,7/2/2024 12:30:00 PM,A,VC 22350,False,1,I-880 S/B FROM KENNEDY STREET,,,7/11/2024 1:27:05 AM,A,S,15.0,23RD AVE,F,,A,7/11/2024 1:27:11 AM,7/11/2024 1:27:11 AM,False,True,4,,7/2/2024 12:59:00 PM,1259,False,,,True
2435552,9370-2024-02137,1,False,9370,7/1/2024 7:10:00 PM,1910,176,14,109,Oakland,1,True,True,C,REAR END,,Monday,Yes,False,,,False,True,False,ALAMEDA SUPERIOR COURT WILEY W. MANUEL COURTHOUSE,C,OTHER MOTOR VEHICLE,,2,0,A,DAYLIGHT,37.774413,-122.231904,,,,,A,NO PEDESTRIANS INVOLVED,7/1/2024 7:10:00 PM,A,VC 22350,False,1,I-880 SOUTHBOUND,,,7/11/2024 1:16:15 AM,A,N,1210.0,FRUITVALE AVE,F,,D,7/11/2024 1:16:17 AM,7/11/2024 1:16:17 AM,False,True,4,,7/1/2024 7:14:00 PM,1914,False,,,
2435551,9370-2024-02140,1,False,9370,7/1/2024 10:45:00 PM,2245,024,14,109,Oakland,1,True,True,D,BROADSIDE,,Monday,Yes,False,,,False,True,True,ALAMEDA SUPERIOR COURT WILEY W. MANUEL COURTHOUSE,C,OTHER MOTOR VEHICLE,,1,0,D,DARK-NO STREET LIGHTS,37.849502,-122.224132,,,,,A,NO PEDESTRIANS INVOLVED,7/1/2024 10:45:00 PM,A,VC 22350,False,1,SR-24 W/B,,,7/11/2024 1:15:09 AM,A,W,495.0,FREEWAY OVERPASS,F,,D,7/11/2024 1:15:10 AM,7/11/2024 1:15:10 AM,False,True,4,,7/1/2024 10:50:00 PM,2250,False,,,True
2435548,9370-2024-02131,1,False,9370,7/1/2024 4:58:00 AM,458,008,14,109,Oakland,1,True,True,C,REAR END,,Monday,NotApplicable,False,,,False,True,True,ALAMEDA SUPERIOR COURT WILEY W. MANUEL COURTHOUSE,C,OTHER MOTOR VEHICLE,,0,0,B,DUSK-DAWN,37.829031,-122.294301,,,,,A,NO PEDESTRIANS INVOLVED,7/1/2024 4:58:00 AM,A,VC 21658(A),False,1,I-80 W/B,,,7/11/2024 12:32:48 AM,A,W,3310.0,POWELL ST,F,,D,7/11/2024 12:32:53 AM,7/11/2024 12:32:53 AM,False,True,4,,7/1/2024 4:59:00 AM,459,False,,,True
2435182,9370-2024-02129,1,False,9370,7/1/2024 5:20:00 AM,520,052,14,109,Oakland,1,True,True,F,OVERTURNED,,Monday,Yes,False,,,False,True,True,ALAMEDA SUPERIOR COURT WILEY W. MANUEL COURTHOUSE,I,FIXED OBJECT,RAISED CONCRETE CURB,1,0,B,DUSK-DAWN,37.77295,-122.157129,,,,,A,NO PEDESTRIANS INVOLVED,7/1/2024 5:20:00 AM,A,VC 22107,False,1,INTERSTATE 580 WESTBOUND FROM KELLER AVE,,,7/10/2024 12:42:43 PM,A,W,100.0,MOUNTAIN BOULEVARD,F,,D,7/10/2024 12:42:44 PM,7/10/2024 12:42:44 PM,False,True,4,,7/1/2024 5:30:00 AM,530,False,,,True
2435119,9370-2024-02123,1,False,9370,6/30/2024 11:10:00 AM,1110,055,14,109,Oakland,1,True,True,C,REAR END,,Sunday,NotApplicable,False,,,False,True,True,ALAMEDA SUPERIOR COURT WILEY W. MANUEL COURTHOUSE,C,OTHER MOTOR VEHICLE,,0,0,A,DAYLIGHT,37.824047,-122.266793,,,,,A,NO PEDESTRIANS INVOLVED,6/30/2024 11:10:00 AM,A,VC 22350,False,1,INTERSTATE 580 WB,,,7/10/2024 11:34:20 AM,A,E,1800.0,WEST ST,F,,A,7/10/2024 11:34:22 AM,7/10/2024 11:34:22 AM,False,True,4,,6/30/2024 11:15:00 AM,1115,False,,,True
2435070,9370-2024-02138,1,False,9370,7/1/2024 7:10:00 PM,1910,025,14,109,Oakland,1,True,True,C,REAR END,,Monday,NotApplicable,False,,,False,True,False,ALAMEDA SUPERIOR COURT WILEY W. MANUEL COURTHOUSE,C,OTHER MOTOR VEHICLE,,2,0,A,DAYLIGHT,37.817197,-122.270977,,,,,A,NO PEDESTRIANS INVOLVED,7/1/2024 7:10:00 PM,A,VC 22350,False,1,SR-24 WB TO 27TH STREET,,,7/10/2024 10:46:02 AM,A,E,167.0,27TH STREET,F,,A,7/10/2024 10:46:04 AM,7/10/2024 10:46:04 AM,False,True,4,,7/1/2024 7:15:00 PM,1915,False,,,True
2434950,9335-2024-01496,1,False,9370,6/30/2024 1:39:00 AM,139,008,14,109,Oakland,1,True,True,E,HIT OBJECT,,Sunday,Yes,False,,,False,True,False,ALAMEDA SUPERIOR COURT WILEY W. MANUEL COURTHOUSE,I,FIXED OBJECT,CONCRETE WALL,0,0,D,DARK-NO STREET LIGHTS,37.827056,-122.296067,,,,,A,NO PEDESTRIANS INVOLVED,6/30/2024 1:39:00 AM,A,VC 23152(a),True,1,I-80 E/B TO I-580 E/B,,,7/10/2024 8:39:31 AM,A,W,0.28,BEACH STREET,F,,D,7/10/2024 8:39:33 AM,7/10/2024 8:39:33 AM,False,True,4,,6/30/2024 1:40:00 AM,140,False,,,True
2434917,9370-2024-02124,1,False,9370,6/29/2024 10:12:00 AM,1012,176,14,109,Oakland,1,True,True,G,VEHICLE/PEDESTRAIN,,Saturday,Yes,False,,,False,True,False,ALAMEDA SUPERIOR COURT WILEY W. MANUEL COURTHOUSE,B,PEDESTRIAN,,1,0,A,DAYLIGHT,37.751913,-122.206095,,,,,E,IN ROAD - INCLUDES SHOULDER,6/29/2024 10:12:00 AM,A,VC 22107,False,1,I-880 N/B,,,7/10/2024 8:22:36 AM,A,S,897.0,66TH AVE,F,,D,7/10/2024 8:22:41 AM,7/10/2024 8:22:41 AM,False,True,4,,6/29/2024 10:19:00 AM,1019,False,,,True
2434855,9370-2024-02053,1,False,9370,6/23/2024 11:50:00 PM,2350,055,14,109,Oakland,1,True,True,B,SIDE SWIPE,,Sunday,NotApplicable,False,M,,False,True,False,ALAMEDA SUPERIOR COURT WILEY W. MANUEL COURTHOUSE,C,OTHER MOTOR VEHICLE,,0,0,B,DUSK-DAWN,37.827079,-122.297498,,,,,A,NO PEDESTRIANS INVOLVED,6/23/2024 11:50:00 PM,A,VC 21658(A),False,1,I-580 W/B TO I-80 W/B,,,7/10/2024 7:16:54 AM,A,E,3539.0,WEST GRAND AVENUE,F,,D,7/10/2024 7:16:56 AM,7/10/2024 7:16:56 AM,False,True,4,,6/23/2024 11:55:00 PM,2355,False,,,True
2434848,9370-2024-01998,1,False,9370,6/19/2024 10:45:00 AM,1045,025,14,109,Oakland,1,True,True,B,SIDE SWIPE,,Wednesday,NotApplicable,False,M,,False,True,False,ALAMEDA SUPERIOR COURT WILEY W. MANUEL COURTHOUSE,C,OTHER MOTOR VEHICLE,,0,0,A,DAYLIGHT,37.832464,-122.266756,,,,,A,NO PEDESTRIANS INVOLVED,6/19/2024 10:45:00 AM,A,VC 22107,False,1,SR-24 W/B,,,7/10/2024 7:07:57 AM,A,W,242.0,45TH STREET,F,,D,7/10/2024 7:07:59 AM,7/10/2024 7:07:59 AM,False,True,4,,6/19/2024 10:50:00 AM,1050,False,,,True
2434831,9370-2024-02008,1,False,9370,6/2/2024 12:30:00 PM,1230,177,14,109,Oakland,1,True,True,C,REAR END,,Sunday,NotApplicable,False,M,,False,True,False,ALAMEDA SUPERIOR COURT WILEY W. MANUEL COURTHOUSE,C,OTHER MOTOR VEHICLE,,0,0,A,DAYLIGHT,37.774995,-122.232895,,,,,A,NO PEDESTRIANS INVOLVED,6/2/2024 12:30:00 PM,A,VC 22350,False,1,I-880 N/B,,,7/10/2024 6:47:10 AM,A,S,130.0,29TH AVE,F,,D,7/10/2024 6:47:16 AM,7/10/2024 6:47:16 AM,False,True,4,,6/18/2024 10:00:00 AM,1000,False,,,
2434797,9370-2024-02115,1,False,9370,6/29/2024 1:30:00 AM,130,176,14,109,Oakland,1,True,True,A,HEAD-ON,,Saturday,Yes,False,M,,False,True,False,ALAMEDA SUPERIOR COURT WILEY W. MANUEL COURTHOUSE,C,OTHER MOTOR VEHICLE,,0,0,C,DARK-STREET LIGHTS,37.778392,-122.237503,,,,,A,NO PEDESTRIANS INVOLVED,6/29/2024 1:30:00 AM,A,VC 23152(a),True,1,INTERSTATE 880 NORTHBOUND,,,7/10/2024 5:25:10 AM,A,N,166.0,23RD AVE,F,,D,7/10/2024 5:25:13 AM,7/10/2024 5:25:13 AM,False,True,4,,6/29/2024 1:35:00 AM,135,False,,,True
2434795,9370-2024-02100,1,False,9370,6/28/2024 9:45:00 AM,945,025,14,109,Oakland,1,True,True,B,SIDE SWIPE,,Friday,NotApplicable,False,,,False,True,False,ALAMEDA SUPERIOR COURT WILEY W. MANUEL COURTHOUSE,C,OTHER MOTOR VEHICLE,,0,0,A,DAYLIGHT,37.833219,-122.265839,,,,,A,NO PEDESTRIANS INVOLVED,6/28/2024 9:45:00 AM,A,VC 21658(A),False,1,SR-24 E/B,,,7/10/2024 5:16:29 AM,A,W,1614.0,52ND ST,F,,D,7/10/2024 5:16:29 AM,7/10/2024 5:16:29 AM,False,True,4,,6/28/2024 9:48:00 AM,948,False,,,True
2434539,9335-2024-01526,1,False,9335,7/2/2024 8:55:00 PM,2055,083,14,109,Oakland,1,True,True,B,SIDE SWIPE,,Tuesday,NotApplicable,False,,,False,True,False,ALAMEDA SUPERIOR COURT ALAMEDA,C,OTHER MOTOR VEHICLE,,1,0,D,DARK-NO STREET LIGHTS,37.822991,-122.318393,,,,,A,NO PEDESTRIANS INVOLVED,7/2/2024 8:55:00 PM,A,VC 21658(A),False,1,I-80 E/B,,,7/9/2024 8:01:27 PM,A,W,2000.0,TOLL PLAZA,F,,D,7/9/2024 8:01:30 PM,7/9/2024 8:01:30 PM,False,True,4,,7/2/2024 9:00:00 PM,2100,False,,,True
2434464,9345-2024-02477,1,False,9345,7/1/2024 1:50:00 PM,1350,904,14,109,Oakland,1,True,True,B,SIDE SWIPE,,Monday,NotApplicable,False,,,False,True,False,ALAMEDA SUPERIOR COURT WILEY W. MANUEL COURTHOUSE,C,OTHER MOTOR VEHICLE,,0,0,A,DAYLIGHT,37.732329,-122.189348,,,,,A,NO PEDESTRIANS INVOLVED,7/1/2024 1:50:00 PM,A,VC 21658(A),False,1,I-880 S/B,,,7/9/2024 4:21:01 PM,A,N,250.0,98TH AVE.,F,,D,7/9/2024 4:21:03 PM,7/9/2024 4:21:03 PM,False,True,4,,7/1/2024 2:19:00 PM,1419,False,,,
2454819,24-009816,2,False,0109,2/25/2024 4:42:00 AM,442,03Y,14,109,Oakland,1,True,True,A,HEAD-ON,,Sunday,,,F,,False,False,False,,C,OTHER MOTOR VEHICLE,,1,0,C,DARK-STREET LIGHTS,,,,,,,A,NO PEDESTRIANS INVOLVED,,A,21801A,,1,14TH ST,1,,,A,,,CASTRO ST,,,A,7/22/2024 10:54:28 AM,1/28/2025 11:10:28 AM,,,2,,,,,,,
2454818,24-005803,2,False,0109,2/1/2024 9:24:00 PM,2124,31X,14,109,Oakland,1,True,True,C,REAR END,,Thursday,,,M,,False,False,True,,C,OTHER MOTOR VEHICLE,,1,0,C,DARK-STREET LIGHTS,,,,,,,A,NO PEDESTRIANS INVOLVED,,A,22350,,1,SAN LEANDRO ST,2,,,B,,,81ST AV,,,A,7/22/2024 10:54:28 AM,1/28/2025 11:10:28 AM,,,2,,,,,,,
2454817,24-010373,2,False,0109,2/28/2024 5:30:00 PM,1730,17X,14,109,Oakland,1,True,True,G,VEHICLE/PEDESTRAIN,,Wednesday,,,,,False,False,False,,B,PEDESTRIAN,,0,1,A,DAYLIGHT,,,,,,,B,CROSSING IN CROSS WALK AT INTERSECTION,,A,21950A,,1,PARK BL,1,,,A,N,13.0,CLEVELAND AV,F,,A,7/22/2024 10:54:28 AM,1/28/2025 11:10:28 AM,,,2,,,,,,,
2454816,24-009085,2,False,0109,2/20/2024 5:34:00 PM,1734,26Y,14,109,Oakland,1,True,True,D,BROADSIDE,,Tuesday,,,,,False,False,True,,C,OTHER MOTOR VEHICLE,,3,0,B,DUSK-DAWN,,,,,,,A,NO PEDESTRIANS INVOLVED,,A,21453A,,1,HEGENBERGER RD,1,,,B,,,HAMILTON ST,,,A,7/22/2024 10:54:27 AM,1/28/2025 11:10:28 AM,,,2,,,,,,,
2454785,24-000141,2,False,0109,1/1/2024 9:48:00 PM,2148,09X,14,109,Oakland,1,True,True,A,HEAD-ON,,Monday,,,,,False,False,False,,C,OTHER MOTOR VEHICLE,,3,0,C,DARK-STREET LIGHTS,,,,,,,A,NO PEDESTRIANS INVOLVED,,A,21453A,,1,40TH ST,1,,,A,,,BROADWAY,,,A,7/22/2024 10:54:26 AM,1/28/2025 11:10:27 AM,,,2,,,,,,,
2454784,24-002015,2,False,0109,1/12/2024 12:30:00 PM,1230,05X,14,109,Oakland,1,True,True,D,BROADSIDE,,Friday,,,,,False,False,False,,C,OTHER MOTOR VEHICLE,,1,0,A,DAYLIGHT,,,,,,,A,NO PEDESTRIANS INVOLVED,,A,21453A,,1,18TH ST,2,,,A,,,BRUSH ST,,,A,7/22/2024 10:54:26 AM,1/28/2025 11:10:27 AM,,,2,,,,,,,
2454778,24-002285,2,False,0109,1/14/2024 10:49:00 AM,1049,31Y,14,109,Oakland,1,True,True,E,HIT OBJECT,,Sunday,,,,,False,False,True,,I,FIXED OBJECT,,1,0,A,DAYLIGHT,,,,,,,A,NO PEDESTRIANS INVOLVED,,A,22107,,1,AIRPORT ACCESS RD,2,,,B,W,50.0,98TH AV,F,,A,7/22/2024 10:54:25 AM,1/28/2025 11:10:27 AM,,,2,,,,,,,
2454777,24-003934,2,False,0109,1/23/2024 6:58:00 AM,658,31Y,14,109,Oakland,1,True,True,A,HEAD-ON,,Tuesday,,,,,False,False,True,,C,OTHER MOTOR VEHICLE,,3,0,B,DUSK-DAWN,,,,,,,A,NO PEDESTRIANS INVOLVED,,A,21801A,,1,HEGENBERGER RD,2,,,A,,,PARDEE DR,,,A,7/22/2024 10:54:25 AM,1/28/2025 11:10:27 AM,,,2,,,,,,,
2454776,24-000838,2,False,0109,1/5/2024 8:34:00 AM,834,19X,14,109,Oakland,1,True,True,G,VEHICLE/PEDESTRAIN,,Friday,,,,,False,False,False,,B,PEDESTRIAN,,1,0,A,DAYLIGHT,,,,,,,E,IN ROAD - INCLUDES SHOULDER,,A,21950A,,1,E 10TH ST,1,,,A,,,2ND AV,,,D,7/22/2024 10:54:25 AM,1/28/2025 11:10:27 AM,,,2,,,,,,,
2454775,24-000396,2,False,0109,1/2/2024 1:43:00 PM,1343,05X,14,109,Oakland,1,True,True,A,HEAD-ON,,Tuesday,,,,,False,False,False,,C,OTHER MOTOR VEHICLE,,1,0,A,DAYLIGHT,,,,,,,A,NO PEDESTRIANS INVOLVED,,A,21801A,,1,ADELINE ST,1,,,A,,,W GRAND AV,,,A,7/22/2024 10:54:25 AM,1/28/2025 11:10:27 AM,,,2,,,,,,,
2454774,24-001726,2,False,0109,1/10/2024 5:08:00 PM,1708,09X,14,109,Oakland,1,True,True,G,VEHICLE/PEDESTRAIN,,Wednesday,,,,,False,False,False,,B,PEDESTRIAN,,1,0,C,DARK-STREET LIGHTS,,,,,,,B,CROSSING IN CROSS WALK AT INTERSECTION,,A,21950A,,1,PIEDMONT AV,1,,,D,N,1.0,GLEN AV,F,,D,7/22/2024 10:54:25 AM,1/28/2025 11:10:26 AM,,,2,,,,,,,
2454773,24-001560,2,False,0109,1/9/2024 1:25:00 PM,1325,12Y,14,109,Oakland,1,True,True,D,BROADSIDE,,Tuesday,,,,,False,False,False,,G,BICYCLE,,1,0,A,DAYLIGHT,,,,,,,A,NO PEDESTRIANS INVOLVED,,A,21453A,,1,KEITH AV,1,,,A,,,COLLEGE AV,,,A,7/22/2024 10:54:25 AM,1/28/2025 11:10:26 AM,,,2,,,,,,,
2454763,24-002451,2,False,0109,1/15/2024 10:31:00 AM,1031,08X,14,109,Oakland,1,True,True,D,BROADSIDE,,Monday,,,M,,False,False,False,,C,OTHER MOTOR VEHICLE,,0,0,A,DAYLIGHT,,,,,,,A,NO PEDESTRIANS INVOLVED,,A,21453A,,1,27TH ST,1,,,A,,,BROADWAY,,,A,7/22/2024 10:54:25 AM,1/28/2025 11:10:26 AM,,,2,,,,,,,
2454762,24-000983,2,False,0109,1/6/2024 5:13:00 AM,513,30X,14,109,Oakland,1,True,True,A,HEAD-ON,,Saturday,,,M,,False,False,False,,E,PARKED MOTOR VEHICLE,,0,0,C,DARK-STREET LIGHTS,,,,,,,A,NO PEDESTRIANS INVOLVED,,A,22107,,1,8ND AV,2,,,A,S,150.0,BIRCH ST,F,,D,7/22/2024 10:54:24 AM,1/28/2025 11:10:26 AM,,,2,,,,,,,
2454761,24-001976,2,False,0109,1/12/2024 8:40:00 AM,840,03X,14,109,Oakland,1,True,True,A,HEAD-ON,,Friday,,,,,False,False,False,,E,PARKED MOTOR VEHICLE,,0,0,A,DAYLIGHT,,,,,,,A,NO PEDESTRIANS INVOLVED,,A,21657,,1,8TH ST,1,,,,,,MADISON ST,,,A,7/22/2024 10:54:24 AM,1/28/2025 11:10:26 AM,,,2,,,,,,,
2454759,24-003301,2,False,0109,1/19/2024 3:29:00 PM,1529,03X,14,109,Oakland,1,True,True,B,SIDE SWIPE,,Friday,,,,,False,False,False,,D,MOTOR VEHICLE ON OTHER ROADWAY,,0,0,A,DAYLIGHT,,,,,,,A,NO PEDESTRIANS INVOLVED,,D,,,,7TH ST,1,,,A,,,WASHINGTON ST,,,A,7/22/2024 10:54:24 AM,1/28/2025 11:10:26 AM,,,2,,,,,,,
2454758,24-003487,2,False,0109,1/20/2024 3:20:00 PM,1520,31X,14,109,Oakland,1,True,True,D,BROADSIDE,,Saturday,,,,,False,False,False,,C,OTHER MOTOR VEHICLE,,0,0,A,DAYLIGHT,,,,,,,A,NO PEDESTRIANS INVOLVED,,D,,,,98TH AV,2,,,A,,,EDES AV,,,A,7/22/2024 10:54:24 AM,1/28/2025 11:10:26 AM,,,2,,,,,,,
2454757,24-001140,2,False,0109,1/7/2024 3:00:00 AM,300,30X,14,109,Oakland,1,True,True,E,HIT OBJECT,,Sunday,,,M,,False,False,True,,I,FIXED OBJECT,,0,0,B,DUSK-DAWN,,,,,,,A,NO PEDESTRIANS INVOLVED,,A,22107,,1,FONTAINE ST,2,,,A,E,332.0,SHONE AV,F,,D,7/22/2024 10:54:24 AM,1/28/2025 11:10:26 AM,,,2,,,,,,,
2454756,24-001366,2,False,0109,1/8/2024 1:05:00 PM,1305,31X,14,109,Oakland,1,True,True,D,BROADSIDE,,Monday,,,,,False,False,True,,C,OTHER MOTOR VEHICLE,,0,0,A,DAYLIGHT,,,,,,,A,NO PEDESTRIANS INVOLVED,,A,21453A,,1,HEGENBERGER RD,2,,,A,,,EDES AV,,,A,7/22/2024 10:54:24 AM,1/28/2025 11:10:26 AM,,,2,,,,,,,
2454755,24-003794,2,False,0109,1/22/2024 11:27:00 AM,1127,30Y,14,109,Oakland,1,True,True,H,OTHER,,Monday,,,M,,False,False,True,,E,PARKED MOTOR VEHICLE,,0,0,A,DAYLIGHT,,,,,,,A,NO PEDESTRIANS INVOLVED,,A,22106,,1,FONTAINE ST,2,,,A,E,40.0,SHONE AV,F,,A,7/22/2024 10:54:24 AM,1/28/2025 11:10:26 AM,,,2,,,,,,,
2454754,24-000350,2,False,0109,1/2/2024 9:42:00 AM,942,31X,14,109,Oakland,1,True,True,A,HEAD-ON,,Tuesday,,,M,,False,False,False,,I,FIXED OBJECT,,0,0,A,DAYLIGHT,,,,,,,A,NO PEDESTRIANS INVOLVED,,A,22107,,1,HEGENBERGER RD,2,,,A,,,HEGENBERGER RD 600,,,D,7/22/2024 10:54:24 AM,1/28/2025 11:10:25 AM,,,2,,,,,,,
2454741,24-006644,2,False,0109,2/6/2024 1:27:00 PM,1327,09X,14,109,Oakland,1,True,True,B,SIDE SWIPE,,Tuesday,,,M,,False,False,False,,C,OTHER MOTOR VEHICLE,,0,0,A,DAYLIGHT,,,,,,,A,NO PEDESTRIANS INVOLVED,,A,22107,,1,MARTIN LUTHER KING JR WY,1,,,A,S,5.0,52ND ST,F,,A,7/22/2024 10:54:24 AM,1/28/2025 11:10:25 AM,,,2,,,,,,,
2454740,24-006941,2,False,0109,2/8/2024 6:45:00 AM,645,27Y,14,109,Oakland,1,True,True,D,BROADSIDE,,Thursday,,,M,,False,False,False,,C,OTHER MOTOR VEHICLE,,0,0,C,DARK-STREET LIGHTS,,,,,,,A,NO PEDESTRIANS INVOLVED,,A,21457A,,1,SEMINARY AV,2,,,A,,,AVENAL AV,,,A,7/22/2024 10:54:24 AM,1/28/2025 11:10:25 AM,,,2,,,,,,,
2454739,24-010096,2,False,0109,2/27/2024 2:00:00 AM,200,19X,14,109,Oakland,1,True,True,E,HIT OBJECT,,Tuesday,,,M,,False,False,True,,I,FIXED OBJECT,,0,0,C,DARK-STREET LIGHTS,,,,,,,A,NO PEDESTRIANS INVOLVED,,A,22107,,1,EMBARCADERO,1,,,A,E,345.0,RT880,F,,D,7/22/2024 10:54:24 AM,1/28/2025 11:10:25 AM,,,2,,,,,,,
2454738,24-008109,2,False,0109,2/15/2024 7:53:00 AM,753,17X,14,109,Oakland,1,True,True,B,SIDE SWIPE,,Thursday,,,,,False,False,False,,E,PARKED MOTOR VEHICLE,,0,0,A,DAYLIGHT,,,,,,,A,NO PEDESTRIANS INVOLVED,,A,22107,,1,BAYVIEW AV,1,,,B,W,20.0,11TH ST,F,,A,7/22/2024 10:54:24 AM,1/28/2025 11:10:25 AM,,,2,,,,,,,
2454737,24-005979,2,False,0109,2/2/2024 7:24:00 PM,1924,19X,14,109,Oakland,1,True,True,C,REAR END,,Friday,,,,,False,False,True,,C,OTHER MOTOR VEHICLE,,0,0,C,DARK-STREET LIGHTS,,,,,,,A,NO PEDESTRIANS INVOLVED,,A,23152A,,1,FOOTHILL BL,1,,,B,W,24.0,9TH AV,F,,D,7/22/2024 10:54:24 AM,1/28/2025 11:10:25 AM,,,2,,,,,,,