collision-id,report-number,report-version,is-preliminary,ncic-code,crash-date-time,crash-time-description,beat,city-id,city-code,city-name,county-code,city-is-active,city-is-incorporated,collision-type-code,collision-type-description,collision-type-other-desc,day-of-week,dispatch-notified,has-photographs,hit-run,is-attachments-mailed,is-deleted,is-highway-related,is-tow-away,judicial-district,motor-vehicle-involved-with-code,motor-vehicle-involved-with-desc,motor-vehicle-involved-with-other-desc,number-injured,number-killed,lighting-code,lighting-description,latitude,longitude,milepost-direction,milepost-distance,milepost-marker,milepost-unit-of-measure,pedestrian-action-code,pedestrian-action-desc,prepared-date,primary-collision-factor-code,primary-collision-factor-description,primary-collision-factor-is-cited,primary-collision-party-number,primary-road,reporting-district,reporting-district-code,reviewed-date,roadway-surface-code,secondary-direction,secondary-distance,secondary-road,secondary-unit-of-measure,sketch-desc,traffic-control-device-code,created-date,modified-date,is-county-road,is-freeway,chp-555-version,is-additonal-object-struck,notification-date,notification-time-description,has-digital-media-files,evidence-number,is-location-refer-to-narrative,is-aoi-one-same-as-location
2454636,24000842,2,False,0109,1/5/2024 7:53:00 AM,753,31Y,14,109,Oakland,1,True,True,B,SIDE SWIPE,,Friday,,,M,,False,False,False,,C,OTHER MOTOR VEHICLE,,0,0,A,DAYLIGHT,,,,,,,A,NO PEDESTRIANS INVOLVED,,A,22107,,1,SAN LEANDRO ST,2,,,A,E,10.0,98TH AV,F,,A,7/22/2024 10:54:19 AM,1/28/2025 11:10:20 AM,,,2,,,,,,,
2454635,24-001406,2,False,0109,1/8/2024 4:01:00 PM,1601,15X,14,109,Oakland,1,True,True,D,BROADSIDE,,Monday,,,,,False,False,False,,C,OTHER MOTOR VEHICLE,,0,0,A,DAYLIGHT,,,,,,,A,NO PEDESTRIANS INVOLVED,,A,22107,,1,MACARTHUR BL,1,,,A,,,WESLEY BL,,,A,7/22/2024 10:54:19 AM,1/28/2025 11:10:20 AM,,,2,,,,,,,
2454633,24-001797,2,False,0109,1/11/2024 7:00:00 AM,700,24X,14,109,Oakland,1,True,True,B,SIDE SWIPE,,Thursday,,,M,,False,False,False,,E,PARKED MOTOR VEHICLE,,0,0,A,DAYLIGHT,,,,,,,A,NO PEDESTRIANS INVOLVED,,A,22350,,1,HARRINGTON AV,2,,,A,N,500.0,SAN JUAN ST,F,,D,7/22/2024 10:54:19 AM,1/28/2025 11:10:20 AM,,,2,,,,,,,
2454620,24-006068,2,False,0109,2/3/2024 9:26:00 AM,926,30X,14,109,Oakland,1,True,True,D,BROADSIDE,,Saturday,,,,,False,False,False,,C,OTHER MOTOR VEHICLE,,2,0,A,DAYLIGHT,,,,,,,A,NO PEDESTRIANS INVOLVED,,A,21453A,,,73RD AV,2,,,A,,,ARTHUR ST,,,A,7/22/2024 10:54:18 AM,1/28/2025 11:10:19 AM,,,2,,,,,,,
2454619,24-007831,2,False,0109,2/13/2024 2:35:00 PM,1435,12Y,14,109,Oakland,1,True,True,F,OVERTURNED,,Tuesday,,,,,False,False,True,,C,OTHER MOTOR VEHICLE,,1,0,A,DAYLIGHT,,,,,,,A,NO PEDESTRIANS INVOLVED,,A,21453A,,1,TELEGRAPH AV,1,,,A,,,59TH ST,,,A,7/22/2024 10:54:18 AM,1/28/2025 11:10:19 AM,,,2,,,,,,,
2454618,24-007308,2,False,0109,2/10/2024 3:10:00 PM,1510,07X,14,109,Oakland,1,True,True,B,SIDE SWIPE,,Saturday,,,M,,False,False,False,,C,OTHER MOTOR VEHICLE,,1,0,A,DAYLIGHT,,,,,,,A,NO PEDESTRIANS INVOLVED,,A,22107,,1,W GRAND AV,1,,,A,,,MARITIME ST,,,A,7/22/2024 10:54:18 AM,1/28/2025 11:10:20 AM,,,2,,,,,,,
2454617,24-006462,2,False,0109,2/5/2024 3:20:00 PM,1520,08X,14,109,Oakland,1,True,True,D,BROADSIDE,,Monday,,,M,,False,False,False,,C,OTHER MOTOR VEHICLE,,1,0,A,DAYLIGHT,,,,,,,A,NO PEDESTRIANS INVOLVED,,A,23152A,,1,29TH AV,1,,,B,,,BROADWAY,,,A,7/22/2024 10:54:18 AM,1/28/2025 11:10:19 AM,,,2,,,,,,,
2454597,24-011381,2,False,0109,3/5/2024 8:25:00 AM,825,13X,14,109,Oakland,1,True,True,G,VEHICLE/PEDESTRAIN,,Tuesday,,,,,False,False,False,,B,PEDESTRIAN,,2,0,A,DAYLIGHT,,,,,,,B,CROSSING IN CROSS WALK AT INTERSECTION,,A,21950A,,1,MARGUERITE DR,1,,,A,,,MANDALAY RD,,,D,7/22/2024 10:54:17 AM,1/28/2025 11:10:19 AM,,,2,,,,,,,
2454596,24-010744,2,False,0109,3/10/2024 7:55:00 PM,1955,22Y,14,109,Oakland,1,True,True,F,OVERTURNED,,Sunday,,,,,False,False,True,,J,OTHER OBJECT,,1,0,C,DARK-STREET LIGHTS,,,,,,,A,NO PEDESTRIANS INVOLVED,,A,22350,,1,REDWOOD RD,2,,,B,N,1.0,SKYLINE BL,F,,D,7/22/2024 10:54:17 AM,1/28/2025 11:10:18 AM,,,2,,,,,,,
2454595,24-010740,2,False,0109,3/1/2024 6:39:00 PM,1839,17X,14,109,Oakland,1,True,True,C,REAR END,,Friday,,,,,False,False,False,,C,OTHER MOTOR VEHICLE,,1,0,C,DARK-STREET LIGHTS,,,,,,,A,NO PEDESTRIANS INVOLVED,,A,22107,,1,8TH AV,1,,,B,S,100.0,PARK BL,F,,D,7/22/2024 10:54:17 AM,1/28/2025 11:10:18 AM,,,2,,,,,,,
2454594,24-011760,2,False,0109,3/7/2024 8:26:00 AM,826,29X,14,109,Oakland,1,True,True,G,VEHICLE/PEDESTRAIN,,Thursday,,,M,,False,False,False,,B,PEDESTRIAN,,1,0,A,DAYLIGHT,,,,,,,B,CROSSING IN CROSS WALK AT INTERSECTION,,A,21950A,,1,64TH AV,2,,,A,S,5.0,BRANN ST,F,,D,7/22/2024 10:54:16 AM,1/28/2025 11:10:18 AM,,,2,,,,,,,
2454593,24-12660,2,False,0109,3/12/2024 2:48:00 PM,1448,30Y,14,109,Oakland,1,True,True,A,HEAD-ON,,Tuesday,,,,,False,False,False,,C,OTHER MOTOR VEHICLE,,3,0,A,DAYLIGHT,,,,,,,A,NO PEDESTRIANS INVOLVED,,A,22515A,,1,CHURCH ST,2,,,A,,,BANCROFT AV,,,D,7/22/2024 10:54:16 AM,1/28/2025 11:10:18 AM,,,2,,,,,,,
2454592,24-011574,2,False,0109,3/6/2024 5:30:00 PM,1730,04X,14,109,Oakland,1,True,True,D,BROADSIDE,,Wednesday,,,,,False,False,False,,C,OTHER MOTOR VEHICLE,,1,0,A,DAYLIGHT,,,,,,,A,NO PEDESTRIANS INVOLVED,,A,21453A,,1,16TH ST,2,,,A,,,CLAY ST,,,A,7/22/2024 10:54:16 AM,1/28/2025 11:10:18 AM,,,2,,,,,,,
2454591,24-012642,2,False,0109,3/12/2024 1:14:00 PM,1314,21X,14,109,Oakland,1,True,True,D,BROADSIDE,,Tuesday,,,M,,False,False,True,,C,OTHER MOTOR VEHICLE,,2,0,A,DAYLIGHT,,,,,,,A,NO PEDESTRIANS INVOLVED,,A,21453A,,1,E 12TH ST,2,,,A,,,23RD AV,,,A,7/22/2024 10:54:16 AM,1/28/2025 11:10:18 AM,,,2,,,,,,,
2454561,24-011284,2,False,0109,3/5/2024 8:19:00 AM,819,33X,14,109,Oakland,1,True,True,D,BROADSIDE,,Tuesday,,,M,,False,False,False,,C,OTHER MOTOR VEHICLE,,0,0,A,DAYLIGHT,,,,,,,A,NO PEDESTRIANS INVOLVED,,A,22450A,,1,91ST AV,2,,,A,S,5.0,B ST,F,,D,7/22/2024 10:54:15 AM,1/28/2025 11:10:17 AM,,,2,,,,,,,
2454560,24-011765,2,False,0109,3/7/2024 10:45:00 AM,1045,01X,14,109,Oakland,1,True,True,D,BROADSIDE,,Thursday,,,M,,False,False,True,,C,OTHER MOTOR VEHICLE,,0,0,A,DAYLIGHT,,,,,,,A,NO PEDESTRIANS INVOLVED,,A,21453A,,1,5TH ST,1,,,A,,,JACKSON ST,,,A,7/22/2024 10:54:15 AM,1/28/2025 11:10:17 AM,,,2,,,,,,,
2454559,24-012258,2,False,0109,3/10/2024 5:20:00 AM,520,32X,14,109,Oakland,1,True,True,A,HEAD-ON,,Sunday,,,F,,False,False,True,,I,FIXED OBJECT,,0,0,A,DAYLIGHT,,,,,,,A,NO PEDESTRIANS INVOLVED,,A,22107,,1,INTERNATIONAL,2,,,A,E,50.0,DURANT,F,,A,7/22/2024 10:54:15 AM,1/28/2025 11:10:17 AM,,,2,,,,,,,
2454558,24-011346,2,False,0109,3/5/2024 2:08:00 PM,1408,04X,14,109,Oakland,1,True,True,D,BROADSIDE,,Tuesday,,,,,False,False,True,,C,OTHER MOTOR VEHICLE,,0,0,A,DAYLIGHT,,,,,,,A,NO PEDESTRIANS INVOLVED,,A,21453A,,1,16TH ST,1,,,A,,,CLAY ST,,,A,7/22/2024 10:54:15 AM,1/28/2025 11:10:17 AM,,,2,,,,,,,
2454557,24-006557,2,False,0109,2/6/2024 7:33:00 AM,733,29X,14,109,Oakland,1,True,True,C,REAR END,,Tuesday,,,,,False,False,False,,C,OTHER MOTOR VEHICLE,,1,0,A,DAYLIGHT,,,,,,,A,NO PEDESTRIANS INVOLVED,,A,21703,,1,BANCROFT AV,2,,,A,E,60.0,64TH AV,F,,D,7/22/2024 10:54:15 AM,1/28/2025 11:10:17 AM,,,2,,,,,,,
2454556,24-011510,2,False,0109,3/6/2024 10:34:00 AM,1034,08X,14,109,Oakland,1,True,True,D,BROADSIDE,,Wednesday,,,M,,False,False,False,,C,OTHER MOTOR VEHICLE,,0,0,A,DAYLIGHT,,,,,,,A,NO PEDESTRIANS INVOLVED,,A,21453A,,1,BROADWAY,1,,,A,,,29TH ST,,,A,7/22/2024 10:54:14 AM,1/28/2025 11:10:17 AM,,,2,,,,,,,
2454554,24-012840,2,False,0109,3/13/2024 3:26:00 PM,1526,27Y,14,109,Oakland,1,True,True,D,BROADSIDE,,Wednesday,,,M,,False,False,False,,C,OTHER MOTOR VEHICLE,,0,0,A,DAYLIGHT,,,,,,,A,NO PEDESTRIANS INVOLVED,,A,21453A,,1,INTERNATIONAL BL,2,,,A,,,54TH AV,,,A,7/22/2024 10:54:14 AM,1/28/2025 11:10:17 AM,,,2,,,,,,,
2454533,24-010270,2,False,0109,2/28/2024 5:01:00 AM,501,12X,14,109,Oakland,1,True,True,D,BROADSIDE,,Wednesday,,,,,False,False,False,,C,OTHER MOTOR VEHICLE,,0,0,A,DAYLIGHT,,,,,,,A,NO PEDESTRIANS INVOLVED,,A,22107,,1,40TH ST,1,,,A,E,100.0,TELEGRAPH AV,F,,D,7/22/2024 10:54:14 AM,1/28/2025 11:10:16 AM,,,2,,,,,,,
2454532,24-008958,2,False,0109,2/20/2024 12:14:00 AM,14,,14,109,Oakland,1,True,True,B,SIDE SWIPE,,Tuesday,,,,,False,False,False,,,,,0,0,C,DARK-STREET LIGHTS,,,,,,,A,NO PEDESTRIANS INVOLVED,,A,22107,,1,OUTLOOK AV,2,,,B,N,100.0,SEMINARY AV,F,,A,7/22/2024 10:54:13 AM,1/28/2025 11:10:16 AM,,,2,,,,,,,
2454499,24-010390,2,False,0109,2/28/2024 6:57:00 PM,1857,20X,14,109,Oakland,1,True,True,C,REAR END,,Wednesday,,,,,False,False,False,,C,OTHER MOTOR VEHICLE,,0,0,C,DARK-STREET LIGHTS,,,,,,,A,NO PEDESTRIANS INVOLVED,,A,22107,,1,FOOTHILL BL,2,,,A,,,RUTHERFORD ST,,,A,7/22/2024 10:54:12 AM,1/28/2025 11:10:14 AM,,,2,,,,,,,
2454498,24-010360,2,False,0109,2/28/2024 4:38:00 PM,1638,21X,14,109,Oakland,1,True,True,C,REAR END,,Wednesday,,,M,,False,False,False,,E,PARKED MOTOR VEHICLE,,0,0,A,DAYLIGHT,,,,,,,A,NO PEDESTRIANS INVOLVED,,A,22106,,1,BROOKDALE AV,2,,,A,W,75.0,COOLIDGE AV,F,,D,7/22/2024 10:54:12 AM,1/28/2025 11:10:14 AM,,,2,,,,,,,
2454497,24-007940,2,False,0109,2/14/2024 3:15:00 AM,315,04X,14,109,Oakland,1,True,True,E,HIT OBJECT,,Wednesday,,,M,,False,False,False,,E,PARKED MOTOR VEHICLE,,0,0,C,DARK-STREET LIGHTS,,,,,,,A,NO PEDESTRIANS INVOLVED,,A,22107,,1,JEFFERSON ST,1,,,A,,,16TH ST,,,A,7/22/2024 10:54:12 AM,1/28/2025 11:10:14 AM,,,2,,,,,,,
2453630,24-006178,2,False,0109,2/4/2024 12:08:00 AM,8,18Y,14,109,Oakland,1,True,True,D,BROADSIDE,,Sunday,,,M,,False,False,True,,E,PARKED MOTOR VEHICLE,,0,0,C,DARK-STREET LIGHTS,,,,,,,A,NO PEDESTRIANS INVOLVED,,A,22350,,1,18TH AVE,1,,,B,N,6.0,SONOMA WAY,F,,C,7/22/2024 10:53:31 AM,1/28/2025 11:09:34 AM,,,2,,,,,,,
2453629,24-012418,2,False,0109,3/11/2024 8:52:00 AM,852,03X,14,109,Oakland,1,True,True,D,BROADSIDE,,Monday,,,,,False,False,True,,C,OTHER MOTOR VEHICLE,,1,0,A,DAYLIGHT,,,,,,,A,NO PEDESTRIANS INVOLVED,,A,21453A,,1,14TH ST,1,,,A,,,CLAY ST,,,A,7/22/2024 10:53:31 AM,1/28/2025 11:09:34 AM,,,2,,,,,,,
2453628,24-004426,2,False,0109,1/25/2024 10:00:00 PM,2200,26X,14,109,Oakland,1,True,True,B,SIDE SWIPE,,Thursday,,,,,False,False,False,,C,OTHER MOTOR VEHICLE,,0,0,C,DARK-STREET LIGHTS,,,,,,,A,NO PEDESTRIANS INVOLVED,,D,,,,SAN LEANDRO ST,2,,,A,E,25.0,66TH AV,F,,A,7/22/2024 10:53:31 AM,1/28/2025 11:09:34 AM,,,2,,,,,,,
2453627,24-001218,2,False,0109,1/7/2024 3:13:00 PM,1513,21X,14,109,Oakland,1,True,True,C,REAR END,,Sunday,,,M,,False,False,False,,E,PARKED MOTOR VEHICLE,,0,0,A,DAYLIGHT,,,,,,,A,NO PEDESTRIANS INVOLVED,,A,22350,,1,COOLIDGE AV,2,,,A,,,NICOL AV,,,D,7/22/2024 10:53:31 AM,1/28/2025 11:09:34 AM,,,2,,,,,,,
2453626,24-006880,2,False,0109,2/7/2024 7:35:00 PM,1935,27X,14,109,Oakland,1,True,True,B,SIDE SWIPE,,Wednesday,,,M,,False,False,False,,C,OTHER MOTOR VEHICLE,,0,0,C,DARK-STREET LIGHTS,,,,,,,A,NO PEDESTRIANS INVOLVED,,A,21802,,2,BANCROFT AV,1,,,A,,,46TH AV,,,D,7/22/2024 10:53:31 AM,1/28/2025 11:09:34 AM,,,2,,,,,,,
2453526,24-011490,2,False,0109,3/6/2024 9:37:00 AM,937,12X,14,109,Oakland,1,True,True,A,HEAD-ON,,Wednesday,,,M,,False,False,True,,C,OTHER MOTOR VEHICLE,,1,0,A,DAYLIGHT,,,,,,,A,NO PEDESTRIANS INVOLVED,,A,22107,,1,CLAREMONT AV,1,,,B,N,50.0,COLLEGE AV,F,,A,7/22/2024 10:53:27 AM,1/28/2025 11:09:29 AM,,,2,,,,,,,
2453510,24-012024,2,False,0109,3/8/2024 6:30:00 PM,1830,17X,14,109,Oakland,1,True,True,D,BROADSIDE,,Friday,,,M,,False,False,False,,C,OTHER MOTOR VEHICLE,,0,0,C,DARK-STREET LIGHTS,,,,,,,A,NO PEDESTRIANS INVOLVED,,A,21453A,,1,5TH AV,1,,,A,,,FOOTHILL BL,,,A,7/22/2024 10:53:26 AM,1/28/2025 11:09:28 AM,,,2,,,,,,,
2453017,24-006529,2,False,0109,2/6/2024 1:22:00 AM,122,04X,14,109,Oakland,1,True,True,C,REAR END,,Tuesday,,,,,False,False,False,,E,PARKED MOTOR VEHICLE,,1,0,C,DARK-STREET LIGHTS,,,,,,,E,IN ROAD - INCLUDES SHOULDER,,A,22107,,1,GRAND AV,1,,,A,E,10.0,BROADWAY,F,,D,7/22/2024 10:53:03 AM,1/28/2025 11:09:07 AM,,,2,,,,,,,
2453016,24-005684,2,False,0109,2/1/2024 1:35:00 AM,135,04X,14,109,Oakland,1,True,True,G,VEHICLE/PEDESTRAIN,,Thursday,,,,,False,False,True,,B,PEDESTRIAN,,1,0,C,DARK-STREET LIGHTS,,,,,,,E,IN ROAD - INCLUDES SHOULDER,,A,22350,,1,CASTRO ST,1,,,B,W,80.0,SAN PABLO AV,F,,A,7/22/2024 10:53:03 AM,1/28/2025 11:09:07 AM,,,2,,,,,,,
2453008,24-005773,2,False,0109,2/1/2024 4:22:00 PM,1622,18X,14,109,Oakland,1,True,True,D,BROADSIDE,,Thursday,,,,,False,False,False,,C,OTHER MOTOR VEHICLE,,2,0,A,DAYLIGHT,,,,,,,A,NO PEDESTRIANS INVOLVED,,A,21802A,,1,FOOTHILL BL,1,,,A,,,21ST AV,,,A,7/22/2024 10:53:02 AM,1/28/2025 11:09:07 AM,,,2,,,,,,,
2452992,24-006566,2,False,0109,2/6/2024 8:13:00 AM,813,12X,14,109,Oakland,1,True,True,E,HIT OBJECT,,Tuesday,,,,,False,False,True,,I,FIXED OBJECT,,1,0,A,DAYLIGHT,,,,,,,A,NO PEDESTRIANS INVOLVED,,A,22107,,1,51ST ST,1,,,A,E,10.0,MANILA AV,F,,A,7/22/2024 10:53:01 AM,1/28/2025 11:09:06 AM,,,2,,,,,,,
2452991,24-006707,2,False,0109,2/6/2024 9:30:00 PM,2130,15X,14,109,Oakland,1,True,True,D,BROADSIDE,,Tuesday,,,,,False,False,True,,C,OTHER MOTOR VEHICLE,,1,0,C,DARK-STREET LIGHTS,,,,,,,A,NO PEDESTRIANS INVOLVED,,A,21453A,,1,MACARTHUR BL,1,,,A,,,PARK BL,,,A,7/22/2024 10:53:01 AM,1/28/2025 11:09:06 AM,,,2,,,,,,,
2452906,24-006640,2,False,0109,2/6/2024 1:20:00 PM,1320,05X,14,109,Oakland,1,True,True,B,SIDE SWIPE,,Tuesday,,,,,False,False,False,,C,OTHER MOTOR VEHICLE,,0,0,A,DAYLIGHT,,,,,,,A,NO PEDESTRIANS INVOLVED,,A,22106,,1,MARKET ST,1,,,A,N,10.0,20TH ST,F,,D,7/22/2024 10:52:57 AM,1/28/2025 11:09:03 AM,,,2,,,,,,,
2452905,24-007790,2,False,0109,2/13/2024 11:18:00 AM,1118,25X,14,109,Oakland,1,True,True,B,SIDE SWIPE,,Tuesday,,,M,,False,False,False,,E,PARKED MOTOR VEHICLE,,0,0,A,DAYLIGHT,,,,,,,A,NO PEDESTRIANS INVOLVED,,A,22107,,1,MASTERSON ST,2,,,A,E,50.0,HIGH ST,F,,C,7/22/2024 10:52:57 AM,1/28/2025 11:09:03 AM,,,2,,,,,,,
2452848,24-001210,2,False,0109,1/7/2024 3:22:00 PM,1522,01X,14,109,Oakland,1,True,True,D,BROADSIDE,,Sunday,,,,,False,False,False,,D,MOTOR VEHICLE ON OTHER ROADWAY,,1,0,A,DAYLIGHT,,,,,,,A,NO PEDESTRIANS INVOLVED,,A,22450A,,1,MARTIN LUTHER KING JR WY,1,,,A,E,20.0,3RD ST,F,,D,7/22/2024 10:52:54 AM,1/28/2025 11:09:00 AM,,,2,,,,,,,
2452846,24-004725,2,False,0109,1/27/2024 3:06:00 PM,1506,06X,14,109,Oakland,1,True,True,B,SIDE SWIPE,,Saturday,,,,,False,False,False,,C,OTHER MOTOR VEHICLE,,1,0,A,DAYLIGHT,,,,,,,A,NO PEDESTRIANS INVOLVED,,A,21453A,,1,27TH ST,1,,,A,,,WEST ST,,,A,7/22/2024 10:52:54 AM,1/28/2025 11:09:00 AM,,,2,,,,,,,
2452845,24-005641,2,False,0109,1/31/2024 8:20:00 PM,2020,33X,14,109,Oakland,1,True,True,B,SIDE SWIPE,,Wednesday,,,,,False,False,True,,E,PARKED MOTOR VEHICLE,,1,0,C,DARK-STREET LIGHTS,,,,,,,A,NO PEDESTRIANS INVOLVED,,A,22107,,1,INTERNATION BL,2,,,A,,,92ND AVE,,,D,7/22/2024 10:52:54 AM,1/28/2025 11:09:00 AM,,,2,,,,,,,
2452844,24-003747,2,False,0109,1/22/2024 8:19:00 AM,819,25X,14,109,Oakland,1,True,True,D,BROADSIDE,,Monday,,,,,False,False,False,,,,,2,0,A,DAYLIGHT,,,,,,,A,NO PEDESTRIANS INVOLVED,,A,22107,,1,MACARTHUR BL,2,,,B,W,20.0,MAYBELLE AVE,F,,A,7/22/2024 10:52:54 AM,1/28/2025 11:09:00 AM,,,2,,,,,,,
2452843,24-000093,2,False,0109,1/1/2024 1:01:00 PM,1301,25X,14,109,Oakland,1,True,True,C,REAR END,,Monday,,,M,,False,False,False,,E,PARKED MOTOR VEHICLE,,1,0,A,DAYLIGHT,,,,,,,A,NO PEDESTRIANS INVOLVED,,A,22107,,1,KELLER AVE,2,,,A,S,50.0,GREENRIDGE DR,F,,D,7/22/2024 10:52:54 AM,1/28/2025 11:09:00 AM,,,2,,,,,,,
2452842,24-004789,2,False,0109,1/27/2024 10:09:00 PM,2209,08X,14,109,Oakland,1,True,True,A,HEAD-ON,,Saturday,,,F,,False,False,True,,C,OTHER MOTOR VEHICLE,,1,0,C,DARK-STREET LIGHTS,,,,,,,A,NO PEDESTRIANS INVOLVED,,D,22107,,1,TELEGRAPH AVE,1,,,A,,,33RD ST,,,D,7/22/2024 10:52:54 AM,1/28/2025 11:09:00 AM,,,2,,,,,,,
2452841,24-001806,2,False,0109,1/11/2024 8:30:00 AM,830,29X,14,109,Oakland,1,True,True,C,REAR END,,Thursday,,,,,False,False,False,,C,OTHER MOTOR VEHICLE,,1,0,A,DAYLIGHT,,,,,,,A,NO PEDESTRIANS INVOLVED,,A,22350,,1,CAMDEN ST,1,,,A,E,10.0,62ND AV,F,,A,7/22/2024 10:52:54 AM,1/28/2025 11:09:00 AM,,,2,,,,,,,
2452840,24-001193,2,False,0109,1/7/2024 1:16:00 PM,1316,08X,14,109,Oakland,1,True,True,G,VEHICLE/PEDESTRAIN,,Sunday,,,,,False,False,False,,B,PEDESTRIAN,,1,0,A,DAYLIGHT,,,,,,,B,CROSSING IN CROSS WALK AT INTERSECTION,,A,21950A,,1,GRAND AV,1,,,A,,,WEBSTER ST,,,A,7/22/2024 10:52:54 AM,1/28/2025 11:09:00 AM,,,2,,,,,,,
2452839,24-002984,2,False,0109,1/18/2024 8:22:00 AM,822,06X,14,109,Oakland,1,True,True,C,REAR END,,Thursday,,,M,,False,False,False,,C,OTHER MOTOR VEHICLE,,1,0,A,DAYLIGHT,,,,,,,A,NO PEDESTRIANS INVOLVED,,A,21703,,1,WEST ST,1,,,A,N,20.0,37TH ST,F,,A,7/22/2024 10:52:54 AM,1/28/2025 11:09:00 AM,,,2,,,,,,,
2452828,24-004519,2,False,0109,1/26/2024 10:44:00 AM,1044,23X,14,109,Oakland,1,True,True,C,REAR END,,Friday,,,,,False,False,False,,C,OTHER MOTOR VEHICLE,,0,0,A,DAYLIGHT,,,,,,,A,NO PEDESTRIANS INVOLVED,,A,22350,,1,FRUITVALE AV,2,,,A,,,12TH ST,,,A,7/22/2024 10:52:53 AM,1/28/2025 11:08:59 AM,,,2,,,,,,,
2452827,24-001071,2,False,0109,1/6/2024 4:24:00 PM,1624,07X,14,109,Oakland,1,True,True,B,SIDE SWIPE,,Saturday,,,M,,False,False,False,,C,OTHER MOTOR VEHICLE,,0,0,B,DUSK-DAWN,,,,,,,A,NO PEDESTRIANS INVOLVED,,A,22106,,1,ADELINE AV,1,,,B,S,50.0,30TH ST,F,,D,7/22/2024 10:52:53 AM,1/28/2025 11:08:59 AM,,,2,,,,,,,
2452826,24-002249,2,False,0109,1/14/2024 3:25:00 AM,325,19X,14,109,Oakland,1,True,True,C,REAR END,,Sunday,,,M,,False,False,False,,E,PARKED MOTOR VEHICLE,,0,0,C,DARK-STREET LIGHTS,,,,,,,A,NO PEDESTRIANS INVOLVED,,A,22107,,1,12TH ST,1,,,B,E,30.0,10TH AV,F,,A,7/22/2024 10:52:53 AM,1/28/2025 11:08:59 AM,,,2,,,,,,,
2452825,24-004068,2,False,0109,1/24/2024 2:19:00 PM,1419,33X,14,109,Oakland,1,True,True,C,REAR END,,Wednesday,,,M,,False,False,True,,,,,0,0,A,DAYLIGHT,,,,,,,A,NO PEDESTRIANS INVOLVED,,A,22107,,1,D ST,2,,,A,W,50.0,98TH AV,F,,D,7/22/2024 10:52:53 AM,1/28/2025 11:08:59 AM,,,2,,,,,,,
2452824,24-004733,2,False,0109,1/27/2024 3:48:00 PM,1548,07X,14,109,Oakland,1,True,True,D,BROADSIDE,,Saturday,,,M,,False,False,True,,C,OTHER MOTOR VEHICLE,,0,0,A,DAYLIGHT,,,,,,,A,NO PEDESTRIANS INVOLVED,,A,21802A,,1,MANDELA PKWY,1,,,A,,,34TH ST,,,D,7/22/2024 10:52:53 AM,1/28/2025 11:08:59 AM,,,2,,,,,,,
2452823,24-005378,2,False,0109,1/31/2024 6:32:00 AM,632,25X,14,109,Oakland,1,True,True,B,SIDE SWIPE,,Wednesday,,,M,,False,False,True,,C,OTHER MOTOR VEHICLE,,0,0,C,DARK-STREET LIGHTS,,,,,,,A,NO PEDESTRIANS INVOLVED,,A,22350,,1,HIGH ST,2,,,B,S,150.0,KANSAS ST,F,,D,7/22/2024 10:52:53 AM,1/28/2025 11:08:59 AM,,,2,,,,,,,
2452822,24-000473,2,False,0109,1/3/2024 1:20:00 AM,120,31X,14,109,Oakland,1,True,True,C,REAR END,,Wednesday,,,,,False,False,True,,C,OTHER MOTOR VEHICLE,,0,0,C,DARK-STREET LIGHTS,,,,,,,A,NO PEDESTRIANS INVOLVED,,A,22350,,1,98TH AV,2,,,B,,,AIRPORT ACCESS RD,,,A,7/22/2024 10:52:53 AM,1/28/2025 11:08:59 AM,,,2,,,,,,,
2452820,24-002277,2,False,0109,1/14/2024 4:05:00 AM,405,24X,14,109,Oakland,1,True,True,A,HEAD-ON,,Sunday,,,M,,False,False,False,,E,PARKED MOTOR VEHICLE,,0,0,C,DARK-STREET LIGHTS,,,,,,,A,NO PEDESTRIANS INVOLVED,,A,22107,,1,38TH AV,2,,,B,S,20.0,LYON AV,F,,A,7/22/2024 10:52:53 AM,1/28/2025 11:08:59 AM,,,2,,,,,,,
2452819,24-005516,2,False,0109,1/31/2024 9:59:00 AM,959,30X,14,109,Oakland,1,True,True,D,BROADSIDE,,Wednesday,,,M,,False,False,False,,C,OTHER MOTOR VEHICLE,,0,0,A,DAYLIGHT,,,,,,,A,NO PEDESTRIANS INVOLVED,,A,21453A,,1,82ND AV,2,,,B,,,MACARTHUR BL,,,A,7/22/2024 10:52:52 AM,1/28/2025 11:08:59 AM,,,2,,,,,,,
2452818,24-001833,2,False,0109,1/11/2024 11:09:00 AM,1109,13X,14,109,Oakland,1,True,True,B,SIDE SWIPE,,Thursday,,,,,False,False,False,,E,PARKED MOTOR VEHICLE,,0,0,A,DAYLIGHT,,,,,,,A,NO PEDESTRIANS INVOLVED,,A,22107,,1,MORAGA AV,1,,,A,E,0.2,THORNHILL DR,M,,D,7/22/2024 10:52:52 AM,1/28/2025 11:08:59 AM,,,2,,,,,,,
2452817,24-001489,2,False,0109,1/9/2024 6:48:00 AM,648,10X,14,109,Oakland,1,True,True,B,SIDE SWIPE,,Tuesday,,,M,,False,False,True,,E,PARKED MOTOR VEHICLE,,0,0,B,DUSK-DAWN,,,,,,,A,NO PEDESTRIANS INVOLVED,,A,22107,,1,56TH ST,1,,,B,W,20.0,MARKET ST,F,,D,7/22/2024 10:52:52 AM,1/28/2025 11:08:59 AM,,,2,,,,,,,
2452816,24-002859,2,False,0109,1/17/2024 12:52:00 PM,1252,30X,14,109,Oakland,1,True,True,B,SIDE SWIPE,,Wednesday,,,,,False,False,True,,C,OTHER MOTOR VEHICLE,,0,0,A,DAYLIGHT,,,,,,,A,NO PEDESTRIANS INVOLVED,,A,22107,,1,INTERNATIONAL BL,2,,,A,,,76TH AV,,,D,7/22/2024 10:52:52 AM,1/28/2025 11:08:59 AM,,,2,,,,,,,
2452815,24-004317,2,False,0109,1/25/2024 7:42:00 AM,742,30X,14,109,Oakland,1,True,True,D,BROADSIDE,,Thursday,,,,,False,False,False,,C,OTHER MOTOR VEHICLE,,0,0,A,DAYLIGHT,,,,,,,A,NO PEDESTRIANS INVOLVED,,A,21453C,,1,HAVENSCOURT BL,2,,,A,,,INTERNATIONAL BL,,,A,7/22/2024 10:52:52 AM,1/28/2025 11:08:59 AM,,,2,,,,,,,
2452688,24-007645,2,False,0109,2/12/2024 2:00:00 PM,1400,11X,14,109,Oakland,1,True,True,C,REAR END,,Monday,,,,,False,False,False,,C,OTHER MOTOR VEHICLE,,0,0,A,DAYLIGHT,,,,,,,A,NO PEDESTRIANS INVOLVED,,A,21703,,1,SHATTUCK AV,1,,,A,S,6.0,65TH ST,F,,A,7/22/2024 10:52:47 AM,1/28/2025 11:08:54 AM,,,2,,,,,,,