collision-id,report-number,report-version,is-preliminary,ncic-code,crash-date-time,crash-time-description,beat,city-id,city-code,city-name,county-code,city-is-active,city-is-incorporated,collision-type-code,collision-type-description,collision-type-other-desc,day-of-week,dispatch-notified,has-photographs,hit-run,is-attachments-mailed,is-deleted,is-highway-related,is-tow-away,judicial-district,motor-vehicle-involved-with-code,motor-vehicle-involved-with-desc,motor-vehicle-involved-with-other-desc,number-injured,number-killed,lighting-code,lighting-description,latitude,longitude,milepost-direction,milepost-distance,milepost-marker,milepost-unit-of-measure,pedestrian-action-code,pedestrian-action-desc,prepared-date,primary-collision-factor-code,primary-collision-factor-description,primary-collision-factor-is-cited,primary-collision-party-number,primary-road,reporting-district,reporting-district-code,reviewed-date,roadway-surface-code,secondary-direction,secondary-distance,secondary-road,secondary-unit-of-measure,sketch-desc,traffic-control-device-code,created-date,modified-date,is-county-road,is-freeway,chp-555-version,is-additonal-object-struck,notification-date,notification-time-description,has-digital-media-files,evidence-number,is-location-refer-to-narrative,is-aoi-one-same-as-location
2452676,24-007520,2,False,0109,2/11/2024 10:22:00 PM,2222,14X,14,109,Oakland,1,True,True,D,BROADSIDE,,Sunday,,,M,,False,False,False,,C,OTHER MOTOR VEHICLE,,0,0,C,DARK-STREET LIGHTS,,,,,,,A,NO PEDESTRIANS INVOLVED,,A,21453A,,1,LAKESHORE AV,1,,,A,,,MACARTHUR BL,,,A,7/22/2024 10:52:46 AM,1/28/2025 11:08:53 AM,,,2,,,,,,,
2452526,24-005976,2,False,0109,2/2/2024 7:11:00 PM,1911,05X,14,109,Oakland,1,True,True,B,SIDE SWIPE,,Friday,,,M,,False,False,True,,E,PARKED MOTOR VEHICLE,,0,0,C,DARK-STREET LIGHTS,,,,,,,A,NO PEDESTRIANS INVOLVED,,A,22107,,1,FILBERT ST,1,,,B,S,74.0,18TH ST,F,,D,7/22/2024 10:52:39 AM,1/28/2025 11:08:46 AM,,,2,,,,,,,
2452523,24-005877,2,False,0109,2/1/2024 12:30:00 AM,30,26X,14,109,Oakland,1,True,True,E,HIT OBJECT,,Thursday,,,M,,False,False,True,,I,FIXED OBJECT,,0,0,C,DARK-STREET LIGHTS,,,,,,,A,NO PEDESTRIANS INVOLVED,,A,22107,,1,INTERNATIONAL BL,2,,,B,W,20.0,54TH AV,F,,A,7/22/2024 10:52:39 AM,1/28/2025 11:08:46 AM,,,2,,,,,,,
2452511,24-005810,2,False,0109,2/2/2024 5:13:00 PM,1713,24Y,14,109,Oakland,1,True,True,C,REAR END,,Friday,,,,,False,False,False,,E,PARKED MOTOR VEHICLE,,0,0,B,DUSK-DAWN,,,,,,,A,NO PEDESTRIANS INVOLVED,,A,22107,,1,SALISBURY ST,2,,,B,W,200.0,35TH AV,F,,D,7/22/2024 10:52:39 AM,1/28/2025 11:08:46 AM,,,2,,,,,,,
2452397,24-003079,2,False,0109,1/18/2024 5:42:00 PM,1742,03X,14,109,Oakland,1,True,True,D,BROADSIDE,,Thursday,,,,,False,False,True,,C,OTHER MOTOR VEHICLE,,2,0,C,DARK-STREET LIGHTS,,,,,,,A,NO PEDESTRIANS INVOLVED,,A,21453A,,,12TH ST,1,,,A,,,HARRISON ST,,,A,7/22/2024 10:52:33 AM,1/28/2025 11:08:41 AM,,,2,,,,,,,
2452395,24-002327,2,False,0109,1/14/2024 2:42:00 PM,1442,19X,14,109,Oakland,1,True,True,A,HEAD-ON,,Sunday,,,,,False,False,False,,C,OTHER MOTOR VEHICLE,,1,0,A,DAYLIGHT,,,,,,,A,NO PEDESTRIANS INVOLVED,,A,21801A,,1,EMBARCADERO,1,,,A,,,16TH AV,,,D,7/22/2024 10:52:33 AM,1/28/2025 11:08:40 AM,,,2,,,,,,,
2452394,24-005302,2,False,0109,1/30/2024 5:55:00 PM,1755,03X,14,109,Oakland,1,True,True,C,REAR END,,Tuesday,,,,,False,False,False,,C,OTHER MOTOR VEHICLE,,0,0,C,DARK-STREET LIGHTS,,,,,,,A,NO PEDESTRIANS INVOLVED,,A,21703,,1,10TH ST,1,,,A,E,150.0,HARRISON ST,F,,D,7/22/2024 10:52:33 AM,1/28/2025 11:08:40 AM,,,2,,,,,,,
2452393,24-004146,2,False,0109,1/24/2024 10:30:00 AM,1030,21X,14,109,Oakland,1,True,True,C,REAR END,,Wednesday,,,,,False,False,False,,C,OTHER MOTOR VEHICLE,,0,0,A,DAYLIGHT,,,,,,,A,NO PEDESTRIANS INVOLVED,,A,21703,,1,E 27TH ST,2,,,B,N,75.0,BARRY PL,F,,D,7/22/2024 10:52:33 AM,1/28/2025 11:08:40 AM,,,2,,,,,,,
2452392,24-003351,2,False,0109,1/9/2024 8:23:00 PM,2023,19X,14,109,Oakland,1,True,True,D,BROADSIDE,,Tuesday,,,,,False,False,True,,C,OTHER MOTOR VEHICLE,,1,0,C,DARK-STREET LIGHTS,,,,,,,A,NO PEDESTRIANS INVOLVED,,A,21453A,,,5TH AV,1,,,B,,,E 8TH ST,,,A,7/22/2024 10:52:33 AM,1/28/2025 11:08:40 AM,,,2,,,,,,,
2452391,24-001629,2,False,0109,1/9/2024 11:18:00 PM,2318,24X,14,109,Oakland,1,True,True,A,HEAD-ON,,Tuesday,,,M,,False,False,False,,E,PARKED MOTOR VEHICLE,,0,0,C,DARK-STREET LIGHTS,,,,,,,A,NO PEDESTRIANS INVOLVED,,A,22107,,1,35TH AV,2,,,A,N,50.0,DAVIS ST,F,,D,7/22/2024 10:52:33 AM,1/28/2025 11:08:40 AM,,,2,,,,,,,
2452390,24-004318,2,False,0109,1/25/2024 8:20:00 AM,820,,14,109,Oakland,1,True,True,B,SIDE SWIPE,,Thursday,,,M,,False,False,False,,C,OTHER MOTOR VEHICLE,,0,0,A,DAYLIGHT,,,,,,,A,NO PEDESTRIANS INVOLVED,,A,21453A,,1,HIGH ST,2,,,B,,,SAN LEANDRO ST,,,A,7/22/2024 10:52:33 AM,1/28/2025 11:08:40 AM,,,2,,,,,,,
2452389,24-003812,2,False,0109,1/22/2024 1:11:00 PM,1311,17X,14,109,Oakland,1,True,True,B,SIDE SWIPE,,Monday,,,M,,False,False,True,,E,PARKED MOTOR VEHICLE,,0,0,A,DAYLIGHT,,,,,,,A,NO PEDESTRIANS INVOLVED,,A,22107,,1,VALLECITO PL,1,,,A,E,70.0,28TH ST,F,,D,7/22/2024 10:52:33 AM,1/28/2025 11:08:40 AM,,,2,,,,,,,
2452388,0109,2,False,0109,1/16/2024 11:00:00 PM,2300,20X,14,109,Oakland,1,True,True,C,REAR END,,Tuesday,,,M,,False,False,True,,C,OTHER MOTOR VEHICLE,,0,0,C,DARK-STREET LIGHTS,,,,,,,A,NO PEDESTRIANS INVOLVED,,A,22350,,1,27TH AV,2,,,B,,,FOOTHILL BL,,,B,7/22/2024 10:52:33 AM,1/28/2025 11:08:40 AM,,,2,,,,,,,
2452362,24-006907,2,False,0109,2/7/2024 10:24:00 PM,2224,05X,14,109,Oakland,1,True,True,D,BROADSIDE,,Wednesday,,,M,,False,False,True,,E,PARKED MOTOR VEHICLE,,0,0,C,DARK-STREET LIGHTS,,,,,,,A,NO PEDESTRIANS INVOLVED,,A,22107,,1,POPLAR ST,1,,,A,S,42.0,W GRAND AV,F,,D,7/22/2024 10:52:32 AM,1/28/2025 11:08:39 AM,,,2,,,,,,,
2452355,24-005889,2,False,0109,2/2/2024 10:42:00 AM,1042,26X,14,109,Oakland,1,True,True,C,REAR END,,Friday,,,,,False,False,True,,C,OTHER MOTOR VEHICLE,,3,0,A,DAYLIGHT,,,,,,,A,NO PEDESTRIANS INVOLVED,,A,22350,,1,INTERNATIONAL BL,2,,,B,W,15.0,64TH AV,F,,A,7/22/2024 10:52:31 AM,1/28/2025 11:08:39 AM,,,2,,,,,,,
2452352,24-000426,2,False,0109,1/2/2024 5:00:00 PM,1700,22X,14,109,Oakland,1,True,True,C,REAR END,,Tuesday,,,,,False,False,False,,C,OTHER MOTOR VEHICLE,,0,0,B,DUSK-DAWN,,,,,,,A,NO PEDESTRIANS INVOLVED,,A,22350,,1,MONTANA ST,2,,,B,E,30.0,COOLIDGE AV,F,,D,7/22/2024 10:52:31 AM,1/28/2025 11:08:39 AM,,,2,,,,,,,
2452351,24-008049,2,False,0109,2/14/2024 5:25:00 PM,1725,19X,14,109,Oakland,1,True,True,B,SIDE SWIPE,,Wednesday,,,,,False,False,False,,C,OTHER MOTOR VEHICLE,,1,0,C,DARK-STREET LIGHTS,,,,,,,A,NO PEDESTRIANS INVOLVED,,D,,,,E 15TH ST,1,,,B,,,13TH AV,,,A,7/22/2024 10:52:31 AM,1/28/2025 11:08:39 AM,,,2,,,,,,,
2452347,24-006025,2,False,0109,2/3/2024 12:30:00 AM,30,22X,14,109,Oakland,1,True,True,C,REAR END,,Saturday,,,M,,False,False,True,,E,PARKED MOTOR VEHICLE,,0,0,C,DARK-STREET LIGHTS,,,,,,,A,NO PEDESTRIANS INVOLVED,,A,22107,,1,LINCOLN AV,2,,,A,N,40.0,ALIDA ST,F,,D,7/22/2024 10:52:31 AM,1/28/2025 11:08:38 AM,,,2,,,,,,,
2452319,24-005714,2,False,0109,2/1/2024 7:10:00 AM,710,19X,14,109,Oakland,1,True,True,D,BROADSIDE,,Thursday,,,,,False,False,True,,C,OTHER MOTOR VEHICLE,,3,0,A,DAYLIGHT,,,,,,,A,NO PEDESTRIANS INVOLVED,,A,22450,,1,DENNISON ST,1,,,B,,,COTTON ST,,,D,7/22/2024 10:52:30 AM,1/28/2025 11:08:37 AM,,,2,,,,,,,
2449113,24-000579,2,False,0109,1/3/2024 3:36:00 PM,1536,17X,14,109,Oakland,1,True,True,C,REAR END,,Wednesday,,,,,False,False,False,,D,MOTOR VEHICLE ON OTHER ROADWAY,,0,0,A,DAYLIGHT,,,,,,,A,NO PEDESTRIANS INVOLVED,,A,22106,,1,14TH AV,1,,,A,N,50.0,E 29TH ST,F,,A,7/22/2024 10:50:09 AM,1/28/2025 11:06:13 AM,,,2,,,,,,,
2449111,24-000392,2,False,0109,1/2/2024 12:57:00 PM,1257,29X,14,109,Oakland,1,True,True,D,BROADSIDE,,Tuesday,,,M,,False,False,True,,C,OTHER MOTOR VEHICLE,,0,0,A,DAYLIGHT,,,,,,,A,NO PEDESTRIANS INVOLVED,,A,21453A,,1,HAVENSCOURT BL,2,,,A,N,5.0,FOOTHILL BL,F,,A,7/22/2024 10:50:09 AM,1/28/2025 11:06:13 AM,,,2,,,,,,,
2449110,24-001903,2,False,0109,1/11/2024 5:50:00 PM,1750,21X,14,109,Oakland,1,True,True,D,BROADSIDE,,Thursday,,,,,False,False,False,,C,OTHER MOTOR VEHICLE,,0,0,C,DARK-STREET LIGHTS,,,,,,,A,NO PEDESTRIANS INVOLVED,,D,,,,COOLIDGE AV,2,,,A,,,BROOKDALE AV,,,D,7/22/2024 10:50:09 AM,1/28/2025 11:06:13 AM,,,2,,,,,,,
2449098,24-000557,2,False,0109,1/3/2024 1:40:00 PM,1340,17X,14,109,Oakland,1,True,True,D,BROADSIDE,,Wednesday,,,,,False,False,False,,C,OTHER MOTOR VEHICLE,,1,0,A,DAYLIGHT,,,,,,,A,NO PEDESTRIANS INVOLVED,,A,21802A,,1,E 22ND ST,1,,,A,,,13TH AV,,,A,7/22/2024 10:50:08 AM,1/28/2025 11:06:13 AM,,,2,,,,,,,
2447291,24-002992,2,False,0109,1/18/2024 9:37:00 AM,937,27X,14,109,Oakland,1,True,True,A,HEAD-ON,,Thursday,,,F,,False,False,False,,C,OTHER MOTOR VEHICLE,,1,0,A,DAYLIGHT,,,,,,,A,NO PEDESTRIANS INVOLVED,,A,21802A,,1,SEMINARY AV,2,,,A,,,ELIZABETH ST,,,A,7/22/2024 10:48:53 AM,1/28/2025 11:04:42 AM,,,2,,,,,,,
2447290,24-000045,2,False,0109,1/1/2024 6:05:00 AM,605,35X,14,109,Oakland,1,True,True,D,BROADSIDE,,Monday,,,,,False,False,True,,C,OTHER MOTOR VEHICLE,,3,0,B,DUSK-DAWN,,,,,,,A,NO PEDESTRIANS INVOLVED,,A,22350,,1,84TH AV,2,,,A,,,BANCROFT AV,,,D,7/22/2024 10:48:53 AM,1/28/2025 11:04:42 AM,,,2,,,,,,,
2447289,24-004379,2,False,0109,1/25/2024 3:45:00 PM,1545,10X,14,109,Oakland,1,True,True,H,OTHER,,Thursday,,,M,,False,False,False,,G,BICYCLE,,1,0,A,DAYLIGHT,,,,,,,E,IN ROAD - INCLUDES SHOULDER,,A,21804A,,1,MARTIN LUTHER KING JR WY,1,,,A,N,200.0,47TH ST,F,,A,7/22/2024 10:48:53 AM,1/28/2025 11:04:42 AM,,,2,,,,,,,
2447133,24-005069,2,False,0109,1/29/2024 2:01:00 PM,1401,34X,14,109,Oakland,1,True,True,D,BROADSIDE,,Monday,,,F,,False,False,False,,C,OTHER MOTOR VEHICLE,,0,0,A,DAYLIGHT,,,,,,,A,NO PEDESTRIANS INVOLVED,,A,,,1,BIRCH ST,2,,,A,,,83RD AV,,,A,7/22/2024 10:48:47 AM,1/28/2025 11:04:35 AM,,,2,,,,,,,
2447132,24-003646,2,False,0109,1/21/2024 3:55:00 PM,1555,14Y,14,109,Oakland,1,True,True,B,SIDE SWIPE,,Sunday,,,F,,False,False,True,,E,PARKED MOTOR VEHICLE,,0,0,A,DAYLIGHT,,,,,,,A,NO PEDESTRIANS INVOLVED,,A,23152A,,1,SANTA CLARA AV,1,,,B,N,60.0,VALLE VISTA,F,,D,7/22/2024 10:48:47 AM,1/28/2025 11:04:35 AM,,,2,,,,,,,
2447131,24-003158,2,False,0109,1/19/2024 8:05:00 AM,805,35X,14,109,Oakland,1,True,True,C,REAR END,,Friday,,,M,,False,False,False,,C,OTHER MOTOR VEHICLE,,0,0,A,DAYLIGHT,,,,,,,A,NO PEDESTRIANS INVOLVED,,A,22107,,1,BANCROFT AV,2,,,A,W,20.0,94TH AV,F,,A,7/22/2024 10:48:47 AM,1/28/2025 11:04:35 AM,,,2,,,,,,,
2447130,24-004677,2,False,0109,1/27/2024 10:00:00 AM,1000,01X,14,109,Oakland,1,True,True,E,HIT OBJECT,,Saturday,,,M,,False,False,False,,E,PARKED MOTOR VEHICLE,,0,0,A,DAYLIGHT,,,,,,,A,NO PEDESTRIANS INVOLVED,,A,22107,,1,PLYMOUTH AV,2,,,A,,,96TH AV,,,D,7/22/2024 10:48:47 AM,1/28/2025 11:04:35 AM,,,2,,,,,,,
2446594,24-003436,2,False,0109,1/20/2024 10:45:00 AM,1045,31Z,14,109,Oakland,1,True,True,C,REAR END,,Saturday,,,,,False,False,False,,C,OTHER MOTOR VEHICLE,,0,0,A,DAYLIGHT,,,,,,,A,NO PEDESTRIANS INVOLVED,,A,23152A,,1,66TH AV,1,,,B,,,SAN LEANDRO AV,,,A,7/22/2024 10:48:25 AM,1/28/2025 11:04:10 AM,,,2,,,,,,,
2446592,24-001298,2,False,0109,1/8/2024 4:12:00 AM,412,30Y,14,109,Oakland,1,True,True,E,HIT OBJECT,,Monday,,,,,False,False,True,,I,FIXED OBJECT,,0,0,C,DARK-STREET LIGHTS,,,,,,,A,NO PEDESTRIANS INVOLVED,,A,23152B,,1,73RD AV,2,,,A,,,MACARTHUR BL,,,A,7/22/2024 10:48:25 AM,1/28/2025 11:04:10 AM,,,2,,,,,,,
2446591,24-000552,2,False,0109,1/3/2024 12:49:00 PM,1249,14X,14,109,Oakland,1,True,True,E,HIT OBJECT,,Wednesday,,,,,False,False,True,,I,FIXED OBJECT,,0,0,A,DAYLIGHT,,,,,,,A,NO PEDESTRIANS INVOLVED,,C,,,,GRAND AV,1,,,A,E,28.0,ELITA AV,F,,A,7/22/2024 10:48:25 AM,1/28/2025 11:04:10 AM,,,2,,,,,,,
2446590,24-001803,2,False,0109,1/11/2024 8:27:00 AM,827,03Y,14,109,Oakland,1,True,True,D,BROADSIDE,,Thursday,,,,,False,False,False,,C,OTHER MOTOR VEHICLE,,0,0,A,DAYLIGHT,,,,,,,A,NO PEDESTRIANS INVOLVED,,A,21801A,,1,11TH ST,1,,,A,,,JEFFERSON ST,,,A,7/22/2024 10:48:25 AM,1/28/2025 11:04:10 AM,,,2,,,,,,,
2446589,24-001044,2,False,0109,1/6/2024 1:36:00 PM,1336,12X,14,109,Oakland,1,True,True,H,OTHER,,Saturday,,,,,False,False,False,,E,PARKED MOTOR VEHICLE,,0,0,A,DAYLIGHT,,,,,,,A,NO PEDESTRIANS INVOLVED,,A,22106,,1,TELEGRAPH AV,2,,,B,,,47TH ST,,,D,7/22/2024 10:48:25 AM,1/28/2025 11:04:10 AM,,,2,,,,,,,
2446588,24-002142,2,False,0109,1/13/2024 9:00:00 AM,900,19X,14,109,Oakland,1,True,True,D,BROADSIDE,,Saturday,,,M,,False,False,False,,C,OTHER MOTOR VEHICLE,,0,0,A,DAYLIGHT,,,,,,,A,NO PEDESTRIANS INVOLVED,,A,21802A,,1,INTERNATIONAL BL,1,,,B,,,11TH AV,,,A,7/22/2024 10:48:25 AM,1/28/2025 11:04:10 AM,,,2,,,,,,,
2446587,24-001968,2,False,0109,1/12/2024 8:41:00 AM,841,12X,14,109,Oakland,1,True,True,D,BROADSIDE,,Friday,,,,,False,False,False,,C,OTHER MOTOR VEHICLE,,0,0,A,DAYLIGHT,,,,,,,A,NO PEDESTRIANS INVOLVED,,A,21802A,,1,SHAFTER AV,1,,,A,,,43RD ST,,,A,7/22/2024 10:48:25 AM,1/28/2025 11:04:10 AM,,,2,,,,,,,
2446586,24-000079,2,False,0109,1/1/2024 4:37:00 AM,437,34X,14,109,Oakland,1,True,True,H,OTHER,,Monday,,,M,,False,False,True,,C,OTHER MOTOR VEHICLE,,0,0,C,DARK-STREET LIGHTS,,,,,,,A,NO PEDESTRIANS INVOLVED,,D,,,,94TH AV,2,,,A,,,OLIVE ST,,,A,7/22/2024 10:48:25 AM,1/28/2025 11:04:09 AM,,,2,,,,,,,
2446547,24-001944,2,False,0109,1/12/2024 2:00:00 AM,200,01X,14,109,Oakland,1,True,True,E,HIT OBJECT,,Friday,,,,,False,False,True,,I,FIXED OBJECT,,0,0,C,DARK-STREET LIGHTS,,,,,,,A,NO PEDESTRIANS INVOLVED,,A,22107,,1,EMBARCADERO W,1,,,A,E,75.0,BROADWAY,F,,D,7/22/2024 10:48:23 AM,1/28/2025 11:04:08 AM,,,2,,,,,,,
2446545,24-004096,2,False,0109,1/24/2024 7:08:00 AM,708,31X,14,109,Oakland,1,True,True,H,OTHER,,Wednesday,,,,,False,False,False,,C,OTHER MOTOR VEHICLE,,0,0,A,DAYLIGHT,,,,,,,A,NO PEDESTRIANS INVOLVED,,A,22106,,1,BROADWAY,2,,,A,N,15.0,GRAND AV,F,,A,7/22/2024 10:48:23 AM,1/28/2025 11:04:08 AM,,,2,,,,,,,
2446542,24-004184,2,False,0109,1/24/2024 12:19:00 PM,1219,33X,14,109,Oakland,1,True,True,D,BROADSIDE,,Wednesday,,,M,,False,False,False,,C,OTHER MOTOR VEHICLE,,0,0,A,DAYLIGHT,,,,,,,A,NO PEDESTRIANS INVOLVED,,A,22106,,1,83RD AV,2,,,B,,,A ST,,,A,7/22/2024 10:48:23 AM,1/28/2025 11:04:08 AM,,,2,,,,,,,
2446536,24-000865,2,False,0109,1/4/2024 8:00:00 PM,2000,17X,14,109,Oakland,1,True,True,A,HEAD-ON,,Thursday,,,,,False,False,False,,C,OTHER MOTOR VEHICLE,,0,0,C,DARK-STREET LIGHTS,,,,,,,A,NO PEDESTRIANS INVOLVED,,A,22107,,1,INTERNATIONAL BL,1,,,A,,,8TH AV,,,A,7/22/2024 10:48:23 AM,1/28/2025 11:04:07 AM,,,2,,,,,,,
2446531,24-000559,2,False,0109,1/3/2024 1:40:00 PM,1340,26X,14,109,Oakland,1,True,True,C,REAR END,,Wednesday,,,,,False,False,False,,C,OTHER MOTOR VEHICLE,,2,0,A,DAYLIGHT,,,,,,,A,NO PEDESTRIANS INVOLVED,,A,22350,,1,INTERNATIONAL BL,2,,,A,E,30.0,54TH AV,F,,D,7/22/2024 10:48:23 AM,1/28/2025 11:04:07 AM,,,2,,,,,,,
2446510,24-004220,2,False,0109,1/24/2024 4:53:00 PM,1653,24X,14,109,Oakland,1,True,True,C,REAR END,,Wednesday,,,M,,False,False,False,,C,OTHER MOTOR VEHICLE,,1,0,B,DUSK-DAWN,,,,,,,A,NO PEDESTRIANS INVOLVED,,A,22350,,1,38TH AV,2,,,B,S,3.0,ANGELO AV,F,,D,7/22/2024 10:48:22 AM,1/28/2025 11:04:06 AM,,,2,,,,,,,
2446508,24-001355,2,False,0109,1/8/2024 11:43:00 AM,1143,31X,14,109,Oakland,1,True,True,D,BROADSIDE,,Monday,,,M,,False,False,False,,C,OTHER MOTOR VEHICLE,,1,0,A,DAYLIGHT,,,,,,,A,NO PEDESTRIANS INVOLVED,,A,21453A,,1,105TH AV,2,,,A,,,EDES AV,,,A,7/22/2024 10:48:22 AM,1/28/2025 11:04:06 AM,,,2,,,,,,,
2446507,24-004222,2,False,0109,1/24/2024 4:52:00 PM,1652,27X,14,109,Oakland,1,True,True,D,BROADSIDE,,Wednesday,,,F,,False,False,True,,C,OTHER MOTOR VEHICLE,,2,0,B,DUSK-DAWN,,,,,,,A,NO PEDESTRIANS INVOLVED,,A,22450A,,1,57TH AV,2,,,B,,,E 16TH ST,,,A,7/22/2024 10:48:22 AM,1/28/2025 11:04:06 AM,,,2,,,,,,,
2446506,24-001484,2,False,0109,1/9/2024 6:52:00 AM,652,03X,14,109,Oakland,1,True,True,G,VEHICLE/PEDESTRAIN,,Tuesday,,,,,False,False,False,,B,PEDESTRIAN,,1,0,C,DARK-STREET LIGHTS,,,,,,,B,CROSSING IN CROSS WALK AT INTERSECTION,,A,21950A,,1,11TH ST,1,,,B,,,HARRISON ST,,,A,7/22/2024 10:48:22 AM,1/28/2025 11:04:06 AM,,,2,,,,,,,
2446505,24-000682,2,False,0109,1/4/2024 10:10:00 AM,1010,12X,14,109,Oakland,1,True,True,B,SIDE SWIPE,,Thursday,,,,,False,False,True,,C,OTHER MOTOR VEHICLE,,1,0,A,DAYLIGHT,,,,,,,A,NO PEDESTRIANS INVOLVED,,A,22107,,1,BROADWAY,1,,,A,N,20.0,49TH ST,F,,D,7/22/2024 10:48:22 AM,1/28/2025 11:04:06 AM,,,2,,,,,,,
2446504,24-002276,2,False,0109,1/14/2024 9:10:00 AM,910,29X,14,109,Oakland,1,True,True,D,BROADSIDE,,Sunday,,,M,,False,False,True,,C,OTHER MOTOR VEHICLE,,1,0,A,DAYLIGHT,,,,,,,A,NO PEDESTRIANS INVOLVED,,A,22107,,1,HAVENSCOURT BL,2,,,B,,,FOOTHILL BL,,,A,7/22/2024 10:48:22 AM,1/28/2025 11:04:06 AM,,,2,,,,,,,
2446503,24-002066,2,False,0109,1/12/2024 7:22:00 PM,1922,17X,14,109,Oakland,1,True,True,C,REAR END,,Friday,,,F,,False,False,False,,B,PEDESTRIAN,,1,0,C,DARK-STREET LIGHTS,,,,,,,E,IN ROAD - INCLUDES SHOULDER,,A,22107,,1,FOOTHILL BL,1,,,A,W,100.0,6TH AV,F,,D,7/22/2024 10:48:22 AM,1/28/2025 11:04:06 AM,,,2,,,,,,,
2445241,24-006429,2,False,0109,2/5/2024 12:49:00 PM,1249,33X,14,109,Oakland,1,True,True,G,VEHICLE/PEDESTRAIN,,Monday,,,,,False,True,False,,B,PEDESTRIAN,,0,1,A,DAYLIGHT,,,,,,,B,CROSSING IN CROSS WALK AT INTERSECTION,,A,21950A,,1,RT 185,2,,,A,E,3.0,95TH AV,F,,D,7/22/2024 10:47:33 AM,1/28/2025 11:03:01 AM,,,2,,,,,,,
2444922,24-003677,2,False,0109,1/21/2024 6:26:00 PM,1826,05X,14,109,Oakland,1,True,True,B,SIDE SWIPE,,Sunday,,,,,False,False,False,,C,OTHER MOTOR VEHICLE,,0,0,C,DARK-STREET LIGHTS,,,,,,,A,NO PEDESTRIANS INVOLVED,,A,21453A,,1,FRONTAGE RD,1,,,B,,,W GRAND AV,,,A,7/22/2024 10:47:22 AM,1/28/2025 11:02:43 AM,,,2,,,,,,,
2444918,24-008418,2,False,0109,2/16/2024 12:28:00 PM,1228,30Y,14,109,Oakland,1,True,True,C,REAR END,,Friday,,,,,False,False,False,,C,OTHER MOTOR VEHICLE,,1,0,A,DAYLIGHT,,,,,,,A,NO PEDESTRIANS INVOLVED,,A,22350,,1,VALENTINE ST,2,,,A,E,500.0,COLUMBIAN DR,F,,D,7/22/2024 10:47:22 AM,1/28/2025 11:02:43 AM,,,2,,,,,,,
2444912,24-001998,2,False,0109,1/12/2024 11:00:00 AM,1100,05X,14,109,Oakland,1,True,True,B,SIDE SWIPE,,Friday,,,F,,False,False,False,,B,PEDESTRIAN,,1,0,A,DAYLIGHT,,,,,,,E,IN ROAD - INCLUDES SHOULDER,,A,22107,,1,MYRTLE ST,1,,,A,N,188.0,16TH ST,F,,D,7/22/2024 10:47:22 AM,1/28/2025 11:02:43 AM,,,2,,,,,,,
2444900,24-004497,2,False,0109,1/26/2024 9:00:00 AM,900,30X,14,109,Oakland,1,True,True,A,HEAD-ON,,Friday,,,,,False,False,True,,C,OTHER MOTOR VEHICLE,,0,0,A,DAYLIGHT,,,,,,,A,NO PEDESTRIANS INVOLVED,,D,,,,70TH AV,2,,,A,N,100.0,MONKEN ST,F,,D,7/22/2024 10:47:21 AM,1/28/2025 11:02:43 AM,,,2,,,,,,,
2464784,24-020312,2,False,0109,4/25/2024 9:30:00 AM,930,12Y,14,109,Oakland,1,True,True,B,SIDE SWIPE,,Thursday,,,,,False,False,False,,E,PARKED MOTOR VEHICLE,,0,0,A,DAYLIGHT,,,,,,,A,NO PEDESTRIANS INVOLVED,,A,22106,,1,REDONDO AV,1,,,A,E,30.0,CAVOUR ST,F,,D,7/22/2024 11:34:15 AM,1/28/2025 11:18:08 AM,,,2,,,,,,,
2464783,24-022887,2,False,0109,5/8/2024 5:48:00 PM,1748,,14,109,Oakland,1,True,True,H,OTHER,,Wednesday,,,,,False,False,False,,E,PARKED MOTOR VEHICLE,,0,0,A,DAYLIGHT,,,,,,,A,NO PEDESTRIANS INVOLVED,,A,22106,,1,MACARTHUR BL,2,,,A,,,69TH AV,,,D,7/22/2024 11:34:15 AM,1/28/2025 11:18:08 AM,,,2,,,,,,,
2464781,24-026978,2,False,0109,5/31/2024 10:39:00 AM,1039,18X,14,109,Oakland,1,True,True,B,SIDE SWIPE,,Friday,,,M,,False,False,True,,E,PARKED MOTOR VEHICLE,,0,0,A,DAYLIGHT,,,,,,,A,NO PEDESTRIANS INVOLVED,,A,22107,,1,E 21ST ST,1,,,A,W,20.0,20TH AV,F,,D,7/22/2024 11:34:15 AM,1/28/2025 11:18:08 AM,,,2,,,,,,,
2464745,24-025268,2,False,0109,5/20/2024 2:15:00 PM,1415,32X,14,109,Oakland,1,True,True,H,OTHER,,Monday,,,,,False,False,False,,A,NON-COLLISION,,0,0,A,DAYLIGHT,,,,,,,A,NO PEDESTRIANS INVOLVED,,D,,,,102ND AV,2,,,A,,,INTERNATIONAL BL,,,A,7/22/2024 11:34:12 AM,1/28/2025 11:18:01 AM,,,2,,,,,,,
2464744,24-026718,2,False,0109,5/29/2024 9:14:00 PM,2114,20X,14,109,Oakland,1,True,True,A,HEAD-ON,,Wednesday,,,M,,False,False,False,,E,PARKED MOTOR VEHICLE,,0,0,C,DARK-STREET LIGHTS,,,,,,,A,NO PEDESTRIANS INVOLVED,,A,22107,,1,FOOTHILL BL,2,,,A,E,75.0,25TH AV,F,,D,7/22/2024 11:34:12 AM,1/28/2025 11:18:01 AM,,,2,,,,,,,
2464743,24-025321,2,False,0109,5/22/2024 4:07:00 PM,1607,27X,14,109,Oakland,1,True,True,C,REAR END,,Wednesday,,,,,False,False,True,,C,OTHER MOTOR VEHICLE,,1,0,A,DAYLIGHT,,,,,,,A,NO PEDESTRIANS INVOLVED,,A,22350,,1,BANCROFT AV,2,,,A,W,20.0,64TH AV,F,,A,7/22/2024 11:34:12 AM,1/28/2025 11:18:01 AM,,,2,,,,,,,
2464347,24-012451,2,False,0109,3/11/2024 11:38:00 AM,1138,28X,14,109,Oakland,1,True,True,B,SIDE SWIPE,,Monday,,,,,False,False,False,,C,OTHER MOTOR VEHICLE,,0,0,A,DAYLIGHT,,,,,,,A,NO PEDESTRIANS INVOLVED,,A,21801A,,1,HIGH ST,2,,,A,,,REDDING ST,,,A,7/22/2024 11:03:36 AM,1/28/2025 11:17:37 AM,,,2,,,,,,,