collision-id,report-number,report-version,is-preliminary,ncic-code,crash-date-time,crash-time-description,beat,city-id,city-code,city-name,county-code,city-is-active,city-is-incorporated,collision-type-code,collision-type-description,collision-type-other-desc,day-of-week,dispatch-notified,has-photographs,hit-run,is-attachments-mailed,is-deleted,is-highway-related,is-tow-away,judicial-district,motor-vehicle-involved-with-code,motor-vehicle-involved-with-desc,motor-vehicle-involved-with-other-desc,number-injured,number-killed,lighting-code,lighting-description,latitude,longitude,milepost-direction,milepost-distance,milepost-marker,milepost-unit-of-measure,pedestrian-action-code,pedestrian-action-desc,prepared-date,primary-collision-factor-code,primary-collision-factor-description,primary-collision-factor-is-cited,primary-collision-party-number,primary-road,reporting-district,reporting-district-code,reviewed-date,roadway-surface-code,secondary-direction,secondary-distance,secondary-road,secondary-unit-of-measure,sketch-desc,traffic-control-device-code,created-date,modified-date,is-county-road,is-freeway,chp-555-version,is-additonal-object-struck,notification-date,notification-time-description,has-digital-media-files,evidence-number,is-location-refer-to-narrative,is-aoi-one-same-as-location
2464346,24-013526,2,False,0109,3/17/2024 7:00:00 PM,1900,23X,14,109,Oakland,1,True,True,C,REAR END,,Sunday,,,,,False,False,False,,E,PARKED MOTOR VEHICLE,,0,0,A,DAYLIGHT,,,,,,,A,NO PEDESTRIANS INVOLVED,,A,22350,,1,38TH AV,2,,,,S,100.0,INTERNATIONAL BL,F,,A,7/22/2024 11:03:36 AM,1/28/2025 11:17:37 AM,,,2,,,,,,,
2464345,24-013997,2,False,0109,3/19/2024 4:36:00 PM,1636,19X,14,109,Oakland,1,True,True,C,REAR END,,Tuesday,,,,,False,False,False,,E,PARKED MOTOR VEHICLE,,0,0,A,DAYLIGHT,,,,,,,A,NO PEDESTRIANS INVOLVED,,A,22350,,1,E 15TH ST,1,,,A,E,50.0,10TH AV,F,,A,7/22/2024 11:03:36 AM,1/28/2025 11:17:37 AM,,,2,,,,,,,
2464344,24-012533,2,False,0109,3/11/2024 8:46:00 PM,2046,35X,14,109,Oakland,1,True,True,B,SIDE SWIPE,,Monday,,,M,,False,False,False,,E,PARKED MOTOR VEHICLE,,0,0,C,DARK-STREET LIGHTS,,,,,,,A,NO PEDESTRIANS INVOLVED,,A,22107,,1,DANTE AV,2,,,A,E,200.0,100TH AV,F,,D,7/22/2024 11:03:36 AM,1/28/2025 11:17:37 AM,,,2,,,,,,,
2464342,24-016013,2,False,0109,3/31/2024 12:58:00 AM,58,21Y,14,109,Oakland,1,True,True,B,SIDE SWIPE,,Sunday,,,M,,False,False,False,,E,PARKED MOTOR VEHICLE,,0,0,C,DARK-STREET LIGHTS,,,,,,,A,NO PEDESTRIANS INVOLVED,,A,22107,,1,COOLIDGE AV,2,,,A,N,115.0,E 22ND ST,F,,D,7/22/2024 11:03:36 AM,1/28/2025 11:17:37 AM,,,2,,,,,,,
2464341,24-016792,2,False,0109,3/29/2024 2:45:00 PM,1445,34X,14,109,Oakland,1,True,True,C,REAR END,,Friday,,,,,False,False,False,,C,OTHER MOTOR VEHICLE,,0,0,A,DAYLIGHT,,,,,,,A,NO PEDESTRIANS INVOLVED,,A,22350,,1,INTERNATIONAL BL,2,,,A,,,82ND AV,,,A,7/22/2024 11:03:36 AM,1/28/2025 11:17:37 AM,,,2,,,,,,,
2464340,24-013792,2,False,0109,3/19/2024 8:41:00 AM,841,30X,14,109,Oakland,1,True,True,D,BROADSIDE,,Tuesday,,,,,False,False,False,,C,OTHER MOTOR VEHICLE,,0,0,A,DAYLIGHT,,,,,,,A,NO PEDESTRIANS INVOLVED,,A,22450A,,,HAVENSCOURT BL,2,,,A,,,ARTHUR ST,,,A,7/22/2024 11:03:36 AM,1/28/2025 11:17:37 AM,,,2,,,,,,,
2464336,24-023192,2,False,0109,5/11/2024 8:37:00 AM,837,24X,14,109,Oakland,1,True,True,A,HEAD-ON,,Saturday,,,M,,False,False,False,,C,OTHER MOTOR VEHICLE,,1,0,A,DAYLIGHT,,,,,,,A,NO PEDESTRIANS INVOLVED,,A,21651B,,1,HIGH ST,2,,,A,,,LYON AV,,,A,7/22/2024 11:03:36 AM,1/28/2025 11:17:37 AM,,,2,,,,,,,
2464302,24022084,2,False,0109,5/5/2024 3:52:00 PM,1552,30X,14,109,Oakland,1,True,True,C,REAR END,,Sunday,,,F,,False,False,False,,C,OTHER MOTOR VEHICLE,,0,0,A,DAYLIGHT,,,,,,,A,NO PEDESTRIANS INVOLVED,,A,22107,,1,INTERNATIONAL BL,2,,,A,,,82ND AV,,,A,7/22/2024 11:03:33 AM,1/28/2025 11:17:34 AM,,,2,,,,,,,
2464301,24022143,2,False,0109,5/5/2024 9:28:00 PM,2128,22X,14,109,Oakland,1,True,True,E,HIT OBJECT,,Sunday,,,M,,False,False,False,,I,FIXED OBJECT,,0,0,C,DARK-STREET LIGHTS,,,,,,,A,NO PEDESTRIANS INVOLVED,,A,22107,,1,35TH AV,2,,,A,,,DELAWARE ST,,,A,7/22/2024 11:03:32 AM,1/28/2025 11:17:34 AM,,,2,,,,,,,
2464300,24024746,2,False,0109,5/19/2024 2:45:00 PM,1445,19X,14,109,Oakland,1,True,True,C,REAR END,,Sunday,,,M,,False,False,False,,C,OTHER MOTOR VEHICLE,,0,0,A,DAYLIGHT,,,,,,,,,,A,22350,,1,20TH AV,1,,,A,S,20.0,FOOTHILL BL,F,,A,7/22/2024 11:03:32 AM,1/28/2025 11:17:34 AM,,,2,,,,,,,
2464298,24023725,2,False,0109,5/14/2024 7:46:00 AM,746,13Z,14,109,Oakland,1,True,True,B,SIDE SWIPE,,Tuesday,,,,,False,False,False,,E,PARKED MOTOR VEHICLE,,0,0,A,DAYLIGHT,,,,,,,A,NO PEDESTRIANS INVOLVED,,A,22107,,1,ASCOT DR,1,,,A,,,MORLEY DR,,,D,7/22/2024 11:03:32 AM,1/28/2025 11:17:34 AM,,,2,,,,,,,
2464240,24-016804,2,False,0109,4/5/2024 1:48:00 PM,1348,27X,14,109,Oakland,1,True,True,D,BROADSIDE,,Friday,,,,,False,False,False,,C,OTHER MOTOR VEHICLE,,2,0,A,DAYLIGHT,,,,,,,A,NO PEDESTRIANS INVOLVED,,A,21800A,,1,BANCROFT AV,2,,,A,,,64TH AV,,,D,7/22/2024 11:03:29 AM,1/28/2025 11:17:31 AM,,,2,,,,,,,
2464239,24-010837,2,False,0109,3/2/2024 12:10:00 PM,1210,03X,14,109,Oakland,1,True,True,D,BROADSIDE,,Saturday,,,,,False,False,False,,C,OTHER MOTOR VEHICLE,,1,0,A,DAYLIGHT,,,,,,,A,NO PEDESTRIANS INVOLVED,,A,21453A,,1,14TH ST,1,,,A,,,JACKSON ST,,,A,7/22/2024 11:03:29 AM,1/28/2025 11:17:31 AM,,,2,,,,,,,
2464238,24-018799,2,False,0109,4/16/2024 4:45:00 PM,1645,31Z,14,109,Oakland,1,True,True,G,VEHICLE/PEDESTRAIN,,Tuesday,,,,,False,False,False,,B,PEDESTRIAN,,1,0,A,DAYLIGHT,,,,,,,D,CROSSING - NOT IN CROSSWALK,,A,21954A,,1,SAN LEANDRO ST,2,,,A,W,30.0,STONE ST,F,,D,7/22/2024 11:03:29 AM,1/28/2025 11:17:31 AM,,,2,,,,,,,
2464237,24-017702,2,False,0109,4/10/2024 6:28:00 PM,1828,22X,14,109,Oakland,1,True,True,A,HEAD-ON,,Wednesday,,,,,False,False,False,,E,PARKED MOTOR VEHICLE,,1,0,A,DAYLIGHT,,,,,,,A,NO PEDESTRIANS INVOLVED,,A,22350,,1,COOLIDGE AV,2,,,A,S,370.0,ALIDA ST,F,,D,7/22/2024 11:03:29 AM,1/28/2025 11:17:31 AM,,,2,,,,,,,
2464236,24-017814,2,False,0109,4/11/2024 12:44:00 PM,1244,09X,14,109,Oakland,1,True,True,B,SIDE SWIPE,,Thursday,,,,,False,False,True,,C,OTHER MOTOR VEHICLE,,1,0,A,DAYLIGHT,,,,,,,A,NO PEDESTRIANS INVOLVED,,A,22107,,1,PLEASANT VALLEY AV,2,,,A,,,BROADWAY,,,A,7/22/2024 11:03:29 AM,1/28/2025 11:17:31 AM,,,2,,,,,,,
2464234,24-016511,2,False,0109,4/3/2024 5:14:00 PM,1714,20X,14,109,Oakland,1,True,True,B,SIDE SWIPE,,Wednesday,,,,,False,False,False,,C,OTHER MOTOR VEHICLE,,1,0,A,DAYLIGHT,,,,,,,A,NO PEDESTRIANS INVOLVED,,A,22350,,1,INTERNATIONAL BL,2,,,A,W,10.0,27TH AV,F,,D,7/22/2024 11:03:29 AM,1/28/2025 11:17:31 AM,,,2,,,,,,,
2464193,24-018355,2,False,0109,4/14/2024 8:07:00 PM,2007,26Y,14,109,Oakland,1,True,True,D,BROADSIDE,,Sunday,,,M,,False,False,False,,C,OTHER MOTOR VEHICLE,,0,0,C,DARK-STREET LIGHTS,,,,,,,A,NO PEDESTRIANS INVOLVED,,A,22450A,,1,69TH AV,2,,,A,,,LION WY,,,A,7/22/2024 11:03:26 AM,1/28/2025 11:17:29 AM,,,2,,,,,,,
2464191,24-016306,2,False,0109,4/2/2024 12:39:00 PM,1239,14X,14,109,Oakland,1,True,True,B,SIDE SWIPE,,Tuesday,,,,,False,False,False,,C,OTHER MOTOR VEHICLE,,0,0,A,DAYLIGHT,,,,,,,A,NO PEDESTRIANS INVOLVED,,A,21804A,,1,HARRISON ST,1,,,A,S,500.0,HAMILTON PL,F,,A,7/22/2024 11:03:26 AM,1/28/2025 11:17:29 AM,,,2,,,,,,,
2464190,24-016968,2,False,0109,4/6/2024 5:01:00 PM,1701,12X,14,109,Oakland,1,True,True,C,REAR END,,Saturday,,,M,,False,False,False,,C,OTHER MOTOR VEHICLE,,0,0,A,DAYLIGHT,,,,,,,A,NO PEDESTRIANS INVOLVED,,A,22350,,1,BROADWAY,1,,,A,,,CORONADO AV,,,A,7/22/2024 11:03:26 AM,1/28/2025 11:17:29 AM,,,2,,,,,,,
2464189,24-08197,2,False,0109,4/13/2024 10:25:00 AM,1025,30Y,14,109,Oakland,1,True,True,A,HEAD-ON,,Saturday,,,M,,False,False,False,,C,OTHER MOTOR VEHICLE,,0,0,A,DAYLIGHT,,,,,,,A,NO PEDESTRIANS INVOLVED,,A,22107,,1,82ND AV,2,,,A,,,NEY AV,,,A,7/22/2024 11:03:25 AM,1/28/2025 11:17:29 AM,,,2,,,,,,,
2464188,24-18246,2,False,0109,4/14/2024 4:07:00 AM,407,20X,14,109,Oakland,1,True,True,A,HEAD-ON,,Sunday,,,M,,False,False,False,,I,FIXED OBJECT,,0,0,C,DARK-STREET LIGHTS,,,,,,,A,NO PEDESTRIANS INVOLVED,,A,22107,,1,FOOTHILL BL,2,,,B,E,40.0,40TH AV,F,,A,7/22/2024 11:03:25 AM,1/28/2025 11:17:29 AM,,,2,,,,,,,
2464187,24-016141,2,False,0109,4/6/2024 7:20:00 PM,1920,05X,14,109,Oakland,1,True,True,F,OVERTURNED,,Saturday,,,M,,False,False,False,,I,FIXED OBJECT,,0,0,A,DAYLIGHT,,,,,,,A,NO PEDESTRIANS INVOLVED,,A,22107,,1,W GRAND AV,1,,,A,W,120.0,MARKET ST,F,,D,7/22/2024 11:03:25 AM,1/28/2025 11:17:29 AM,,,2,,,,,,,
2464186,24-018048,2,False,0109,4/12/2024 6:13:00 PM,1813,17Y,14,109,Oakland,1,True,True,D,BROADSIDE,,Friday,,,,,False,False,True,,C,OTHER MOTOR VEHICLE,,0,0,A,DAYLIGHT,,,,,,,A,NO PEDESTRIANS INVOLVED,,A,21453A,,1,BEAUMONT AV,1,,,A,,,MACARTHUR BL,,,A,7/22/2024 11:03:25 AM,1/28/2025 11:17:29 AM,,,2,,,,,,,
2464185,24-020847,2,False,0109,4/28/2024 9:03:00 AM,903,34X,14,109,Oakland,1,True,True,C,REAR END,,Sunday,,,M,,False,False,False,,E,PARKED MOTOR VEHICLE,,0,0,A,DAYLIGHT,,,,,,,A,NO PEDESTRIANS INVOLVED,,A,22107,,1,90TH AV,2,,,A,N,60.0,SUNNYSIDE ST,F,,D,7/22/2024 11:03:25 AM,1/28/2025 11:17:29 AM,,,2,,,,,,,
2464184,24-019220,2,False,0109,4/18/2024 7:56:00 PM,1956,29X,14,109,Oakland,1,True,True,B,SIDE SWIPE,,Thursday,,,,,False,False,True,,E,PARKED MOTOR VEHICLE,,0,0,B,DUSK-DAWN,,,,,,,A,NO PEDESTRIANS INVOLVED,,A,22107,,1,62ND AV,2,,,A,N,200.0,FOOTHILL BL,F,,D,7/22/2024 11:03:25 AM,1/28/2025 11:17:29 AM,,,2,,,,,,,
2464183,24-017948,2,False,0109,4/12/2024 7:48:00 AM,748,21Y,14,109,Oakland,1,True,True,D,BROADSIDE,,Friday,,,,,False,False,False,,C,OTHER MOTOR VEHICLE,,0,0,A,DAYLIGHT,,,,,,,A,NO PEDESTRIANS INVOLVED,,A,22106,,1,HYDE ST,2,,,A,W,100.0,FRUITVALE AV,F,,D,7/22/2024 11:03:25 AM,1/28/2025 11:17:29 AM,,,2,,,,,,,
2464174,24-002976,2,False,0109,1/8/2024 7:29:00 AM,729,31X,14,109,Oakland,1,True,True,G,VEHICLE/PEDESTRAIN,,Monday,,,,,False,False,False,,B,PEDESTRIAN,,1,0,A,DAYLIGHT,,,,,,,B,CROSSING IN CROSS WALK AT INTERSECTION,,A,21950A,,1,HEGENBERGER RD,2,,,B,,,BALDWIN ST,,,A,7/22/2024 11:03:24 AM,1/28/2025 11:17:28 AM,,,2,,,,,,,
2464173,24-013956,2,False,0109,3/19/2024 11:45:00 AM,1145,13Z,14,109,Oakland,1,True,True,G,VEHICLE/PEDESTRAIN,,Tuesday,,,,,False,False,False,,B,PEDESTRIAN,,1,0,A,DAYLIGHT,,,,,,,B,CROSSING IN CROSS WALK AT INTERSECTION,,A,21950A,,1,LA SALLE AVE,1,,,A,,,MOUNTAIN BLVD,,,A,7/22/2024 11:03:24 AM,1/28/2025 11:17:28 AM,,,2,,,,,,,
2464053,24-006603,2,False,0109,2/6/2024 10:52:00 AM,1052,20X,14,109,Oakland,1,True,True,B,SIDE SWIPE,,Tuesday,,,M,,False,False,False,,C,OTHER MOTOR VEHICLE,,0,0,A,DAYLIGHT,,,,,,,A,NO PEDESTRIANS INVOLVED,,A,21750A,,1,23RD AV,2,,,A,N,150.0,E 12TH ST,F,,A,7/22/2024 11:03:17 AM,1/28/2025 11:17:22 AM,,,2,,,,,,,
2464052,24-007738,2,False,0109,2/13/2024 1:59:00 AM,159,27X,14,109,Oakland,1,True,True,C,REAR END,,Tuesday,,,M,,False,False,True,,E,PARKED MOTOR VEHICLE,,0,0,C,DARK-STREET LIGHTS,,,,,,,A,NO PEDESTRIANS INVOLVED,,A,22350,,1,BOND ST,2,,,A,W,50.0,46TH AV,F,,D,7/22/2024 11:03:17 AM,1/28/2025 11:17:22 AM,,,2,,,,,,,
2464051,24-007216,2,False,0109,2/9/2024 10:03:00 PM,2203,39X,14,109,Oakland,1,True,True,A,HEAD-ON,,Friday,,,,,False,False,True,,C,OTHER MOTOR VEHICLE,,0,0,C,DARK-STREET LIGHTS,,,,,,,A,NO PEDESTRIANS INVOLVED,,A,21801A,,1,FOOTHILL BL,2,,,A,,,SEMINARY AV,,,A,7/22/2024 11:03:17 AM,1/28/2025 11:17:22 AM,,,2,,,,,,,
2464050,24-006610,2,False,0109,2/6/2024 11:58:00 AM,1158,32X,14,109,Oakland,1,True,True,E,HIT OBJECT,,Tuesday,,,M,,False,False,True,,I,FIXED OBJECT,,0,0,A,DAYLIGHT,,,,,,,A,NO PEDESTRIANS INVOLVED,,A,22107,,1,INTERNATIONAL BL,2,,,A,E,300.0,BRISTOL BL,F,,D,7/22/2024 11:03:17 AM,1/28/2025 11:17:22 AM,,,2,,,,,,,
2464047,24-007794,2,False,0109,2/13/2024 8:05:00 AM,805,23X,14,109,Oakland,1,True,True,G,VEHICLE/PEDESTRAIN,,Tuesday,,,F,,False,False,False,,B,PEDESTRIAN,,0,0,A,DAYLIGHT,,,,,,,B,CROSSING IN CROSS WALK AT INTERSECTION,,A,21950A,,1,40TH AV,2,,,A,,,INTERNATIONAL BL,,,D,7/22/2024 11:03:17 AM,1/28/2025 11:17:22 AM,,,2,,,,,,,
2464046,24-007237,2,False,0109,2/10/2024 2:37:00 AM,237,27X,14,109,Oakland,1,True,True,A,HEAD-ON,,Saturday,,,,,False,False,False,,E,PARKED MOTOR VEHICLE,,0,0,D,DARK-NO STREET LIGHTS,,,,,,,A,NO PEDESTRIANS INVOLVED,,A,22107,,1,SEMINARY AV,2,,,A,S,0.2,INTERNATIONAL BL,M,,,7/22/2024 11:03:17 AM,1/28/2025 11:17:22 AM,,,2,,,,,,,
2464045,24-007357,2,False,0109,2/10/2024 9:30:00 PM,2130,34X,14,109,Oakland,1,True,True,A,HEAD-ON,,Saturday,,,M,,False,False,False,,C,OTHER MOTOR VEHICLE,,0,0,C,DARK-STREET LIGHTS,,,,,,,A,NO PEDESTRIANS INVOLVED,,D,,,,AUSEON AV,2,,,A,,,HOLLY ST,,,D,7/22/2024 11:03:17 AM,1/28/2025 11:17:22 AM,,,2,,,,,,,
2464043,24-012993,2,False,0109,3/14/2024 12:07:00 PM,1207,23X,14,109,Oakland,1,True,True,A,HEAD-ON,,Thursday,,,F,,False,False,True,,C,OTHER MOTOR VEHICLE,,2,0,A,DAYLIGHT,,,,,,,A,NO PEDESTRIANS INVOLVED,,A,22107,,1,HIGH ST,2,,,A,,,BOND ST,,,A,7/22/2024 11:03:17 AM,1/28/2025 11:17:22 AM,,,2,,,,,,,
2464042,24-011379,2,False,0109,3/5/2024 5:29:00 PM,1729,14X,14,109,Oakland,1,True,True,H,OTHER,,Tuesday,,,,,False,False,False,,G,BICYCLE,,1,0,A,DAYLIGHT,,,,,,,A,NO PEDESTRIANS INVOLVED,,A,22517,,1,GRAND AVE,1,,,A,W,87.0,STATEN AVE,F,,A,7/22/2024 11:03:17 AM,1/28/2025 11:17:22 AM,,,2,,,,,,,
2464041,24-015768,2,False,0109,3/29/2024 12:35:00 PM,1235,19X,14,109,Oakland,1,True,True,D,BROADSIDE,,Friday,,,,,False,False,False,,C,OTHER MOTOR VEHICLE,,1,0,A,DAYLIGHT,,,,,,,A,NO PEDESTRIANS INVOLVED,,A,21800D,,1,5TH AVE,1,,,B,,,E 10TH ST,,,A,7/22/2024 11:03:17 AM,1/28/2025 11:17:22 AM,,,2,,,,,,,
2464040,24-012753,2,False,0109,3/13/2024 7:59:00 AM,759,23X,14,109,Oakland,1,True,True,D,BROADSIDE,,Wednesday,,,,,False,False,True,,C,OTHER MOTOR VEHICLE,,1,0,A,DAYLIGHT,,,,,,,A,NO PEDESTRIANS INVOLVED,,A,21453A,,1,SAN LEANDRO BL,2,,,A,,,37TH AVE,,,A,7/22/2024 11:03:17 AM,1/28/2025 11:17:22 AM,,,2,,,,,,,
2464039,24-014372,2,False,0109,3/22/2024 12:39:00 AM,39,29X,14,109,Oakland,1,True,True,B,SIDE SWIPE,,Friday,,,,,False,False,True,,E,PARKED MOTOR VEHICLE,,1,0,C,DARK-STREET LIGHTS,,,,,,,A,NO PEDESTRIANS INVOLVED,,A,22107,,1,55TH AVE,2,,,A,S,10.0,RUTH ST,F,,A,7/22/2024 11:03:17 AM,1/28/2025 11:17:22 AM,,,2,,,,,,,
2464018,24-014549,2,False,0109,3/22/2024 11:45:00 PM,2345,17Y,14,109,Oakland,1,True,True,B,SIDE SWIPE,,Friday,,,,,False,False,False,,E,PARKED MOTOR VEHICLE,,0,0,C,DARK-STREET LIGHTS,,,,,,,A,NO PEDESTRIANS INVOLVED,,A,22107,,1,PARK BL,1,,,B,N,100.0,8TH AV,F,,D,7/22/2024 11:03:15 AM,1/28/2025 11:17:21 AM,,,2,,,,,,,
2464011,24-012457,2,False,0109,3/11/2024 12:18:00 PM,1218,01X,14,109,Oakland,1,True,True,A,HEAD-ON,,Monday,,,M,,False,False,True,,E,PARKED MOTOR VEHICLE,,0,0,A,DAYLIGHT,,,,,,,A,NO PEDESTRIANS INVOLVED,,A,22107,,1,31ST ST,1,,,A,S,5.0,MARTIN LUTHER KING JR WY,F,,D,7/22/2024 11:03:15 AM,1/28/2025 11:17:21 AM,,,2,,,,,,,
2464010,24-012372,2,False,0109,3/10/2024 8:56:00 PM,2056,27X,14,109,Oakland,1,True,True,B,SIDE SWIPE,,Sunday,,,,,False,False,False,,E,PARKED MOTOR VEHICLE,,0,0,C,DARK-STREET LIGHTS,,,,,,,A,NO PEDESTRIANS INVOLVED,,A,22107,,1,50TH AV,2,,,A,S,30.0,FOOTHILL BL,F,,D,7/22/2024 11:03:15 AM,1/28/2025 11:17:21 AM,,,2,,,,,,,
2464009,24-014814,2,False,0109,3/24/2024 8:25:00 PM,2025,24X,14,109,Oakland,1,True,True,B,SIDE SWIPE,,Sunday,,,M,,False,False,False,,E,PARKED MOTOR VEHICLE,,0,0,C,DARK-STREET LIGHTS,,,,,,,A,NO PEDESTRIANS INVOLVED,,A,22350,,1,35TH AV,2,,,A,,,DEERING AV,,,D,7/22/2024 11:03:15 AM,1/28/2025 11:17:20 AM,,,2,,,,,,,
2464008,24-015890,2,False,0109,3/29/2024 8:15:00 PM,2015,30X,14,109,Oakland,1,True,True,A,HEAD-ON,,Friday,,,M,,False,False,False,,I,FIXED OBJECT,,0,0,A,DAYLIGHT,,,,,,,A,NO PEDESTRIANS INVOLVED,,A,22350,,1,KELLER AV,2,,,A,,,EARL ST,,,D,7/22/2024 11:03:15 AM,1/28/2025 11:17:21 AM,,,2,,,,,,,
2463960,24-008473,2,False,0109,2/16/2024 7:08:00 PM,1908,03X,14,109,Oakland,1,True,True,D,BROADSIDE,,Friday,,,,,False,False,False,,C,OTHER MOTOR VEHICLE,,2,0,C,DARK-STREET LIGHTS,,,,,,,A,NO PEDESTRIANS INVOLVED,,A,21453A,,1,6TH ST,1,,,A,,,JACKSON ST,,,A,7/22/2024 11:03:11 AM,1/28/2025 11:17:18 AM,,,2,,,,,,,
2463959,24-007508,2,False,0109,2/11/2024 8:39:00 PM,2039,02X,14,109,Oakland,1,True,True,D,BROADSIDE,,Sunday,,,M,,False,False,False,,G,BICYCLE,,1,0,C,DARK-STREET LIGHTS,,,,,,,A,NO PEDESTRIANS INVOLVED,,A,21453A,,1,MARKET ST,1,,,A,,,12TH ST,,,A,7/22/2024 11:03:11 AM,1/28/2025 11:17:18 AM,,,2,,,,,,,
2463946,24-012388,2,False,0109,3/10/2024 4:49:00 PM,1649,34X,14,109,Oakland,1,True,True,D,BROADSIDE,,Sunday,,,M,,False,False,False,,C,OTHER MOTOR VEHICLE,,3,0,A,DAYLIGHT,,,,,,,A,NO PEDESTRIANS INVOLVED,,A,21453A,,1,BANCROFT AV,2,,,A,,,90TH AV,,,A,7/22/2024 11:03:10 AM,1/28/2025 11:17:18 AM,,,2,,,,,,,
2463945,24-014220,2,False,0109,3/20/2024 11:30:00 PM,2330,19X,14,109,Oakland,1,True,True,A,HEAD-ON,,Wednesday,,,M,,False,False,False,,G,BICYCLE,,1,0,C,DARK-STREET LIGHTS,,,,,,,B,CROSSING IN CROSS WALK AT INTERSECTION,,A,22107,,1,E 12TH ST,1,,,A,S,5.0,16TH AV,F,,A,7/22/2024 11:03:10 AM,1/28/2025 11:17:18 AM,,,2,,,,,,,
2463944,24-014219,2,False,0109,3/20/2024 10:41:00 PM,2241,02Y,14,109,Oakland,1,True,True,D,BROADSIDE,,Wednesday,,,F,,False,False,False,,C,OTHER MOTOR VEHICLE,,1,0,C,DARK-STREET LIGHTS,,,,,,,A,NO PEDESTRIANS INVOLVED,,A,21453A,,1,12TH ST,1,,,A,,,MANDELA PKWY,,,A,7/22/2024 11:03:10 AM,1/28/2025 11:17:18 AM,,,2,,,,,,,
2463943,24-012361,2,False,0109,3/10/2024 7:34:00 PM,1934,04X,14,109,Oakland,1,True,True,C,REAR END,,Sunday,,,M,,False,False,False,,C,OTHER MOTOR VEHICLE,,1,0,C,DARK-STREET LIGHTS,,,,,,,A,NO PEDESTRIANS INVOLVED,,A,22107,,1,W GRAND AV,1,,,B,,,TELEGRAPH AV,,,A,7/22/2024 11:03:10 AM,1/28/2025 11:17:18 AM,,,2,,,,,,,
2463942,24-012278,2,False,0109,3/10/2024 9:59:00 AM,959,20X,14,109,Oakland,1,True,True,G,VEHICLE/PEDESTRAIN,,Sunday,,,,,False,False,False,,G,BICYCLE,,1,0,A,DAYLIGHT,,,,,,,A,NO PEDESTRIANS INVOLVED,,A,22350,,1,JOAQUIN MILLER RD,2,,,A,N,25.0,PIERPOINT AV,F,,D,7/22/2024 11:03:10 AM,1/28/2025 11:17:18 AM,,,2,,,,,,,
2463941,24-012019,2,False,0109,3/8/2024 1:30:00 PM,1330,30X,14,109,Oakland,1,True,True,H,OTHER,,Friday,,,F,,False,False,False,,C,OTHER MOTOR VEHICLE,,1,0,A,DAYLIGHT,,,,,,,A,NO PEDESTRIANS INVOLVED,,A,21453A,,1,BANCROFT AV,2,,,A,,,77TH AV,,,A,7/22/2024 11:03:10 AM,1/28/2025 11:17:18 AM,,,2,,,,,,,
2463940,24-011590,2,False,0109,3/6/2024 7:31:00 PM,1931,31X,14,109,Oakland,1,True,True,A,HEAD-ON,,Wednesday,,,,,False,False,False,,C,OTHER MOTOR VEHICLE,,1,0,C,DARK-STREET LIGHTS,,,,,,,A,NO PEDESTRIANS INVOLVED,,A,21801A,,1,98TH AV,2,,,,,,BIGGE ST,,,,7/22/2024 11:03:10 AM,1/28/2025 11:17:18 AM,,,2,,,,,,,
2463939,24-015880,2,False,0109,3/30/2024 1:06:00 PM,1306,34X,14,109,Oakland,1,True,True,D,BROADSIDE,,Saturday,,,F,,False,False,False,,C,OTHER MOTOR VEHICLE,,1,0,A,DAYLIGHT,,,,,,,A,NO PEDESTRIANS INVOLVED,,A,21453A,,1,82ND AV,2,,,A,,,BANCROFT AV,,,A,7/22/2024 11:03:10 AM,1/28/2025 11:17:17 AM,,,2,,,,,,,
2463934,24-010751,2,False,0109,3/1/2024 9:53:00 PM,2153,26X,14,109,Oakland,1,True,True,C,REAR END,,Friday,,,M,,False,False,False,,E,PARKED MOTOR VEHICLE,,1,0,C,DARK-STREET LIGHTS,,,,,,,A,NO PEDESTRIANS INVOLVED,,A,22107,,1,SAN LEANDRO ST,2,,,B,W,35.0,52ND AV,F,,D,7/22/2024 11:03:10 AM,1/28/2025 11:17:17 AM,,,2,,,,,,,
2463903,24-021677,2,False,0109,5/3/2024 1:25:00 AM,125,30X,14,109,Oakland,1,True,True,C,REAR END,,Friday,,,M,,False,False,True,,E,PARKED MOTOR VEHICLE,,0,0,C,DARK-STREET LIGHTS,,,,,,,A,NO PEDESTRIANS INVOLVED,,A,22107,,1,MACARTHUR BL,2,,,A,W,150.0,RITCHIE ST,F,,D,7/22/2024 11:03:08 AM,1/28/2025 11:17:16 AM,,,2,,,,,,,
2463902,24-023538,2,False,0109,5/13/2024 11:30:00 AM,1130,03X,14,109,Oakland,1,True,True,C,REAR END,,Monday,,,,,False,False,False,,D,MOTOR VEHICLE ON OTHER ROADWAY,,0,0,A,DAYLIGHT,,,,,,,A,NO PEDESTRIANS INVOLVED,,A,22107,,1,WEBSTER ST,1,,,A,S,200.0,9TH ST,F,,A,7/22/2024 11:03:08 AM,1/28/2025 11:17:16 AM,,,2,,,,,,,
2463901,24-022099,2,False,0109,5/5/2024 5:22:00 PM,1722,33X,14,109,Oakland,1,True,True,D,BROADSIDE,,Sunday,,,M,,False,False,False,,C,OTHER MOTOR VEHICLE,,0,0,A,DAYLIGHT,,,,,,,A,NO PEDESTRIANS INVOLVED,,A,21453A,,1,INTERNATIONAL BL,2,,,A,,,94TH AVE,,,A,7/22/2024 11:03:08 AM,1/28/2025 11:17:16 AM,,,2,,,,,,,
2463900,24-023109,2,False,0109,5/10/2024 6:00:00 PM,1800,15X,14,109,Oakland,1,True,True,C,REAR END,,Friday,,,M,,False,False,False,,C,OTHER MOTOR VEHICLE,,0,0,A,DAYLIGHT,,,,,,,A,NO PEDESTRIANS INVOLVED,,A,22350,,1,PARK BL,1,,,A,N,21.0,NEWTON AV,F,,A,7/22/2024 11:03:08 AM,1/28/2025 11:17:16 AM,,,2,,,,,,,
2463898,24-021495,2,False,0109,5/2/2024 9:30:00 PM,2130,07X,14,109,Oakland,1,True,True,B,SIDE SWIPE,,Thursday,,,M,,False,False,False,,E,PARKED MOTOR VEHICLE,,0,0,C,DARK-STREET LIGHTS,,,,,,,A,NO PEDESTRIANS INVOLVED,,A,22107,,1,UNION ST,1,,,A,N,220.0,28TH ST,F,,D,7/22/2024 11:03:08 AM,1/28/2025 11:17:16 AM,,,2,,,,,,,