collision-id,report-number,report-version,is-preliminary,ncic-code,crash-date-time,crash-time-description,beat,city-id,city-code,city-name,county-code,city-is-active,city-is-incorporated,collision-type-code,collision-type-description,collision-type-other-desc,day-of-week,dispatch-notified,has-photographs,hit-run,is-attachments-mailed,is-deleted,is-highway-related,is-tow-away,judicial-district,motor-vehicle-involved-with-code,motor-vehicle-involved-with-desc,motor-vehicle-involved-with-other-desc,number-injured,number-killed,lighting-code,lighting-description,latitude,longitude,milepost-direction,milepost-distance,milepost-marker,milepost-unit-of-measure,pedestrian-action-code,pedestrian-action-desc,prepared-date,primary-collision-factor-code,primary-collision-factor-description,primary-collision-factor-is-cited,primary-collision-party-number,primary-road,reporting-district,reporting-district-code,reviewed-date,roadway-surface-code,secondary-direction,secondary-distance,secondary-road,secondary-unit-of-measure,sketch-desc,traffic-control-device-code,created-date,modified-date,is-county-road,is-freeway,chp-555-version,is-additonal-object-struck,notification-date,notification-time-description,has-digital-media-files,evidence-number,is-location-refer-to-narrative,is-aoi-one-same-as-location
2463203,24-000854,2,False,0109,1/5/2024 10:00:00 AM,1000,34X,14,109,Oakland,1,True,True,C,REAR END,,Friday,,,,,False,False,False,,C,OTHER MOTOR VEHICLE,,1,0,A,DAYLIGHT,,,,,,,A,NO PEDESTRIANS INVOLVED,,A,22350,,1,BANCROFT AV,2,,,A,W,250.0,96TH AV,F,,D,7/22/2024 11:02:26 AM,1/28/2025 11:16:45 AM,,,2,,,,,,,
2462963,24-002640,2,False,0109,1/16/2024 11:28:00 AM,1128,23X,14,109,Oakland,1,True,True,D,BROADSIDE,,Tuesday,,,,,False,False,True,,C,OTHER MOTOR VEHICLE,,1,0,A,DAYLIGHT,,,,,,,A,NO PEDESTRIANS INVOLVED,,A,21453A,,1,INTERNATIONAL BL,2,,,A,,,HIGH ST,,,A,7/22/2024 11:02:11 AM,1/28/2025 11:16:35 AM,,,2,,,,,,,
2462950,24-001486,2,False,0109,1/9/2024 6:40:00 AM,640,09X,14,109,Oakland,1,True,True,G,VEHICLE/PEDESTRAIN,,Tuesday,,,F,,False,False,False,,B,PEDESTRIAN,,1,0,A,DAYLIGHT,,,,,,,B,CROSSING IN CROSS WALK AT INTERSECTION,,A,21950A,,1,GILBERT ST,1,,,A,,,MATHER ST,,,A,7/22/2024 11:02:10 AM,1/28/2025 11:16:34 AM,,,2,,,,,,,
2462949,24-003358,2,False,0109,1/19/2024 9:17:00 PM,2117,30X,14,109,Oakland,1,True,True,B,SIDE SWIPE,,Friday,,,,,False,False,False,,D,MOTOR VEHICLE ON OTHER ROADWAY,,1,0,C,DARK-STREET LIGHTS,,,,,,,A,NO PEDESTRIANS INVOLVED,,D,,,,73RD AV,2,,,B,,,ARTHUR ST,,,A,7/22/2024 11:02:10 AM,1/28/2025 11:16:34 AM,,,2,,,,,,,
2462948,24-003098,2,False,0109,1/18/2024 8:30:00 PM,2030,02X,14,109,Oakland,1,True,True,A,HEAD-ON,,Thursday,,,,,False,False,False,,B,PEDESTRIAN,,1,0,A,DAYLIGHT,,,,,,,E,IN ROAD - INCLUDES SHOULDER,,A,22450A,,1,8TH ST,1,,,A,,,KIRKHAM WY,,,D,7/22/2024 11:02:10 AM,1/28/2025 11:16:34 AM,,,2,,,,,,,
2462947,24-002725,2,False,0109,1/16/2024 6:10:00 PM,1810,14X,14,109,Oakland,1,True,True,D,BROADSIDE,,Tuesday,,,,,False,False,False,,B,PEDESTRIAN,,1,0,C,DARK-STREET LIGHTS,,,,,,,B,CROSSING IN CROSS WALK AT INTERSECTION,,A,21950A,,1,LAKESHORE AV,1,,,B,,,MANDANA BL,,,A,7/22/2024 11:02:10 AM,1/28/2025 11:16:34 AM,,,2,,,,,,,
2462946,24-001961,2,False,0109,1/12/2024 6:44:00 AM,644,32X,14,109,Oakland,1,True,True,G,VEHICLE/PEDESTRAIN,,Friday,,,,,False,False,False,,B,PEDESTRIAN,,1,0,D,DARK-NO STREET LIGHTS,,,,,,,D,CROSSING - NOT IN CROSSWALK,,A,21955,,1,98TH AV,2,,,A,N,184.0,PLYMOUTH ST,F,,D,7/22/2024 11:02:10 AM,1/28/2025 11:16:34 AM,,,2,,,,,,,
2462945,24-004448,2,False,0109,1/26/2024 12:12:00 AM,12,32X,14,109,Oakland,1,True,True,A,HEAD-ON,,Friday,,,,,False,False,True,,I,FIXED OBJECT,,1,0,C,DARK-STREET LIGHTS,,,,,,,A,NO PEDESTRIANS INVOLVED,,A,22107,,1,98TH AV,2,,,A,,,ARMSTRONG DR,,,A,7/22/2024 11:02:10 AM,1/28/2025 11:16:34 AM,,,2,,,,,,,
2462938,24-004784,2,False,0109,1/27/2024 9:18:00 PM,2118,33X,14,109,Oakland,1,True,True,D,BROADSIDE,,Saturday,,,M,,False,False,True,,C,OTHER MOTOR VEHICLE,,0,0,C,DARK-STREET LIGHTS,,,,,,,A,NO PEDESTRIANS INVOLVED,,A,21453A,,1,98TH AV,2,,,A,,,INTERNATIONAL BL,,,A,7/22/2024 11:02:10 AM,1/28/2025 11:16:34 AM,,,2,,,,,,,
2462629,24-004433,2,False,0109,1/25/2024 5:15:00 PM,1715,31X,14,109,Oakland,1,True,True,A,HEAD-ON,,Thursday,,,M,,False,False,True,,C,OTHER MOTOR VEHICLE,,0,0,A,DAYLIGHT,,,,,,,A,NO PEDESTRIANS INVOLVED,,A,22107,,1,PEARMAIN ST,2,,,A,W,10.0,106TH AV,F,,D,7/22/2024 11:01:50 AM,1/28/2025 11:16:17 AM,,,2,,,,,,,
2462614,24-002813,2,False,0109,1/17/2024 9:00:00 AM,900,31X,14,109,Oakland,1,True,True,D,BROADSIDE,,Wednesday,,,,,False,False,False,,C,OTHER MOTOR VEHICLE,,0,0,A,DAYLIGHT,,,,,,,A,NO PEDESTRIANS INVOLVED,,A,22107,,1,EMPIRE RD,2,,,A,E,40.0,SEXTUS RD,F,,D,7/22/2024 11:01:49 AM,1/28/2025 11:16:17 AM,,,2,,,,,,,
2462611,24-003473,2,False,0109,1/20/2024 1:45:00 PM,1345,22X,14,109,Oakland,1,True,True,B,SIDE SWIPE,,Saturday,,,,,False,False,False,,E,PARKED MOTOR VEHICLE,,0,0,A,DAYLIGHT,,,,,,,A,NO PEDESTRIANS INVOLVED,,A,22107,,1,MACARTHUR BL,2,,,B,E,20.0,MAPLE,F,,A,7/22/2024 11:01:49 AM,1/28/2025 11:16:17 AM,,,2,,,,,,,
2462609,24-003490,2,False,0109,1/20/2024 2:47:00 PM,1447,32X,14,109,Oakland,1,True,True,C,REAR END,,Saturday,,,,,False,False,False,,C,OTHER MOTOR VEHICLE,,0,0,A,DAYLIGHT,,,,,,,A,NO PEDESTRIANS INVOLVED,,A,22350,,1,SAN LEANDRO ST,2,,,B,W,200.0,106TH AV,F,,D,7/22/2024 11:01:49 AM,1/28/2025 11:16:17 AM,,,2,,,,,,,
2462472,24-009264,2,False,0109,2/21/2024 4:27:00 PM,1627,29X,14,109,Oakland,1,True,True,B,SIDE SWIPE,,Wednesday,,,M,,False,False,True,,E,PARKED MOTOR VEHICLE,,2,0,A,DAYLIGHT,,,,,,,A,NO PEDESTRIANS INVOLVED,,A,22350,,1,64TH AV,2,,,A,S,200.0,BRANN ST,F,,A,7/22/2024 11:01:41 AM,1/28/2025 11:16:10 AM,,,2,,,,,,,
2462457,24-009764,2,False,0109,2/24/2024 4:27:00 AM,427,27X,14,109,Oakland,1,True,True,C,REAR END,,Saturday,,,M,,False,False,False,,E,PARKED MOTOR VEHICLE,,0,0,B,DUSK-DAWN,,,,,,,A,NO PEDESTRIANS INVOLVED,,A,22107,,1,ELIZABETH CT,2,,,A,E,100.0,57TH ST,F,,D,7/22/2024 11:01:40 AM,1/28/2025 11:16:09 AM,,,2,,,,,,,
2462455,24-008829,2,False,0109,2/19/2024 10:39:00 AM,1039,32X`,14,109,Oakland,1,True,True,B,SIDE SWIPE,,Monday,,,,,False,False,False,,E,PARKED MOTOR VEHICLE,,0,0,A,DAYLIGHT,,,,,,,A,NO PEDESTRIANS INVOLVED,,A,21658A,,1,MACARTHUR BL,2,,,A,,,TRUMAN AV,,,D,7/22/2024 11:01:40 AM,1/28/2025 11:16:10 AM,,,2,,,,,,,
2462431,24-002103,2,False,0109,1/13/2024 11:30:00 PM,2330,34X,14,109,Oakland,1,True,True,G,VEHICLE/PEDESTRAIN,,Saturday,,,F,,False,False,False,,B,PEDESTRIAN,,1,0,C,DARK-STREET LIGHTS,,,,,,,B,CROSSING IN CROSS WALK AT INTERSECTION,,A,21950A,,1,INTERNATIONAL BL,2,,,A,S,10.0,85TH AV,F,,A,7/22/2024 11:01:39 AM,1/28/2025 11:16:08 AM,,,2,,,,,,,
2462406,24-003333,2,False,0109,1/19/2024 6:03:00 PM,1803,33X,14,109,Oakland,1,True,True,C,REAR END,,Friday,,,M,,False,False,False,,E,PARKED MOTOR VEHICLE,,0,0,C,DARK-STREET LIGHTS,,,,,,,A,NO PEDESTRIANS INVOLVED,,A,22350,,1,82ND AV,2,,,B,N,50.0,E ST,F,,C,7/22/2024 11:01:37 AM,1/28/2025 11:16:06 AM,,,2,,,,,,,
2462405,24-003569,2,False,0109,1/21/2024 2:49:00 AM,249,28X,14,109,Oakland,1,True,True,B,SIDE SWIPE,,Sunday,,,M,,False,False,False,,C,OTHER MOTOR VEHICLE,,0,0,C,DARK-STREET LIGHTS,,,,,,,A,NO PEDESTRIANS INVOLVED,,A,22107,,1,55TH AV,2,,,B,S,20.0,ROBERTS AV,F,,A,7/22/2024 11:01:37 AM,1/28/2025 11:16:06 AM,,,2,,,,,,,
2462404,24-004020,2,False,0109,1/23/2024 2:29:00 PM,1429,24X,14,109,Oakland,1,True,True,C,REAR END,,Tuesday,,,M,,False,False,False,,C,OTHER MOTOR VEHICLE,,0,0,A,DAYLIGHT,,,,,,,A,NO PEDESTRIANS INVOLVED,,A,22350,,1,38TH AV,2,,,A,,,FOOTHILL BL,,,A,7/22/2024 11:01:37 AM,1/28/2025 11:16:06 AM,,,2,,,,,,,
2462403,24-004073,2,False,0109,1/24/2024 12:21:00 AM,21,33X,14,109,Oakland,1,True,True,E,HIT OBJECT,,Wednesday,,,M,,False,False,True,,I,FIXED OBJECT,,0,0,C,DARK-STREET LIGHTS,,,,,,,A,NO PEDESTRIANS INVOLVED,,D,,,,INTERNATIONAL BL,2,,,B,E,42.0,92ND AV,F,,A,7/22/2024 11:01:37 AM,1/28/2025 11:16:06 AM,,,2,,,,,,,
2462402,24-001198,2,False,0109,1/7/2024 1:52:00 PM,1352,03X,14,109,Oakland,1,True,True,D,BROADSIDE,,Sunday,,,F,,False,False,False,,C,OTHER MOTOR VEHICLE,,0,0,A,DAYLIGHT,,,,,,,A,NO PEDESTRIANS INVOLVED,,A,21651A,,1,11TH ST,1,,,A,N,5.0,HARRISON ST,F,,A,7/22/2024 11:01:37 AM,1/28/2025 11:16:06 AM,,,2,,,,,,,
2462401,24-001458,2,False,0109,1/9/2024 11:43:00 PM,2343,21Y,14,109,Oakland,1,True,True,C,REAR END,,Tuesday,,,M,,False,False,False,,E,PARKED MOTOR VEHICLE,,0,0,C,DARK-STREET LIGHTS,,,,,,,A,NO PEDESTRIANS INVOLVED,,A,22107,,1,FRUITVALE AV,2,,,A,S,100.0,BROOKDALE AV,F,,D,7/22/2024 11:01:37 AM,1/28/2025 11:16:06 AM,,,2,,,,,,,
2462400,24-002744,2,False,0109,1/16/2024 8:30:00 PM,2030,19X,14,109,Oakland,1,True,True,D,BROADSIDE,,Tuesday,,,M,,False,False,False,,C,OTHER MOTOR VEHICLE,,0,0,C,DARK-STREET LIGHTS,,,,,,,A,NO PEDESTRIANS INVOLVED,,A,22350,,1,INTERNATIONAL BL,1,,,B,W,200.0,18TH AV,F,,B,7/22/2024 11:01:37 AM,1/28/2025 11:16:06 AM,,,2,,,,,,,
2462399,24-002932,2,False,0109,1/5/2024 10:23:00 PM,2223,19X,14,109,Oakland,1,True,True,C,REAR END,,Friday,,,M,,False,False,False,,C,OTHER MOTOR VEHICLE,,0,0,C,DARK-STREET LIGHTS,,,,,,,A,NO PEDESTRIANS INVOLVED,,A,22350,,1,FOOTHILL BL,1,,,A,E,100.0,22ND AV,F,,A,7/22/2024 11:01:37 AM,1/28/2025 11:16:06 AM,,,2,,,,,,,
2462398,24-002953,2,False,0109,1/18/2024 2:22:00 AM,222,04X,14,109,Oakland,1,True,True,B,SIDE SWIPE,,Thursday,,,,,False,False,True,,C,OTHER MOTOR VEHICLE,,0,0,C,DARK-STREET LIGHTS,,,,,,,A,NO PEDESTRIANS INVOLVED,,A,21453A,,1,17TH ST,1,,,A,,,TELEGRAPH AV,,,A,7/22/2024 11:01:37 AM,1/28/2025 11:16:06 AM,,,2,,,,,,,
2462397,24-003740,2,False,0109,1/22/2024 6:30:00 AM,630,23X,14,109,Oakland,1,True,True,A,HEAD-ON,,Monday,,,,,False,False,False,,G,BICYCLE,,0,0,C,DARK-STREET LIGHTS,,,,,,,A,NO PEDESTRIANS INVOLVED,,D,,,,HIGH ST,2,,,B,,,SAN LEANDRO ST,,,A,7/22/2024 11:01:37 AM,1/28/2025 11:16:05 AM,,,2,,,,,,,
2462396,24-002936,2,False,0109,1/18/2024 11:30:00 PM,2330,33X,14,109,Oakland,1,True,True,A,HEAD-ON,,Thursday,,,F,,False,False,False,,C,OTHER MOTOR VEHICLE,,0,0,C,DARK-STREET LIGHTS,,,,,,,A,NO PEDESTRIANS INVOLVED,,A,22107,,1,98TH AV,2,,,A,,,C ST,,,D,7/22/2024 11:01:37 AM,1/28/2025 11:16:06 AM,,,2,,,,,,,
2462395,24-002878,2,False,0109,1/17/2024 3:17:00 PM,1517,32X,14,109,Oakland,1,True,True,A,HEAD-ON,,Wednesday,,,M,,False,False,False,,C,OTHER MOTOR VEHICLE,,0,0,A,DAYLIGHT,,,,,,,A,NO PEDESTRIANS INVOLVED,,A,21453A,,1,BANCROFT AV,2,,,A,,,106TH AV,,,A,7/22/2024 11:01:37 AM,1/28/2025 11:16:06 AM,,,2,,,,,,,
2462394,24-004214,2,False,0109,1/24/2024 4:43:00 PM,1643,12X,14,109,Oakland,1,True,True,C,REAR END,,Wednesday,,,,,False,False,False,,E,PARKED MOTOR VEHICLE,,0,0,A,DAYLIGHT,,,,,,,A,NO PEDESTRIANS INVOLVED,,A,22107,,1,MILES AV,1,,,B,E,270.0,COLLEGE AV,F,,D,7/22/2024 11:01:37 AM,1/28/2025 11:16:05 AM,,,2,,,,,,,
2462391,24-002030,2,False,0109,1/12/2024 3:12:00 PM,1512,30X,14,109,Oakland,1,True,True,C,REAR END,,Friday,,,,,False,False,False,,C,OTHER MOTOR VEHICLE,,0,0,A,DAYLIGHT,,,,,,,A,NO PEDESTRIANS INVOLVED,,A,216555,,1,78TH AV,2,,,A,,,INTERNATIONAL BL,,,A,7/22/2024 11:01:36 AM,1/28/2025 11:16:05 AM,,,2,,,,,,,
2462299,24-012707,2,False,0109,3/12/2024 10:36:00 PM,2236,04X,14,109,Oakland,1,True,True,D,BROADSIDE,,Tuesday,,,,,False,False,False,,C,OTHER MOTOR VEHICLE,,2,0,C,DARK-STREET LIGHTS,,,,,,,A,NO PEDESTRIANS INVOLVED,,A,21453A,,,THOMAS L BERKLEY WY,1,,,A,,,FRANKLIN ST,,,A,7/22/2024 11:01:31 AM,1/28/2025 11:16:01 AM,,,2,,,,,,,
2462298,24-014509,2,False,0109,3/22/2024 5:44:00 PM,1744,15X,14,109,Oakland,1,True,True,D,BROADSIDE,,Friday,,,M,,False,False,True,,C,OTHER MOTOR VEHICLE,,2,0,,,,,,,,,A,NO PEDESTRIANS INVOLVED,,A,21801A,,1,LAKESHORE AV,1,,,B,N,200.0,HANOVER AV,F,,D,7/22/2024 11:01:31 AM,1/28/2025 11:16:01 AM,,,2,,,,,,,
2462297,24-011398,2,False,0109,3/5/2024 8:21:00 PM,2021,19X,14,109,Oakland,1,True,True,D,BROADSIDE,,Tuesday,,,M,,False,False,False,,C,OTHER MOTOR VEHICLE,,1,0,C,DARK-STREET LIGHTS,,,,,,,A,NO PEDESTRIANS INVOLVED,,A,21453A,,1,14TH AV,1,,,A,,,FOOTHILL BL,,,A,7/22/2024 11:01:30 AM,1/28/2025 11:16:01 AM,,,2,,,,,,,
2462296,24-011388,2,False,0109,3/5/2024 5:00:00 PM,1700,19X,14,109,Oakland,1,True,True,C,REAR END,,Tuesday,,,M,,False,False,False,,C,OTHER MOTOR VEHICLE,,1,0,A,DAYLIGHT,,,,,,,A,NO PEDESTRIANS INVOLVED,,A,22350,,1,1ST AV,1,,,A,N,25.0,INTERNATIONAL BL,F,,A,7/22/2024 11:01:30 AM,1/28/2025 11:16:01 AM,,,2,,,,,,,
2462295,24-012982,2,False,0109,3/14/2024 11:05:00 AM,1105,03X,14,109,Oakland,1,True,True,G,VEHICLE/PEDESTRAIN,,Thursday,,,,,False,False,False,,B,PEDESTRIAN,,1,0,A,DAYLIGHT,,,,,,,B,CROSSING IN CROSS WALK AT INTERSECTION,,A,21950A,,1,9TH ST,1,,,A,,,HARRISON ST,,,A,7/22/2024 11:01:30 AM,1/28/2025 11:16:00 AM,,,2,,,,,,,
2462294,24-011841,2,False,0109,3/7/2024 5:37:00 PM,1737,12X,14,109,Oakland,1,True,True,H,OTHER,,Thursday,,,,,False,False,False,,G,BICYCLE,,1,0,A,DAYLIGHT,,,,,,,A,NO PEDESTRIANS INVOLVED,,A,21750A,,1,COLLEGE AV,1,,,A,,,KALES AV,,,C,7/22/2024 11:01:30 AM,1/28/2025 11:16:00 AM,,,2,,,,,,,
2462293,24-013079,2,False,0109,3/14/2024 9:25:00 PM,2125,22X,14,109,Oakland,1,True,True,A,HEAD-ON,,Thursday,,,,,False,False,True,,C,OTHER MOTOR VEHICLE,,2,0,C,DARK-STREET LIGHTS,,,,,,,A,NO PEDESTRIANS INVOLVED,,A,22107,,1,COOLIDGE AV,2,,,A,,,MONTANA ST,,,A,7/22/2024 11:01:30 AM,1/28/2025 11:16:00 AM,,,2,,,,,,,
2462292,24-011922,2,False,0109,3/8/2024 7:48:00 AM,748,01X,14,109,Oakland,1,True,True,D,BROADSIDE,,Friday,,,,,False,False,False,,C,OTHER MOTOR VEHICLE,,1,0,A,DAYLIGHT,,,,,,,A,NO PEDESTRIANS INVOLVED,,A,21453A,,1,5TH ST,2,,,A,,,BROADWAY,,,A,7/22/2024 11:01:30 AM,1/28/2025 11:16:00 AM,,,2,,,,,,,
2462288,24006153,2,False,0109,2/3/2024 10:01:00 PM,2201,29X,14,109,Oakland,1,True,True,C,REAR END,,Saturday,,,M,,False,False,False,,C,OTHER MOTOR VEHICLE,,0,0,C,DARK-STREET LIGHTS,,,,,,,A,NO PEDESTRIANS INVOLVED,,A,21703,,1,69TH AV,2,,,B,,,FOOTHILL BL,,,A,7/22/2024 11:01:30 AM,1/28/2025 11:16:00 AM,,,2,,,,,,,
2462226,24-013248,2,False,0109,3/15/2024 5:36:00 PM,1736,19X,14,109,Oakland,1,True,True,D,BROADSIDE,,Friday,,,M,,False,False,True,,E,PARKED MOTOR VEHICLE,,0,0,A,DAYLIGHT,,,,,,,A,NO PEDESTRIANS INVOLVED,,A,22350,,1,E 11TH ST,1,,,A,E,42.0,9TH AV,F,,D,7/22/2024 11:01:26 AM,1/28/2025 11:15:57 AM,,,2,,,,,,,
2462225,24-012806,2,False,0109,3/13/2024 11:57:00 AM,1157,23X,14,109,Oakland,1,True,True,C,REAR END,,Wednesday,,,,,False,False,True,,C,OTHER MOTOR VEHICLE,,0,0,A,DAYLIGHT,,,,,,,A,NO PEDESTRIANS INVOLVED,,A,22350,,1,FRUITVALE AV,2,,,A,S,100.0,E 16TH ST,F,,A,7/22/2024 11:01:26 AM,1/28/2025 11:15:57 AM,,,2,,,,,,,
2462224,24-013941,2,False,0109,3/19/2024 12:32:00 PM,1232,04X,14,109,Oakland,1,True,True,D,BROADSIDE,,Tuesday,,,,,False,False,False,,C,OTHER MOTOR VEHICLE,,0,0,A,DAYLIGHT,,,,,,,A,NO PEDESTRIANS INVOLVED,,C,,,,FRANKLIN ST,1,,,A,,,20TH ST,,,A,7/22/2024 11:01:26 AM,1/28/2025 11:15:57 AM,,,2,,,,,,,
2462223,24-012005,2,False,0109,3/8/2024 1:46:00 PM,1346,32X,14,109,Oakland,1,True,True,B,SIDE SWIPE,,Friday,,,,,False,False,False,,C,OTHER MOTOR VEHICLE,,0,0,A,DAYLIGHT,,,,,,,A,NO PEDESTRIANS INVOLVED,,A,22107,,1,HOLLY ST,2,,,A,E,40.0,98TH ST,F,,D,7/22/2024 11:01:26 AM,1/28/2025 11:15:57 AM,,,2,,,,,,,
2462140,19X,2,False,0109,2/21/2024 8:50:00 AM,850,1,14,109,Oakland,1,True,True,D,BROADSIDE,,Wednesday,,,,,False,False,False,,,,,0,0,A,DAYLIGHT,,,,,,,A,NO PEDESTRIANS INVOLVED,,A,21801A,,1,EMBARCADERO,,,,A,E,500.0,9TH AV,F,,D,7/22/2024 11:01:21 AM,1/28/2025 11:15:54 AM,,,2,,,,,,,
2462096,24-013278,2,False,0109,3/15/2024 10:31:00 PM,2231,04X,14,109,Oakland,1,True,True,E,HIT OBJECT,,Friday,,,,,False,False,False,,I,FIXED OBJECT,,0,0,C,DARK-STREET LIGHTS,,,,,,,A,NO PEDESTRIANS INVOLVED,,B,,,1,TELEGRAPH AV,1,,,A,N,3.0,BROADWAY,F,,D,7/22/2024 11:01:18 AM,1/28/2025 11:15:50 AM,,,2,,,,,,,
2462095,24-012770,2,False,0109,3/2/2024 12:00:00 AM,0,X,14,109,Oakland,1,True,True,H,OTHER,,Saturday,,,,,False,False,False,,A,NON-COLLISION,,0,0,C,DARK-STREET LIGHTS,,,,,,,A,NO PEDESTRIANS INVOLVED,,D,,,,E OAKLAND,2,,,B,,,UNKNOWN,,,D,7/22/2024 11:01:18 AM,1/28/2025 11:15:50 AM,,,2,,,,,,,
2462094,24-011125,2,False,0109,3/4/2024 8:36:00 AM,836,01X,14,109,Oakland,1,True,True,C,REAR END,,Monday,,,,,False,False,False,,E,PARKED MOTOR VEHICLE,,0,0,A,DAYLIGHT,,,,,,,A,NO PEDESTRIANS INVOLVED,,A,22107,,1,BROADWAY,1,,,B,S,46.0,3RD ST,F,,D,7/22/2024 11:01:18 AM,1/28/2025 11:15:50 AM,,,2,,,,,,,
2462037,24-000694,2,False,0109,1/4/2024 11:12:00 AM,1112,30X,14,109,Oakland,1,True,True,D,BROADSIDE,,Thursday,,,,,False,False,True,,C,OTHER MOTOR VEHICLE,,0,0,A,DAYLIGHT,,,,,,,A,NO PEDESTRIANS INVOLVED,,B,,,1,73RD AV,2,,,A,,,BANCROFT AV,,,A,7/22/2024 11:01:15 AM,1/28/2025 11:15:47 AM,,,2,,,,,,,
2462031,24-011847,2,False,0109,3/7/2024 7:39:00 PM,1939,30X,14,109,Oakland,1,True,True,C,REAR END,,Thursday,,,,,False,False,False,,C,OTHER MOTOR VEHICLE,,0,0,C,DARK-STREET LIGHTS,,,,,,,A,NO PEDESTRIANS INVOLVED,,A,22106,,1,79TH AV,2,,,A,N,51.0,LOCUST ST,F,,D,7/22/2024 11:01:15 AM,1/28/2025 11:15:47 AM,,,2,,,,,,,
2461943,24-002150,2,False,0109,1/12/2024 5:10:00 PM,1710,21X,14,109,Oakland,1,True,True,B,SIDE SWIPE,,Friday,,,M,,False,False,False,,C,OTHER MOTOR VEHICLE,,0,0,A,DAYLIGHT,,,,,,,A,NO PEDESTRIANS INVOLVED,,B,,,1,FRUITVALE AV,2,,,A,N,15.0,BROOKDALE AV,F,,B,7/22/2024 11:01:10 AM,1/28/2025 11:15:43 AM,,,2,,,,,,,
2461732,23-068437,2,False,0109,1/3/2024 1:52:00 PM,1352,16X,14,109,Oakland,1,True,True,G,VEHICLE/PEDESTRAIN,,Wednesday,,,,,False,False,False,,E,PARKED MOTOR VEHICLE,,1,0,A,DAYLIGHT,,,,,,,E,IN ROAD - INCLUDES SHOULDER,,A,22515A,,1,LAKESHORE AV,1,,,A,S,300.0,TRESTLE GLEN RD,F,,D,7/22/2024 11:00:58 AM,1/28/2025 11:15:34 AM,,,2,,,,,,,
2461731,24-004949,2,False,0109,1/28/2024 9:00:00 PM,2100,34X,14,109,Oakland,1,True,True,D,BROADSIDE,,Sunday,,,,,False,False,False,,C,OTHER MOTOR VEHICLE,,3,0,C,DARK-STREET LIGHTS,,,,,,,A,NO PEDESTRIANS INVOLVED,,A,21453A,,1,BANCROFT AV,2,,,A,,,90TH AV,,,A,7/22/2024 11:00:58 AM,1/28/2025 11:15:34 AM,,,2,,,,,,,
2461730,24-004715,2,False,0109,1/27/2024 1:00:00 PM,1300,09X,14,109,Oakland,1,True,True,D,BROADSIDE,,Saturday,,,,,False,False,False,,C,OTHER MOTOR VEHICLE,,2,0,A,DAYLIGHT,,,,,,,A,NO PEDESTRIANS INVOLVED,,A,21453A,,1,OAKLAND AV,1,,,A,,,MACARTHUR BL,,,A,7/22/2024 11:00:58 AM,1/28/2025 11:15:34 AM,,,2,,,,,,,
2461729,24-005574,2,False,0109,1/31/2024 1:46:00 PM,1346,08X,14,109,Oakland,1,True,True,D,BROADSIDE,,Wednesday,,,,,False,False,False,,C,OTHER MOTOR VEHICLE,,1,0,A,DAYLIGHT,,,,,,,A,NO PEDESTRIANS INVOLVED,,A,21801A,,1,GRAND AV,1,,,B,,,WEBSTER ST,,,A,7/22/2024 11:00:57 AM,1/28/2025 11:15:34 AM,,,2,,,,,,,
2461728,24-005273,2,False,0109,1/30/2024 2:56:00 PM,1456,13X,14,109,Oakland,1,True,True,A,HEAD-ON,,Tuesday,,,,,False,False,True,,C,OTHER MOTOR VEHICLE,,2,0,A,DAYLIGHT,,,,,,,A,NO PEDESTRIANS INVOLVED,,A,21453A,,1,KEITH AV,1,,,A,,,BROADWAY,,,A,7/22/2024 11:00:57 AM,1/28/2025 11:15:34 AM,,,2,,,,,,,
2461725,24-000618,2,False,0109,1/3/2024 8:27:00 PM,2027,29X,14,109,Oakland,1,True,True,G,VEHICLE/PEDESTRAIN,,Wednesday,,,F,,False,False,False,,C,OTHER MOTOR VEHICLE,,2,0,C,DARK-STREET LIGHTS,,,,,,,F,NOT IN ROAD,,A,22107,,1,60TH AV,2,,,A,,,MACARTHUR BL,,,A,7/22/2024 11:00:57 AM,1/28/2025 11:15:34 AM,,,2,,,,,,,
2461724,24-002552,2,False,0109,1/15/2024 11:03:00 PM,2303,24X,14,109,Oakland,1,True,True,C,REAR END,,Monday,,,M,,False,False,False,,C,OTHER MOTOR VEHICLE,,3,0,C,DARK-STREET LIGHTS,,,,,,,A,NO PEDESTRIANS INVOLVED,,A,22350,,1,FOOTHILL BL,2,,,A,W,50.0,38TH AV,F,,D,7/22/2024 11:00:57 AM,1/28/2025 11:15:34 AM,,,2,,,,,,,
2461721,24-001248,2,False,0109,1/7/2024 8:11:00 PM,2011,30X,14,109,Oakland,1,True,True,H,OTHER,,Sunday,,,F,,False,False,False,,E,PARKED MOTOR VEHICLE,,0,0,C,DARK-STREET LIGHTS,,,,,,,A,NO PEDESTRIANS INVOLVED,,A,22107,,1,WELD ST,2,,,A,,,70TH,,,D,7/22/2024 11:00:57 AM,1/28/2025 11:15:34 AM,,,2,,,,,,,
2461718,24-003526,2,False,0109,1/20/2024 7:30:00 PM,1930,10X,14,109,Oakland,1,True,True,C,REAR END,,Saturday,,,M,,False,False,False,,C,OTHER MOTOR VEHICLE,,0,0,C,DARK-STREET LIGHTS,,,,,,,A,NO PEDESTRIANS INVOLVED,,A,22350,,1,SAN PABLO AV,1,,,B,,,62ND ST,,,A,7/22/2024 11:00:57 AM,1/28/2025 11:15:34 AM,,,2,,,,,,,
2461717,24-005214,2,False,0109,1/30/2024 9:10:00 AM,910,26Y,14,109,Oakland,1,True,True,B,SIDE SWIPE,,Tuesday,,,M,,False,False,False,,C,OTHER MOTOR VEHICLE,,0,0,A,DAYLIGHT,,,,,,,A,NO PEDESTRIANS INVOLVED,,A,216555,,1,INTERNATIONAL BL,2,,,A,,,78TH AV,,,A,7/22/2024 11:00:57 AM,1/28/2025 11:15:34 AM,,,2,,,,,,,
2461716,24-004377,2,False,0109,1/25/2024 3:42:00 PM,1542,35X,14,109,Oakland,1,True,True,A,HEAD-ON,,Thursday,,,,,False,False,False,,I,FIXED OBJECT,,0,0,A,DAYLIGHT,,,,,,,A,NO PEDESTRIANS INVOLVED,,A,22107,,1,87TH AV,2,,,A,S,20.0,DOWLING ST,F,,D,7/22/2024 11:00:57 AM,1/28/2025 11:15:34 AM,,,2,,,,,,,