collision-id,report-number,report-version,is-preliminary,ncic-code,crash-date-time,crash-time-description,beat,city-id,city-code,city-name,county-code,city-is-active,city-is-incorporated,collision-type-code,collision-type-description,collision-type-other-desc,day-of-week,dispatch-notified,has-photographs,hit-run,is-attachments-mailed,is-deleted,is-highway-related,is-tow-away,judicial-district,motor-vehicle-involved-with-code,motor-vehicle-involved-with-desc,motor-vehicle-involved-with-other-desc,number-injured,number-killed,lighting-code,lighting-description,latitude,longitude,milepost-direction,milepost-distance,milepost-marker,milepost-unit-of-measure,pedestrian-action-code,pedestrian-action-desc,prepared-date,primary-collision-factor-code,primary-collision-factor-description,primary-collision-factor-is-cited,primary-collision-party-number,primary-road,reporting-district,reporting-district-code,reviewed-date,roadway-surface-code,secondary-direction,secondary-distance,secondary-road,secondary-unit-of-measure,sketch-desc,traffic-control-device-code,created-date,modified-date,is-county-road,is-freeway,chp-555-version,is-additonal-object-struck,notification-date,notification-time-description,has-digital-media-files,evidence-number,is-location-refer-to-narrative,is-aoi-one-same-as-location
2461715,24-005144,2,False,0109,1/29/2024 5:41:00 PM,1741,30X,14,109,Oakland,1,True,True,B,SIDE SWIPE,,Monday,,,M,,False,False,False,,E,PARKED MOTOR VEHICLE,,0,0,A,DAYLIGHT,,,,,,,A,NO PEDESTRIANS INVOLVED,,A,22107,,1,77TH AV,2,,,A,N,550.0,INTERNATIONAL BL,F,,D,7/22/2024 11:00:57 AM,1/28/2025 11:15:34 AM,,,2,,,,,,,
2461714,24-004932,2,False,0109,1/28/2024 7:23:00 PM,1923,23X,14,109,Oakland,1,True,True,A,HEAD-ON,,Sunday,,,,,False,False,False,,C,OTHER MOTOR VEHICLE,,0,0,C,DARK-STREET LIGHTS,,,,,,,A,NO PEDESTRIANS INVOLVED,,A,21801A,,1,FOOTHILL BL,2,,,A,,,COURTLAND BL,,,A,7/22/2024 11:00:56 AM,1/28/2025 11:15:34 AM,,,2,,,,,,,
2461713,24-004946,2,False,0109,1/28/2024 8:44:00 PM,2044,32X,14,109,Oakland,1,True,True,C,REAR END,,Sunday,,,,,False,False,False,,E,PARKED MOTOR VEHICLE,,0,0,C,DARK-STREET LIGHTS,,,,,,,A,NO PEDESTRIANS INVOLVED,,A,22107,,1,PIPPIN ST,2,,,A,W,100.0,MOORPARK ST,F,,D,7/22/2024 11:00:56 AM,1/28/2025 11:15:34 AM,,,2,,,,,,,
2461712,24-002624,2,False,0109,1/16/2024 10:29:00 AM,1029,15X,14,109,Oakland,1,True,True,C,REAR END,,Tuesday,,,,,False,False,False,,C,OTHER MOTOR VEHICLE,,0,0,A,DAYLIGHT,,,,,,,A,NO PEDESTRIANS INVOLVED,,A,22350,,1,LAKESHORE AV,1,,,A,N,20.0,BEACON ST,F,,A,7/22/2024 11:00:56 AM,1/28/2025 11:15:34 AM,,,2,,,,,,,
2461711,24-002229,2,False,0109,1/13/2024 10:03:00 PM,2203,24X,14,109,Oakland,1,True,True,A,HEAD-ON,,Saturday,,,,,False,False,False,,I,FIXED OBJECT,,0,0,C,DARK-STREET LIGHTS,,,,,,,A,NO PEDESTRIANS INVOLVED,,A,22107,,1,35TH AV,2,,,B,S,5.0,ALEXANDER CT,F,,D,7/22/2024 11:00:56 AM,1/28/2025 11:15:34 AM,,,2,,,,,,,
2461710,24-004914,2,False,0109,1/28/2024 5:17:00 PM,1717,23X,14,109,Oakland,1,True,True,B,SIDE SWIPE,,Sunday,,,M,,False,False,False,,E,PARKED MOTOR VEHICLE,,0,0,A,DAYLIGHT,,,,,,,A,NO PEDESTRIANS INVOLVED,,A,22017,,1,18TH ST,2,,,A,W,100.0,35TH ST,F,,D,7/22/2024 11:00:56 AM,1/28/2025 11:15:34 AM,,,2,,,,,,,
2461709,24-001460,2,False,0109,1/9/2024 12:36:00 AM,36,32X,14,109,Oakland,1,True,True,C,REAR END,,Tuesday,,,M,,False,False,False,,E,PARKED MOTOR VEHICLE,,0,0,C,DARK-STREET LIGHTS,,,,,,,A,NO PEDESTRIANS INVOLVED,,A,22350,,1,105TH ST,2,,,A,N,50.0,E ST,F,,D,7/22/2024 11:00:56 AM,1/28/2025 11:15:34 AM,,,2,,,,,,,
2461708,24-004901,2,False,0109,1/28/2024 3:52:00 PM,1552,19X,14,109,Oakland,1,True,True,D,BROADSIDE,,Sunday,,,,,False,False,False,,,,,0,0,A,DAYLIGHT,,,,,,,,,,A,22450,,1,E 15TH ST,1,,,A,,,9TH AV,,,A,7/22/2024 11:00:56 AM,1/28/2025 11:15:34 AM,,,2,,,,,,,
2461707,24-002727,2,False,0109,1/16/2024 6:28:00 PM,1828,29X,14,109,Oakland,1,True,True,E,HIT OBJECT,,Tuesday,,,,,False,False,False,,I,FIXED OBJECT,,0,0,C,DARK-STREET LIGHTS,,,,,,,A,NO PEDESTRIANS INVOLVED,,A,22107,,1,FOOTHILL BL,2,,,B,,,SEMINARY AV,,,A,7/22/2024 11:00:56 AM,1/28/2025 11:15:34 AM,,,2,,,,,,,
2461706,24-003136,2,False,0109,1/18/2024 11:19:00 AM,1119,27Y,14,109,Oakland,1,True,True,A,HEAD-ON,,Thursday,,,M,,False,False,False,,E,PARKED MOTOR VEHICLE,,0,0,A,DAYLIGHT,,,,,,,A,NO PEDESTRIANS INVOLVED,,A,22107,,1,FLORA ST,2,,,A,,,64TH AV,,,D,7/22/2024 11:00:56 AM,1/28/2025 11:15:34 AM,,,2,,,,,,,
2461705,24-001154,2,False,0109,1/7/2024 4:40:00 AM,440,05X,14,109,Oakland,1,True,True,C,REAR END,,Sunday,,,M,,False,False,False,,C,OTHER MOTOR VEHICLE,,0,0,C,DARK-STREET LIGHTS,,,,,,,A,NO PEDESTRIANS INVOLVED,,A,22350,,1,16TH ST,1,,,A,N,50.0,ADELINE ST,F,,D,7/22/2024 11:00:56 AM,1/28/2025 11:15:33 AM,,,2,,,,,,,
2461704,24-001547,2,False,0109,1/9/2024 12:01:00 PM,1201,02X,14,109,Oakland,1,True,True,D,BROADSIDE,,Tuesday,,,,,False,False,False,,C,OTHER MOTOR VEHICLE,,0,0,,,,,,,,,F,NOT IN ROAD,,A,21453A,,1,12TH ST,1,,,B,,,BRUSH ST,,,A,7/22/2024 11:00:56 AM,1/28/2025 11:15:33 AM,,,2,,,,,,,
2461703,24-000320,2,False,0109,1/2/2024 3:46:00 AM,346,23X,14,109,Oakland,1,True,True,B,SIDE SWIPE,,Tuesday,,,M,,False,False,False,,C,OTHER MOTOR VEHICLE,,0,0,C,DARK-STREET LIGHTS,,,,,,,A,NO PEDESTRIANS INVOLVED,,A,21453A,,1,INTERNATIONAL BL,2,,,A,,,42ND AV,,,A,7/22/2024 11:00:56 AM,1/28/2025 11:15:33 AM,,,2,,,,,,,
2461549,24-015015,2,False,0109,3/25/2024 4:30:00 PM,1630,05X,14,109,Oakland,1,True,True,D,BROADSIDE,,Monday,,,,,False,False,True,,D,MOTOR VEHICLE ON OTHER ROADWAY,,3,0,A,DAYLIGHT,,,,,,,A,NO PEDESTRIANS INVOLVED,,A,21802A,,1,MARKET ST,1,,,A,,,16TH ST,,,A,7/22/2024 11:00:47 AM,1/28/2025 11:15:27 AM,,,2,,,,,,,
2461548,24-003723,2,False,0109,1/22/2024 1:22:00 AM,122,20X,14,109,Oakland,1,True,True,E,HIT OBJECT,,Monday,,,F,,False,False,False,,I,FIXED OBJECT,,0,0,C,DARK-STREET LIGHTS,,,,,,,A,NO PEDESTRIANS INVOLVED,,A,22107,,1,23RD AV,1,,,B,W,80.0,GLASSCOCK ST,F,,A,7/22/2024 11:00:47 AM,1/28/2025 11:15:27 AM,,,2,,,,,,,
2461546,24-003644,2,False,0109,1/21/2024 3:35:00 PM,1535,23X,14,109,Oakland,1,True,True,D,BROADSIDE,,Sunday,,,,,False,False,False,,C,OTHER MOTOR VEHICLE,,1,0,A,DAYLIGHT,,,,,,,A,NO PEDESTRIANS INVOLVED,,A,21752,,1,35TH AV,2,,,A,W,10.0,18TH ST,F,,D,7/22/2024 11:00:47 AM,1/28/2025 11:15:27 AM,,,2,,,,,,,
2461542,24-010215,2,False,0109,2/27/2024 5:45:00 PM,1745,33X,14,109,Oakland,1,True,True,E,HIT OBJECT,,Tuesday,,,,,False,False,True,,I,FIXED OBJECT,,0,0,B,DUSK-DAWN,,,,,,,A,NO PEDESTRIANS INVOLVED,,A,22107,,1,D ST,2,,,A,W,5.0,98TH AV,F,,A,7/22/2024 11:00:47 AM,1/28/2025 11:15:27 AM,,,2,,,,,,,
2461539,24-003129,2,False,0109,1/19/2024 1:14:00 AM,114,24X,14,109,Oakland,1,True,True,H,OTHER,,Friday,,,M,,False,False,False,,E,PARKED MOTOR VEHICLE,,0,0,C,DARK-STREET LIGHTS,,,,,,,A,NO PEDESTRIANS INVOLVED,,A,22106,,1,LYON AV,2,,,A,W,500.0,HIGH ST,F,,D,7/22/2024 11:00:47 AM,1/28/2025 11:15:27 AM,,,2,,,,,,,
2461536,24-003075,2,False,0109,1/18/2024 5:25:00 PM,1725,19X,14,109,Oakland,1,True,True,C,REAR END,,Thursday,,,M,,False,False,False,,C,OTHER MOTOR VEHICLE,,0,0,B,DUSK-DAWN,,,,,,,A,NO PEDESTRIANS INVOLVED,,A,22350,,1,INTERNATIONAL BL,1,,,A,W,93.0,13TH AV,F,,A,7/22/2024 11:00:46 AM,1/28/2025 11:15:27 AM,,,2,,,,,,,
2461278,24-007511,2,False,0109,2/11/2024 9:30:00 PM,2130,05X,14,109,Oakland,1,True,True,E,HIT OBJECT,,Sunday,,,,,False,False,True,,I,FIXED OBJECT,,1,0,D,DARK-NO STREET LIGHTS,,,,,,,A,NO PEDESTRIANS INVOLVED,,A,22107,,1,14TH ST,1,,,A,E,100.0,MANDELA PKWY,F,,D,7/22/2024 11:00:31 AM,1/28/2025 11:15:16 AM,,,2,,,,,,,
2461275,24-007632,2,False,0109,2/12/2024 2:08:00 PM,1408,23X,14,109,Oakland,1,True,True,C,REAR END,,Monday,,,F,,False,False,False,,C,OTHER MOTOR VEHICLE,,1,0,A,DAYLIGHT,,,,,,,A,NO PEDESTRIANS INVOLVED,,A,22350,,1,SAN LEANDRO ST,2,,,A,,,FRUITVALE BL,,,A,7/22/2024 11:00:31 AM,1/28/2025 11:15:16 AM,,,2,,,,,,,
2461274,24-010330,2,False,0109,2/28/2024 1:03:00 PM,1303,31X,14,109,Oakland,1,True,True,A,HEAD-ON,,Wednesday,,,M,,False,False,False,,C,OTHER MOTOR VEHICLE,,1,0,A,DAYLIGHT,,,,,,,A,NO PEDESTRIANS INVOLVED,,A,21453A,,1,HEGENBERGER RD,2,,,A,,,BALDWIN ST,,,A,7/22/2024 11:00:31 AM,1/28/2025 11:15:15 AM,,,2,,,,,,,
2461259,24011428,2,False,0109,3/5/2024 11:26:00 PM,2326,13Z,14,109,Oakland,1,True,True,H,OTHER,,Tuesday,,,M,,False,False,False,,J,OTHER OBJECT,,0,0,C,DARK-STREET LIGHTS,,,,,,,A,NO PEDESTRIANS INVOLVED,,A,22350,,1,LONGCROFT DR,1,,,A,S,100.0,CAMELFORD PL,F,,D,7/22/2024 11:00:30 AM,1/28/2025 11:15:15 AM,,,2,,,,,,,
2461258,24014147,2,False,0109,3/20/2024 4:10:00 PM,1610,16X,14,109,Oakland,1,True,True,D,BROADSIDE,,Wednesday,,,,,False,False,False,,C,OTHER MOTOR VEHICLE,,0,0,A,DAYLIGHT,,,,,,,A,NO PEDESTRIANS INVOLVED,,A,22106A,,1,LAKESHORE AV,1,,,A,N,150.0,LAKE PARK AV,F,,D,7/22/2024 11:00:30 AM,1/28/2025 11:15:15 AM,,,2,,,,,,,
2461257,24014170,2,False,0109,3/20/2024 6:00:00 PM,1800,34X,14,109,Oakland,1,True,True,A,HEAD-ON,,Wednesday,,,M,,False,False,True,,C,OTHER MOTOR VEHICLE,,0,0,A,DAYLIGHT,,,,,,,A,NO PEDESTRIANS INVOLVED,,A,22107,,1,BIRCH ST,2,,,A,E,170.0,84TH AV,F,,A,7/22/2024 11:00:30 AM,1/28/2025 11:15:15 AM,,,2,,,,,,,
2461256,24015458,2,False,0109,3/27/2024 6:21:00 PM,1821,14X,14,109,Oakland,1,True,True,A,HEAD-ON,,Wednesday,,,,,False,False,True,,I,FIXED OBJECT,,0,0,A,DAYLIGHT,,,,,,,A,NO PEDESTRIANS INVOLVED,,A,22107,,1,GRAND AV,1,,,A,,,ELLITA AV,,,D,7/22/2024 11:00:30 AM,1/28/2025 11:15:14 AM,,,2,,,,,,,
2461255,24014063,2,False,0109,3/20/2024 5:59:00 AM,559,03X,14,109,Oakland,1,True,True,B,SIDE SWIPE,,Wednesday,,,,,False,False,True,,C,OTHER MOTOR VEHICLE,,0,0,C,DARK-STREET LIGHTS,,,,,,,A,NO PEDESTRIANS INVOLVED,,A,21453A,,,6TH ST,1,,,A,,,JACKSON ST,,,A,7/22/2024 11:00:30 AM,1/28/2025 11:15:14 AM,,,2,,,,,,,
2461222,24-012159,2,False,0109,3/9/2024 12:58:00 PM,1258,26X,14,109,Oakland,1,True,True,C,REAR END,,Saturday,,,M,,False,False,False,,C,OTHER MOTOR VEHICLE,,0,0,A,DAYLIGHT,,,,,,,A,NO PEDESTRIANS INVOLVED,,A,22350,,1,COLISEUM WY,2,,,A,E,0.23,JULIE ANN WY,M,,D,7/22/2024 11:00:28 AM,1/28/2025 11:15:13 AM,,,2,,,,,,,
2460567,24-007715,2,False,0109,2/13/2024 1:28:00 AM,128,26X,14,109,Oakland,1,True,True,B,SIDE SWIPE,,Tuesday,,,,,False,False,False,,E,PARKED MOTOR VEHICLE,,0,0,C,DARK-STREET LIGHTS,,,,,,,A,NO PEDESTRIANS INVOLVED,,A,22107,,1,62ND AV,2,,,A,S,200.0,INTERNATIONAL BL,F,,D,7/22/2024 10:59:47 AM,1/28/2025 11:14:47 AM,,,2,,,,,,,
2460537,24-004562,2,False,0109,1/26/2024 3:59:00 PM,1559,19X,14,109,Oakland,1,True,True,D,BROADSIDE,,Friday,,,,,False,False,False,,C,OTHER MOTOR VEHICLE,,0,0,A,DAYLIGHT,,,,,,,A,NO PEDESTRIANS INVOLVED,,A,21802A,,1,E 15TH ST,1,,,A,,,11TH ST,,,A,7/22/2024 10:59:46 AM,1/28/2025 11:14:46 AM,,,2,,,,,,,
2460340,24-006869,2,False,0109,2/7/2024 6:28:00 PM,1828,15X,14,109,Oakland,1,True,True,G,VEHICLE/PEDESTRAIN,,Wednesday,,,,,False,False,False,,B,PEDESTRIAN,,1,0,C,DARK-STREET LIGHTS,,,,,,,B,CROSSING IN CROSS WALK AT INTERSECTION,,A,21950A,,1,LAKESHORE AV,1,,,A,,,BROOKLYN AV,,,A,7/22/2024 10:59:24 AM,1/28/2025 11:14:38 AM,,,2,,,,,,,
2460227,24-000923,2,False,0109,1/5/2024 10:15:00 AM,1015,14X,14,109,Oakland,1,True,True,G,VEHICLE/PEDESTRAIN,,Friday,,,,,False,False,False,,B,PEDESTRIAN,,1,0,A,DAYLIGHT,,,,,,,B,CROSSING IN CROSS WALK AT INTERSECTION,,D,,,,GRAND AV,1,,,A,,,SANTA CLARA AV,,,A,7/22/2024 10:59:18 AM,1/28/2025 11:14:33 AM,,,2,,,,,,,
2460224,24-002684,2,False,0109,1/16/2024 3:00:00 PM,1500,06X,14,109,Oakland,1,True,True,B,SIDE SWIPE,,Tuesday,,,M,,False,False,False,,C,OTHER MOTOR VEHICLE,,1,0,A,DAYLIGHT,,,,,,,A,NO PEDESTRIANS INVOLVED,,A,22107,,1,SAN PABLO AV,1,,,B,N,40.0,W GRAND AV,F,,D,7/22/2024 10:59:17 AM,1/28/2025 11:14:33 AM,,,2,,,,,,,
2460206,24-008782,2,False,0109,2/19/2024 1:58:00 AM,158,08X,14,109,Oakland,1,True,True,C,REAR END,,Monday,,,M,,False,False,True,,C,OTHER MOTOR VEHICLE,,1,0,C,DARK-STREET LIGHTS,,,,,,,A,NO PEDESTRIANS INVOLVED,,A,22350,,1,TELEGRAPH AV,1,,,B,N,10.0,39TH ST,F,,A,7/22/2024 10:59:16 AM,1/28/2025 11:14:32 AM,,,2,,,,,,,
2460205,24-008173,2,False,0109,2/15/2024 3:45:00 PM,1545,26Y,14,109,Oakland,1,True,True,G,VEHICLE/PEDESTRAIN,,Thursday,,,M,,False,False,False,,B,PEDESTRIAN,,1,0,A,DAYLIGHT,,,,,,,B,CROSSING IN CROSS WALK AT INTERSECTION,,D,,,,69TH AV,2,,,A,,,HAWLEY ST,,,A,7/22/2024 10:59:16 AM,1/28/2025 11:14:32 AM,,,2,,,,,,,
2460204,24-009077,2,False,0109,2/20/2024 5:00:00 PM,1700,30Y,14,109,Oakland,1,True,True,C,REAR END,,Tuesday,,,,,False,False,False,,C,OTHER MOTOR VEHICLE,,1,0,A,DAYLIGHT,,,,,,,A,NO PEDESTRIANS INVOLVED,,A,22350,,1,73RD AV,1,,,B,S,30.0,ARTHUR ST,F,,A,7/22/2024 10:59:16 AM,1/28/2025 11:14:32 AM,,,2,,,,,,,
2460203,24-008370,2,False,0109,2/16/2024 8:30:00 AM,830,34X,14,109,Oakland,1,True,True,D,BROADSIDE,,Friday,,,,,False,False,True,,C,OTHER MOTOR VEHICLE,,2,0,A,DAYLIGHT,,,,,,,A,NO PEDESTRIANS INVOLVED,,A,21801A,,1,90TH AV,2,,,A,,,CHERRY ST,,,A,7/22/2024 10:59:16 AM,1/28/2025 11:14:33 AM,,,2,,,,,,,
2460201,24-007802,2,False,0109,2/13/2024 11:20:00 AM,1120,13Y,14,109,Oakland,1,True,True,C,REAR END,,Tuesday,,,,,False,False,False,,C,OTHER MOTOR VEHICLE,,1,0,A,DAYLIGHT,,,,,,,A,NO PEDESTRIANS INVOLVED,,A,22106,,1,SOBRANTE RD,1,,,A,,,OAKWOOD DR,,,D,7/22/2024 10:59:16 AM,1/28/2025 11:14:32 AM,,,2,,,,,,,
2460172,24-0000322,2,False,0109,1/1/2024 4:05:00 AM,405,20X,14,109,Oakland,1,True,True,D,BROADSIDE,,Monday,,,M,,False,False,True,,,,,0,0,C,DARK-STREET LIGHTS,,,,,,,A,NO PEDESTRIANS INVOLVED,,A,22450A,,1,E 15TH ST,2,,,A,,,MILLER AV,,,A,7/22/2024 10:59:14 AM,1/28/2025 11:14:31 AM,,,2,,,,,,,
2460171,24-003711,2,False,0109,1/21/2024 10:51:00 PM,2251,03X,14,109,Oakland,1,True,True,B,SIDE SWIPE,,Sunday,,,M,,False,False,False,,C,OTHER MOTOR VEHICLE,,0,0,C,DARK-STREET LIGHTS,,,,,,,A,NO PEDESTRIANS INVOLVED,,A,21453A,,1,11TH ST,1,,,B,,,MADISON ST,,,A,7/22/2024 10:59:14 AM,1/28/2025 11:14:31 AM,,,2,,,,,,,
2460170,24-004775,2,False,0109,1/27/2024 9:07:00 PM,2107,03X,14,109,Oakland,1,True,True,A,HEAD-ON,,Saturday,,,M,,False,False,False,,C,OTHER MOTOR VEHICLE,,0,0,C,DARK-STREET LIGHTS,,,,,,,A,NO PEDESTRIANS INVOLVED,,A,21453A,,1,13TH ST,1,,,A,,,WEBSTER ST,,,A,7/22/2024 10:59:14 AM,1/28/2025 11:14:31 AM,,,2,,,,,,,
2460169,24-002332,2,False,0109,1/15/2024 2:39:00 PM,1439,05Y,14,109,Oakland,1,True,True,D,BROADSIDE,,Monday,,,,,False,False,False,,C,OTHER MOTOR VEHICLE,,0,0,A,DAYLIGHT,,,,,,,A,NO PEDESTRIANS INVOLVED,,A,21801A,,1,WEST GRAND AV,1,,,A,,,MANDELA PKWY,,,A,7/22/2024 10:59:14 AM,1/28/2025 11:14:31 AM,,,2,,,,,,,
2460166,24-009711,2,False,0109,2/24/2024 10:48:00 AM,1048,33X,14,109,Oakland,1,True,True,D,BROADSIDE,,Saturday,,,M,,False,False,False,,C,OTHER MOTOR VEHICLE,,0,0,A,DAYLIGHT,,,,,,,A,NO PEDESTRIANS INVOLVED,,A,22107,,1,92ND AV,2,,,A,S,10.0,G ST,F,,D,7/22/2024 10:59:14 AM,1/28/2025 11:14:31 AM,,,2,,,,,,,
2460164,24-005688,2,False,0109,2/1/2024 2:37:00 AM,237,07X,14,109,Oakland,1,True,True,B,SIDE SWIPE,,Thursday,,,M,,False,False,True,,E,PARKED MOTOR VEHICLE,,0,0,C,DARK-STREET LIGHTS,,,,,,,A,NO PEDESTRIANS INVOLVED,,A,22107,,1,SAN PABLO AV,1,,,B,S,100.0,35TH ST,F,,D,7/22/2024 10:59:14 AM,1/28/2025 11:14:31 AM,,,2,,,,,,,
2460163,24-008669,2,False,0109,2/18/2024 10:05:00 AM,1005,32X,14,109,Oakland,1,True,True,B,SIDE SWIPE,,Sunday,,,M,,False,False,False,,E,PARKED MOTOR VEHICLE,,0,0,A,DAYLIGHT,,,,,,,A,NO PEDESTRIANS INVOLVED,,A,21658A,,1,102ND AVE,2,,,A,N,80.0,INTERNATIONAL,F,,D,7/22/2024 10:59:14 AM,1/28/2025 11:14:31 AM,,,2,,,,,,,
2460162,24-008658,2,False,0109,2/17/2024 1:30:00 AM,130,32X,14,109,Oakland,1,True,True,B,SIDE SWIPE,,Saturday,,,M,,False,False,False,,E,PARKED MOTOR VEHICLE,,0,0,D,DARK-NO STREET LIGHTS,,,,,,,A,NO PEDESTRIANS INVOLVED,,A,21658A,,1,102ND AVE,2,,,A,N,100.0,OF INTERNATIONAL,F,,D,7/22/2024 10:59:13 AM,1/28/2025 11:14:31 AM,,,2,,,,,,,
2460161,24-009623,2,False,0109,2/23/2024 9:20:00 PM,2120,30X,14,109,Oakland,1,True,True,E,HIT OBJECT,,Friday,,,M,,False,False,False,,I,FIXED OBJECT,,0,0,C,DARK-STREET LIGHTS,,,,,,,A,NO PEDESTRIANS INVOLVED,,A,22107,,1,HAVENSCOURT BL,2,,,A,S,30.0,FOOTHILL BL,F,,D,7/22/2024 10:59:13 AM,1/28/2025 11:14:31 AM,,,2,,,,,,,
2460160,24-009132,2,False,0109,2/19/2024 8:05:00 PM,2005,05X,14,109,Oakland,1,True,True,B,SIDE SWIPE,,Monday,,,M,,False,False,False,,C,OTHER MOTOR VEHICLE,,0,0,C,DARK-STREET LIGHTS,,,,,,,A,NO PEDESTRIANS INVOLVED,,A,21703,,1,BRUSH ST,1,,,B,N,10.0,14TH ST,F,,A,7/22/2024 10:59:13 AM,1/28/2025 11:14:31 AM,,,2,,,,,,,
2460154,24-007469,2,False,0109,2/11/2024 2:00:00 PM,1400,18Y,14,109,Oakland,1,True,True,C,REAR END,,Sunday,,,,,False,False,False,,C,OTHER MOTOR VEHICLE,,0,0,A,DAYLIGHT,,,,,,,A,NO PEDESTRIANS INVOLVED,,A,22350,,1,FOOTHILL BL,1,,,A,E,20.0,41ST AVE,F,,A,7/22/2024 10:59:13 AM,1/28/2025 11:14:31 AM,,,2,,,,,,,
2460153,24-008551,2,False,0109,2/17/2024 12:20:00 PM,1220,33X,14,109,Oakland,1,True,True,A,HEAD-ON,,Saturday,,,M,,False,False,False,,E,PARKED MOTOR VEHICLE,,0,0,B,DUSK-DAWN,,,,,,,A,NO PEDESTRIANS INVOLVED,,A,22350,,1,92ND AV,2,,,B,S,20.0,B ST,F,,D,7/22/2024 10:59:13 AM,1/28/2025 11:14:30 AM,,,2,,,,,,,
2458489,24-004051,2,False,0109,1/23/2024 8:56:00 PM,2056,19X,14,109,Oakland,1,True,True,B,SIDE SWIPE,,Tuesday,,,,,False,False,False,,C,OTHER MOTOR VEHICLE,,0,0,C,DARK-STREET LIGHTS,,,,,,,A,NO PEDESTRIANS INVOLVED,,A,22107,,1,E 8TH ST,1,,,A,W,118.0,7TH AV,F,,A,7/22/2024 10:57:40 AM,1/28/2025 11:13:18 AM,,,2,,,,,,,
2456771,24-005668,2,False,0109,1/31/2024 11:57:00 PM,2357,29X,14,109,Oakland,1,True,True,A,HEAD-ON,,Wednesday,,,,,False,False,False,,J,OTHER OBJECT,,0,0,C,DARK-STREET LIGHTS,,,,,,,A,NO PEDESTRIANS INVOLVED,,A,22107,,1,FOOTHILL BL,2,,,B,,,60TH AV,,,D,7/22/2024 10:56:10 AM,1/28/2025 11:12:08 AM,,,2,,,,,,,
2456769,24-001465,2,False,0109,1/9/2024 1:11:00 AM,111,25X,14,109,Oakland,1,True,True,D,BROADSIDE,,Tuesday,,,M,,False,False,True,,C,OTHER MOTOR VEHICLE,,0,0,C,DARK-STREET LIGHTS,,,,,,,A,NO PEDESTRIANS INVOLVED,,A,21453A,,1,HIGH ST,2,,,B,,,MACARTHUR BL,,,A,7/22/2024 10:56:10 AM,1/28/2025 11:12:08 AM,,,2,,,,,,,
2456768,94-000715,2,False,0109,1/4/2024 12:53:00 PM,1253,26Y,14,109,Oakland,1,True,True,B,SIDE SWIPE,,Thursday,,,M,,False,False,False,,E,PARKED MOTOR VEHICLE,,0,0,A,DAYLIGHT,,,,,,,A,NO PEDESTRIANS INVOLVED,,A,22106,,1,75TH AV,2,,,A,S,25.0,SPENCER ST,F,,D,7/22/2024 10:56:10 AM,1/28/2025 11:12:08 AM,,,2,,,,,,,
2456751,24-009432,2,False,0109,2/22/2024 3:10:00 PM,1510,19X,14,109,Oakland,1,True,True,D,BROADSIDE,,Thursday,,,,,False,False,True,,C,OTHER MOTOR VEHICLE,,2,0,A,DAYLIGHT,,,,,,,A,NO PEDESTRIANS INVOLVED,,A,21801A,,1,E 8TH ST,1,,,A,,,5TH AV,,,A,7/22/2024 10:56:09 AM,1/28/2025 11:12:07 AM,,,2,,,,,,,
2456749,24-005704,2,False,0109,2/1/2024 6:50:00 AM,650,04X,14,109,Oakland,1,True,True,G,VEHICLE/PEDESTRAIN,,Thursday,,,,,False,False,False,,B,PEDESTRIAN,,1,0,B,DUSK-DAWN,,,,,,,B,CROSSING IN CROSS WALK AT INTERSECTION,,A,21456B,,1,14TH ST,1,,,B,,,MADISON ST,,,A,7/22/2024 10:56:09 AM,1/28/2025 11:12:07 AM,,,2,,,,,,,
2456690,4-007963,2,False,0109,2/14/2024 8:01:00 AM,801,24X,14,109,Oakland,1,True,True,D,BROADSIDE,,Wednesday,,,M,,False,False,True,,E,PARKED MOTOR VEHICLE,,0,0,A,DAYLIGHT,,,,,,,A,NO PEDESTRIANS INVOLVED,,A,22107,,1,BARTLETT AV,2,,,A,S,15.0,DEERING ST,F,,D,7/22/2024 10:56:06 AM,1/28/2025 11:12:04 AM,,,2,,,,,,,
2456688,24-009033,2,False,0109,2/20/2024 12:52:00 PM,1252,19X,14,109,Oakland,1,True,True,E,HIT OBJECT,,Tuesday,,,,,False,False,False,,I,FIXED OBJECT,,0,0,A,DAYLIGHT,,,,,,,A,NO PEDESTRIANS INVOLVED,,A,22107,,1,14TH AV,1,,,B,,,E 12TH ST,,,A,7/22/2024 10:56:06 AM,1/28/2025 11:12:04 AM,,,2,,,,,,,
2456687,24-007106,2,False,0109,2/9/2024 7:52:00 AM,752,19X,14,109,Oakland,1,True,True,B,SIDE SWIPE,,Friday,,,M,,False,False,False,,C,OTHER MOTOR VEHICLE,,0,0,A,DAYLIGHT,,,,,,,A,NO PEDESTRIANS INVOLVED,,A,21755,,1,E 12TH ST,1,,,A,E,125.0,14TH AV,F,,A,7/22/2024 10:56:06 AM,1/28/2025 11:12:04 AM,,,2,,,,,,,
2456686,24-005955,2,False,0109,2/2/2024 3:54:00 PM,1554,03X,14,109,Oakland,1,True,True,B,SIDE SWIPE,,Friday,,,M,,False,False,False,,C,OTHER MOTOR VEHICLE,,0,0,A,DAYLIGHT,,,,,,,A,NO PEDESTRIANS INVOLVED,,A,22107,,1,7TH ST,1,,,A,W,50.0,MADISON ST,F,,D,7/22/2024 10:56:06 AM,1/28/2025 11:12:04 AM,,,2,,,,,,,
2455938,24001141,2,False,0109,1/7/2024 1:00:00 AM,100,26X,14,109,Oakland,1,True,True,C,REAR END,,Sunday,,,M,,False,False,False,,C,OTHER MOTOR VEHICLE,,0,0,C,DARK-STREET LIGHTS,,,,,,,A,NO PEDESTRIANS INVOLVED,,A,22350,,1,66TH AV,2,,,A,,,COLISEUM WY,,,A,7/22/2024 10:55:27 AM,1/28/2025 11:11:24 AM,,,2,,,,,,,
2455934,24-007885,2,False,0109,2/13/2024 6:10:00 PM,1810,11X,14,109,Oakland,1,True,True,C,REAR END,,Tuesday,,,,,False,False,True,,C,OTHER MOTOR VEHICLE,,1,0,C,DARK-STREET LIGHTS,,,,,,,A,NO PEDESTRIANS INVOLVED,,A,21703,,1,SHATTUCK AV,1,,,A,W,111.0,55TH ST,F,,A,7/22/2024 10:55:27 AM,1/28/2025 11:11:24 AM,,,2,,,,,,,