collision-id,report-number,report-version,is-preliminary,ncic-code,crash-date-time,crash-time-description,beat,city-id,city-code,city-name,county-code,city-is-active,city-is-incorporated,collision-type-code,collision-type-description,collision-type-other-desc,day-of-week,dispatch-notified,has-photographs,hit-run,is-attachments-mailed,is-deleted,is-highway-related,is-tow-away,judicial-district,motor-vehicle-involved-with-code,motor-vehicle-involved-with-desc,motor-vehicle-involved-with-other-desc,number-injured,number-killed,lighting-code,lighting-description,latitude,longitude,milepost-direction,milepost-distance,milepost-marker,milepost-unit-of-measure,pedestrian-action-code,pedestrian-action-desc,prepared-date,primary-collision-factor-code,primary-collision-factor-description,primary-collision-factor-is-cited,primary-collision-party-number,primary-road,reporting-district,reporting-district-code,reviewed-date,roadway-surface-code,secondary-direction,secondary-distance,secondary-road,secondary-unit-of-measure,sketch-desc,traffic-control-device-code,created-date,modified-date,is-county-road,is-freeway,chp-555-version,is-additonal-object-struck,notification-date,notification-time-description,has-digital-media-files,evidence-number,is-location-refer-to-narrative,is-aoi-one-same-as-location
2455905,24-006220,2,False,0109,2/4/2024 9:47:00 AM,947,23X,14,109,Oakland,1,True,True,F,OVERTURNED,,Sunday,,,,,False,False,False,,A,NON-COLLISION,,1,0,A,DAYLIGHT,,,,,,,A,NO PEDESTRIANS INVOLVED,,A,22107,,1,SAN LEANDRO ST,2,,,B,,,42ND AV,,,D,7/22/2024 10:55:25 AM,1/28/2025 11:11:22 AM,,,2,,,,,,,
2455904,24-006219,2,False,0109,2/4/2024 8:47:00 AM,847,23X,14,109,Oakland,1,True,True,B,SIDE SWIPE,,Sunday,,,M,,False,False,False,,G,BICYCLE,,1,0,A,DAYLIGHT,,,,,,,A,NO PEDESTRIANS INVOLVED,,A,22107,,1,HIGH ST,2,,,B,S,100.0,WATTLING ST,F,,D,7/22/2024 10:55:25 AM,1/28/2025 11:11:22 AM,,,2,,,,,,,
2455885,24-007618,2,False,0109,2/12/2024 1:06:00 PM,1306,03X,14,109,Oakland,1,True,True,B,SIDE SWIPE,,Monday,,,,,False,False,True,,C,OTHER MOTOR VEHICLE,,1,0,A,DAYLIGHT,,,,,,,A,NO PEDESTRIANS INVOLVED,,A,22107,,1,12TH ST,1,,,A,,,CLAY ST,,,A,7/22/2024 10:55:24 AM,1/28/2025 11:11:21 AM,,,2,,,,,,,
2455814,24-000058,2,False,0109,1/1/2024 9:06:00 AM,906,03X,14,109,Oakland,1,True,True,B,SIDE SWIPE,,Monday,,,,,False,False,True,,C,OTHER MOTOR VEHICLE,,2,0,A,DAYLIGHT,,,,,,,A,NO PEDESTRIANS INVOLVED,,A,21453A,,,12TH ST,1,,,A,,,JACKSON ST,,,A,7/22/2024 10:55:20 AM,1/28/2025 11:11:17 AM,,,2,,,,,,,
2455792,24-002597,2,False,0109,1/16/2024 8:30:00 AM,830,31Y,14,109,Oakland,1,True,True,D,BROADSIDE,,Tuesday,,,M,,False,False,True,,C,OTHER MOTOR VEHICLE,,1,0,A,DAYLIGHT,,,,,,,A,NO PEDESTRIANS INVOLVED,,A,22450A,,1,NEVADA ST,2,,,B,,,WALTER AV,,,D,7/22/2024 10:55:19 AM,1/28/2025 11:11:14 AM,,,2,,,,,,,
2455790,24-003182,2,False,0109,1/19/2024 10:44:00 AM,1044,04X,14,109,Oakland,1,True,True,B,SIDE SWIPE,,Friday,,,,,False,False,False,,C,OTHER MOTOR VEHICLE,,1,0,A,DAYLIGHT,,,,,,,A,NO PEDESTRIANS INVOLVED,,A,21453A,,,JEFFERSON ST,1,,,A,,,17TH ST,,,A,7/22/2024 10:55:19 AM,1/28/2025 11:11:14 AM,,,2,,,,,,,
2455789,24-005572,2,False,0109,1/31/2024 1:37:00 PM,1337,30X,14,109,Oakland,1,True,True,G,VEHICLE/PEDESTRAIN,,Wednesday,,,,,False,False,False,,B,PEDESTRIAN,,1,0,A,DAYLIGHT,,,,,,,B,CROSSING IN CROSS WALK AT INTERSECTION,,A,21950A,,1,73RD AV,2,,,B,,,WELD ST,,,A,7/22/2024 10:55:19 AM,1/28/2025 11:11:14 AM,,,2,,,,,,,
2455202,24-003538,2,False,0109,1/20/2024 10:08:00 PM,2208,32X,14,109,Oakland,1,True,True,B,SIDE SWIPE,,Saturday,,,,,False,False,False,,C,OTHER MOTOR VEHICLE,,0,0,C,DARK-STREET LIGHTS,,,,,,,A,NO PEDESTRIANS INVOLVED,,A,22106,,1,106TH AV,2,,,B,S,100.0,E ST,F,,D,7/22/2024 10:54:48 AM,1/28/2025 11:10:45 AM,,,2,,,,,,,
2455195,24-007474,2,False,0109,2/11/2024 4:38:00 PM,1638,30X,14,109,Oakland,1,True,True,B,SIDE SWIPE,,Sunday,,,,,False,False,True,,E,PARKED MOTOR VEHICLE,,0,0,A,DAYLIGHT,,,,,,,A,NO PEDESTRIANS INVOLVED,,B,,,1,73RD AV,2,,,A,N,400.0,INTERNATIONAL BL,F,,D,7/22/2024 10:54:48 AM,1/28/2025 11:10:45 AM,,,2,,,,,,,
2455164,24-007868,2,False,0109,2/13/2024 5:35:00 PM,1735,03X,14,109,Oakland,1,True,True,D,BROADSIDE,,Tuesday,,,,,False,False,False,,C,OTHER MOTOR VEHICLE,,1,0,A,DAYLIGHT,,,,,,,A,NO PEDESTRIANS INVOLVED,,A,21453A,,1,14TH ST,1,,,A,,,HARRISON ST,,,A,7/22/2024 10:54:46 AM,1/28/2025 11:10:44 AM,,,2,,,,,,,
2455160,24-009094,2,False,0109,2/20/2024 7:02:00 PM,1902,34X,14,109,Oakland,1,True,True,B,SIDE SWIPE,,Tuesday,,,,,False,False,False,,C,OTHER MOTOR VEHICLE,,0,0,C,DARK-STREET LIGHTS,,,,,,,A,NO PEDESTRIANS INVOLVED,,A,22107,,1,AUSEON AV,2,,,B,N,150.0,INTERNATIONAL BL,F,,A,7/22/2024 10:54:46 AM,1/28/2025 11:10:43 AM,,,2,,,,,,,
2455138,2024-00000358,2,False,0109,1/3/2024 7:58:00 PM,1958,1,14,109,Oakland,1,True,True,E,HIT OBJECT,,Wednesday,,,,,False,False,True,,I,FIXED OBJECT,,1,0,C,DARK-STREET LIGHTS,,,,,,,A,NO PEDESTRIANS INVOLVED,,A,22107,,1,BANCROFT AV,,,,A,S,47.0,100TH AV,F,,A,7/22/2024 10:54:45 AM,1/28/2025 11:10:43 AM,,,2,,,,,,,
2455137,2024-00000999,2,False,0109,1/9/2024 5:50:00 AM,550,,14,109,Oakland,1,True,True,B,SIDE SWIPE,,Tuesday,,,M,,False,False,True,,E,PARKED MOTOR VEHICLE,,0,0,C,DARK-STREET LIGHTS,,,,,,,A,NO PEDESTRIANS INVOLVED,,A,22515,,1,107TH AV,,,,A,,,107TH AV 1248,,,D,7/22/2024 10:54:45 AM,1/28/2025 11:10:42 AM,,,2,,,,,,,
2455111,24-002668,2,False,0109,1/16/2024 11:02:00 AM,1102,23X,14,109,Oakland,1,True,True,E,HIT OBJECT,,Tuesday,,,,,False,False,False,,I,FIXED OBJECT,,0,0,A,DAYLIGHT,,,,,,,A,NO PEDESTRIANS INVOLVED,,B,,,1,INTERNATIONAL BL,2,,,B,E,47.0,35TH AV,F,,D,7/22/2024 10:54:44 AM,1/28/2025 11:10:41 AM,,,2,,,,,,,
2455007,24-005180,2,False,0109,1/30/2024 3:23:00 AM,323,11X,14,109,Oakland,1,True,True,D,BROADSIDE,,Tuesday,,,,,False,False,True,,C,OTHER MOTOR VEHICLE,,2,0,C,DARK-STREET LIGHTS,,,,,,,A,NO PEDESTRIANS INVOLVED,,A,21453A,,1,SHATTUCK AV,1,,,A,,,55TH ST,,,A,7/22/2024 10:54:39 AM,1/28/2025 11:10:37 AM,,,2,,,,,,,
2454821,24-009409,2,False,0109,2/22/2024 12:46:00 PM,1246,26Y,14,109,Oakland,1,True,True,D,BROADSIDE,,Thursday,,,M,,False,False,True,,C,OTHER MOTOR VEHICLE,,2,0,A,DAYLIGHT,,,,,,,A,NO PEDESTRIANS INVOLVED,,A,21802A,,1,66TH AV,2,,,A,,,EASTLAWN ST,,,D,7/22/2024 10:54:28 AM,1/28/2025 11:10:28 AM,,,2,,,,,,,
2454820,24-010574,2,False,0109,2/29/2024 5:15:00 PM,1715,09X,14,109,Oakland,1,True,True,C,REAR END,,Thursday,,,M,,False,False,False,,C,OTHER MOTOR VEHICLE,,2,0,B,DUSK-DAWN,,,,,,,A,NO PEDESTRIANS INVOLVED,,A,22350,,1,W MACARTHUR BL,1,,,B,W,50.0,HOWE ST,F,,A,7/22/2024 10:54:28 AM,1/28/2025 11:10:28 AM,,,2,,,,,,,
2473671,24016605,2,False,0109,4/4/2024 10:45:00 AM,1045,21X,14,109,Oakland,1,True,True,E,HIT OBJECT,,Thursday,,,M,,False,False,True,,I,FIXED OBJECT,,0,0,A,DAYLIGHT,,,,,,,A,NO PEDESTRIANS INVOLVED,,A,22107,,1,COOLIDGE AV,2,,,A,N,300.0,FOOTHILL BL,F,,D,7/22/2024 11:44:22 AM,1/28/2025 11:25:23 AM,,,2,,,,,,,
2473665,24-017739,2,False,0109,4/10/2024 10:45:00 PM,2245,05X,14,109,Oakland,1,True,True,D,BROADSIDE,,Wednesday,,,,,False,False,True,,,,,1,0,C,DARK-STREET LIGHTS,,,,,,,A,NO PEDESTRIANS INVOLVED,,A,21801A,,2,MARKET ST,1,,,A,,,21ST ST,,,D,7/22/2024 11:44:21 AM,1/28/2025 11:25:22 AM,,,2,,,,,,,
2473664,24-018741,2,False,0109,4/16/2024 10:06:00 AM,1006,21X,14,109,Oakland,1,True,True,C,REAR END,,Tuesday,,,,,False,False,False,,E,PARKED MOTOR VEHICLE,,1,0,A,DAYLIGHT,,,,,,,A,NO PEDESTRIANS INVOLVED,,A,22107,,1,FRUITVALE AV,2,,,A,N,50.0,LOGAN ST,F,,D,7/22/2024 11:44:21 AM,1/28/2025 11:25:22 AM,,,2,,,,,,,
2473663,24-016648,2,False,0109,4/4/2024 3:12:00 PM,1512,24X,14,109,Oakland,1,True,True,B,SIDE SWIPE,,Thursday,,,,,False,False,False,,,,,1,0,A,DAYLIGHT,,,,,,,A,NO PEDESTRIANS INVOLVED,,A,21804A,,1,FOOTHILL BL,2,,,A,,,BRIDGE AV,,,D,7/22/2024 11:44:21 AM,1/28/2025 11:25:22 AM,,,2,,,,,,,
2473662,24-018348,2,False,0109,4/14/2024 7:00:00 PM,1900,11X,14,109,Oakland,1,True,True,E,HIT OBJECT,,Sunday,,,,,False,False,True,,I,FIXED OBJECT,,2,0,A,DAYLIGHT,,,,,,,A,NO PEDESTRIANS INVOLVED,,A,22107,,1,TELEGRAPH AV,1,,,A,N,39.0,52ND ST,F,,A,7/22/2024 11:44:21 AM,1/28/2025 11:25:22 AM,,,2,,,,,,,
2473659,24-020407,2,False,0109,4/25/2024 5:00:00 PM,1700,03X,14,109,Oakland,1,True,True,C,REAR END,,Thursday,,,M,,False,False,False,,C,OTHER MOTOR VEHICLE,,1,0,A,DAYLIGHT,,,,,,,A,NO PEDESTRIANS INVOLVED,,A,22350,,1,BROADWAY,1,,,A,N,100.0,11TH ST,F,,A,7/22/2024 11:44:21 AM,1/28/2025 11:25:22 AM,,,2,,,,,,,
2473632,24-019963,2,False,0109,4/23/2024 8:21:00 AM,821,31Y,14,109,Oakland,1,True,True,B,SIDE SWIPE,,Tuesday,,,M,,False,False,False,,C,OTHER MOTOR VEHICLE,,0,0,A,DAYLIGHT,,,,,,,A,NO PEDESTRIANS INVOLVED,,A,22107,,1,85TH AV,2,,,A,,,BALDWIN ST,,,D,7/22/2024 11:44:19 AM,1/28/2025 11:25:21 AM,,,2,,,,,,,
2473631,24-018771,2,False,0109,4/16/2024 1:31:00 PM,1331,35X,14,109,Oakland,1,True,True,D,BROADSIDE,,Tuesday,,,M,,False,False,True,,C,OTHER MOTOR VEHICLE,,0,0,A,DAYLIGHT,,,,,,,A,NO PEDESTRIANS INVOLVED,,A,22450A,,1,BANCROFT AV,2,,,A,,,96TH AV,,,A,7/22/2024 11:44:19 AM,1/28/2025 11:25:21 AM,,,2,,,,,,,
2473630,24-019766,2,False,0109,4/22/2024 9:22:00 AM,922,24X,14,109,Oakland,1,True,True,C,REAR END,,Monday,,,M,,False,False,True,,C,OTHER MOTOR VEHICLE,,0,0,A,DAYLIGHT,,,,,,,A,NO PEDESTRIANS INVOLVED,,A,22350,,1,BROOKDALE AV,2,,,A,,,HIGH ST,,,A,7/22/2024 11:44:19 AM,1/28/2025 11:25:21 AM,,,2,,,,,,,
2473629,24-018228,2,False,0109,4/7/2024 8:37:00 PM,2037,21X,14,109,Oakland,1,True,True,B,SIDE SWIPE,,Sunday,,,,,False,False,False,,E,PARKED MOTOR VEHICLE,,0,0,C,DARK-STREET LIGHTS,,,,,,,A,NO PEDESTRIANS INVOLVED,,A,22107,,1,CAPP ST,2,,,A,N,60.0,NICOL AV,F,,A,7/22/2024 11:44:19 AM,1/28/2025 11:25:21 AM,,,2,,,,,,,
2473627,24-017536,2,False,0109,4/9/2024 4:38:00 PM,1638,11X,14,109,Oakland,1,True,True,D,BROADSIDE,,Tuesday,,,,,False,False,False,,C,OTHER MOTOR VEHICLE,,0,0,A,DAYLIGHT,,,,,,,A,NO PEDESTRIANS INVOLVED,,A,21804A,,1,52ND ST,1,,,A,W,99.0,TELEGRAPH AV,F,,A,7/22/2024 11:44:19 AM,1/28/2025 11:25:21 AM,,,2,,,,,,,
2473610,24-013160,2,False,0109,3/15/2024 3:14:00 AM,314,32X,14,109,Oakland,1,True,True,B,SIDE SWIPE,,Friday,,,M,,False,False,True,,E,PARKED MOTOR VEHICLE,,0,0,A,DAYLIGHT,,,,,,,A,NO PEDESTRIANS INVOLVED,,A,22107,,1,MACARTHUR BL,1,,,A,W,100.0,100TH AV,F,,A,7/22/2024 11:44:17 AM,1/28/2025 11:25:20 AM,,,2,,,,,,,
2473609,24-015518,2,False,0109,3/28/2024 12:20:00 PM,1220,32X,14,109,Oakland,1,True,True,C,REAR END,,Thursday,,,M,,False,False,True,,E,PARKED MOTOR VEHICLE,,0,0,C,DARK-STREET LIGHTS,,,,,,,A,NO PEDESTRIANS INVOLVED,,A,22107,,1,MACARTHUR BL,1,,,A,E,40.0,FISHER AV,F,,A,7/22/2024 11:44:17 AM,1/28/2025 11:25:20 AM,,,2,,,,,,,
2473608,24-015217,2,False,0109,3/26/2024 11:30:00 PM,2330,19X,14,109,Oakland,1,True,True,B,SIDE SWIPE,,Tuesday,,,M,,False,False,False,,C,OTHER MOTOR VEHICLE,,0,0,C,DARK-STREET LIGHTS,,,,,,,A,NO PEDESTRIANS INVOLVED,,A,22106,,1,E 12TH ST,1,,,A,W,50.0,16TH AV,F,,D,7/22/2024 11:44:17 AM,1/28/2025 11:25:20 AM,,,2,,,,,,,
2473607,24-011120,2,False,0109,3/4/2024 7:50:00 AM,750,03X,14,109,Oakland,1,True,True,B,SIDE SWIPE,,Monday,,,M,,False,False,False,,C,OTHER MOTOR VEHICLE,,0,0,A,DAYLIGHT,,,,,,,A,NO PEDESTRIANS INVOLVED,,A,22107,,1,HARRISON ST,1,,,A,S,768.0,6TH ST,F,,D,7/22/2024 11:44:17 AM,1/28/2025 11:25:20 AM,,,2,,,,,,,
2473604,24-010630,2,False,0109,3/1/2024 3:56:00 AM,356,19X,14,109,Oakland,1,True,True,A,HEAD-ON,,Friday,,,,,False,False,False,,C,OTHER MOTOR VEHICLE,,0,0,C,DARK-STREET LIGHTS,,,,,,,A,NO PEDESTRIANS INVOLVED,,A,21453A,,1,21ST AV,1,,,B,,,INTERNATIONAL BL,,,A,7/22/2024 11:44:17 AM,1/28/2025 11:25:20 AM,,,2,,,,,,,
2473547,24-017539,2,False,0109,4/9/2024 5:00:00 PM,1700,09X,14,109,Oakland,1,True,True,B,SIDE SWIPE,,Tuesday,,,,,False,False,True,,E,PARKED MOTOR VEHICLE,,0,0,A,DAYLIGHT,,,,,,,A,NO PEDESTRIANS INVOLVED,,A,22107,,1,PIEDMONT AV,1,,,A,N,70.0,GLEN AV,F,,D,7/22/2024 11:44:13 AM,1/28/2025 11:25:17 AM,,,2,,,,,,,
2473546,24-016113,2,False,0109,4/1/2024 8:30:00 AM,830,26Y,14,109,Oakland,1,True,True,D,BROADSIDE,,Monday,,,,,False,False,True,,C,OTHER MOTOR VEHICLE,,0,0,A,DAYLIGHT,,,,,,,A,NO PEDESTRIANS INVOLVED,,A,23152A,,1,78TH AV,2,,,A,,,INTERNATIONAL BL,,,A,7/22/2024 11:44:13 AM,1/28/2025 11:25:17 AM,,,2,,,,,,,
2473544,24-016409,2,False,0109,4/3/2024 12:18:00 AM,18,27X,14,109,Oakland,1,True,True,D,BROADSIDE,,Wednesday,,,M,,False,False,False,,C,OTHER MOTOR VEHICLE,,0,0,C,DARK-STREET LIGHTS,,,,,,,A,NO PEDESTRIANS INVOLVED,,A,22450A,,1,66TH AV,2,,,A,,,AVENAL AV,,,C,7/22/2024 11:44:12 AM,1/28/2025 11:25:17 AM,,,2,,,,,,,
2473543,24-017564,2,False,0109,4/9/2024 9:00:00 PM,2100,19X,14,109,Oakland,1,True,True,E,HIT OBJECT,,Tuesday,,,,,False,False,False,,I,FIXED OBJECT,,0,0,A,DAYLIGHT,,,,,,,A,NO PEDESTRIANS INVOLVED,,A,22107,,1,E 8TH ST,1,,,A,E,30.0,7TH AV,F,,D,7/22/2024 11:44:12 AM,1/28/2025 11:25:17 AM,,,2,,,,,,,
2473542,24-018065,2,False,0109,4/12/2024 8:48:00 PM,2048,31Y,14,109,Oakland,1,True,True,B,SIDE SWIPE,,Friday,,,,,False,False,True,,E,PARKED MOTOR VEHICLE,,0,0,C,DARK-STREET LIGHTS,,,,,,,A,NO PEDESTRIANS INVOLVED,,A,22107,,1,EDES AV,2,,,A,,,ELMHURST AV,,,A,7/22/2024 11:44:12 AM,1/28/2025 11:25:17 AM,,,2,,,,,,,
2473516,24-017682,2,False,0109,4/10/2024 3:21:00 PM,1521,12X,14,109,Oakland,1,True,True,H,OTHER,,Wednesday,,,,,False,False,True,,C,OTHER MOTOR VEHICLE,,0,0,A,DAYLIGHT,,,,,,,A,NO PEDESTRIANS INVOLVED,,A,21801A,,1,HUDSON ST,1,,,A,,,CLAREMONT AV,,,A,7/22/2024 11:44:11 AM,1/28/2025 11:25:15 AM,,,2,,,,,,,
2473515,24-019181,2,False,0109,4/18/2024 5:22:00 PM,1722,24X,14,109,Oakland,1,True,True,C,REAR END,,Thursday,,,M,,False,False,False,,C,OTHER MOTOR VEHICLE,,0,0,A,DAYLIGHT,,,,,,,A,NO PEDESTRIANS INVOLVED,,A,22350,,1,HIGH ST,2,,,A,,,BROOKDALE AV,,,A,7/22/2024 11:44:10 AM,1/28/2025 11:25:15 AM,,,2,,,,,,,
2473513,24-018157,2,False,0109,4/13/2024 1:48:00 PM,1348,09X,14,109,Oakland,1,True,True,H,OTHER,,Saturday,,,,,False,False,False,,C,OTHER MOTOR VEHICLE,,0,0,A,DAYLIGHT,,,,,,,A,NO PEDESTRIANS INVOLVED,,A,22350,,1,BROADWAY,1,,,A,S,200.0,40TH ST,F,,D,7/22/2024 11:44:10 AM,1/28/2025 11:25:15 AM,,,2,,,,,,,
2473512,24-018440,2,False,0109,4/15/2024 9:35:00 AM,935,31X,14,109,Oakland,1,True,True,E,HIT OBJECT,,Monday,,,M,,False,False,False,,I,FIXED OBJECT,,0,0,A,DAYLIGHT,,,,,,,A,NO PEDESTRIANS INVOLVED,,A,22106,,1,EDGEWATER DR,2,,,A,W,300.0,ROLAND WY,F,,D,7/22/2024 11:44:10 AM,1/28/2025 11:25:15 AM,,,2,,,,,,,
2473493,24-013933,2,False,0109,3/19/2024 11:48:00 AM,1148,26X,14,109,Oakland,1,True,True,D,BROADSIDE,,Tuesday,,,,,False,False,False,,C,OTHER MOTOR VEHICLE,,2,0,A,DAYLIGHT,,,,,,,A,NO PEDESTRIANS INVOLVED,,A,21453A,,1,INTERNATIONAL BL,2,,,A,,,78TH AV,,,A,7/22/2024 11:44:09 AM,1/28/2025 11:25:14 AM,,,2,,,,,,,
2473491,24-011796,2,False,0109,3/7/2024 12:46:00 PM,1246,11X,14,109,Oakland,1,True,True,C,REAR END,,Thursday,,,,,False,False,True,,,,,1,0,A,DAYLIGHT,,,,,,,A,NO PEDESTRIANS INVOLVED,,A,22350A,,1,ALCATRAZ AV,1,,,A,E,200.0,SHATTUCK AV,F,,D,7/22/2024 11:44:09 AM,1/28/2025 11:25:14 AM,,,2,,,,,,,
2473490,24-15520,2,False,0109,3/28/2024 8:25:00 AM,825,31X,14,109,Oakland,1,True,True,D,BROADSIDE,,Thursday,,,M,,False,False,True,,C,OTHER MOTOR VEHICLE,,2,0,A,DAYLIGHT,,,,,,,A,NO PEDESTRIANS INVOLVED,,A,21453A,,1,85TH AV,2,,,B,,,SAN LEANDRO ST,,,A,7/22/2024 11:44:09 AM,1/28/2025 11:25:14 AM,,,2,,,,,,,
2473489,24-014585,2,False,0109,3/23/2024 9:07:00 AM,907,31X,14,109,Oakland,1,True,True,C,REAR END,,Saturday,,,M,,False,False,False,,C,OTHER MOTOR VEHICLE,,1,0,B,DUSK-DAWN,,,,,,,A,NO PEDESTRIANS INVOLVED,,A,22350,,1,COLISEUM WY,2,,,B,E,1.0,66TH AV,M,,B,7/22/2024 11:44:08 AM,1/28/2025 11:25:14 AM,,,2,,,,,,,
2473488,24-01101,2,False,0109,3/4/2024 4:10:00 AM,410,23X,14,109,Oakland,1,True,True,C,REAR END,,Monday,,,M,,False,False,True,,C,OTHER MOTOR VEHICLE,,1,0,C,DARK-STREET LIGHTS,,,,,,,A,NO PEDESTRIANS INVOLVED,,A,22350,,1,INTERNATIONAL BL,2,,,B,S,45.0,42ND AV,F,,A,7/22/2024 11:44:08 AM,1/28/2025 11:25:14 AM,,,2,,,,,,,
2473481,24-013665,2,False,0109,3/18/2024 1:57:00 PM,1357,26X,14,109,Oakland,1,True,True,D,BROADSIDE,,Monday,,,,,False,False,False,,C,OTHER MOTOR VEHICLE,,2,0,A,DAYLIGHT,,,,,,,A,NO PEDESTRIANS INVOLVED,,A,21453A,,1,HEGENBERGER RD,2,,,A,,,HAMILTON ST,,,A,7/22/2024 11:44:08 AM,1/28/2025 11:25:14 AM,,,2,,,,,,,
2473479,24-011191,2,False,0109,3/4/2024 2:00:00 PM,1400,12Y,14,109,Oakland,1,True,True,H,OTHER,,Monday,,,M,,False,False,False,,A,NON-COLLISION,,1,0,A,DAYLIGHT,,,,,,,A,NO PEDESTRIANS INVOLVED,,A,22350,,1,TELEGRAPH AV,1,,,A,,,57TH ST,,,D,7/22/2024 11:44:08 AM,1/28/2025 11:25:14 AM,,,2,,,,,,,
2473476,24-016051,2,False,0109,3/31/2024 6:43:00 PM,1843,11X,14,109,Oakland,1,True,True,D,BROADSIDE,,Sunday,,,,,False,False,True,,C,OTHER MOTOR VEHICLE,,3,0,C,DARK-STREET LIGHTS,,,,,,,A,NO PEDESTRIANS INVOLVED,,A,21453A,,1,TELEGRAPH AV,1,,,A,,,ALCATRAZ AV,,,A,7/22/2024 11:44:08 AM,1/28/2025 11:25:14 AM,,,2,,,,,,,
2473435,24-016695,2,False,0109,4/4/2024 10:40:00 PM,2240,34X,14,109,Oakland,1,True,True,D,BROADSIDE,,Thursday,,,M,,False,False,False,,C,OTHER MOTOR VEHICLE,,1,0,C,DARK-STREET LIGHTS,,,,,,,A,NO PEDESTRIANS INVOLVED,,A,21453A,,1,82ND AV,2,,,B,,,BANCROFT AV,,,A,7/22/2024 11:44:04 AM,1/28/2025 11:25:12 AM,,,2,,,,,,,
2473434,24-016546,2,False,0109,4/3/2024 10:12:00 PM,2212,05X,14,109,Oakland,1,True,True,A,HEAD-ON,,Wednesday,,,,,False,False,False,,C,OTHER MOTOR VEHICLE,,1,0,C,DARK-STREET LIGHTS,,,,,,,A,NO PEDESTRIANS INVOLVED,,A,21801A,,1,MARKET ST,1,,,A,,,WEST GRAND AV,,,A,7/22/2024 11:44:04 AM,1/28/2025 11:25:12 AM,,,2,,,,,,,
2473432,24-016528,2,False,0109,4/3/2024 6:49:00 PM,1849,05X,14,109,Oakland,1,True,True,D,BROADSIDE,,Wednesday,,,M,,False,False,False,,C,OTHER MOTOR VEHICLE,,1,0,A,DAYLIGHT,,,,,,,A,NO PEDESTRIANS INVOLVED,,A,22450A,,1,12TH ST,1,,,A,,,MAGNOLIA ST,,,A,7/22/2024 11:44:04 AM,1/28/2025 11:25:12 AM,,,2,,,,,,,
2473431,24-016674,2,False,0109,4/4/2024 7:49:00 PM,1949,33X,14,109,Oakland,1,True,True,E,HIT OBJECT,,Thursday,,,,,False,False,True,,I,FIXED OBJECT,,1,0,C,DARK-STREET LIGHTS,,,,,,,A,NO PEDESTRIANS INVOLVED,,A,22107,,1,SAN LEANDRO ST,2,,,B,W,15.0,85TH AV,F,,A,7/22/2024 11:44:04 AM,1/28/2025 11:25:12 AM,,,2,,,,,,,
2473400,24-017106,2,False,0109,4/7/2024 6:35:00 PM,1835,08X,14,109,Oakland,1,True,True,D,BROADSIDE,,Sunday,,,,,False,False,True,,C,OTHER MOTOR VEHICLE,,4,0,A,DAYLIGHT,,,,,,,A,NO PEDESTRIANS INVOLVED,,A,21453A,,1,27TH ST,1,,,A,,,NORTHGATE AV,,,A,7/22/2024 11:44:01 AM,1/28/2025 11:25:10 AM,,,2,,,,,,,
2473399,24-017969,2,False,0109,4/12/2024 10:14:00 AM,1014,15X,14,109,Oakland,1,True,True,D,BROADSIDE,,Friday,,,M,,False,False,True,,C,OTHER MOTOR VEHICLE,,1,0,A,DAYLIGHT,,,,,,,A,NO PEDESTRIANS INVOLVED,,A,21755,,1,E 18TH ST,1,,,A,E,150.0,ATHOL AV,F,,D,7/22/2024 11:44:01 AM,1/28/2025 11:25:10 AM,,,2,,,,,,,
2473398,24-017802,2,False,0109,4/11/2024 11:48:00 AM,1148,31X,14,109,Oakland,1,True,True,D,BROADSIDE,,Thursday,,,,,False,False,True,,C,OTHER MOTOR VEHICLE,,1,0,A,DAYLIGHT,,,,,,,A,NO PEDESTRIANS INVOLVED,,A,21453A,,1,EDGEWATER DR,2,,,A,,,OAKPORT ST,,,A,7/22/2024 11:44:01 AM,1/28/2025 11:25:10 AM,,,2,,,,,,,
2473148,24-003162,2,False,0109,1/19/2024 9:06:00 AM,906,20X,14,109,Oakland,1,True,True,G,VEHICLE/PEDESTRAIN,,Friday,,,,,False,False,False,,B,PEDESTRIAN,,1,0,A,DAYLIGHT,,,,,,,D,CROSSING - NOT IN CROSSWALK,,A,21954A,,2,INTERNATIONAL BL,2,,,A,W,5.0,MILLER AV,F,,A,7/22/2024 11:43:42 AM,1/28/2025 11:24:56 AM,,,2,,,,,,,
2472997,24-009272,2,False,0109,2/21/2024 5:37:00 PM,1737,21X,14,109,Oakland,1,True,True,C,REAR END,,Wednesday,,,,,False,False,False,,C,OTHER MOTOR VEHICLE,,1,0,A,DAYLIGHT,,,,,,,A,NO PEDESTRIANS INVOLVED,,A,22350,,1,FRUITVALE AV,2,,,A,,,HAROLD ST,,,A,7/22/2024 11:43:31 AM,1/28/2025 11:24:49 AM,,,2,,,,,,,
2472994,24-009698,2,False,0109,2/24/2024 9:16:00 AM,916,12X,14,109,Oakland,1,True,True,G,VEHICLE/PEDESTRAIN,,Saturday,,,,,False,False,False,,G,BICYCLE,,1,0,A,DAYLIGHT,,,,,,,A,NO PEDESTRIANS INVOLVED,,A,22107,,1,52ND ST,1,,,A,,,SHATTUCK AV,,,A,7/22/2024 11:43:31 AM,1/28/2025 11:24:49 AM,,,2,,,,,,,
2472992,24-007247,2,False,0109,2/10/2024 3:59:00 AM,359,27X,14,109,Oakland,1,True,True,A,HEAD-ON,,Saturday,,,,,False,False,False,,C,OTHER MOTOR VEHICLE,,1,0,C,DARK-STREET LIGHTS,,,,,,,A,NO PEDESTRIANS INVOLVED,,A,22107,,1,BANCROFT AV,2,,,A,E,25.0,64TH AV,F,,A,7/22/2024 11:43:31 AM,1/28/2025 11:24:48 AM,,,2,,,,,,,
2472991,24-006949,2,False,0109,2/8/2024 8:23:00 AM,823,27X,14,109,Oakland,1,True,True,A,HEAD-ON,,Thursday,,,,,False,False,False,,C,OTHER MOTOR VEHICLE,,1,0,A,DAYLIGHT,,,,,,,E,IN ROAD - INCLUDES SHOULDER,,A,21802A,,1,50TH AV,1,,,A,,,BANCROFT AV,,,C,7/22/2024 11:43:31 AM,1/28/2025 11:24:48 AM,,,2,,,,,,,
2472990,24-006530,2,False,0109,2/6/2024 1:06:00 AM,106,17Y,14,109,Oakland,1,True,True,A,HEAD-ON,,Tuesday,,,M,,False,False,False,,C,OTHER MOTOR VEHICLE,,1,0,C,DARK-STREET LIGHTS,,,,,,,E,IN ROAD - INCLUDES SHOULDER,,A,21453A,,1,5TH AV,1,,,A,,,FOOTHILL BL,,,A,7/22/2024 11:43:31 AM,1/28/2025 11:24:48 AM,,,2,,,,,,,