collision-id,report-number,report-version,is-preliminary,ncic-code,crash-date-time,crash-time-description,beat,city-id,city-code,city-name,county-code,city-is-active,city-is-incorporated,collision-type-code,collision-type-description,collision-type-other-desc,day-of-week,dispatch-notified,has-photographs,hit-run,is-attachments-mailed,is-deleted,is-highway-related,is-tow-away,judicial-district,motor-vehicle-involved-with-code,motor-vehicle-involved-with-desc,motor-vehicle-involved-with-other-desc,number-injured,number-killed,lighting-code,lighting-description,latitude,longitude,milepost-direction,milepost-distance,milepost-marker,milepost-unit-of-measure,pedestrian-action-code,pedestrian-action-desc,prepared-date,primary-collision-factor-code,primary-collision-factor-description,primary-collision-factor-is-cited,primary-collision-party-number,primary-road,reporting-district,reporting-district-code,reviewed-date,roadway-surface-code,secondary-direction,secondary-distance,secondary-road,secondary-unit-of-measure,sketch-desc,traffic-control-device-code,created-date,modified-date,is-county-road,is-freeway,chp-555-version,is-additonal-object-struck,notification-date,notification-time-description,has-digital-media-files,evidence-number,is-location-refer-to-narrative,is-aoi-one-same-as-location
2472989,24-009465,2,False,0109,2/22/2024 7:16:00 PM,1916,18X,14,109,Oakland,1,True,True,D,BROADSIDE,,Thursday,,,,,False,False,True,,C,OTHER MOTOR VEHICLE,,4,0,C,DARK-STREET LIGHTS,,,,,,,A,NO PEDESTRIANS INVOLVED,,A,21802A,,1,E 15TH ST,1,,,A,,,13TH AV,,,D,7/22/2024 11:43:31 AM,1/28/2025 11:24:48 AM,,,2,,,,,,,
2472987,24-009058,2,False,0109,2/20/2024 2:42:00 PM,1442,10Y,14,109,Oakland,1,True,True,A,HEAD-ON,,Tuesday,,,,,False,False,False,,C,OTHER MOTOR VEHICLE,,1,0,A,DAYLIGHT,,,,,,,A,NO PEDESTRIANS INVOLVED,,A,216501,,1,54TH ST,1,,,B,,,MARKET ST,,,A,7/22/2024 11:43:31 AM,1/28/2025 11:24:48 AM,,,2,,,,,,,
2472986,24-007184,2,False,0109,2/9/2024 3:47:00 PM,1547,22X,14,109,Oakland,1,True,True,D,BROADSIDE,,Friday,,,,,False,False,True,,C,OTHER MOTOR VEHICLE,,2,0,A,DAYLIGHT,,,,,,,A,NO PEDESTRIANS INVOLVED,,A,21801A,,1,SKYLINE BL,2,,,A,,,CRESTMONT DR,,,D,7/22/2024 11:43:30 AM,1/28/2025 11:24:48 AM,,,2,,,,,,,
2472984,24-008912,2,False,0109,2/19/2024 6:22:00 PM,1822,33X,14,109,Oakland,1,True,True,C,REAR END,,Monday,,,M,,False,False,False,,E,PARKED MOTOR VEHICLE,,1,0,C,DARK-STREET LIGHTS,,,,,,,A,NO PEDESTRIANS INVOLVED,,A,22107,,1,B ST,2,,,B,E,10.0,97TH AV,F,,D,7/22/2024 11:43:30 AM,1/28/2025 11:24:48 AM,,,2,,,,,,,
2472970,24-010907,2,False,0109,3/2/2024 9:07:00 PM,2107,19X,14,109,Oakland,1,True,True,H,OTHER,,Saturday,,,,,False,False,False,,A,NON-COLLISION,,1,0,C,DARK-STREET LIGHTS,,,,,,,A,NO PEDESTRIANS INVOLVED,,B,,,1,15TH AV,1,,,B,,,INTERNATIONAL BL,,,A,7/22/2024 11:43:29 AM,1/28/2025 11:24:47 AM,,,2,,,,,,,
2472969,24-013133,2,False,0109,3/15/2024 8:53:00 AM,853,31Z,14,109,Oakland,1,True,True,D,BROADSIDE,,Friday,,,,,False,False,False,,C,OTHER MOTOR VEHICLE,,1,0,A,DAYLIGHT,,,,,,,A,NO PEDESTRIANS INVOLVED,,D,,,,APPLE ST,2,,,A,,,PIPPIN ST,,,D,7/22/2024 11:43:29 AM,1/28/2025 11:24:48 AM,,,2,,,,,,,
2472968,24-010808,2,False,0109,3/2/2024 9:13:00 AM,913,10X,14,109,Oakland,1,True,True,F,OVERTURNED,,Saturday,,,,,False,False,True,,C,OTHER MOTOR VEHICLE,,1,0,A,DAYLIGHT,,,,,,,A,NO PEDESTRIANS INVOLVED,,D,,,,55TH ST,2,,,A,,,MARTIN LUTHER KING JR WY,,,A,7/22/2024 11:43:29 AM,1/28/2025 11:24:47 AM,,,2,,,,,,,
2472967,24-010731,2,False,0109,3/1/2024 10:26:00 AM,1026,34X,14,109,Oakland,1,True,True,C,REAR END,,Friday,,,,,False,False,True,,C,OTHER MOTOR VEHICLE,,1,0,A,DAYLIGHT,,,,,,,A,NO PEDESTRIANS INVOLVED,,A,22350,,1,90TH AV,2,,,A,,,INTERNATIONAL BL,,,A,7/22/2024 11:43:29 AM,1/28/2025 11:24:47 AM,,,2,,,,,,,
2472966,24-014763,2,False,0109,3/24/2024 2:29:00 PM,1429,34X,14,109,Oakland,1,True,True,D,BROADSIDE,,Sunday,,,,,False,False,False,,C,OTHER MOTOR VEHICLE,,1,0,A,DAYLIGHT,,,,,,,A,NO PEDESTRIANS INVOLVED,,A,21802A,,2,HOLLY ST,2,,,A,,,86TH AV,,,A,7/22/2024 11:43:29 AM,1/28/2025 11:24:47 AM,,,2,,,,,,,
2472502,24-018151,2,False,0109,4/13/2024 12:00:00 PM,1200,27X,14,109,Oakland,1,True,True,D,BROADSIDE,,Saturday,,,M,,False,False,False,,C,OTHER MOTOR VEHICLE,,1,0,A,DAYLIGHT,,,,,,,A,NO PEDESTRIANS INVOLVED,,A,21453A,,1,FOOTHILL BL,2,,,A,,,VICKSBURG AV,,,A,7/22/2024 11:42:56 AM,1/28/2025 11:24:21 AM,,,2,,,,,,,
2472500,24-017633,2,False,0109,4/10/2024 9:40:00 AM,940,23X,14,109,Oakland,1,True,True,C,REAR END,,Wednesday,,,M,,False,False,True,,C,OTHER MOTOR VEHICLE,,1,0,A,DAYLIGHT,,,,,,,A,NO PEDESTRIANS INVOLVED,,A,22350,,1,INTERNATIONAL BL,2,,,A,E,20.0,35TH AV,F,,A,7/22/2024 11:42:56 AM,1/28/2025 11:24:21 AM,,,2,,,,,,,
2472255,24-006761,2,False,0109,2/6/2024 10:50:00 AM,1050,21X,14,109,Oakland,1,True,True,C,REAR END,,Tuesday,,,M,,False,False,False,,E,PARKED MOTOR VEHICLE,,0,0,,,,,,,,,A,NO PEDESTRIANS INVOLVED,,A,22107,,1,E 21ST ST,2,,,A,W,100.0,24TH AV,F,,D,7/22/2024 11:42:38 AM,1/28/2025 11:24:09 AM,,,2,,,,,,,
2472237,24-002699,2,False,0109,1/16/2024 3:53:00 PM,1553,31Y,14,109,Oakland,1,True,True,D,BROADSIDE,,Tuesday,,,,,False,False,False,,C,OTHER MOTOR VEHICLE,,0,0,A,DAYLIGHT,,,,,,,A,NO PEDESTRIANS INVOLVED,,A,22350,,1,HEGENBERGER LOOP,2,,,B,S,209.0,HEGENBERGER CT,F,,D,7/22/2024 11:42:36 AM,1/28/2025 11:24:08 AM,,,2,,,,,,,
2472235,24-004595,2,False,0109,1/26/2024 7:12:00 PM,1912,16X,14,109,Oakland,1,True,True,A,HEAD-ON,,Friday,,,,,False,False,True,,E,PARKED MOTOR VEHICLE,,0,0,C,DARK-STREET LIGHTS,,,,,,,A,NO PEDESTRIANS INVOLVED,,A,22350,,1,TRESTLE GLEN RD,1,,,A,E,15.0,HADDON PL,F,,D,7/22/2024 11:42:36 AM,1/28/2025 11:24:08 AM,,,2,,,,,,,
2472234,24-003840,2,False,0109,1/22/2024 3:30:00 PM,1530,,14,109,Oakland,1,True,True,B,SIDE SWIPE,,Monday,,,,,False,False,False,,I,FIXED OBJECT,,0,0,C,DARK-STREET LIGHTS,,,,,,,A,NO PEDESTRIANS INVOLVED,,A,22107,,1,PERALTA ST,1,,,B,,,9TH ST,,,D,7/22/2024 11:42:36 AM,1/28/2025 11:24:09 AM,,,2,,,,,,,
2472233,24-005097,2,False,0109,1/29/2024 4:57:00 PM,1657,23X,14,109,Oakland,1,True,True,D,BROADSIDE,,Monday,,,M,,False,False,False,,C,OTHER MOTOR VEHICLE,,0,0,A,DAYLIGHT,,,,,,,A,NO PEDESTRIANS INVOLVED,,A,22107,,1,36TH AV,2,,,A,E,100.0,INTERNATIONAL BL,F,,D,7/22/2024 11:42:36 AM,1/28/2025 11:24:08 AM,,,2,,,,,,,
2472160,24-009781,2,False,0109,2/24/2024 8:38:00 PM,2038,06X,14,109,Oakland,1,True,True,C,REAR END,,Saturday,,,,,False,False,False,,E,PARKED MOTOR VEHICLE,,0,0,C,DARK-STREET LIGHTS,,,,,,,A,NO PEDESTRIANS INVOLVED,,A,23152A,,1,34TH ST,1,,,A,E,150.0,WEST ST,F,,D,7/22/2024 11:42:31 AM,1/28/2025 11:24:05 AM,,,2,,,,,,,
2472159,24-009183,2,False,0109,2/21/2024 10:30:00 AM,1030,30X,14,109,Oakland,1,True,True,C,REAR END,,Wednesday,,,,,False,False,False,,C,OTHER MOTOR VEHICLE,,0,0,A,DAYLIGHT,,,,,,,A,NO PEDESTRIANS INVOLVED,,A,22350,,1,INTERNATIONAL BL,2,,,A,E,15.0,77TH AV,F,,D,7/22/2024 11:42:31 AM,1/28/2025 11:24:05 AM,,,2,,,,,,,
2472158,24-005790,2,False,0109,2/1/2024 6:17:00 PM,1817,10X,14,109,Oakland,1,True,True,C,REAR END,,Thursday,,,,,False,False,False,,E,PARKED MOTOR VEHICLE,,1,0,C,DARK-STREET LIGHTS,,,,,,,A,NO PEDESTRIANS INVOLVED,,A,22107,,1,SAN PABLO AV,1,,,B,S,60.0,67TH ST,F,,D,7/22/2024 11:42:31 AM,1/28/2025 11:24:05 AM,,,2,,,,,,,
2472157,24-006191,2,False,0109,2/4/2024 2:03:00 AM,203,34X,14,109,Oakland,1,True,True,A,HEAD-ON,,Sunday,,,M,,False,False,True,,E,PARKED MOTOR VEHICLE,,0,0,C,DARK-STREET LIGHTS,,,,,,,A,NO PEDESTRIANS INVOLVED,,A,22107,,1,INTERNATIONAL BL,2,,,B,W,60.0,96TH AV,F,,A,7/22/2024 11:42:30 AM,1/28/2025 11:24:05 AM,,,2,,,,,,,
2472156,24-005729,2,False,0109,2/1/2024 9:19:00 AM,919,13Z,14,109,Oakland,1,True,True,D,BROADSIDE,,Thursday,,,,,False,False,False,,C,OTHER MOTOR VEHICLE,,0,0,A,DAYLIGHT,,,,,,,A,NO PEDESTRIANS INVOLVED,,A,22107,,1,MORAGA AV,1,,,B,,,THORNHILL CT,,,A,7/22/2024 11:42:30 AM,1/28/2025 11:24:05 AM,,,2,,,,,,,
2472154,24-005802,2,False,0109,2/1/2024 9:39:00 PM,2139,20X,14,109,Oakland,1,True,True,B,SIDE SWIPE,,Thursday,,,M,,False,False,False,,E,PARKED MOTOR VEHICLE,,0,0,C,DARK-STREET LIGHTS,,,,,,,A,NO PEDESTRIANS INVOLVED,,A,22107,,1,MILLER AV,2,,,B,N,50.0,INTERNATIONAL BL,F,,D,7/22/2024 11:42:30 AM,1/28/2025 11:24:05 AM,,,2,,,,,,,
2472153,24-006023,2,False,0109,2/3/2024 1:41:00 AM,141,23X,14,109,Oakland,1,True,True,A,HEAD-ON,,Saturday,,,M,,False,False,False,,I,FIXED OBJECT,,0,0,C,DARK-STREET LIGHTS,,,,,,,A,NO PEDESTRIANS INVOLVED,,A,22350,,1,FOOTHILL BL,2,,,B,E,25.0,38TH AV,F,,A,7/22/2024 11:42:30 AM,1/28/2025 11:24:05 AM,,,2,,,,,,,
2471719,24-020018,2,False,0109,4/23/2024 3:17:00 PM,1517,28X,14,109,Oakland,1,True,True,C,REAR END,,Tuesday,,,,,False,False,False,,C,OTHER MOTOR VEHICLE,,2,0,A,DAYLIGHT,,,,,,,A,NO PEDESTRIANS INVOLVED,,A,22350,,1,RT 580,2,,,A,S,75.0,PIERSON ST,F,,A,7/22/2024 11:41:58 AM,1/28/2025 11:23:46 AM,,,2,,,,,,,
2471533,24-006319,2,False,0109,2/4/2024 10:30:00 AM,1030,03X,14,109,Oakland,1,True,True,D,BROADSIDE,,Sunday,,,,,False,False,False,,C,OTHER MOTOR VEHICLE,,1,0,C,DARK-STREET LIGHTS,,,,,,,A,NO PEDESTRIANS INVOLVED,,A,21453A,,1,FRANKLIN ST,1,,,B,,,12TH ST,,,A,7/22/2024 11:41:45 AM,1/28/2025 11:23:38 AM,,,2,,,,,,,
2471532,24-006193,2,False,0109,2/4/2024 2:20:00 AM,220,02X,14,109,Oakland,1,True,True,D,BROADSIDE,,Sunday,,,,,False,False,False,,C,OTHER MOTOR VEHICLE,,1,0,C,DARK-STREET LIGHTS,,,,,,,A,NO PEDESTRIANS INVOLVED,,A,21453A,,1,10TH ST,1,,,B,,,MARKET ST,,,A,7/22/2024 11:41:45 AM,1/28/2025 11:23:38 AM,,,2,,,,,,,
2471531,24-006262,2,False,0109,2/4/2024 1:58:00 PM,1358,08X,14,109,Oakland,1,True,True,G,VEHICLE/PEDESTRAIN,,Sunday,,,,,False,False,False,,B,PEDESTRIAN,,1,0,A,DAYLIGHT,,,,,,,C,CROSSING IN CROSS WALK - NOT AT INTERSECTION,,A,21950A,,1,52ND ST,1,,,B,,,MARTIN LUTHER KING JR WY,,,A,7/22/2024 11:41:45 AM,1/28/2025 11:23:38 AM,,,2,,,,,,,
2471529,24-008696,2,False,0109,2/18/2024 2:11:00 PM,1411,34X,14,109,Oakland,1,True,True,C,REAR END,,Sunday,,,,,False,False,False,,E,PARKED MOTOR VEHICLE,,0,0,A,DAYLIGHT,,,,,,,A,NO PEDESTRIANS INVOLVED,,A,22350,,1,INTERNATIONAL BL,2,,,B,W,100.0,98TH AV,F,,D,7/22/2024 11:41:45 AM,1/28/2025 11:23:38 AM,,,2,,,,,,,
2471528,24-007040,2,False,0109,2/8/2024 7:03:00 PM,1903,22X,14,109,Oakland,1,True,True,D,BROADSIDE,,Thursday,,,,,False,False,True,,C,OTHER MOTOR VEHICLE,,2,0,C,DARK-STREET LIGHTS,,,,,,,A,NO PEDESTRIANS INVOLVED,,A,21801A,,1,MACARTHUR BL,2,,,A,,,LINCOLN AV,,,A,7/22/2024 11:41:45 AM,1/28/2025 11:23:38 AM,,,2,,,,,,,
2471475,24-003796,2,False,0109,1/22/2024 11:00:00 AM,1100,18X,14,109,Oakland,1,True,True,D,BROADSIDE,,Monday,,,,,False,False,False,,C,OTHER MOTOR VEHICLE,,1,0,A,DAYLIGHT,,,,,,,A,NO PEDESTRIANS INVOLVED,,A,22450A,,1,21ST AV,1,,,A,,,21ST ST,,,A,7/22/2024 11:41:41 AM,1/28/2025 11:23:36 AM,,,2,,,,,,,
2471474,24-002094,2,False,0109,1/12/2024 11:02:00 PM,2302,03X,14,109,Oakland,1,True,True,D,BROADSIDE,,Friday,,,,,False,False,False,,C,OTHER MOTOR VEHICLE,,2,0,C,DARK-STREET LIGHTS,,,,,,,A,NO PEDESTRIANS INVOLVED,,A,21453A,,1,13TH ST,1,,,A,,,JACKSON ST,,,A,7/22/2024 11:41:41 AM,1/28/2025 11:23:36 AM,,,2,,,,,,,
2471450,24-11363,2,False,0109,3/5/2024 4:29:00 PM,1629,08X,14,109,Oakland,1,True,True,B,SIDE SWIPE,,Tuesday,,,M,,False,False,False,,E,PARKED MOTOR VEHICLE,,0,0,A,DAYLIGHT,,,,,,,A,NO PEDESTRIANS INVOLVED,,A,22106,,1,23RD ST,1,,,A,W,200.0,TELEGRAPH AV,F,,D,7/22/2024 11:41:39 AM,1/28/2025 11:23:35 AM,,,2,,,,,,,
2470609,24-000029,2,False,0109,1/1/2024 4:00:00 AM,400,31X,14,109,Oakland,1,True,True,C,REAR END,,Monday,,,M,,False,True,False,,D,MOTOR VEHICLE ON OTHER ROADWAY,,0,0,C,DARK-STREET LIGHTS,,,,,,,A,NO PEDESTRIANS INVOLVED,,A,22350,,1,RT 880,2,,,A,W,20.0,98TH AV,F,,A,7/22/2024 11:40:44 AM,1/28/2025 11:22:49 AM,,,2,,,,,,,
2470557,24-009810,2,False,0109,2/25/2024 1:38:00 AM,138,26X,14,109,Oakland,1,True,True,C,REAR END,,Sunday,,,,,False,False,False,,E,PARKED MOTOR VEHICLE,,0,0,C,DARK-STREET LIGHTS,,,,,,,A,NO PEDESTRIANS INVOLVED,,A,23152,,1,INTERNATIONAL BL,2,,,A,W,10.0,45TH AV,F,,A,7/22/2024 11:40:39 AM,1/28/2025 11:22:46 AM,,,2,,,,,,,
2470534,24-007361,2,False,0109,2/10/2024 11:07:00 PM,2307,28X,14,109,Oakland,1,True,True,A,HEAD-ON,,Saturday,,,M,,False,False,True,,E,PARKED MOTOR VEHICLE,,0,0,D,DARK-NO STREET LIGHTS,,,,,,,A,NO PEDESTRIANS INVOLVED,,A,22107,,1,KINGSLAND AV,2,,,A,N,60.0,FLEMMING AV,F,,D,7/22/2024 11:40:38 AM,1/28/2025 11:22:45 AM,,,2,,,,,,,
2470415,24-013049,2,False,0109,3/14/2024 6:16:00 PM,1816,34X,14,109,Oakland,1,True,True,B,SIDE SWIPE,,Thursday,,,,,False,False,False,,C,OTHER MOTOR VEHICLE,,0,0,A,DAYLIGHT,,,,,,,A,NO PEDESTRIANS INVOLVED,,A,21755,,1,90TH AV,2,,,,S,66.0,BANCROFT AV,F,,A,7/22/2024 11:40:30 AM,1/28/2025 11:22:40 AM,,,2,,,,,,,
2470410,24-002390,2,False,0109,1/15/2024 12:05:00 AM,5,34X,14,109,Oakland,1,True,True,D,BROADSIDE,,Monday,,,M,,False,False,False,,C,OTHER MOTOR VEHICLE,,0,0,C,DARK-STREET LIGHTS,,,,,,,A,NO PEDESTRIANS INVOLVED,,A,22450A,,1,98TH AV,2,,,A,,,SUNNYSIDE ST,,,D,7/22/2024 11:40:30 AM,1/28/2025 11:22:39 AM,,,2,,,,,,,
2470397,24-012260,2,False,0109,3/10/2024 6:24:00 AM,624,08X,14,109,Oakland,1,True,True,E,HIT OBJECT,,Sunday,,,,,False,False,False,,I,FIXED OBJECT,,0,0,C,DARK-STREET LIGHTS,,,,,,,A,NO PEDESTRIANS INVOLVED,,A,22107,,1,BROADWAY,1,,,A,N,90.0,25TH ST,F,,A,7/22/2024 11:40:29 AM,1/28/2025 11:22:39 AM,,,2,,,,,,,
2470391,24-007651,2,False,0109,2/12/2024 4:18:00 PM,1618,12Y,14,109,Oakland,1,True,True,G,VEHICLE/PEDESTRAIN,,Monday,,,M,,False,True,False,,B,PEDESTRIAN,,1,0,A,DAYLIGHT,,,,,,,B,CROSSING IN CROSS WALK AT INTERSECTION,,A,21950A,,1,TELEGRAPH AV,1,,,A,,,RT 24,,,A,7/22/2024 11:40:29 AM,1/28/2025 11:22:39 AM,,,2,,,,,,,
2470269,24-003341,2,False,0109,1/19/2024 6:20:00 PM,1820,04X,14,109,Oakland,1,True,True,B,SIDE SWIPE,,Friday,,,,,False,False,False,,C,OTHER MOTOR VEHICLE,,0,0,C,DARK-STREET LIGHTS,,,,,,,A,NO PEDESTRIANS INVOLVED,,A,22107,,1,BROADWAY,1,,,B,,,W GRAND AV,,,A,7/22/2024 11:40:20 AM,1/28/2025 11:22:30 AM,,,2,,,,,,,
2470268,24-005793,2,False,0109,2/1/2024 7:13:00 PM,1913,33X,14,109,Oakland,1,True,True,A,HEAD-ON,,Thursday,,,,,False,False,False,,C,OTHER MOTOR VEHICLE,,4,0,C,DARK-STREET LIGHTS,,,,,,,A,NO PEDESTRIANS INVOLVED,,A,21801A,,1,INTERNATIONAL BL,2,,,B,,,85TH AV,,,A,7/22/2024 11:40:20 AM,1/28/2025 11:22:30 AM,,,2,,,,,,,
2470204,24009403,2,False,0109,2/22/2024 9:50:00 AM,950,35X,14,109,Oakland,1,True,True,B,SIDE SWIPE,,Thursday,,,,,False,False,False,,C,OTHER MOTOR VEHICLE,,2,0,A,DAYLIGHT,,,,,,,A,NO PEDESTRIANS INVOLVED,,D,,,,MOUNTAIN BL,2,,,A,E,60.0,KELLER AV,F,,D,7/22/2024 11:40:16 AM,1/28/2025 11:22:27 AM,,,2,,,,,,,
2470203,24006671,2,False,0109,2/6/2024 4:26:00 PM,1626,32X,14,109,Oakland,1,True,True,A,HEAD-ON,,Tuesday,,,,,False,False,False,,C,OTHER MOTOR VEHICLE,,1,0,A,DAYLIGHT,,,,,,,A,NO PEDESTRIANS INVOLVED,,A,22106,,1,SAN LEANDRO ST,2,,,A,W,100.0,10TH AV,F,,D,7/22/2024 11:40:16 AM,1/28/2025 11:22:27 AM,,,2,,,,,,,
2470148,24-013321,2,False,0109,3/16/2024 12:07:00 AM,7,28X,14,109,Oakland,1,True,True,B,SIDE SWIPE,,Saturday,,,M,,False,False,False,,E,PARKED MOTOR VEHICLE,,0,0,C,DARK-STREET LIGHTS,,,,,,,A,NO PEDESTRIANS INVOLVED,,A,22107,,1,MADERA AV,2,,,A,S,15.0,HILLEN DR,F,,D,7/22/2024 11:40:12 AM,1/28/2025 11:22:24 AM,,,2,,,,,,,
2470147,24-012349,2,False,0109,3/10/2024 5:09:00 PM,1709,35X,14,109,Oakland,1,True,True,A,HEAD-ON,,Sunday,,,F,,False,False,True,,C,OTHER MOTOR VEHICLE,,0,0,A,DAYLIGHT,,,,,,,A,NO PEDESTRIANS INVOLVED,,A,21460A,,1,GOLF LINKS RD,2,,,A,,,COSGRE AV,,,D,7/22/2024 11:40:12 AM,1/28/2025 11:22:24 AM,,,2,,,,,,,
2470146,24-012998,2,False,0109,3/14/2024 11:25:00 AM,1125,03X,14,109,Oakland,1,True,True,D,BROADSIDE,,Thursday,,,M,,False,False,True,,E,PARKED MOTOR VEHICLE,,0,0,A,DAYLIGHT,,,,,,,A,NO PEDESTRIANS INVOLVED,,A,22107,,1,14TH ST,1,,,A,E,10.0,WEBSTER ST,F,,A,7/22/2024 11:40:12 AM,1/28/2025 11:22:24 AM,,,2,,,,,,,
2470145,24-013181,2,False,0109,3/15/2024 11:40:00 AM,1140,10X,14,109,Oakland,1,True,True,E,HIT OBJECT,,Friday,,,M,,False,False,False,,I,FIXED OBJECT,,0,0,A,DAYLIGHT,,,,,,,A,NO PEDESTRIANS INVOLVED,,A,22107,,1,LOWELL ST,1,,,A,S,1.0,ARLINGTON AV,M,,D,7/22/2024 11:40:12 AM,1/28/2025 11:22:24 AM,,,2,,,,,,,
2470144,24-014555,2,False,0109,3/19/2024 3:53:00 PM,1553,31Y,14,109,Oakland,1,True,True,C,REAR END,,Tuesday,,,,,False,False,False,,C,OTHER MOTOR VEHICLE,,0,0,A,DAYLIGHT,,,,,,,A,NO PEDESTRIANS INVOLVED,,A,22106,,1,HEGENBERGER LOOP,2,,,B,W,209.0,HEGENBERGER CT,F,,D,7/22/2024 11:40:12 AM,1/28/2025 11:22:24 AM,,,2,,,,,,,
2470143,24-013689,2,False,0109,3/18/2024 4:26:00 PM,1626,,14,109,Oakland,1,True,True,A,HEAD-ON,,Monday,,,M,,False,False,False,,C,OTHER MOTOR VEHICLE,,0,0,A,DAYLIGHT,,,,,,,A,NO PEDESTRIANS INVOLVED,,A,22350,,1,HIGH ST,2,,,A,,,BROOKDALE,,,A,7/22/2024 11:40:12 AM,1/28/2025 11:22:24 AM,,,2,,,,,,,
2470142,24-013710,2,False,0109,3/18/2024 6:44:00 PM,1844,19X,14,109,Oakland,1,True,True,C,REAR END,,Monday,,,,,False,False,False,,C,OTHER MOTOR VEHICLE,,0,0,A,DAYLIGHT,,,,,,,A,NO PEDESTRIANS INVOLVED,,A,22350,,1,22ND AV,1,,,A,,,INTERNATIONAL BL,,,A,7/22/2024 11:40:12 AM,1/28/2025 11:22:24 AM,,,2,,,,,,,
2470141,24-015248,2,False,0109,3/24/2024 7:34:00 AM,734,19X,14,109,Oakland,1,True,True,C,REAR END,,Sunday,,,,,False,False,False,,C,OTHER MOTOR VEHICLE,,0,0,A,DAYLIGHT,,,,,,,A,NO PEDESTRIANS INVOLVED,,A,22350,,1,INTERNATIONAL BL,1,,,A,E,30.0,14TH AV,F,,A,7/22/2024 11:40:12 AM,1/28/2025 11:22:24 AM,,,2,,,,,,,
2470140,24-014946,2,False,0109,3/21/2024 9:55:00 AM,955,03X,14,109,Oakland,1,True,True,H,OTHER,,Thursday,,,M,,False,False,False,,E,PARKED MOTOR VEHICLE,,0,0,A,DAYLIGHT,,,,,,,A,NO PEDESTRIANS INVOLVED,,A,22106,,1,13TH ST,1,,,A,E,60.0,MADISON ST,F,,D,7/22/2024 11:40:11 AM,1/28/2025 11:22:23 AM,,,2,,,,,,,
2470139,24-014865,2,False,0109,3/24/2024 8:02:00 AM,802,27X,14,109,Oakland,1,True,True,C,REAR END,,Sunday,,,,,False,False,False,,I,FIXED OBJECT,,0,0,A,DAYLIGHT,,,,,,,A,NO PEDESTRIANS INVOLVED,,A,22106,,1,INTERNATIONAL BL,2,,,A,E,100.0,57TH AVE,F,,D,7/22/2024 11:40:11 AM,1/28/2025 11:22:23 AM,,,2,,,,,,,
2470138,24-013042,2,False,0109,3/14/2024 4:52:00 PM,1652,14Y,14,109,Oakland,1,True,True,B,SIDE SWIPE,,Thursday,,,,,False,False,False,,C,OTHER MOTOR VEHICLE,,0,0,A,DAYLIGHT,,,,,,,A,NO PEDESTRIANS INVOLVED,,A,21801A,,1,WALKER AV,1,,,A,N,20.0,LAKE PARK AV,F,,D,7/22/2024 11:40:11 AM,1/28/2025 11:22:23 AM,,,2,,,,,,,
2470137,24-014736,2,False,0109,3/24/2024 11:10:00 AM,1110,31X,14,109,Oakland,1,True,True,C,REAR END,,Sunday,,,,,False,False,False,,C,OTHER MOTOR VEHICLE,,0,0,A,DAYLIGHT,,,,,,,A,NO PEDESTRIANS INVOLVED,,A,22350,,1,98TH AV,2,,,A,S,100.0,MADDUX ST,F,,A,7/22/2024 11:40:11 AM,1/28/2025 11:22:23 AM,,,2,,,,,,,
2470136,24-016520,2,False,0109,3/11/2024 2:00:00 PM,1400,32Y,14,109,Oakland,1,True,True,A,HEAD-ON,,Monday,,,,,False,False,True,,E,PARKED MOTOR VEHICLE,,0,0,A,DAYLIGHT,,,,,,,A,NO PEDESTRIANS INVOLVED,,A,22107,,1,102ND AV,2,,,A,S,500.0,SUNNYSIDE ST,F,,D,7/22/2024 11:40:11 AM,1/28/2025 11:22:23 AM,,,2,,,,,,,
2470135,24-015505,2,False,0109,3/27/2024 11:30:00 PM,2330,34X,14,109,Oakland,1,True,True,B,SIDE SWIPE,,Wednesday,,,M,,False,False,False,,E,PARKED MOTOR VEHICLE,,0,0,C,DARK-STREET LIGHTS,,,,,,,A,NO PEDESTRIANS INVOLVED,,A,22350,,1,89TH AV,2,,,,S,50.0,OLIVE ST,F,,A,7/22/2024 11:40:11 AM,1/28/2025 11:22:23 AM,,,2,,,,,,,
2470134,24-014331,2,False,0109,3/21/2024 4:54:00 PM,1654,07X,14,109,Oakland,1,True,True,B,SIDE SWIPE,,Thursday,,,M,,False,False,False,,C,OTHER MOTOR VEHICLE,,0,0,A,DAYLIGHT,,,,,,,A,NO PEDESTRIANS INVOLVED,,A,22107,,1,FILBERT ST,1,,,A,N,20.0,W  GRAND AV,F,,A,7/22/2024 11:40:11 AM,1/28/2025 11:22:23 AM,,,2,,,,,,,
2470133,24-020897,2,False,0109,3/29/2024 12:35:00 PM,1235,03X,14,109,Oakland,1,True,True,D,BROADSIDE,,Friday,,,M,,False,False,False,,C,OTHER MOTOR VEHICLE,,0,0,A,DAYLIGHT,,,,,,,A,NO PEDESTRIANS INVOLVED,,A,21657,,1,8TH ST,2,,,B,,,JACKSON ST,,,A,7/22/2024 11:40:11 AM,1/28/2025 11:22:23 AM,,,2,,,,,,,
2470122,24-013544,2,False,0109,3/17/2024 9:47:00 PM,2147,29X,14,109,Oakland,1,True,True,D,BROADSIDE,,Sunday,,,,,False,False,False,,C,OTHER MOTOR VEHICLE,,0,0,C,DARK-STREET LIGHTS,,,,,,,A,NO PEDESTRIANS INVOLVED,,A,22450A,,1,64TH AV PL,2,,,A,,,CAMDEN ST,,,A,7/22/2024 11:40:10 AM,1/28/2025 11:22:23 AM,,,2,,,,,,,
2470121,24-015223,2,False,0109,3/26/2024 11:44:00 PM,2344,24X,14,109,Oakland,1,True,True,E,HIT OBJECT,,Tuesday,,,,,False,False,False,,J,OTHER OBJECT,,0,0,C,DARK-STREET LIGHTS,,,,,,,A,NO PEDESTRIANS INVOLVED,,A,22515A,,1,SCHOOL ST,,,,A,,,35TH AV,,,D,7/22/2024 11:40:10 AM,1/28/2025 11:22:23 AM,,,2,,,,,,,
2470120,24-015688,2,False,0109,3/29/2024 2:56:00 AM,256,27X,14,109,Oakland,1,True,True,A,HEAD-ON,,Friday,,,M,,False,False,True,,E,PARKED MOTOR VEHICLE,,0,0,C,DARK-STREET LIGHTS,,,,,,,A,NO PEDESTRIANS INVOLVED,,A,22350,,1,HIGH ST,2,,,A,N,20.0,CARRINGTON ST,F,,D,7/22/2024 11:40:10 AM,1/28/2025 11:22:23 AM,,,2,,,,,,,