collision-id,report-number,report-version,is-preliminary,ncic-code,crash-date-time,crash-time-description,beat,city-id,city-code,city-name,county-code,city-is-active,city-is-incorporated,collision-type-code,collision-type-description,collision-type-other-desc,day-of-week,dispatch-notified,has-photographs,hit-run,is-attachments-mailed,is-deleted,is-highway-related,is-tow-away,judicial-district,motor-vehicle-involved-with-code,motor-vehicle-involved-with-desc,motor-vehicle-involved-with-other-desc,number-injured,number-killed,lighting-code,lighting-description,latitude,longitude,milepost-direction,milepost-distance,milepost-marker,milepost-unit-of-measure,pedestrian-action-code,pedestrian-action-desc,prepared-date,primary-collision-factor-code,primary-collision-factor-description,primary-collision-factor-is-cited,primary-collision-party-number,primary-road,reporting-district,reporting-district-code,reviewed-date,roadway-surface-code,secondary-direction,secondary-distance,secondary-road,secondary-unit-of-measure,sketch-desc,traffic-control-device-code,created-date,modified-date,is-county-road,is-freeway,chp-555-version,is-additonal-object-struck,notification-date,notification-time-description,has-digital-media-files,evidence-number,is-location-refer-to-narrative,is-aoi-one-same-as-location
2470119,24-007551,2,False,0109,2/12/2024 4:38:00 AM,438,06X,14,109,Oakland,1,True,True,C,REAR END,,Monday,,,M,,False,False,False,,E,PARKED MOTOR VEHICLE,,0,0,A,DAYLIGHT,,,,,,,A,NO PEDESTRIANS INVOLVED,,A,22107,,1,MARTIN LUTHER KING JR WY,1,,,A,S,300.0,37TH ST,F,,B,7/22/2024 11:40:10 AM,1/28/2025 11:22:22 AM,,,2,,,,,,,
2470115,24-007392,2,False,0109,2/11/2024 4:46:00 AM,446,30Y,14,109,Oakland,1,True,True,H,OTHER,,Sunday,,,M,,False,False,False,,E,PARKED MOTOR VEHICLE,,0,0,D,DARK-NO STREET LIGHTS,,,,,,,A,NO PEDESTRIANS INVOLVED,,A,22107,,1,FONTAINE ST,2,,,A,E,0.2,SHONE AV,M,,D,7/22/2024 11:40:10 AM,1/28/2025 11:22:22 AM,,,2,,,,,,,
2470102,24-004952,2,False,0109,1/28/2024 10:38:00 PM,2238,29X,14,109,Oakland,1,True,True,B,SIDE SWIPE,,Sunday,,,,,False,False,False,,C,OTHER MOTOR VEHICLE,,0,0,C,DARK-STREET LIGHTS,,,,,,,A,NO PEDESTRIANS INVOLVED,,A,21453A,,1,HAVENSCOURT AV,2,,,A,,,FOOTHILL BL,,,A,7/22/2024 11:40:09 AM,1/28/2025 11:22:22 AM,,,2,,,,,,,
2470101,24-001086,2,False,0109,1/6/2024 6:09:00 PM,1809,31X,14,109,Oakland,1,True,True,D,BROADSIDE,,Saturday,,,M,,False,False,False,,C,OTHER MOTOR VEHICLE,,0,0,C,DARK-STREET LIGHTS,,,,,,,A,NO PEDESTRIANS INVOLVED,,A,21453A,,1,HAMILTON RD,2,,,B,,,HEGENBERGER RD,,,A,7/22/2024 11:40:09 AM,1/28/2025 11:22:22 AM,,,2,,,,,,,
2470100,24-004559,2,False,0109,1/26/2024 2:54:00 PM,1454,30X,14,109,Oakland,1,True,True,F,OVERTURNED,,Friday,,,,,False,False,False,,C,OTHER MOTOR VEHICLE,,0,0,A,DAYLIGHT,,,,,,,A,NO PEDESTRIANS INVOLVED,,A,21453A,,1,82ND AVE,2,,,A,,,BANCROFT AV,,,A,7/22/2024 11:40:09 AM,1/28/2025 11:22:22 AM,,,2,,,,,,,
2470012,24-003319,2,False,0109,1/19/2024 5:04:00 PM,1704,35X,14,109,Oakland,1,True,True,D,BROADSIDE,,Friday,,,,,False,False,True,,C,OTHER MOTOR VEHICLE,,1,0,D,DARK-NO STREET LIGHTS,,,,,,,A,NO PEDESTRIANS INVOLVED,,A,22107,,1,GOLF LINKS RD,2,,,B,W,100.0,BLANDON RD,F,,D,7/22/2024 11:40:03 AM,1/28/2025 11:22:18 AM,,,2,,,,,,,
2470007,24-012374,2,False,0109,1/31/2024 10:23:00 PM,2223,18X,14,109,Oakland,1,True,True,D,BROADSIDE,,Wednesday,,,,,False,False,False,,C,OTHER MOTOR VEHICLE,,1,0,C,DARK-STREET LIGHTS,,,,,,,A,NO PEDESTRIANS INVOLVED,,A,21802A,,1,FOOTHILL BL,1,,,B,,,21ST ST,,,A,7/22/2024 11:40:03 AM,1/28/2025 11:22:18 AM,,,2,,,,,,,
2469798,24-019385,2,False,0109,4/19/2024 9:52:00 PM,2152,35X,14,109,Oakland,1,True,True,B,SIDE SWIPE,,Friday,,,F,,False,False,True,,C,OTHER MOTOR VEHICLE,,0,0,C,DARK-STREET LIGHTS,,,,,,,A,NO PEDESTRIANS INVOLVED,,A,22107,,1,BANCROFT AV,2,,,A,,,94TH AV,,,A,7/22/2024 11:39:48 AM,1/28/2025 11:22:07 AM,,,2,,,,,,,
2469796,24-019755,2,False,0109,4/22/2024 6:45:00 AM,645,30Y,14,109,Oakland,1,True,True,B,SIDE SWIPE,,Monday,,,M,,False,False,False,,E,PARKED MOTOR VEHICLE,,0,0,C,DARK-STREET LIGHTS,,,,,,,A,NO PEDESTRIANS INVOLVED,,A,22107,,1,BANCROFT AV,2,,,A,E,20.0,80TH AV,F,,D,7/22/2024 11:39:48 AM,1/28/2025 11:22:07 AM,,,2,,,,,,,
2469795,24-022211,2,False,0109,5/6/2024 12:22:00 AM,22,27X,14,109,Oakland,1,True,True,C,REAR END,,Monday,,,M,,False,False,True,,E,PARKED MOTOR VEHICLE,,0,0,C,DARK-STREET LIGHTS,,,,,,,A,NO PEDESTRIANS INVOLVED,,A,22107,,1,MELROSE AV,2,,,A,E,75.0,47TH AV,F,,D,7/22/2024 11:39:48 AM,1/28/2025 11:22:07 AM,,,2,,,,,,,
2469794,24-012202,2,False,0109,3/9/2024 5:15:00 PM,1715,27Y,14,109,Oakland,1,True,True,B,SIDE SWIPE,,Saturday,,,M,,False,False,False,,C,OTHER MOTOR VEHICLE,,0,0,A,DAYLIGHT,,,,,,,A,NO PEDESTRIANS INVOLVED,,A,22350,,1,AENAL AV,2,,,A,,,60TH AV,,,A,7/22/2024 11:39:48 AM,1/28/2025 11:22:07 AM,,,2,,,,,,,
2469793,24-012250,2,False,0109,3/10/2024 1:56:00 AM,156,16Y,14,109,Oakland,1,True,True,B,SIDE SWIPE,,Sunday,,,M,,False,False,False,,E,PARKED MOTOR VEHICLE,,0,0,C,DARK-STREET LIGHTS,,,,,,,A,NO PEDESTRIANS INVOLVED,,A,22350,,1,EXCELSIOR AV,1,,,A,W,26.0,LINWOOD AV,F,,A,7/22/2024 11:39:48 AM,1/28/2025 11:22:07 AM,,,2,,,,,,,
2469792,24-020318,2,False,0109,4/25/2024 10:00:00 AM,1000,33X,14,109,Oakland,1,True,True,D,BROADSIDE,,Thursday,,,,,False,False,False,,C,OTHER MOTOR VEHICLE,,0,0,A,DAYLIGHT,,,,,,,A,NO PEDESTRIANS INVOLVED,,A,22107,,1,85TH AV,2,,,A,,,SAN LEANDRO ST,,,A,7/22/2024 11:39:48 AM,1/28/2025 11:22:07 AM,,,2,,,,,,,
2469791,24-013294,2,False,0109,3/16/2024 12:46:00 AM,46,32X,14,109,Oakland,1,True,True,A,HEAD-ON,,Saturday,,,M,,False,False,False,,E,PARKED MOTOR VEHICLE,,0,0,C,DARK-STREET LIGHTS,,,,,,,A,NO PEDESTRIANS INVOLVED,,A,22107,,1,E ST,2,,,A,E,100.0,ELMHURST AV,F,,D,7/22/2024 11:39:48 AM,1/28/2025 11:22:07 AM,,,2,,,,,,,
2469790,24-012583,2,False,0109,3/12/2024 8:20:00 AM,820,28X,14,109,Oakland,1,True,True,D,BROADSIDE,,Tuesday,,,,,False,False,True,,C,OTHER MOTOR VEHICLE,,2,0,A,DAYLIGHT,,,,,,,A,NO PEDESTRIANS INVOLVED,,A,21801A,,1,HIGH ST,2,,,B,,,REDDING ST,,,A,7/22/2024 11:39:48 AM,1/28/2025 11:22:07 AM,,,2,,,,,,,
2469789,24-021488,2,False,0109,5/1/2024 9:03:00 PM,2103,32X,14,109,Oakland,1,True,True,H,OTHER,,Wednesday,,,,,False,False,True,,E,PARKED MOTOR VEHICLE,,0,0,C,DARK-STREET LIGHTS,,,,,,,A,NO PEDESTRIANS INVOLVED,,A,22107,,1,SAN LEANDRO ST,2,,,A,,,107TH AV,,,A,7/22/2024 11:39:48 AM,1/28/2025 11:22:07 AM,,,2,,,,,,,
2469788,24-022692,2,False,0109,5/8/2024 8:30:00 AM,830,27X,14,109,Oakland,1,True,True,C,REAR END,,Wednesday,,,M,,False,False,False,,E,PARKED MOTOR VEHICLE,,0,0,A,DAYLIGHT,,,,,,,A,NO PEDESTRIANS INVOLVED,,A,22107,,1,INTERNATIONAL BL,2,,,A,W,30.0,44TH AV,F,,A,7/22/2024 11:39:48 AM,1/28/2025 11:22:07 AM,,,2,,,,,,,
2469787,24-014624,2,False,0109,3/23/2024 1:33:00 PM,1333,34X,14,109,Oakland,1,True,True,G,VEHICLE/PEDESTRAIN,,Saturday,,,F,,False,False,False,,C,OTHER MOTOR VEHICLE,,1,0,A,DAYLIGHT,,,,,,,E,IN ROAD - INCLUDES SHOULDER,,A,22450A,,1,94TH AV,2,,,A,,,BIRCH ST,,,A,7/22/2024 11:39:48 AM,1/28/2025 11:22:07 AM,,,2,,,,,,,
2469786,24-017840,2,False,0109,4/11/2024 2:09:00 PM,1409,02X,14,109,Oakland,1,True,True,E,HIT OBJECT,,Thursday,,,,,False,False,True,,E,PARKED MOTOR VEHICLE,,1,0,A,DAYLIGHT,,,,,,,A,NO PEDESTRIANS INVOLVED,,A,22107,,1,ADELINE ST,2,,,A,N,100.0,12TH ST,F,,A,7/22/2024 11:39:47 AM,1/28/2025 11:22:07 AM,,,2,,,,,,,
2469785,24-021563,2,False,0109,5/2/2024 10:24:00 AM,1024,03X,14,109,Oakland,1,True,True,E,HIT OBJECT,,Thursday,,,M,,False,False,False,,I,FIXED OBJECT,,0,0,A,DAYLIGHT,,,,,,,A,NO PEDESTRIANS INVOLVED,,A,22107,,1,BROADWAY,1,,,A,S,30.0,6TH ST,F,,A,7/22/2024 11:39:47 AM,1/28/2025 11:22:07 AM,,,2,,,,,,,
2469784,24-014725,2,False,0109,3/22/2024 8:53:00 PM,2053,30X,14,109,Oakland,1,True,True,B,SIDE SWIPE,,Friday,,,M,,False,False,False,,E,PARKED MOTOR VEHICLE,,0,0,A,DAYLIGHT,,,,,,,A,NO PEDESTRIANS INVOLVED,,A,22107,,1,BANCROFT AV,2,,,A,E,50.0,RITCHIE ST,F,,D,7/22/2024 11:39:47 AM,1/28/2025 11:22:07 AM,,,2,,,,,,,
2469782,23-066101,2,False,0109,2/27/2024 11:13:00 PM,2313,19X,14,109,Oakland,1,True,True,D,BROADSIDE,,Tuesday,,,,,False,False,True,,C,OTHER MOTOR VEHICLE,,3,0,C,DARK-STREET LIGHTS,,,,,,,A,NO PEDESTRIANS INVOLVED,,A,21453A,,1,5TH AV,1,,,A,,,8TH ST,,,A,7/22/2024 11:39:47 AM,1/28/2025 11:22:07 AM,,,2,,,,,,,
2469579,24-005079,2,False,0109,1/29/2024 3:38:00 PM,1538,20X,14,109,Oakland,1,True,True,B,SIDE SWIPE,,Monday,,,M,,False,False,False,,C,OTHER MOTOR VEHICLE,,0,0,A,DAYLIGHT,,,,,,,A,NO PEDESTRIANS INVOLVED,,A,22105,,1,INTERNATIONAL BL,2,,,A,,,28TH AV,,,A,7/22/2024 11:39:34 AM,1/28/2025 11:21:56 AM,,,2,,,,,,,
2469578,24-004083,2,False,0109,1/24/2024 4:18:00 AM,418,18X,14,109,Oakland,1,True,True,C,REAR END,,Wednesday,,,M,,False,False,False,,E,PARKED MOTOR VEHICLE,,0,0,C,DARK-STREET LIGHTS,,,,,,,A,NO PEDESTRIANS INVOLVED,,A,22107,,1,E 28TH ST,1,,,B,W,80.0,22ND AV,F,,D,7/22/2024 11:39:34 AM,1/28/2025 11:21:56 AM,,,2,,,,,,,
2469577,24-002255,2,False,0109,1/18/2024 3:47:00 AM,347,16Y,14,109,Oakland,1,True,True,D,BROADSIDE,,Thursday,,,M,,False,False,True,,C,OTHER MOTOR VEHICLE,,0,0,C,DARK-STREET LIGHTS,,,,,,,A,NO PEDESTRIANS INVOLVED,,A,21453A,,1,PARK BL,1,,,A,,,CHATHAM RD,,,A,7/22/2024 11:39:34 AM,1/28/2025 11:21:56 AM,,,2,,,,,,,
2469576,24-002944,2,False,0109,1/17/2024 9:55:00 PM,2155,24X,14,109,Oakland,1,True,True,B,SIDE SWIPE,,Wednesday,,,M,,False,False,True,,E,PARKED MOTOR VEHICLE,,0,0,C,DARK-STREET LIGHTS,,,,,,,A,NO PEDESTRIANS INVOLVED,,A,22107,,1,HIGH ST,2,,,A,S,15.0,SANTA RITA ST,F,,A,7/22/2024 11:39:34 AM,1/28/2025 11:21:56 AM,,,2,,,,,,,
2469574,24-005217,2,False,0109,1/30/2024 9:21:00 AM,921,26X,14,109,Oakland,1,True,True,D,BROADSIDE,,Tuesday,,,,,False,False,False,,C,OTHER MOTOR VEHICLE,,0,0,A,DAYLIGHT,,,,,,,A,NO PEDESTRIANS INVOLVED,,A,21804A,,1,COLISEUM WY,2,,,A,E,150.0,HIGH ST,F,,A,7/22/2024 11:39:34 AM,1/28/2025 11:21:56 AM,,,2,,,,,,,
2469572,24-005558,2,False,0109,1/31/2024 12:41:00 PM,1241,23X,14,109,Oakland,1,True,True,A,HEAD-ON,,Wednesday,,,M,,False,False,False,,I,FIXED OBJECT,,0,0,A,DAYLIGHT,,,,,,,A,NO PEDESTRIANS INVOLVED,,A,22107,,1,INTERNATIONAL BL,2,,,B,E,4.0,36TH AV,F,,A,7/22/2024 11:39:34 AM,1/28/2025 11:21:56 AM,,,2,,,,,,,
2469347,24012934,2,False,0109,3/14/2024 4:41:00 AM,441,30Y,14,109,Oakland,1,True,True,B,SIDE SWIPE,,Thursday,,,F,,False,False,True,,E,PARKED MOTOR VEHICLE,,0,0,C,DARK-STREET LIGHTS,,,,,,,A,NO PEDESTRIANS INVOLVED,,A,22107,,1,MACARTHUR BL,2,,,A,,,MACARTHUR BL 7645,,,D,7/22/2024 11:39:19 AM,1/28/2025 11:21:45 AM,,,2,,,,,,,
2469342,24014702,2,False,0109,3/24/2024 2:58:00 AM,258,20X,14,109,Oakland,1,True,True,B,SIDE SWIPE,,Sunday,,,M,,False,False,True,,I,FIXED OBJECT,,0,0,C,DARK-STREET LIGHTS,,,,,,,A,NO PEDESTRIANS INVOLVED,,A,22107,,1,E 16TH ST,2,,,B,E,10.0,28TH AV,F,,A,7/22/2024 11:39:19 AM,1/28/2025 11:21:45 AM,,,2,,,,,,,
2469340,24012693,2,False,0109,3/12/2024 7:30:00 PM,1930,18X,14,109,Oakland,1,True,True,E,HIT OBJECT,,Tuesday,,,M,,False,False,True,,I,FIXED OBJECT,,0,0,A,DAYLIGHT,,,,,,,A,NO PEDESTRIANS INVOLVED,,A,23152A,,1,14TH AV,1,,,A,N,10.0,E 25TH ST,F,,A,7/22/2024 11:39:19 AM,1/28/2025 11:21:45 AM,,,2,,,,,,,
2469339,24011470,2,False,0109,3/6/2024 8:41:00 AM,841,24X,14,109,Oakland,1,True,True,A,HEAD-ON,,Wednesday,,,M,,False,False,False,,I,FIXED OBJECT,,0,0,A,DAYLIGHT,,,,,,,A,NO PEDESTRIANS INVOLVED,,A,22107,,1,35T AV,2,,,B,,,GRAY ST,,,D,7/22/2024 11:39:19 AM,1/28/2025 11:21:45 AM,,,2,,,,,,,
2469338,24011479,2,False,0109,3/6/2024 9:50:00 AM,950,29X,14,109,Oakland,1,True,True,D,BROADSIDE,,Wednesday,,,,,False,False,False,,C,OTHER MOTOR VEHICLE,,0,0,A,DAYLIGHT,,,,,,,A,NO PEDESTRIANS INVOLVED,,A,21802A,,1,66TH AV,2,,,A,,,CREEK DR,,,C,7/22/2024 11:39:18 AM,1/28/2025 11:21:45 AM,,,2,,,,,,,
2469337,24011337,2,False,0109,3/5/2024 1:07:00 PM,1307,22X,14,109,Oakland,1,True,True,E,HIT OBJECT,,Tuesday,,,,,False,False,False,,I,FIXED OBJECT,,0,0,A,DAYLIGHT,,,,,,,A,NO PEDESTRIANS INVOLVED,,A,22106,,1,LINCOLN AV,2,,,A,S,50.0,DELMER ST,F,,D,7/22/2024 11:39:18 AM,1/28/2025 11:21:45 AM,,,2,,,,,,,
2469336,24010884,2,False,0109,3/2/2024 5:50:00 PM,1750,27X,14,109,Oakland,1,True,True,B,SIDE SWIPE,,Saturday,,,,,False,False,False,,C,OTHER MOTOR VEHICLE,,0,0,C,DARK-STREET LIGHTS,,,,,,,A,NO PEDESTRIANS INVOLVED,,A,22107,,1,HOLWAY ST,2,,,B,E,10.0,SEMINARY AV,F,,D,7/22/2024 11:39:18 AM,1/28/2025 11:21:45 AM,,,2,,,,,,,
2469335,24011164,2,False,0109,3/4/2024 11:30:00 AM,1130,07Z,14,109,Oakland,1,True,True,D,BROADSIDE,,Monday,,,,,False,False,True,,C,OTHER MOTOR VEHICLE,,0,0,A,DAYLIGHT,,,,,,,A,NO PEDESTRIANS INVOLVED,,A,21453A,,1,SAN PABLO AV,1,,,A,,,MARKET ST,,,A,7/22/2024 11:39:18 AM,1/28/2025 11:21:45 AM,,,2,,,,,,,
2469334,24010848,2,False,0109,3/2/2024 1:39:00 PM,1339,33X,14,109,Oakland,1,True,True,B,SIDE SWIPE,,Saturday,,,,,False,False,False,,C,OTHER MOTOR VEHICLE,,0,0,A,DAYLIGHT,,,,,,,A,NO PEDESTRIANS INVOLVED,,A,22107,,1,SAN LEANDRO ST,2,,,B,W,120.0,105TH AV,F,,D,7/22/2024 11:39:18 AM,1/28/2025 11:21:45 AM,,,2,,,,,,,
2469333,24010778,2,False,0109,3/2/2024 3:00:00 AM,300,18X,14,109,Oakland,1,True,True,B,SIDE SWIPE,,Saturday,,,M,,False,False,False,,C,OTHER MOTOR VEHICLE,,0,0,C,DARK-STREET LIGHTS,,,,,,,A,NO PEDESTRIANS INVOLVED,,A,22107,,1,14TH AV,2,,,B,N,0.1,FOOTHILL BL,M,,A,7/22/2024 11:39:18 AM,1/28/2025 11:21:45 AM,,,2,,,,,,,
2469319,24-028864,2,False,0109,4/17/2024 11:06:00 PM,2306,27X,14,109,Oakland,1,True,True,B,SIDE SWIPE,,Wednesday,,,M,,False,False,True,,E,PARKED MOTOR VEHICLE,,0,0,C,DARK-STREET LIGHTS,,,,,,,A,NO PEDESTRIANS INVOLVED,,A,22107,,1,65TH AV,2,,,A,N,100.0,AVENAL ST,F,,D,7/22/2024 11:39:17 AM,1/28/2025 11:21:44 AM,,,2,,,,,,,
2469318,24-020428,2,False,0109,4/25/2024 7:05:00 PM,1905,11X,14,109,Oakland,1,True,True,B,SIDE SWIPE,,Thursday,,,,,False,False,False,,C,OTHER MOTOR VEHICLE,,0,0,B,DUSK-DAWN,,,,,,,A,NO PEDESTRIANS INVOLVED,,A,21755,,1,55TH ST,1,,,A,,,SHATTUCK AV,,,A,7/22/2024 11:39:17 AM,1/28/2025 11:21:44 AM,,,2,,,,,,,
2469317,24-018237,2,False,0109,4/14/2024 3:01:00 AM,301,20X,14,109,Oakland,1,True,True,E,HIT OBJECT,,Sunday,,,M,,False,False,True,,I,FIXED OBJECT,,0,0,C,DARK-STREET LIGHTS,,,,,,,A,NO PEDESTRIANS INVOLVED,,A,22107,,1,31ST AV,2,,,B,W,51.0,INTERNATIONAL BL,F,,A,7/22/2024 11:39:17 AM,1/28/2025 11:21:44 AM,,,2,,,,,,,
2469316,24-019916,2,False,0109,4/23/2024 6:47:00 AM,647,21X,14,109,Oakland,1,True,True,B,SIDE SWIPE,,Tuesday,,,,,False,False,False,,E,PARKED MOTOR VEHICLE,,0,0,A,DAYLIGHT,,,,,,,A,NO PEDESTRIANS INVOLVED,,A,22107,,1,FOOTHILL BL,2,,,A,E,100.0,24TH AV,F,,D,7/22/2024 11:39:17 AM,1/28/2025 11:21:44 AM,,,2,,,,,,,
2469315,24-017765,2,False,0109,4/11/2024 7:02:00 AM,702,17X,14,109,Oakland,1,True,True,B,SIDE SWIPE,,Thursday,,,M,,False,False,True,,E,PARKED MOTOR VEHICLE,,0,0,A,DAYLIGHT,,,,,,,A,NO PEDESTRIANS INVOLVED,,A,22107,,1,E 28TH ST,1,,,A,E,50.0,11TH AV,F,,D,7/22/2024 11:39:17 AM,1/28/2025 11:21:44 AM,,,2,,,,,,,
2469314,24-019836,2,False,0109,4/22/2024 3:38:00 PM,1538,19X,14,109,Oakland,1,True,True,E,HIT OBJECT,,Monday,,,M,,False,False,False,,I,FIXED OBJECT,,0,0,A,DAYLIGHT,,,,,,,A,NO PEDESTRIANS INVOLVED,,A,22107,,1,21ST AV,1,,,A,N,20.0,FOOTHILL BL,F,,A,7/22/2024 11:39:17 AM,1/28/2025 11:21:44 AM,,,2,,,,,,,
2469313,24-017004,2,False,0109,4/17/2024 4:45:00 PM,1645,10X,14,109,Oakland,1,True,True,B,SIDE SWIPE,,Wednesday,,,M,,False,False,True,,E,PARKED MOTOR VEHICLE,,0,0,A,DAYLIGHT,,,,,,,A,NO PEDESTRIANS INVOLVED,,A,22107,,1,20TH ST,1,,,A,E,22.0,MARKET ST,F,,D,7/22/2024 11:39:17 AM,1/28/2025 11:21:44 AM,,,2,,,,,,,
2469245,23-068803,2,False,0109,1/1/2024 9:13:00 AM,913,19X,14,109,Oakland,1,True,True,D,BROADSIDE,,Monday,,,M,,False,False,True,,C,OTHER MOTOR VEHICLE,,0,0,A,DAYLIGHT,,,,,,,A,NO PEDESTRIANS INVOLVED,,A,21453A,,1,16TH AV,1,,,A,,,INTERNATIONAL BL,,,A,7/22/2024 11:39:13 AM,1/28/2025 11:21:41 AM,,,2,,,,,,,
2469244,24-004305,2,False,0109,1/25/2024 6:39:00 AM,639,23X,14,109,Oakland,1,True,True,C,REAR END,,Thursday,,,,,False,False,True,,E,PARKED MOTOR VEHICLE,,0,0,A,DAYLIGHT,,,,,,,A,NO PEDESTRIANS INVOLVED,,A,22107,,1,42ND AV,2,,,A,S,0.25,INTERNATIONAL BL,M,,D,7/22/2024 11:39:13 AM,1/28/2025 11:21:41 AM,,,2,,,,,,,
2469243,24-001282,2,False,0109,1/8/2024 12:09:00 AM,9,31Z,14,109,Oakland,1,True,True,H,OTHER,,Monday,,,M,,False,False,False,,I,FIXED OBJECT,,0,0,C,DARK-STREET LIGHTS,,,,,,,A,NO PEDESTRIANS INVOLVED,,A,22107,,1,BERNHARDT DR,2,,,A,,,BERNHARDT DR 10070,,,D,7/22/2024 11:39:13 AM,1/28/2025 11:21:41 AM,,,2,,,,,,,
2469241,24-002767,2,False,0109,1/16/2024 11:00:00 PM,2300,21X,14,109,Oakland,1,True,True,B,SIDE SWIPE,,Tuesday,,,M,,False,False,True,,E,PARKED MOTOR VEHICLE,,0,0,C,DARK-STREET LIGHTS,,,,,,,A,NO PEDESTRIANS INVOLVED,,A,22107,,1,23RD AV,2,,,B,S,100.0,E 17TH ST,F,,D,7/22/2024 11:39:12 AM,1/28/2025 11:21:41 AM,,,2,,,,,,,
2469240,24-005148,2,False,0109,1/29/2024 10:13:00 PM,2213,21X,14,109,Oakland,1,True,True,A,HEAD-ON,,Monday,,,M,,False,False,False,,C,OTHER MOTOR VEHICLE,,0,0,C,DARK-STREET LIGHTS,,,,,,,E,IN ROAD - INCLUDES SHOULDER,,A,22450A,,1,23RD AV,1,,,A,,,E 26TH ST,,,D,7/22/2024 11:39:12 AM,1/28/2025 11:21:41 AM,,,2,,,,,,,
2469219,24010187,2,False,0109,2/27/2024 3:56:00 PM,1556,26X,14,109,Oakland,1,True,True,C,REAR END,,Tuesday,,,,,False,False,False,,C,OTHER MOTOR VEHICLE,,0,0,A,DAYLIGHT,,,,,,,A,NO PEDESTRIANS INVOLVED,,A,22350,,1,HIGH ST,2,,,A,E,80.0,OAKPORT ST,F,,D,7/22/2024 11:39:11 AM,1/28/2025 11:21:40 AM,,,2,,,,,,,
2469218,24010046,2,False,0109,2/26/2024 5:26:00 PM,1726,32X,14,109,Oakland,1,True,True,D,BROADSIDE,,Monday,,,,,False,False,True,,C,OTHER MOTOR VEHICLE,,0,0,A,DAYLIGHT,,,,,,,A,NO PEDESTRIANS INVOLVED,,A,21802A,,1,BANCROFT AV,2,,,A,,,100TH AV,,,A,7/22/2024 11:39:11 AM,1/28/2025 11:21:40 AM,,,2,,,,,,,
2469211,24009834,2,False,0109,2/25/2024 9:01:00 AM,901,25X,14,109,Oakland,1,True,True,A,HEAD-ON,,Sunday,,,,,False,False,False,,C,OTHER MOTOR VEHICLE,,0,0,A,DAYLIGHT,,,,,,,A,NO PEDESTRIANS INVOLVED,,A,22107,,1,MACARTHUR BL,2,,,A,N,30.0,HIGH ST,F,,A,7/22/2024 11:39:11 AM,1/28/2025 11:21:39 AM,,,2,,,,,,,
2469209,24-009545,2,False,0109,2/14/2024 3:20:00 AM,320,13Z,14,109,Oakland,1,True,True,C,REAR END,,Wednesday,,,,,False,False,False,,C,OTHER MOTOR VEHICLE,,0,0,A,DAYLIGHT,,,,,,,A,NO PEDESTRIANS INVOLVED,,A,22350,,1,MOUNTAIN BL,1,,,B,,,MERCED AV,,,A,7/22/2024 11:39:11 AM,1/28/2025 11:21:39 AM,,,2,,,,,,,
2469208,24005896,2,False,0109,2/2/2024 11:33:00 AM,1133,03X,14,109,Oakland,1,True,True,D,BROADSIDE,,Friday,,,,,False,False,True,,C,OTHER MOTOR VEHICLE,,0,0,A,DAYLIGHT,,,,,,,A,NO PEDESTRIANS INVOLVED,,A,21453A,,1,12TH ST,1,,,A,,,OAK ST,,,A,7/22/2024 11:39:10 AM,1/28/2025 11:21:39 AM,,,2,,,,,,,
2469207,24010234,2,False,0109,2/27/2024 7:55:00 PM,1955,23X,14,109,Oakland,1,True,True,A,HEAD-ON,,Tuesday,,,M,,False,False,False,,C,OTHER MOTOR VEHICLE,,0,0,C,DARK-STREET LIGHTS,,,,,,,A,NO PEDESTRIANS INVOLVED,,A,21453A,,1,HIGH ST,2,,,A,,,INTERNATIONAL BL,,,A,7/22/2024 11:39:10 AM,1/28/2025 11:21:39 AM,,,2,,,,,,,
2469206,24006339,2,False,0109,2/5/2024 1:20:00 AM,120,30X,14,109,Oakland,1,True,True,B,SIDE SWIPE,,Monday,,,M,,False,False,False,,E,PARKED MOTOR VEHICLE,,0,0,C,DARK-STREET LIGHTS,,,,,,,A,NO PEDESTRIANS INVOLVED,,A,22107,,1,INTERNATIONAL BL,2,,,A,E,0.1,80TH AV,M,,A,7/22/2024 11:39:10 AM,1/28/2025 11:21:39 AM,,,2,,,,,,,
2469205,24007644,2,False,0109,2/12/2024 3:52:00 PM,1552,23X,14,109,Oakland,1,True,True,B,SIDE SWIPE,,Monday,,,F,,False,False,False,,C,OTHER MOTOR VEHICLE,,0,0,A,DAYLIGHT,,,,,,,A,NO PEDESTRIANS INVOLVED,,A,21655B,,1,38TH AV,2,,,A,,,INTERNATIONAL BL,,,A,7/22/2024 11:39:10 AM,1/28/2025 11:21:39 AM,,,2,,,,,,,
2469204,24008994,2,False,0109,2/20/2024 9:14:00 AM,914,14X,14,109,Oakland,1,True,True,B,SIDE SWIPE,,Tuesday,,,,,False,False,False,,E,PARKED MOTOR VEHICLE,,0,0,A,DAYLIGHT,,,,,,,A,NO PEDESTRIANS INVOLVED,,A,21658A,,1,MACARTHUR BL,1,,,A,,,BUREN AV,,,D,7/22/2024 11:39:10 AM,1/28/2025 11:21:39 AM,,,2,,,,,,,
2469203,24008797,2,False,0109,2/19/2024 5:41:00 AM,541,24X,14,109,Oakland,1,True,True,H,OTHER,,Monday,,,M,,False,False,False,,E,PARKED MOTOR VEHICLE,,0,0,C,DARK-STREET LIGHTS,,,,,,,,,,A,22106,,1,42ND AV,2,,,A,S,100.0,MERA ST,F,,D,7/22/2024 11:39:10 AM,1/28/2025 11:21:39 AM,,,2,,,,,,,
2469202,24-009170,2,False,0109,2/21/2024 8:09:00 AM,809,26X,14,109,Oakland,1,True,True,D,BROADSIDE,,Wednesday,,,,,False,False,False,,C,OTHER MOTOR VEHICLE,,0,0,A,DAYLIGHT,,,,,,,A,NO PEDESTRIANS INVOLVED,,A,21453A,,1,66TH AV,2,,,A,,,SAN LEANDRO ST,,,A,7/22/2024 11:39:10 AM,1/28/2025 11:21:39 AM,,,2,,,,,,,
2469201,24006164,2,False,0109,2/3/2024 11:07:00 PM,2307,26X,14,109,Oakland,1,True,True,B,SIDE SWIPE,,Saturday,,,,,False,False,False,,C,OTHER MOTOR VEHICLE,,0,0,C,DARK-STREET LIGHTS,,,,,,,A,NO PEDESTRIANS INVOLVED,,A,21453A,,1,50TH AV,2,,,B,,,INTERNATIONAL BL,,,A,7/22/2024 11:39:10 AM,1/28/2025 11:21:39 AM,,,2,,,,,,,