collision-id,report-number,report-version,is-preliminary,ncic-code,crash-date-time,crash-time-description,beat,city-id,city-code,city-name,county-code,city-is-active,city-is-incorporated,collision-type-code,collision-type-description,collision-type-other-desc,day-of-week,dispatch-notified,has-photographs,hit-run,is-attachments-mailed,is-deleted,is-highway-related,is-tow-away,judicial-district,motor-vehicle-involved-with-code,motor-vehicle-involved-with-desc,motor-vehicle-involved-with-other-desc,number-injured,number-killed,lighting-code,lighting-description,latitude,longitude,milepost-direction,milepost-distance,milepost-marker,milepost-unit-of-measure,pedestrian-action-code,pedestrian-action-desc,prepared-date,primary-collision-factor-code,primary-collision-factor-description,primary-collision-factor-is-cited,primary-collision-party-number,primary-road,reporting-district,reporting-district-code,reviewed-date,roadway-surface-code,secondary-direction,secondary-distance,secondary-road,secondary-unit-of-measure,sketch-desc,traffic-control-device-code,created-date,modified-date,is-county-road,is-freeway,chp-555-version,is-additonal-object-struck,notification-date,notification-time-description,has-digital-media-files,evidence-number,is-location-refer-to-narrative,is-aoi-one-same-as-location
2468840,24-005752,2,False,0109,2/1/2024 12:15:00 PM,1215,32X,14,109,Oakland,1,True,True,D,BROADSIDE,,Thursday,,,,,False,False,True,,C,OTHER MOTOR VEHICLE,,0,0,A,DAYLIGHT,,,,,,,A,NO PEDESTRIANS INVOLVED,,A,21453A,,1,98TH AVE,2,,,A,,,INTERNATIONAL BL,,,A,7/22/2024 11:38:46 AM,1/28/2025 11:21:23 AM,,,2,,,,,,,
2468838,24-005787,2,False,0109,2/1/2024 6:08:00 PM,1808,30X,14,109,Oakland,1,True,True,B,SIDE SWIPE,,Thursday,,,,,False,False,False,,E,PARKED MOTOR VEHICLE,,0,0,C,DARK-STREET LIGHTS,,,,,,,A,NO PEDESTRIANS INVOLVED,,A,22107,,1,73RD AV,2,,,B,N,50.0,BANCROFT AV,F,,A,7/22/2024 11:38:46 AM,1/28/2025 11:21:23 AM,,,2,,,,,,,
2468496,24-010587,2,False,0109,2/29/2024 7:00:00 PM,1900,35X,14,109,Oakland,1,True,True,H,OTHER,,Thursday,,,M,,False,False,False,,E,PARKED MOTOR VEHICLE,,0,0,A,DAYLIGHT,,,,,,,A,NO PEDESTRIANS INVOLVED,,A,22107,,1,BANCROFT AV,2,,,A,W,20.0,84TH AV,F,,D,7/22/2024 11:38:21 AM,1/28/2025 11:21:08 AM,,,2,,,,,,,
2465957,24-006982,2,False,0109,2/8/2024 10:31:00 AM,1031,,14,109,Oakland,1,True,True,B,SIDE SWIPE,,Thursday,,,,,False,False,False,,,,,0,0,A,DAYLIGHT,,,,,,,A,NO PEDESTRIANS INVOLVED,,A,22107,,1,64TH AV,2,,,A,S,50.0,BANCROFT AV,F,,D,7/22/2024 11:35:31 AM,1/28/2025 11:19:13 AM,,,2,,,,,,,
2465956,24-009582,2,False,0109,2/23/2024 11:38:00 AM,1138,06X,14,109,Oakland,1,True,True,B,SIDE SWIPE,,Friday,,,M,,False,False,True,,E,PARKED MOTOR VEHICLE,,0,0,A,DAYLIGHT,,,,,,,A,NO PEDESTRIANS INVOLVED,,A,22107,,1,WEST ST,1,,,A,S,40.0,39TH ST,F,,D,7/22/2024 11:35:31 AM,1/28/2025 11:19:13 AM,,,2,,,,,,,
2465724,24-009598,2,False,0109,2/23/2024 5:01:00 PM,1701,05X,14,109,Oakland,1,True,True,D,BROADSIDE,,Friday,,,,,False,False,False,,C,OTHER MOTOR VEHICLE,,1,0,A,DAYLIGHT,,,,,,,A,NO PEDESTRIANS INVOLVED,,A,21453A,,,BRUSH ST,1,,,A,,,14TH ST,,,A,7/22/2024 11:35:16 AM,1/28/2025 11:19:00 AM,,,2,,,,,,,
2465723,24-009627,2,False,0109,2/23/2024 9:49:00 PM,2149,26Y,14,109,Oakland,1,True,True,C,REAR END,,Friday,,,M,,False,False,True,,C,OTHER MOTOR VEHICLE,,1,0,C,DARK-STREET LIGHTS,,,,,,,A,NO PEDESTRIANS INVOLVED,,A,22350,,1,SAN LEANDRO ST,2,,,A,W,5.0,SEMINARY AV,F,,A,7/22/2024 11:35:16 AM,1/28/2025 11:19:00 AM,,,2,,,,,,,
2465588,24-011513,2,False,0109,3/6/2024 11:45:00 AM,1145,26X,14,109,Oakland,1,True,True,B,SIDE SWIPE,,Wednesday,,,,,False,False,False,,C,OTHER MOTOR VEHICLE,,2,0,A,DAYLIGHT,,,,,,,A,NO PEDESTRIANS INVOLVED,,A,22107,,1,66TH AV,2,,,A,N,250.0,OAKPORT ST,F,,D,7/22/2024 11:35:06 AM,1/28/2025 11:18:54 AM,,,2,,,,,,,
2465260,24013720,2,False,0109,3/18/2024 7:25:00 PM,1925,05X,14,109,Oakland,1,True,True,D,BROADSIDE,,Monday,,,,,False,False,False,,C,OTHER MOTOR VEHICLE,,1,0,B,DUSK-DAWN,,,,,,,A,NO PEDESTRIANS INVOLVED,,A,22350,,1,MARKET ST,1,,,A,,,20TH ST,,,D,7/22/2024 11:34:45 AM,1/28/2025 11:18:37 AM,,,2,,,,,,,
2465259,24014811,2,False,0109,3/24/2024 8:16:00 PM,2016,11Z,14,109,Oakland,1,True,True,D,BROADSIDE,,Sunday,,,,,False,False,True,,C,OTHER MOTOR VEHICLE,,2,0,C,DARK-STREET LIGHTS,,,,,,,A,NO PEDESTRIANS INVOLVED,,A,21801A,,1,SHATTUCK AV,1,,,A,,,55TH ST,,,A,7/22/2024 11:34:45 AM,1/28/2025 11:18:37 AM,,,2,,,,,,,
2465258,24012058,2,False,0109,3/8/2024 9:15:00 PM,2115,22X,14,109,Oakland,1,True,True,E,HIT OBJECT,,Friday,,,,,False,False,True,,I,FIXED OBJECT,,1,0,C,DARK-STREET LIGHTS,,,,,,,A,NO PEDESTRIANS INVOLVED,,A,22107,,1,MACARTHUR BL,2,,,A,W,60.0,LINCOLN AV,F,,D,7/22/2024 11:34:45 AM,1/28/2025 11:18:37 AM,,,2,,,,,,,
2464880,24-027024,2,False,0109,5/31/2024 4:03:00 PM,1603,20X,14,109,Oakland,1,True,True,D,BROADSIDE,,Friday,,,M,,False,False,False,,G,BICYCLE,,1,0,A,DAYLIGHT,,,,,,,B,CROSSING IN CROSS WALK AT INTERSECTION,,A,22107,,1,FRUITVALE AV,2,,,A,,,INTERNATIONAL BL,,,A,7/22/2024 11:34:20 AM,1/28/2025 11:18:20 AM,,,2,,,,,,,
2464873,24-014553,2,False,0109,5/30/2024 12:14:00 AM,14,28X,14,109,Oakland,1,True,True,B,SIDE SWIPE,,Thursday,,,M,,False,False,True,,E,PARKED MOTOR VEHICLE,,0,0,C,DARK-STREET LIGHTS,,,,,,,A,NO PEDESTRIANS INVOLVED,,A,23152A,,1,ALLENDALE AV,2,,,A,W,35.0,HIGH ST,F,,D,7/22/2024 11:34:20 AM,1/28/2025 11:18:19 AM,,,2,,,,,,,
2464872,24-027377,2,False,0109,5/31/2024 6:59:00 AM,659,21X,14,109,Oakland,1,True,True,E,HIT OBJECT,,Friday,,,M,,False,False,False,,I,FIXED OBJECT,,0,0,A,DAYLIGHT,,,,,,,A,NO PEDESTRIANS INVOLVED,,A,22350,,1,FRUITVALE AV,2,,,A,,,BONA ST,,,D,7/22/2024 11:34:20 AM,1/28/2025 11:18:19 AM,,,2,,,,,,,
2464835,24-027028,2,False,0109,5/31/2024 4:42:00 PM,1642,33X,14,109,Oakland,1,True,True,C,REAR END,,Friday,,,M,,False,False,True,,C,OTHER MOTOR VEHICLE,,1,0,A,DAYLIGHT,,,,,,,A,NO PEDESTRIANS INVOLVED,,A,23152,,1,INTERNATIONAL BL,2,,,A,,,93RD AV,,,A,7/22/2024 11:34:18 AM,1/28/2025 11:18:13 AM,,,2,,,,,,,
2601838,9370-2024-02305,1,False,9370,7/18/2024 9:50:00 PM,2150,023,14,109,Oakland,1,True,True,B,SIDE SWIPE,,Thursday,NotApplicable,False,M,,False,True,False,ALAMEDA SUPERIOR COURT WILEY W. MANUEL COURTHOUSE,C,OTHER MOTOR VEHICLE,,0,0,C,DARK-STREET LIGHTS,37.848539,-122.234586,,,,,A,NO PEDESTRIANS INVOLVED,7/18/2024 9:50:00 PM,A,VC 21658(a),False,1,SR-24 E/B,,,7/25/2024 8:33:51 AM,A,W,1739.0,SR-13 S/B,F,,D,7/25/2024 8:33:52 AM,7/25/2024 8:33:52 AM,False,True,4,,7/18/2024 10:00:00 PM,2200,True,EMBEDDED,,True
2601834,9370-2024-02309,1,False,9370,7/18/2024 9:30:00 PM,2130,055,14,109,Oakland,1,True,True,B,SIDE SWIPE,,Thursday,NotApplicable,False,M,,False,True,False,ALAMEDA SUPERIOR COURT WILEY W. MANUEL COURTHOUSE,C,OTHER MOTOR VEHICLE,,0,0,D,DARK-NO STREET LIGHTS,37.823461,-122.263853,,,,,A,NO PEDESTRIANS INVOLVED,7/18/2024 9:30:00 PM,A,VC 21658(a),False,1,INTERSTATE 580 WB TO SR 24 E/B,,,7/25/2024 8:30:19 AM,A,E,1300.0,STATE ROUTE 24,F,,D,7/25/2024 8:30:21 AM,7/25/2024 8:30:21 AM,False,True,4,,7/18/2024 9:35:00 PM,2135,False,,,True
2601793,9370-2024-02295,1,False,9370,7/17/2024 5:30:00 PM,1730,024,14,109,Oakland,1,True,True,B,SIDE SWIPE,,Wednesday,NotApplicable,False,,,False,True,False,ALAMEDA SUPERIOR COURT WILEY W. MANUEL COURTHOUSE,C,OTHER MOTOR VEHICLE,,0,0,A,DAYLIGHT,37.861338,-122.209496,,,,,A,NO PEDESTRIANS INVOLVED,7/17/2024 5:30:00 PM,A,VC 21658(a),False,1,SR-24 E/B (CALDECOTT TUNNEL BORE 2),,,7/25/2024 7:44:02 AM,A,E,300.0,OLD TUNNEL ROAD,F,,D,7/25/2024 7:44:03 AM,7/25/2024 7:44:03 AM,False,True,4,,7/17/2024 5:40:00 PM,1740,False,,,True
2601687,9370-2024-02294,1,False,9370,7/16/2024 5:40:00 PM,1740,176,14,109,Oakland,1,True,True,B,SIDE SWIPE,,Tuesday,NotApplicable,False,M,,False,True,False,ALAMEDA SUPERIOR COURT WILEY W. MANUEL COURTHOUSE,C,OTHER MOTOR VEHICLE,,0,0,A,DAYLIGHT,37.741863,-122.197744,,,,,A,NO PEDESTRIANS INVOLVED,7/16/2024 5:40:00 PM,A,VC 21755(A),True,1,I-880 SOUTHBOUND,,,7/25/2024 6:11:50 AM,A,S,522.0,HEGENBERGER ROAD,F,,D,7/25/2024 6:11:51 AM,7/25/2024 6:11:51 AM,False,True,4,,7/16/2024 5:48:00 PM,1748,False,,True,
2596842,24-009896,2,False,0109,2/25/2024 5:04:00 PM,1704,03X,14,109,Oakland,1,True,True,D,BROADSIDE,,Sunday,,,,,False,False,True,,C,OTHER MOTOR VEHICLE,,0,0,A,DAYLIGHT,,,,,,,A,NO PEDESTRIANS INVOLVED,,B,,,1,9TH ST,1,,,A,,,BROADWAY,,,A,7/24/2024 2:19:45 PM,1/28/2025 11:36:02 AM,,,2,,,,,,,
2596781,24-004488,2,False,0109,1/26/2024 8:45:00 AM,845,03X,14,109,Oakland,1,True,True,D,BROADSIDE,,Friday,,,,,False,False,True,,C,OTHER MOTOR VEHICLE,,2,0,A,DAYLIGHT,,,,,,,A,NO PEDESTRIANS INVOLVED,,A,21453A,,1,14TH ST,1,,,A,,,WEBSTER ST,,,A,7/24/2024 1:49:45 PM,1/28/2025 11:36:02 AM,,,2,,,,,,,
2596705,9370-2024-02361,1,False,9370,7/23/2024 5:40:00 PM,1740,025,14,109,Oakland,1,True,True,C,REAR END,,Tuesday,NotApplicable,False,,,False,True,False,ALAMEDA SUPERIOR COURT WILEY W. MANUEL COURTHOUSE,C,OTHER MOTOR VEHICLE,,0,0,A,DAYLIGHT,37.847044,-122.245771,,,,,A,NO PEDESTRIANS INVOLVED,7/23/2024 5:40:00 PM,A,VC 22350,False,1,SR-24 E/B (GROVE SHAFTER FREEWAY),,,7/24/2024 1:18:12 PM,A,W,406.0,BROADWAY,F,,D,7/24/2024 1:18:13 PM,7/24/2024 1:18:13 PM,False,True,4,,7/23/2024 5:45:00 PM,1745,False,,,True
2596697,24-009900,2,False,0109,2/25/2024 5:02:00 PM,1702,03Y,14,109,Oakland,1,True,True,B,SIDE SWIPE,,Sunday,,,,,False,False,True,,C,OTHER MOTOR VEHICLE,,1,0,A,DAYLIGHT,,,,,,,F,NOT IN ROAD,,B,,,1,BROADWAY,2,,,A,,,14TH ST,,,A,7/24/2024 1:14:44 PM,1/28/2025 11:36:02 AM,,,2,,,,,,,
2596478,24-017768,2,False,0109,4/11/2024 8:04:00 AM,804,03X,14,109,Oakland,1,True,True,A,HEAD-ON,,Thursday,,,,,False,False,False,,C,OTHER MOTOR VEHICLE,,0,0,A,DAYLIGHT,,,,,,,A,NO PEDESTRIANS INVOLVED,,A,22107,,1,OAK ST,1,,,A,S,5.0,5TH ST,F,,A,7/24/2024 11:09:43 AM,1/28/2025 11:18:01 AM,,,2,,,,,,,
2596475,9370-2024-02356,1,False,9370,7/17/2024 11:04:00 AM,1104,053,14,109,Oakland,1,True,True,B,SIDE SWIPE,,Wednesday,NotApplicable,False,M,,False,True,False,ALAMEDA SUPERIOR COURT WILEY W. MANUEL COURTHOUSE,C,OTHER MOTOR VEHICLE,,0,0,A,DAYLIGHT,37.79936,-122.22196,,,,,A,NO PEDESTRIANS INVOLVED,7/17/2024 11:04:00 AM,A,VC 21658(A),False,1,I-580 E/B,,,7/24/2024 11:09:13 AM,A,W,1400.0,FRUITVALE AVENUE,F,,D,7/24/2024 11:09:15 AM,7/24/2024 11:09:15 AM,False,True,4,,7/17/2024 11:10:00 AM,1110,True,EMBEDDED,,True
2596468,24-016847,2,False,0109,4/5/2024 6:41:00 PM,1841,33X,14,109,Oakland,1,True,True,B,SIDE SWIPE,,Friday,,,,,False,False,False,,C,OTHER MOTOR VEHICLE,,0,0,C,DARK-STREET LIGHTS,,,,,,,A,NO PEDESTRIANS INVOLVED,,D,,,,90TH AV,2,,,A,S,50.0,OLIVE ST,F,,D,7/24/2024 11:04:43 AM,1/28/2025 11:18:01 AM,,,2,,,,,,,
2596208,9335-2024-01628,1,False,9335,7/17/2024 2:55:00 AM,255,084,14,109,Oakland,1,True,True,C,REAR END,,Wednesday,Yes,False,M,,False,True,True,ALAMEDA SUPERIOR COURT ALAMEDA,C,OTHER MOTOR VEHICLE,,1,0,C,DARK-STREET LIGHTS,37.822724,-122.319769,,,,,A,NO PEDESTRIANS INVOLVED,7/17/2024 2:55:00 AM,A,VC 22350,False,1,I-80 EASTBOUND,,,7/24/2024 8:45:58 AM,A,W,768.0,SAN FRANCISCO OAKLAND METERING LIGHTS,F,,D,7/24/2024 8:46:03 AM,7/24/2024 8:46:03 AM,False,True,4,True,7/17/2024 2:56:00 AM,256,True,EMBEDDED,,True
2596149,9370-2024-02292,1,False,9370,7/17/2024 5:50:00 AM,550,177,14,109,Oakland,1,True,True,B,SIDE SWIPE,,Wednesday,NotApplicable,False,,,False,True,False,ALAMEDA SUPERIOR COURT WILEY W. MANUEL COURTHOUSE,C,OTHER MOTOR VEHICLE,,1,0,A,DAYLIGHT,37.787201,-122.247204,,,,,A,NO PEDESTRIANS INVOLVED,7/17/2024 5:50:00 AM,A,VC 21658(A),False,,I-880 NORTHBOUND,,,7/24/2024 8:08:29 AM,A,S,3347.0,5TH AVENUE,F,,D,7/24/2024 8:08:31 AM,7/24/2024 8:08:31 AM,False,True,4,,7/17/2024 6:00:00 AM,600,False,,,
2596067,9370-2024-02254,1,False,9370,7/14/2024 10:45:00 AM,1045,025,14,109,Oakland,1,True,True,C,REAR END,,Sunday,NotApplicable,False,,,False,True,False,ALAMEDA SUPERIOR COURT WILEY W. MANUEL COURTHOUSE,C,OTHER MOTOR VEHICLE,,0,0,A,DAYLIGHT,37.83487,-122.26625,,,,,A,NO PEDESTRIANS INVOLVED,7/14/2024 10:45:00 AM,A,VC 22350,False,1,SR-24 W/B,,,7/24/2024 7:22:17 AM,A,W,513.0,45TH STREET UNDERCROSSING,F,,D,7/24/2024 7:22:18 AM,7/24/2024 7:22:18 AM,False,True,4,,7/14/2024 10:59:00 AM,1059,False,,,True
2596058,9370-2024-02285,1,False,9370,7/16/2024 8:00:00 PM,2000,025,14,109,Oakland,1,True,True,C,REAR END,,Tuesday,Yes,False,,,False,True,True,ALAMEDA SUPERIOR COURT WILEY W. MANUEL COURTHOUSE,C,OTHER MOTOR VEHICLE,,1,0,A,DAYLIGHT,37.845394,-122.249273,,,,,A,NO PEDESTRIANS INVOLVED,7/16/2024 8:00:00 PM,A,VC 22350,False,1,SR-24 E/B,,,7/24/2024 7:18:41 AM,A,W,605.0,BROADWAY,F,,D,7/24/2024 7:18:42 AM,7/24/2024 7:18:42 AM,False,True,4,,7/16/2024 8:03:00 PM,2003,False,,,True
2595992,9370-2024-02266,1,False,9370,7/15/2024 8:12:00 AM,812,008,14,109,Oakland,1,True,True,B,SIDE SWIPE,,Monday,NotApplicable,False,,,False,True,False,ALAMEDA SUPERIOR COURT WILEY W. MANUEL COURTHOUSE,C,OTHER MOTOR VEHICLE,,0,0,A,DAYLIGHT,37.824984,-122.312291,,,,,A,NO PEDESTRIANS INVOLVED,7/15/2024 8:12:00 AM,A,VC 21658(a),False,1,I-80 W/B,,,7/24/2024 6:35:44 AM,A,E,427.0,BAY BRIDGE TOLL PLAZA,F,,D,7/24/2024 6:35:46 AM,7/24/2024 6:35:46 AM,False,True,4,,7/15/2024 8:17:00 AM,817,False,,,True
2595971,9370-2024-02223,1,False,9370,7/11/2024 2:35:00 AM,235,177,14,109,Oakland,1,True,True,G,VEHICLE/PEDESTRAIN,,Thursday,Yes,False,F,,False,True,False,ALAMEDA SUPERIOR COURT WILEY W. MANUEL COURTHOUSE,B,PEDESTRIAN,,1,0,D,DARK-NO STREET LIGHTS,37.784706,-122.24222,,,,,E,IN ROAD - INCLUDES SHOULDER,7/11/2024 2:35:00 AM,A,VC 21954(A),False,2,I-880 N/B,,,7/24/2024 6:10:39 AM,A,N,120.0,16TH AVE,F,,D,7/24/2024 6:10:40 AM,7/24/2024 6:10:40 AM,False,True,4,False,7/11/2024 2:53:00 AM,253,False,,,True
2595684,9335-2024-01564,1,False,9335,7/4/2024 2:00:00 PM,1400,090,14,109,Oakland,1,True,True,F,OVERTURNED,,Thursday,Yes,False,,,False,True,False,ALAMEDA SUPERIOR COURT ALAMEDA,G,BICYCLE,,1,0,A,DAYLIGHT,37.821136,-122.333119,,,,,A,NO PEDESTRIANS INVOLVED,7/4/2024 2:00:00 PM,D,,,,BAY BRIDGE TRAIL E/B,,,7/23/2024 9:12:24 PM,A,E,0.22,BURMA ROAD,M,,D,7/23/2024 9:12:26 PM,7/23/2024 9:12:26 PM,False,True,4,,7/4/2024 2:05:00 PM,1405,False,,,True
2595402,24-006318,2,False,0109,2/4/2024 9:57:00 PM,2157,19X,14,109,Oakland,1,True,True,B,SIDE SWIPE,,Sunday,,,,,False,False,False,,C,OTHER MOTOR VEHICLE,,0,0,D,DARK-NO STREET LIGHTS,,,,,,,A,NO PEDESTRIANS INVOLVED,,A,21800D,,,E 10TH ST,1,,,A,,,5TH AV,,,B,7/23/2024 2:34:34 PM,1/28/2025 11:24:11 AM,,,2,,,,,,,
2595394,24-009111,2,False,0109,2/20/2024 8:24:00 PM,2024,30X,14,109,Oakland,1,True,True,D,BROADSIDE,,Tuesday,,,,,False,False,True,,C,OTHER MOTOR VEHICLE,,2,0,A,DAYLIGHT,,,,,,,A,NO PEDESTRIANS INVOLVED,,A,21802A,,1,73RD AV,2,,,A,,,FRESNO ST,,,A,7/23/2024 2:34:33 PM,1/28/2025 11:27:10 AM,,,2,,,,,,,
2571986,9370-2024-02286,1,False,9370,7/16/2024 5:50:00 PM,1750,008,14,109,Oakland,1,True,True,C,REAR END,,Tuesday,NotApplicable,False,,,False,True,True,ALAMEDA SUPERIOR COURT WILEY W. MANUEL COURTHOUSE,C,OTHER MOTOR VEHICLE,,0,0,A,DAYLIGHT,37.824791,-122.306593,,,,,A,NO PEDESTRIANS INVOLVED,7/16/2024 5:50:00 PM,A,VC 22350,False,1,I-80 E/B,,,7/23/2024 11:54:47 AM,A,E,1000.0,SFOBB TOLL PLAZA,F,,D,7/23/2024 11:54:48 AM,7/23/2024 11:54:48 AM,False,True,4,,7/16/2024 5:53:00 PM,1753,False,,,True
2571891,9370-2024-02283,1,False,9370,7/16/2024 4:30:00 PM,1630,008,14,109,Oakland,1,True,True,E,HIT OBJECT,,Tuesday,NotApplicable,False,,,False,True,False,ALAMEDA SUPERIOR COURT WILEY W. MANUEL COURTHOUSE,I,FIXED OBJECT,TOLL BOOTH,0,0,A,DAYLIGHT,37.824708,-122.313654,,,,,A,NO PEDESTRIANS INVOLVED,7/16/2024 4:30:00 PM,A,VC 22107,False,1,I-80 W/B,,,7/23/2024 10:43:40 AM,A,E,5.0,SAN FRANCISCO OAKLAND BAY BRIDGE TOLL PLAZA,F,,D,7/23/2024 10:43:41 AM,7/23/2024 10:43:41 AM,False,True,4,,7/16/2024 4:33:00 PM,1633,False,,,True
2571887,9370-2024-02289,1,False,9370,7/16/2024 11:45:00 AM,1145,008,14,109,Oakland,1,True,True,B,SIDE SWIPE,,Tuesday,NotApplicable,False,,,False,True,False,ALAMEDA SUPERIOR COURT WILEY W. MANUEL COURTHOUSE,C,OTHER MOTOR VEHICLE,,0,0,A,DAYLIGHT,37.824112,-122.31243,,,,,A,NO PEDESTRIANS INVOLVED,7/16/2024 11:45:00 AM,A,VC 21658(A),False,1,I-80 EASTBOUND,,,7/23/2024 10:40:38 AM,A,E,390.0,SAN FRANCISCO-OAKLAND BAY BRIDGE TOLL PLAZA,F,,D,7/23/2024 10:40:39 AM,7/23/2024 10:40:39 AM,False,True,4,,7/16/2024 11:50:00 AM,1150,False,,,True
2508856,9370-2024-02272,1,False,9370,7/15/2024 3:15:00 PM,1515,055,14,109,Oakland,1,True,True,A,HEAD-ON,,Monday,NotApplicable,False,,,False,True,False,ALAMEDA SUPERIOR COURT WILEY W. MANUEL COURTHOUSE,A,NON-COLLISION,,0,0,A,DAYLIGHT,37.827222,-122.280444,,,,,A,NO PEDESTRIANS INVOLVED,7/15/2024 3:15:00 PM,A,VC 22107,False,1,I-580 W/B,,,7/23/2024 8:15:04 AM,A,E,200.0,PERALTA STREET,F,,D,7/23/2024 8:15:07 AM,7/23/2024 8:15:07 AM,False,True,4,,7/15/2024 3:18:00 PM,1518,False,,,True
2508792,9370-2024-02261,1,False,9370,7/14/2024 8:25:00 PM,2025,177,14,109,Oakland,1,True,True,B,SIDE SWIPE,,Sunday,NotApplicable,False,,,False,True,False,ALAMEDA SUPERIOR COURT WILEY W. MANUEL COURTHOUSE,C,OTHER MOTOR VEHICLE,,0,0,C,DARK-STREET LIGHTS,37.788691,-122.251461,,,,,A,NO PEDESTRIANS INVOLVED,7/14/2024 8:25:00 PM,A,VC 21658(A),False,1,I-880 N/B,,,7/23/2024 6:54:47 AM,A,N,1036.0,5TH STREET,F,,D,7/23/2024 6:54:49 AM,7/23/2024 6:54:49 AM,False,True,4,,7/14/2024 8:27:00 PM,2027,False,,,True
2508734,9370-2024-02234,1,False,9370,7/11/2024 7:40:00 PM,1940,053,14,109,Oakland,1,True,True,E,HIT OBJECT,,Thursday,NotApplicable,False,,,False,True,True,ALAMEDA SUPERIOR COURT WILEY W. MANUEL COURTHOUSE,I,FIXED OBJECT,EMBANKMENT,0,0,A,DAYLIGHT,37.800725,-122.227333,,,,,A,NO PEDESTRIANS INVOLVED,7/11/2024 7:40:00 PM,A,VC 22107,False,1,I-580 W/B,,,7/23/2024 5:38:14 AM,A,E,393.0,14TH AVENUE,F,,A,7/23/2024 5:38:16 AM,7/23/2024 5:38:16 AM,False,True,4,,7/11/2024 8:01:00 PM,2001,False,,,False
2481049,24-026627,2,False,0109,5/29/2024 3:23:00 PM,1523,32X,14,109,Oakland,1,True,True,A,HEAD-ON,,Wednesday,,,M,,False,False,True,,C,OTHER MOTOR VEHICLE,,1,0,A,DAYLIGHT,,,,,,,A,NO PEDESTRIANS INVOLVED,,A,21453A,,1,105TH AV,2,,,A,,,E ST,,,A,7/22/2024 1:03:39 PM,1/28/2025 11:18:01 AM,,,2,,,,,,,
2480833,24-022680,2,False,0109,5/8/2024 9:48:00 AM,948,09X,14,109,Oakland,1,True,True,C,REAR END,,Wednesday,,,,,False,False,False,,C,OTHER MOTOR VEHICLE,,1,0,A,DAYLIGHT,,,,,,,B,CROSSING IN CROSS WALK AT INTERSECTION,,A,21703,,1,PIEDMONT AV,1,,,A,,,YOSEMITE AVE,,,D,7/22/2024 11:53:34 AM,1/28/2025 11:18:01 AM,,,2,,,,,,,
2480746,24-003876,2,False,0109,1/22/2024 6:35:00 PM,1835,12Y,14,109,Oakland,1,True,True,D,BROADSIDE,,Monday,,,,,False,False,False,,C,OTHER MOTOR VEHICLE,,1,0,C,DARK-STREET LIGHTS,,,,,,,A,NO PEDESTRIANS INVOLVED,,A,21453A,,1,KEITH AV,1,,,A,,,BROADWAY,,,A,7/22/2024 11:53:27 AM,1/28/2025 11:36:18 AM,,,2,,,,,,,
2480744,24-000945,2,False,0109,1/5/2024 9:18:00 PM,2118,18X,14,109,Oakland,1,True,True,D,BROADSIDE,,Friday,,,,,False,False,False,,C,OTHER MOTOR VEHICLE,,0,0,C,DARK-STREET LIGHTS,,,,,,,A,NO PEDESTRIANS INVOLVED,,D,,,,E 21ST ST,1,,,A,E,200.0,17TH AV,F,,D,7/22/2024 11:53:27 AM,1/28/2025 11:36:18 AM,,,2,,,,,,,
2480742,24-001435,2,False,0109,1/8/2024 7:01:00 PM,1901,18X,14,109,Oakland,1,True,True,D,BROADSIDE,,Monday,,,F,,False,False,True,,C,OTHER MOTOR VEHICLE,,0,0,C,DARK-STREET LIGHTS,,,,,,,A,NO PEDESTRIANS INVOLVED,,A,21453A,,1,A4TH AV,1,,,B,,,FOOTHILL BL,,,A,7/22/2024 11:53:27 AM,1/28/2025 11:36:18 AM,,,2,,,,,,,
2480741,24-000848,2,False,0109,1/5/2024 9:23:00 AM,923,24X,14,109,Oakland,1,True,True,D,BROADSIDE,,Friday,,,,,False,False,False,,C,OTHER MOTOR VEHICLE,,0,0,A,DAYLIGHT,,,,,,,A,NO PEDESTRIANS INVOLVED,,A,21801A,,1,HIGH ST,2,,,A,,,YGNACIO AV,,,A,7/22/2024 11:53:27 AM,1/28/2025 11:36:18 AM,,,2,,,,,,,
2480740,26X,2,False,0109,1/10/2024 12:47:00 PM,1247,2,14,109,Oakland,1,True,True,H,OTHER,,Wednesday,,,M,,False,False,False,,I,FIXED OBJECT,,0,0,A,DAYLIGHT,,,,,,,F,NOT IN ROAD,,A,22107,,1,SAN LEANDRO ST,,,,B,,,54TH AV,,,A,7/22/2024 11:53:27 AM,1/28/2025 11:36:18 AM,,,2,,,,,,,
2480708,24-002599,2,False,0109,1/16/2024 8:30:00 AM,830,21X,14,109,Oakland,1,True,True,A,HEAD-ON,,Tuesday,,,,,False,False,False,,C,OTHER MOTOR VEHICLE,,0,0,A,DAYLIGHT,,,,,,,A,NO PEDESTRIANS INVOLVED,,A,22107,,1,21ST ST,2,,,B,,,27TH AV,,,D,7/22/2024 11:53:25 AM,1/28/2025 11:36:16 AM,,,2,,,,,,,
2480707,24-003636,2,False,0109,1/21/2024 2:59:00 PM,1459,24X,14,109,Oakland,1,True,True,D,BROADSIDE,,Sunday,,,,,False,False,False,,C,OTHER MOTOR VEHICLE,,0,0,A,DAYLIGHT,,,,,,,A,NO PEDESTRIANS INVOLVED,,A,21453A,,1,36TH AVE,2,,,A,,,FOOTHILL BLVD,,,A,7/22/2024 11:53:25 AM,1/28/2025 11:36:16 AM,,,2,,,,,,,