collision-id,report-number,report-version,is-preliminary,ncic-code,crash-date-time,crash-time-description,beat,city-id,city-code,city-name,county-code,city-is-active,city-is-incorporated,collision-type-code,collision-type-description,collision-type-other-desc,day-of-week,dispatch-notified,has-photographs,hit-run,is-attachments-mailed,is-deleted,is-highway-related,is-tow-away,judicial-district,motor-vehicle-involved-with-code,motor-vehicle-involved-with-desc,motor-vehicle-involved-with-other-desc,number-injured,number-killed,lighting-code,lighting-description,latitude,longitude,milepost-direction,milepost-distance,milepost-marker,milepost-unit-of-measure,pedestrian-action-code,pedestrian-action-desc,prepared-date,primary-collision-factor-code,primary-collision-factor-description,primary-collision-factor-is-cited,primary-collision-party-number,primary-road,reporting-district,reporting-district-code,reviewed-date,roadway-surface-code,secondary-direction,secondary-distance,secondary-road,secondary-unit-of-measure,sketch-desc,traffic-control-device-code,created-date,modified-date,is-county-road,is-freeway,chp-555-version,is-additonal-object-struck,notification-date,notification-time-description,has-digital-media-files,evidence-number,is-location-refer-to-narrative,is-aoi-one-same-as-location
2480703,24-000307,2,False,0109,1/2/2024 1:36:00 AM,136,19X,14,109,Oakland,1,True,True,G,VEHICLE/PEDESTRAIN,,Tuesday,,,F,,False,False,False,,B,PEDESTRIAN,,1,0,C,DARK-STREET LIGHTS,,,,,,,F,NOT IN ROAD,,A,22107A,,1,E 15TH ST,1,,,A,,,E 15TH ST 700,,,D,7/22/2024 11:53:25 AM,1/28/2025 11:36:15 AM,,,2,,,,,,,
2480699,24-002464,2,False,0109,1/15/2024 11:36:00 AM,1136,33X,14,109,Oakland,1,True,True,D,BROADSIDE,,Monday,,,,,False,False,False,,G,BICYCLE,,1,0,A,DAYLIGHT,,,,,,,A,NO PEDESTRIANS INVOLVED,,A,22107,,1,85TH AVE,2,,,A,,,D ST,,,A,7/22/2024 11:53:24 AM,1/28/2025 11:36:16 AM,,,2,,,,,,,
2480697,24-003746,2,False,0109,1/22/2024 8:27:00 AM,827,30X,14,109,Oakland,1,True,True,D,BROADSIDE,,Monday,,,,,False,False,False,,C,OTHER MOTOR VEHICLE,,1,0,A,DAYLIGHT,,,,,,,A,NO PEDESTRIANS INVOLVED,,A,22103,,1,HAVENSCOURT BL,2,,,B,S,100.0,BANCROFT AV,F,,A,7/22/2024 11:53:24 AM,1/28/2025 11:36:16 AM,,,2,,,,,,,
2480695,24-005109,2,False,0109,1/29/2024 5:55:00 PM,1755,05X,14,109,Oakland,1,True,True,D,BROADSIDE,,Monday,,,,,False,False,False,,C,OTHER MOTOR VEHICLE,,2,0,C,DARK-STREET LIGHTS,,,,,,,A,NO PEDESTRIANS INVOLVED,,A,21453A,,1,BRUSH ST,1,,,A,,,18TH ST,,,A,7/22/2024 11:53:24 AM,1/28/2025 11:36:15 AM,,,2,,,,,,,
2480691,24-005616,2,False,0109,1/31/2024 6:04:00 PM,1804,19X,14,109,Oakland,1,True,True,G,VEHICLE/PEDESTRAIN,,Wednesday,,,,,False,False,False,,B,PEDESTRIAN,,1,0,C,DARK-STREET LIGHTS,,,,,,,C,CROSSING IN CROSS WALK - NOT AT INTERSECTION,,A,21950A,,1,INTERNATIONAL AV,1,,,B,S,10.0,12TH AV,F,,D,7/22/2024 11:53:23 AM,1/28/2025 11:36:15 AM,,,2,,,,,,,
2480688,24-007081,2,False,0109,2/9/2024 1:40:00 AM,140,19X,14,109,Oakland,1,True,True,A,HEAD-ON,,Friday,,,,,False,False,False,,E,PARKED MOTOR VEHICLE,,0,0,C,DARK-STREET LIGHTS,,,,,,,A,NO PEDESTRIANS INVOLVED,,A,22107,,1,8TH AV,1,,,A,,,INTERNATIONAL BL,,,A,7/22/2024 11:53:23 AM,1/28/2025 11:36:15 AM,,,2,,,,,,,
2480680,24-008472,2,False,0109,2/16/2024 6:52:00 PM,1852,25Y,14,109,Oakland,1,True,True,D,BROADSIDE,,Friday,,,,,False,False,True,,C,OTHER MOTOR VEHICLE,,0,0,C,DARK-STREET LIGHTS,,,,,,,A,NO PEDESTRIANS INVOLVED,,A,22450A,,1,KELLER AV,2,,,A,,,MOUNTAIN BL,,,A,7/22/2024 11:53:23 AM,1/28/2025 11:36:15 AM,,,2,,,,,,,
2480678,24-008197,2,False,0109,2/15/2024 6:49:00 PM,1849,29X,14,109,Oakland,1,True,True,F,OVERTURNED,,Thursday,,,,,False,False,False,,C,OTHER MOTOR VEHICLE,,0,0,C,DARK-STREET LIGHTS,,,,,,,A,NO PEDESTRIANS INVOLVED,,A,21453A,,1,FOOTHILL BL,2,,,A,,,HAVENSCOURT BL,,,A,7/22/2024 11:53:23 AM,1/28/2025 11:36:15 AM,,,2,,,,,,,
2480676,24-007468,2,False,0109,2/11/2024 12:20:00 PM,1220,14X,14,109,Oakland,1,True,True,E,HIT OBJECT,,Sunday,,,M,,False,False,False,,I,FIXED OBJECT,,0,0,A,DAYLIGHT,,,,,,,A,NO PEDESTRIANS INVOLVED,,A,22107,,1,GRAND AV,1,,,A,W,150.0,PERKIN ST,F,,A,7/22/2024 11:53:22 AM,1/28/2025 11:36:15 AM,,,2,,,,,,,
2480661,24-006327,2,False,0109,2/5/2024 9:27:00 PM,2127,19X,14,109,Oakland,1,True,True,B,SIDE SWIPE,,Monday,,,M,,False,False,False,,C,OTHER MOTOR VEHICLE,,0,0,C,DARK-STREET LIGHTS,,,,,,,A,NO PEDESTRIANS INVOLVED,,A,21453A,,1,19TH AV,1,,,B,,,FOOTHILL BL,,,A,7/22/2024 11:53:21 AM,1/28/2025 11:36:14 AM,,,2,,,,,,,
2480660,24-008841,2,False,0109,2/19/2024 11:49:00 AM,1149,08X,14,109,Oakland,1,True,True,B,SIDE SWIPE,,Monday,,,,,False,False,False,,C,OTHER MOTOR VEHICLE,,0,0,A,DAYLIGHT,,,,,,,A,NO PEDESTRIANS INVOLVED,,A,21804A,,1,27TH ST,1,,,A,E,150.0,TELEGRAPH AV,F,,D,7/22/2024 11:53:21 AM,1/28/2025 11:36:14 AM,,,2,,,,,,,
2480658,24-025936,2,False,0109,5/26/2024 1:40:00 PM,1340,10X,14,109,Oakland,1,True,True,C,REAR END,,Sunday,,,,,False,False,False,,C,OTHER MOTOR VEHICLE,,0,0,A,DAYLIGHT,,,,,,,A,NO PEDESTRIANS INVOLVED,,A,21703,,1,SAN PABLO AV,1,,,A,N,100.0,66TH ST,F,,D,7/22/2024 11:53:21 AM,1/28/2025 11:36:14 AM,,,2,,,,,,,
2480657,24-007589,2,False,0109,2/12/2024 10:23:00 AM,1023,06X,14,109,Oakland,1,True,True,C,REAR END,,Monday,,,,,False,False,True,,C,OTHER MOTOR VEHICLE,,0,0,A,DAYLIGHT,,,,,,,A,NO PEDESTRIANS INVOLVED,,A,22107,,1,APGAR ST,1,,,A,,,WEST ST,,,A,7/22/2024 11:53:21 AM,1/28/2025 11:36:14 AM,,,2,,,,,,,
2480656,24-008930,2,False,0109,2/19/2024 8:00:00 PM,2000,26X,14,109,Oakland,1,True,True,A,HEAD-ON,,Monday,,,M,,False,False,False,,C,OTHER MOTOR VEHICLE,,0,0,C,DARK-STREET LIGHTS,,,,,,,,,,A,21453A,,1,HEGENBERGER RD,2,,,B,,,INTERNATIONAL BL,,,A,7/22/2024 11:53:21 AM,1/28/2025 11:36:14 AM,,,2,,,,,,,
2480655,24-007781,2,False,0109,2/13/2024 10:34:00 AM,1034,26Y,14,109,Oakland,1,True,True,B,SIDE SWIPE,,Tuesday,,,,,False,False,False,,C,OTHER MOTOR VEHICLE,,0,0,A,DAYLIGHT,,,,,,,A,NO PEDESTRIANS INVOLVED,,A,22107,,1,BANCROFT AV,2,,,A,,,FAIRFAX,,,A,7/22/2024 11:53:21 AM,1/28/2025 11:36:14 AM,,,2,,,,,,,
2480654,24-009926,2,False,0109,2/25/2024 11:02:00 PM,2302,04X,14,109,Oakland,1,True,True,G,VEHICLE/PEDESTRAIN,,Sunday,,,F,,False,False,False,,B,PEDESTRIAN,,2,0,C,DARK-STREET LIGHTS,,,,,,,E,IN ROAD - INCLUDES SHOULDER,,A,22350,,1,19TH ST,1,,,A,W,38.0,BROADWAY,F,,A,7/22/2024 11:53:21 AM,1/28/2025 11:36:13 AM,,,2,,,,,,,
2480653,24-008202,2,False,0109,2/15/2024 7:00:00 PM,1900,27X,14,109,Oakland,1,True,True,D,BROADSIDE,,Thursday,,,M,,False,False,False,,C,OTHER MOTOR VEHICLE,,0,0,C,DARK-STREET LIGHTS,,,,,,,A,NO PEDESTRIANS INVOLVED,,A,21453A,,1,VICKSBURG AV,2,,,A,,,FOOTHILL BL,,,A,7/22/2024 11:53:21 AM,1/28/2025 11:36:13 AM,,,2,,,,,,,
2480652,24-010009,2,False,0109,2/26/2024 1:20:00 PM,1320,10X,14,109,Oakland,1,True,True,B,SIDE SWIPE,,Monday,,,,,False,False,False,,C,OTHER MOTOR VEHICLE,,0,0,A,DAYLIGHT,,,,,,,A,NO PEDESTRIANS INVOLVED,,A,22107,,1,MARTIN LUTHER KING JR WY,1,,,A,W,50.0,52ND ST,F,,A,7/22/2024 11:53:21 AM,1/28/2025 11:36:13 AM,,,2,,,,,,,
2480650,24-008632,2,False,0109,2/18/2024 1:26:00 AM,126,30X,14,109,Oakland,1,True,True,B,SIDE SWIPE,,Sunday,,,M,,False,False,False,,C,OTHER MOTOR VEHICLE,,0,0,C,DARK-STREET LIGHTS,,,,,,,A,NO PEDESTRIANS INVOLVED,,A,22350,,1,73RD AV,2,,,B,N,50.0,OUTLOOK AV,F,,C,7/22/2024 11:53:21 AM,1/28/2025 11:36:13 AM,,,2,,,,,,,
2480632,24-007462,2,False,0109,2/11/2024 4:22:00 PM,1622,18X,14,109,Oakland,1,True,True,B,SIDE SWIPE,,Sunday,,,,,False,False,False,,E,PARKED MOTOR VEHICLE,,0,0,A,DAYLIGHT,,,,,,,A,NO PEDESTRIANS INVOLVED,,A,22350,,1,19TH AV,1,,,A,E,30.0,25TH ST,F,,D,7/22/2024 11:53:19 AM,1/28/2025 11:36:01 AM,,,2,,,,,,,
2480629,24-009730,2,False,0109,2/24/2024 1:29:00 PM,1329,09X,14,109,Oakland,1,True,True,C,REAR END,,Saturday,,,,,False,False,False,,E,PARKED MOTOR VEHICLE,,0,0,A,DAYLIGHT,,,,,,,A,NO PEDESTRIANS INVOLVED,,A,22107,,1,HARRISON ST,1,,,A,E,11.0,MOSS AV,F,,D,7/22/2024 11:53:19 AM,1/28/2025 11:36:01 AM,,,2,,,,,,,
2480628,24-010037,2,False,0109,2/26/2024 4:30:00 PM,1630,03X,14,109,Oakland,1,True,True,B,SIDE SWIPE,,Monday,,,M,,False,False,False,,C,OTHER MOTOR VEHICLE,,0,0,A,DAYLIGHT,,,,,,,A,NO PEDESTRIANS INVOLVED,,A,21657,,1,14TH ST,1,,,A,,,WEBSTER ST,,,A,7/22/2024 11:53:19 AM,1/28/2025 11:36:01 AM,,,2,,,,,,,
2480624,24-010581,2,False,0109,2/29/2024 4:51:00 PM,1651,29X,14,109,Oakland,1,True,True,B,SIDE SWIPE,,Thursday,,,,,False,False,False,,C,OTHER MOTOR VEHICLE,,0,0,A,DAYLIGHT,,,,,,,A,NO PEDESTRIANS INVOLVED,,A,22107,,1,MACARTHUR BL,2,,,B,E,85.0,60TH AV,F,,D,7/22/2024 11:53:19 AM,1/28/2025 11:36:01 AM,,,2,,,,,,,
2480623,24-010357,2,False,0109,2/28/2024 3:40:00 PM,1540,08X,14,109,Oakland,1,True,True,B,SIDE SWIPE,,Wednesday,,,,,False,False,False,,C,OTHER MOTOR VEHICLE,,0,0,A,DAYLIGHT,,,,,,,A,NO PEDESTRIANS INVOLVED,,A,22107,,1,38TH ST,1,,,A,,,TELEGRAPH AV,,,D,7/22/2024 11:53:18 AM,1/28/2025 11:36:01 AM,,,2,,,,,,,
2480622,24-008075,2,False,0109,2/14/2024 9:00:00 PM,2100,24X,14,109,Oakland,1,True,True,B,SIDE SWIPE,,Wednesday,,,M,,False,False,True,,E,PARKED MOTOR VEHICLE,,0,0,C,DARK-STREET LIGHTS,,,,,,,A,NO PEDESTRIANS INVOLVED,,A,21658A,,1,HIGH ST,2,,,B,N,60.0,CARRINGTON ST,F,,D,7/22/2024 11:53:18 AM,1/28/2025 11:36:01 AM,,,2,,,,,,,
2480616,24-009832,2,False,0109,2/25/2024 9:33:00 AM,933,07X,14,109,Oakland,1,True,True,A,HEAD-ON,,Sunday,,,,,False,False,False,,I,FIXED OBJECT,,1,0,A,DAYLIGHT,,,,,,,A,NO PEDESTRIANS INVOLVED,,A,22350,,1,MANDELA PKWY,1,,,A,N,30.0,HORTON ST,F,,D,7/22/2024 11:53:18 AM,1/28/2025 11:36:01 AM,,,2,,,,,,,
2480615,24-008915,2,False,0109,2/19/2024 6:46:00 PM,1846,09X,14,109,Oakland,1,True,True,G,VEHICLE/PEDESTRAIN,,Monday,,,F,,False,False,False,,B,PEDESTRIAN,,1,0,C,DARK-STREET LIGHTS,,,,,,,B,CROSSING IN CROSS WALK AT INTERSECTION,,A,21950A,,1,PIEDMONT AV,1,,,B,,,RIO VISTA AV,,,D,7/22/2024 11:53:18 AM,1/28/2025 11:36:01 AM,,,2,,,,,,,
2480613,24-009087,2,False,0109,2/20/2024 5:30:00 PM,1730,09X,14,109,Oakland,1,True,True,G,VEHICLE/PEDESTRAIN,,Tuesday,,,M,,False,False,False,,B,PEDESTRIAN,,1,0,A,DAYLIGHT,,,,,,,E,IN ROAD - INCLUDES SHOULDER,,A,21367B,,1,PIEDMONT AV,1,,,B,S,150.0,WESTALL AV,F,,A,7/22/2024 11:53:18 AM,1/28/2025 11:36:01 AM,,,2,,,,,,,
2480612,24-007525,2,False,0109,2/11/2024 11:24:00 PM,2324,27X,14,109,Oakland,1,True,True,A,HEAD-ON,,Sunday,,,,,False,False,False,,,,,1,0,C,DARK-STREET LIGHTS,,,,,,,A,NO PEDESTRIANS INVOLVED,,A,21453A,,1,VICKSBURG AV,2,,,A,,,FOOTHILL BL,,,A,7/22/2024 11:53:18 AM,1/28/2025 11:36:00 AM,,,2,,,,,,,
2480611,24-007696,2,False,0109,2/12/2024 10:37:00 PM,2237,17Y,14,109,Oakland,1,True,True,D,BROADSIDE,,Monday,,,,,False,False,True,,C,OTHER MOTOR VEHICLE,,2,0,C,DARK-STREET LIGHTS,,,,,,,A,NO PEDESTRIANS INVOLVED,,A,21453A,,1,13TH AV,1,,,A,,,CHATHAM RD,,,A,7/22/2024 11:53:18 AM,1/28/2025 11:36:01 AM,,,2,,,,,,,
2480607,24-010161,2,False,0109,2/27/2024 1:47:00 PM,1347,04X,14,109,Oakland,1,True,True,A,HEAD-ON,,Tuesday,,,,,False,False,False,,G,BICYCLE,,1,0,A,DAYLIGHT,,,,,,,A,NO PEDESTRIANS INVOLVED,,A,216501,,1,HARRISON ST,1,,,A,,,THOMAS L BERKLEY WY,,,A,7/22/2024 11:53:17 AM,1/28/2025 11:36:00 AM,,,2,,,,,,,
2480599,24-009460,2,False,0109,2/22/2024 6:15:00 PM,1815,05X,14,109,Oakland,1,True,True,D,BROADSIDE,,Thursday,,,M,,False,False,True,,C,OTHER MOTOR VEHICLE,,1,0,C,DARK-STREET LIGHTS,,,,,,,A,NO PEDESTRIANS INVOLVED,,A,22450A,,1,18TH ST,1,,,A,,,FILBERT ST,,,A,7/22/2024 11:53:17 AM,1/28/2025 11:36:00 AM,,,2,,,,,,,
2480595,24-015940,2,False,0109,3/30/2024 9:53:00 PM,2153,17X,14,109,Oakland,1,True,True,D,BROADSIDE,,Saturday,,,,,False,False,False,,C,OTHER MOTOR VEHICLE,,0,0,C,DARK-STREET LIGHTS,,,,,,,A,NO PEDESTRIANS INVOLVED,,A,21802A,,1,12TH AV,1,,,A,,,FOOTHILL BL,,,A,7/22/2024 11:53:17 AM,1/28/2025 11:35:59 AM,,,2,,,,,,,
2480593,24-015707,2,False,0109,3/29/2024 6:40:00 AM,640,33X,14,109,Oakland,1,True,True,E,HIT OBJECT,,Friday,,,M,,False,False,True,,I,FIXED OBJECT,,0,0,B,DUSK-DAWN,,,,,,,A,NO PEDESTRIANS INVOLVED,,A,22107,,1,91ST AV,2,,,B,S,200.0,INTERNATIONAL BL,F,,D,7/22/2024 11:53:16 AM,1/28/2025 11:35:59 AM,,,2,,,,,,,
2480575,24-015830,2,False,0109,3/30/2024 2:00:00 AM,200,29X,14,109,Oakland,1,True,True,A,HEAD-ON,,Saturday,,,M,,False,False,False,,I,FIXED OBJECT,,0,0,C,DARK-STREET LIGHTS,,,,,,,A,NO PEDESTRIANS INVOLVED,,A,22107,,1,MACARTHUR BL,2,,,B,,,SEMINARY AV,,,A,7/22/2024 11:53:15 AM,1/28/2025 11:35:58 AM,,,2,,,,,,,
2480574,24-015264,2,False,0109,3/20/2024 1:30:00 PM,1330,18X,14,109,Oakland,1,True,True,A,HEAD-ON,,Wednesday,,,M,,False,False,False,,E,PARKED MOTOR VEHICLE,,0,0,A,DAYLIGHT,,,,,,,A,NO PEDESTRIANS INVOLVED,,A,22350,,1,E 33RD ST,1,,,A,W,35.0,RANDOLPH AV,F,,D,7/22/2024 11:53:15 AM,1/28/2025 11:35:58 AM,,,2,,,,,,,
2480571,24-010781,2,False,0109,3/2/2024 3:37:00 AM,337,31Y,14,109,Oakland,1,True,True,A,HEAD-ON,,Saturday,,,,,False,False,False,,E,PARKED MOTOR VEHICLE,,0,0,C,DARK-STREET LIGHTS,,,,,,,A,NO PEDESTRIANS INVOLVED,,A,23152A,,1,WORTH ST,2,,,B,,,EDES AV,,,D,7/22/2024 11:53:15 AM,1/28/2025 11:35:58 AM,,,2,,,,,,,
2480570,24-012069,2,False,0109,3/8/2024 10:25:00 PM,2225,27Y,14,109,Oakland,1,True,True,B,SIDE SWIPE,,Friday,,,F,,False,False,False,,C,OTHER MOTOR VEHICLE,,0,0,C,DARK-STREET LIGHTS,,,,,,,A,NO PEDESTRIANS INVOLVED,,A,23152A,,1,SEMINARY AV,2,,,A,N,50.0,TRASK ST,F,,A,7/22/2024 11:53:15 AM,1/28/2025 11:35:58 AM,,,2,,,,,,,
2480564,24-012357,2,False,0109,3/10/2024 5:55:00 PM,1755,33X,14,109,Oakland,1,True,True,D,BROADSIDE,,Sunday,,,,,False,False,False,,C,OTHER MOTOR VEHICLE,,0,0,A,DAYLIGHT,,,,,,,A,NO PEDESTRIANS INVOLVED,,A,21802A,,1,97TH AV,2,,,A,,,A ST,,,A,7/22/2024 11:53:14 AM,1/28/2025 11:35:58 AM,,,2,,,,,,,
2480563,24-013973,2,False,0109,3/19/2024 3:16:00 PM,1516,17X,14,109,Oakland,1,True,True,C,REAR END,,Tuesday,,,M,,False,False,False,,E,PARKED MOTOR VEHICLE,,0,0,A,DAYLIGHT,,,,,,,A,NO PEDESTRIANS INVOLVED,,A,22107,,1,14TH AVE,1,,,A,N,25.0,E 17TH ST,F,,D,7/22/2024 11:53:14 AM,1/28/2025 11:35:58 AM,,,2,,,,,,,
2480562,24-014824,2,False,0109,3/24/2024 10:00:00 PM,2200,04X,14,109,Oakland,1,True,True,C,REAR END,,Sunday,,,,,False,False,False,,C,OTHER MOTOR VEHICLE,,0,0,C,DARK-STREET LIGHTS,,,,,,,A,NO PEDESTRIANS INVOLVED,,A,22106,,1,9TH ST,1,,,A,E,30.0,BROADWAY,F,,C,7/22/2024 11:53:14 AM,1/28/2025 11:35:58 AM,,,2,,,,,,,
2480561,24-015168,2,False,0109,3/26/2024 3:12:00 PM,1512,30X,14,109,Oakland,1,True,True,A,HEAD-ON,,Tuesday,,,M,,False,False,False,,E,PARKED MOTOR VEHICLE,,0,0,A,DAYLIGHT,,,,,,,A,NO PEDESTRIANS INVOLVED,,A,22350,,1,RITCHIE ST,2,,,A,N,75.0,BANCROFT AV,F,,D,7/22/2024 11:53:14 AM,1/28/2025 11:35:58 AM,,,2,,,,,,,
2480556,24-010971,2,False,0109,3/3/2024 8:51:00 AM,851,24X,14,109,Oakland,1,True,True,A,HEAD-ON,,Sunday,,,M,,False,False,False,,I,FIXED OBJECT,,0,0,A,DAYLIGHT,,,,,,,A,NO PEDESTRIANS INVOLVED,,A,22107,,1,38TH AV,2,,,B,,,NEVIL ST,,,D,7/22/2024 11:53:14 AM,1/28/2025 11:35:57 AM,,,2,,,,,,,
2480553,24-011873,2,False,0109,3/7/2024 8:37:00 PM,2037,30X,14,109,Oakland,1,True,True,B,SIDE SWIPE,,Thursday,,,M,,False,False,False,,C,OTHER MOTOR VEHICLE,,0,0,C,DARK-STREET LIGHTS,,,,,,,A,NO PEDESTRIANS INVOLVED,,A,21750,,1,78TH AV,2,,,A,,,LOCKWOOD ST,,,D,7/22/2024 11:53:13 AM,1/28/2025 11:35:57 AM,,,2,,,,,,,
2480552,24-013344,2,False,0109,3/16/2024 11:23:00 AM,1123,28X,14,109,Oakland,1,True,True,A,HEAD-ON,,Saturday,,,,,False,False,False,,C,OTHER MOTOR VEHICLE,,0,0,A,DAYLIGHT,,,,,,,A,NO PEDESTRIANS INVOLVED,,A,21802A,,1,OVERDALE AV,2,,,A,,,SEMINARY AV,,,B,7/22/2024 11:53:13 AM,1/28/2025 11:35:57 AM,,,2,,,,,,,
2480551,24-015899,2,False,0109,3/30/2024 3:27:00 PM,1527,26Y,14,109,Oakland,1,True,True,C,REAR END,,Saturday,,,,,False,False,False,,G,BICYCLE,,1,0,A,DAYLIGHT,,,,,,,A,NO PEDESTRIANS INVOLVED,,A,22107,,1,66TH AV,2,,,A,N,150.0,COLISEUM WY,F,,A,7/22/2024 11:53:13 AM,1/28/2025 11:35:57 AM,,,2,,,,,,,
2480546,24-013540,2,False,0109,3/17/2024 9:00:00 PM,2100,26X,14,109,Oakland,1,True,True,D,BROADSIDE,,Sunday,,,,,False,False,False,,D,MOTOR VEHICLE ON OTHER ROADWAY,,1,0,A,DAYLIGHT,,,,,,,A,NO PEDESTRIANS INVOLVED,,A,22350,,1,94TH AV,1,,,A,,,INTERNATIONAL,,,A,7/22/2024 11:53:13 AM,1/28/2025 11:35:57 AM,,,2,,,,,,,
2480545,24-013661,2,False,0109,3/18/2024 1:22:00 PM,1322,20X,14,109,Oakland,1,True,True,C,REAR END,,Monday,,,,,False,False,False,,C,OTHER MOTOR VEHICLE,,1,0,A,DAYLIGHT,,,,,,,A,NO PEDESTRIANS INVOLVED,,A,22350,,1,FRUITVALE AV,2,,,A,S,150.0,E 10TH ST,F,,A,7/22/2024 11:53:13 AM,1/28/2025 11:35:57 AM,,,2,,,,,,,
2480544,24-014557,2,False,0109,3/23/2024 12:33:00 AM,33,26X,14,109,Oakland,1,True,True,G,VEHICLE/PEDESTRAIN,,Saturday,,,F,,False,False,False,,B,PEDESTRIAN,,1,0,C,DARK-STREET LIGHTS,,,,,,,D,CROSSING - NOT IN CROSSWALK,,D,,,,HIGH ST,2,,,B,,,INTERNATIONAL BL,,,A,7/22/2024 11:53:13 AM,1/28/2025 11:35:57 AM,,,2,,,,,,,
2480543,24-014005,2,False,0109,3/19/2024 6:24:00 PM,1824,24X,14,109,Oakland,1,True,True,A,HEAD-ON,,Tuesday,,,,,False,False,True,,C,OTHER MOTOR VEHICLE,,1,0,A,DAYLIGHT,,,,,,,A,NO PEDESTRIANS INVOLVED,,A,21460A,,1,FOOTHILL BL,2,,,A,E,20.0,42ND AV,F,,A,7/22/2024 11:53:13 AM,1/28/2025 11:35:57 AM,,,2,,,,,,,
2480532,24-013303,2,False,0109,3/16/2024 2:09:00 AM,209,17X,14,109,Oakland,1,True,True,F,OVERTURNED,,Saturday,,,,,False,False,True,,C,OTHER MOTOR VEHICLE,,1,0,C,DARK-STREET LIGHTS,,,,,,,A,NO PEDESTRIANS INVOLVED,,D,,,,E 22ND ST,1,,,A,,,13TH AV,,,A,7/22/2024 11:53:12 AM,1/28/2025 11:35:56 AM,,,2,,,,,,,
2480531,24-014199,2,False,0109,3/20/2024 8:11:00 PM,2011,10X,14,109,Oakland,1,True,True,H,OTHER,,Wednesday,,,M,,False,False,False,,G,BICYCLE,,1,0,C,DARK-STREET LIGHTS,,,,,,,A,NO PEDESTRIANS INVOLVED,,A,22107,,1,59TH ST,1,,,A,,,MARKET ST,,,D,7/22/2024 11:53:12 AM,1/28/2025 11:35:56 AM,,,2,,,,,,,
2480525,24-018446,2,False,0109,4/15/2024 10:00:00 AM,1000,06X,14,109,Oakland,1,True,True,C,REAR END,,Monday,,,,,False,False,False,,C,OTHER MOTOR VEHICLE,,0,0,A,DAYLIGHT,,,,,,,A,NO PEDESTRIANS INVOLVED,,A,22100B,,1,27TH ST,1,,,A,E,15.0,NORTHGATE AV,F,,A,7/22/2024 11:53:11 AM,1/28/2025 11:35:56 AM,,,2,,,,,,,
2480524,24-019563,2,False,0109,4/20/2024 8:19:00 PM,2019,01X,14,109,Oakland,1,True,True,B,SIDE SWIPE,,Saturday,,,M,,False,False,False,,I,FIXED OBJECT,,0,0,C,DARK-STREET LIGHTS,,,,,,,A,NO PEDESTRIANS INVOLVED,,A,22107,,1,5TH ST,1,,,A,E,50.0,CLAY ST,F,,D,7/22/2024 11:53:11 AM,1/28/2025 11:35:56 AM,,,2,,,,,,,
2480523,24-016514,2,False,0109,4/3/2024 5:36:00 PM,1736,03X,14,109,Oakland,1,True,True,F,OVERTURNED,,Wednesday,,,,,False,False,False,,C,OTHER MOTOR VEHICLE,,0,0,A,DAYLIGHT,,,,,,,A,NO PEDESTRIANS INVOLVED,,A,21453A,,1,OAK ST,1,,,A,,,10TH ST,,,A,7/22/2024 11:53:11 AM,1/28/2025 11:35:56 AM,,,2,,,,,,,
2480521,24-16708,2,False,0109,4/5/2024 12:42:00 AM,42,24X,14,109,Oakland,1,True,True,A,HEAD-ON,,Friday,,,F,,False,False,False,,D,MOTOR VEHICLE ON OTHER ROADWAY,,0,0,A,DAYLIGHT,,,,,,,C,CROSSING IN CROSS WALK - NOT AT INTERSECTION,,A,21453,,1,HUMBOLDT AV,2,,,C,W,20.0,BROOKDALE AV,F,,,7/22/2024 11:53:11 AM,1/28/2025 11:35:56 AM,,,2,,,,,,,
2480520,24-020759,2,False,0109,4/27/2024 4:00:00 PM,1600,23X,14,109,Oakland,1,True,True,B,SIDE SWIPE,,Saturday,,,M,,False,False,False,,C,OTHER MOTOR VEHICLE,,0,0,A,DAYLIGHT,,,,,,,A,NO PEDESTRIANS INVOLVED,,A,22107,,1,SAN LEANDRO ST,2,,,A,W,10.0,39TH AV,F,,D,7/22/2024 11:53:11 AM,1/28/2025 11:35:56 AM,,,2,,,,,,,
2480519,24-020464,2,False,0109,4/26/2024 8:28:00 PM,2028,33X,14,109,Oakland,1,True,True,B,SIDE SWIPE,,Friday,,,M,,False,False,False,,E,PARKED MOTOR VEHICLE,,0,0,D,DARK-NO STREET LIGHTS,,,,,,,A,NO PEDESTRIANS INVOLVED,,A,22107,,1,82ND AV,2,,,A,N,0.1,D ST,M,,D,7/22/2024 11:53:11 AM,1/28/2025 11:35:56 AM,,,2,,,,,,,
2480518,24-017496,2,False,0109,4/9/2024 12:49:00 PM,1249,27X,14,109,Oakland,1,True,True,C,REAR END,,Tuesday,,,M,,False,False,True,,E,PARKED MOTOR VEHICLE,,0,0,A,DAYLIGHT,,,,,,,A,NO PEDESTRIANS INVOLVED,,A,22107,,1,FOOTHILL BL,2,,,A,E,50.0,CONGRESS AV,F,,D,7/22/2024 11:53:11 AM,1/28/2025 11:35:56 AM,,,2,,,,,,,
2480517,24-020624,2,False,0109,4/26/2024 4:01:00 PM,1601,24X,14,109,Oakland,1,True,True,C,REAR END,,Friday,,,,,False,False,False,,C,OTHER MOTOR VEHICLE,,0,0,A,DAYLIGHT,,,,,,,A,NO PEDESTRIANS INVOLVED,,A,22350,,1,35TH AV,2,,,A,N,20.0,EDEN LN,F,,A,7/22/2024 11:53:11 AM,1/28/2025 11:35:56 AM,,,2,,,,,,,
2480516,24-020793,2,False,0109,4/27/2024 9:57:00 PM,2157,34X,14,109,Oakland,1,True,True,H,OTHER,,Saturday,,,M,,False,False,False,,E,PARKED MOTOR VEHICLE,,0,0,D,DARK-NO STREET LIGHTS,,,,,,,A,NO PEDESTRIANS INVOLVED,,A,22107,,1,94TH AV,2,,,A,S,0.1,CHERRY ST,M,,D,7/22/2024 11:53:11 AM,1/28/2025 11:35:56 AM,,,2,,,,,,,
2480474,24-023114,2,False,0109,5/10/2024 6:31:00 PM,1831,14X,14,109,Oakland,1,True,True,D,BROADSIDE,,Friday,,,,,False,False,True,,C,OTHER MOTOR VEHICLE,,1,0,A,DAYLIGHT,,,,,,,A,NO PEDESTRIANS INVOLVED,,A,21802A,,1,WALKER AV,1,,,A,,,MANDANA BL,,,D,7/22/2024 11:53:08 AM,1/28/2025 11:35:53 AM,,,2,,,,,,,