collision-id,report-number,report-version,is-preliminary,ncic-code,crash-date-time,crash-time-description,beat,city-id,city-code,city-name,county-code,city-is-active,city-is-incorporated,collision-type-code,collision-type-description,collision-type-other-desc,day-of-week,dispatch-notified,has-photographs,hit-run,is-attachments-mailed,is-deleted,is-highway-related,is-tow-away,judicial-district,motor-vehicle-involved-with-code,motor-vehicle-involved-with-desc,motor-vehicle-involved-with-other-desc,number-injured,number-killed,lighting-code,lighting-description,latitude,longitude,milepost-direction,milepost-distance,milepost-marker,milepost-unit-of-measure,pedestrian-action-code,pedestrian-action-desc,prepared-date,primary-collision-factor-code,primary-collision-factor-description,primary-collision-factor-is-cited,primary-collision-party-number,primary-road,reporting-district,reporting-district-code,reviewed-date,roadway-surface-code,secondary-direction,secondary-distance,secondary-road,secondary-unit-of-measure,sketch-desc,traffic-control-device-code,created-date,modified-date,is-county-road,is-freeway,chp-555-version,is-additonal-object-struck,notification-date,notification-time-description,has-digital-media-files,evidence-number,is-location-refer-to-narrative,is-aoi-one-same-as-location
2480444,24-021471,2,False,0109,5/1/2024 7:19:00 PM,1919,02X,14,109,Oakland,1,True,True,G,VEHICLE/PEDESTRAIN,,Wednesday,,,,,False,False,False,,G,BICYCLE,,1,0,A,DAYLIGHT,,,,,,,B,CROSSING IN CROSS WALK AT INTERSECTION,,A,21802A,,1,MARKET ST,1,,,A,,,8TH ST,,,A,7/22/2024 11:53:05 AM,1/28/2025 11:35:33 AM,,,2,,,,,,,
2480364,24-021486,2,False,0109,5/1/2024 8:57:00 PM,2057,23X,14,109,Oakland,1,True,True,F,OVERTURNED,,Wednesday,,,,,False,False,False,,C,OTHER MOTOR VEHICLE,,0,0,C,DARK-STREET LIGHTS,,,,,,,A,NO PEDESTRIANS INVOLVED,,A,21453A,,1,FRUITVALE AV,2,,,A,,,E 12TH ST,,,A,7/22/2024 11:52:59 AM,1/28/2025 11:35:27 AM,,,2,,,,,,,
2480363,24-021489,2,False,0109,5/1/2024 9:17:00 PM,2117,16Y,14,109,Oakland,1,True,True,A,HEAD-ON,,Wednesday,,,,,False,False,False,,C,OTHER MOTOR VEHICLE,,0,0,C,DARK-STREET LIGHTS,,,,,,,A,NO PEDESTRIANS INVOLVED,,A,21453A,,1,BEAUMONT AV,1,,,A,,,EXCELSIOR AV,,,A,7/22/2024 11:52:59 AM,1/28/2025 11:35:27 AM,,,2,,,,,,,
2480362,24-021972,2,False,0109,5/4/2024 7:30:00 PM,1930,06X,14,109,Oakland,1,True,True,D,BROADSIDE,,Saturday,,,,,False,False,True,,C,OTHER MOTOR VEHICLE,,0,0,B,DUSK-DAWN,,,,,,,A,NO PEDESTRIANS INVOLVED,,A,21453A,,1,WEST ST,1,,,A,,,35TH ST,,,A,7/22/2024 11:52:59 AM,1/28/2025 11:35:27 AM,,,2,,,,,,,
2480291,24-022417,2,False,0109,5/7/2024 11:26:00 PM,2326,33X,14,109,Oakland,1,True,True,B,SIDE SWIPE,,Tuesday,,,,,False,False,False,,C,OTHER MOTOR VEHICLE,,0,0,C,DARK-STREET LIGHTS,,,,,,,A,NO PEDESTRIANS INVOLVED,,A,22107,,1,INTERNATIONAL BL,2,,,A,,,97TH AV,,,D,7/22/2024 11:52:53 AM,1/28/2025 11:35:23 AM,,,2,,,,,,,
2480250,24-022423,2,False,0109,5/6/2024 3:03:00 AM,303,30X,14,109,Oakland,1,True,True,D,BROADSIDE,,Monday,,,M,,False,False,False,,E,PARKED MOTOR VEHICLE,,0,0,C,DARK-STREET LIGHTS,,,,,,,A,NO PEDESTRIANS INVOLVED,,A,22106,,1,84TH AV,2,,,A,,,HOLLY ST,,,D,7/22/2024 11:52:50 AM,1/28/2025 11:35:21 AM,,,2,,,,,,,
2480249,24-023808,2,False,0109,5/14/2024 3:04:00 PM,1504,29X,14,109,Oakland,1,True,True,D,BROADSIDE,,Tuesday,,,,,False,False,True,,C,OTHER MOTOR VEHICLE,,0,0,A,DAYLIGHT,,,,,,,A,NO PEDESTRIANS INVOLVED,,A,22450A,,1,SUNNYMERE AV,2,,,A,,,EDWARDS AV,,,A,7/22/2024 11:52:50 AM,1/28/2025 11:35:21 AM,,,2,,,,,,,
2480248,24-0265589,2,False,0109,5/29/2024 10:10:00 AM,1010,03X,14,109,Oakland,1,True,True,B,SIDE SWIPE,,Wednesday,,,,,False,False,False,,I,FIXED OBJECT,,0,0,A,DAYLIGHT,,,,,,,A,NO PEDESTRIANS INVOLVED,,A,22106,,1,10TH ST,1,,,A,,,WEBSTER ST,,,D,7/22/2024 11:52:50 AM,1/28/2025 11:35:21 AM,,,2,,,,,,,
2480247,24-022067,2,False,0109,5/5/2024 1:32:00 PM,1332,23X,14,109,Oakland,1,True,True,B,SIDE SWIPE,,Sunday,,,M,,False,False,False,,E,PARKED MOTOR VEHICLE,,0,0,A,DAYLIGHT,,,,,,,A,NO PEDESTRIANS INVOLVED,,A,22107,,1,33RD AV,2,,,A,S,40.0,INTERNATIONAL BL,F,,D,7/22/2024 11:52:50 AM,1/28/2025 11:35:21 AM,,,2,,,,,,,
2480246,24-024793,2,False,0109,5/19/2024 9:45:00 PM,2145,23X,14,109,Oakland,1,True,True,D,BROADSIDE,,Sunday,,,,,False,False,False,,C,OTHER MOTOR VEHICLE,,0,0,C,DARK-STREET LIGHTS,,,,,,,A,NO PEDESTRIANS INVOLVED,,A,21453A,,1,FOOTHILL BL,2,,,A,,,42ND ST,,,A,7/22/2024 11:52:50 AM,1/28/2025 11:35:21 AM,,,2,,,,,,,
2480238,24-019715,2,False,0109,4/22/2024 5:00:00 PM,1700,20X,14,109,Oakland,1,True,True,C,REAR END,,Monday,,,F,,False,False,False,,C,OTHER MOTOR VEHICLE,,1,0,A,DAYLIGHT,,,,,,,A,NO PEDESTRIANS INVOLVED,,A,22350,,1,LAKESIDE DR,2,,,A,N,45.0,JACKSON ST,F,,A,7/22/2024 11:52:49 AM,1/28/2025 11:35:21 AM,,,2,,,,,,,
2480237,24-019663,2,False,0109,4/21/2024 3:52:00 PM,1552,27X,14,109,Oakland,1,True,True,F,OVERTURNED,,Sunday,,,,,False,False,False,,C,OTHER MOTOR VEHICLE,,1,0,A,DAYLIGHT,,,,,,,A,NO PEDESTRIANS INVOLVED,,A,21453A,,1,FOOTHILL BL,2,,,A,,,HIGH ST,,,A,7/22/2024 11:52:49 AM,1/28/2025 11:35:21 AM,,,2,,,,,,,
2480236,24-019518,2,False,0109,4/20/2024 6:30:00 PM,1830,06X,14,109,Oakland,1,True,True,A,HEAD-ON,,Saturday,,,M,,False,False,False,,C,OTHER MOTOR VEHICLE,,1,0,B,DUSK-DAWN,,,,,,,A,NO PEDESTRIANS INVOLVED,,A,22106,,1,MARTIN LUTHER KING WY,1,,,A,,,25TH ST,,,D,7/22/2024 11:52:49 AM,1/28/2025 11:35:21 AM,,,2,,,,,,,
2480235,24-019058,2,False,0109,4/17/2024 10:00:00 PM,2200,26X,14,109,Oakland,1,True,True,A,HEAD-ON,,Wednesday,,,F,,False,False,False,,C,OTHER MOTOR VEHICLE,,1,0,C,DARK-STREET LIGHTS,,,,,,,A,NO PEDESTRIANS INVOLVED,,A,21453A,,1,INTERNATIONAL BL,2,,,A,,,50TH AV,,,A,7/22/2024 11:52:49 AM,1/28/2025 11:35:21 AM,,,2,,,,,,,
2480234,24-018338,2,False,0109,4/14/2024 5:45:00 PM,1745,06X,14,109,Oakland,1,True,True,B,SIDE SWIPE,,Sunday,,,,,False,False,False,,C,OTHER MOTOR VEHICLE,,1,0,A,DAYLIGHT,,,,,,,A,NO PEDESTRIANS INVOLVED,,A,21457A,,1,36TH ST,1,,,A,,,WEST ST,,,B,7/22/2024 11:52:49 AM,1/28/2025 11:35:21 AM,,,2,,,,,,,
2480232,24-021287,2,False,0109,4/30/2024 6:22:00 PM,1822,08X,14,109,Oakland,1,True,True,C,REAR END,,Tuesday,,,,,False,False,False,,C,OTHER MOTOR VEHICLE,,2,0,A,DAYLIGHT,,,,,,,A,NO PEDESTRIANS INVOLVED,,A,22350,,1,TELEGRAPH AV,1,,,A,,,40TH ST,,,A,7/22/2024 11:52:49 AM,1/28/2025 11:35:21 AM,,,2,,,,,,,
2480231,24-021351,2,False,0109,4/30/2024 1:20:00 PM,1320,23X,14,109,Oakland,1,True,True,C,REAR END,,Tuesday,,,M,,False,False,False,,C,OTHER MOTOR VEHICLE,,1,0,A,DAYLIGHT,,,,,,,A,NO PEDESTRIANS INVOLVED,,A,22350,,1,INTERNATIONAL BL,2,,,A,,,35TH AV,,,A,7/22/2024 11:52:49 AM,1/28/2025 11:35:20 AM,,,2,,,,,,,
2480229,24-020883,2,False,0109,4/28/2024 1:02:00 PM,1302,10Y,14,109,Oakland,1,True,True,B,SIDE SWIPE,,Sunday,,,F,,False,False,False,,C,OTHER MOTOR VEHICLE,,1,0,A,DAYLIGHT,,,,,,,A,NO PEDESTRIANS INVOLVED,,A,22107,,1,MARTIN LUTHER KING WY,1,,,A,,,58TH ST,,,D,7/22/2024 11:52:48 AM,1/28/2025 11:35:20 AM,,,2,,,,,,,
2480207,24-019838,2,False,0109,4/22/2024 3:30:00 PM,1530,30X,14,109,Oakland,1,True,True,B,SIDE SWIPE,,Monday,,,,,False,False,False,,C,OTHER MOTOR VEHICLE,,0,0,A,DAYLIGHT,,,,,,,A,NO PEDESTRIANS INVOLVED,,A,22107,,1,73RD AV,2,,,A,,,WELD ST,,,A,7/22/2024 11:52:46 AM,1/28/2025 11:35:19 AM,,,2,,,,,,,
2480205,24-019392,2,False,0109,4/19/2024 8:45:00 PM,2045,22X,14,109,Oakland,1,True,True,B,SIDE SWIPE,,Friday,,,,,False,False,False,,C,OTHER MOTOR VEHICLE,,0,0,C,DARK-STREET LIGHTS,,,,,,,A,NO PEDESTRIANS INVOLVED,,A,21460A,,1,MONTEREY BL,2,,,A,S,120.0,MONTEREY BL 2400,F,,D,7/22/2024 11:52:46 AM,1/28/2025 11:35:18 AM,,,2,,,,,,,
2480204,24-019260,2,False,0109,4/19/2024 5:50:00 AM,550,19X,14,109,Oakland,1,True,True,B,SIDE SWIPE,,Friday,,,M,,False,False,False,,E,PARKED MOTOR VEHICLE,,0,0,B,DUSK-DAWN,,,,,,,A,NO PEDESTRIANS INVOLVED,,A,21658A,,1,E 15TH ST,1,,,A,E,100.0,8TH AV,F,,A,7/22/2024 11:52:46 AM,1/28/2025 11:35:18 AM,,,2,,,,,,,
2480203,24-016818,2,False,0109,4/20/2024 2:21:00 PM,1421,19X,14,109,Oakland,1,True,True,B,SIDE SWIPE,,Saturday,,,,,False,False,False,,C,OTHER MOTOR VEHICLE,,0,0,A,DAYLIGHT,,,,,,,A,NO PEDESTRIANS INVOLVED,,A,21801A,,1,3 8TH ST,1,,,A,S,10.0,10TH AV,F,,D,7/22/2024 11:52:46 AM,1/28/2025 11:35:18 AM,,,2,,,,,,,
2480202,24-019604,2,False,0109,4/21/2024 9:53:00 AM,953,08X,14,109,Oakland,1,True,True,E,HIT OBJECT,,Sunday,,,,,False,False,False,,I,FIXED OBJECT,,0,0,A,DAYLIGHT,,,,,,,A,NO PEDESTRIANS INVOLVED,,A,,,1,30TH ST,1,,,A,,,BROOK ST,,,D,7/22/2024 11:52:46 AM,1/28/2025 11:35:18 AM,,,2,,,,,,,
2480201,24-018929,2,False,0109,4/17/2024 1:09:00 AM,109,04X,14,109,Oakland,1,True,True,D,BROADSIDE,,Wednesday,,,,,False,False,False,,C,OTHER MOTOR VEHICLE,,0,0,A,DAYLIGHT,,,,,,,A,NO PEDESTRIANS INVOLVED,,A,21453A,,1,12TH ST,1,,,A,,,FRANKLIN ST,,,A,7/22/2024 11:52:46 AM,1/28/2025 11:35:18 AM,,,2,,,,,,,
2480200,24-016986,2,False,0109,4/9/2024 8:49:00 PM,2049,30Y,14,109,Oakland,1,True,True,B,SIDE SWIPE,,Tuesday,,,M,,False,False,False,,E,PARKED MOTOR VEHICLE,,0,0,D,DARK-NO STREET LIGHTS,,,,,,,A,NO PEDESTRIANS INVOLVED,,A,22107,,1,82ND AV,2,,,A,N,500.0,MACARTHUR,F,,D,7/22/2024 11:52:46 AM,1/28/2025 11:35:18 AM,,,2,,,,,,,
2480199,24-018273,2,False,0109,4/14/2024 9:36:00 AM,936,17X,14,109,Oakland,1,True,True,D,BROADSIDE,,Sunday,,,,,False,False,False,,C,OTHER MOTOR VEHICLE,,0,0,A,DAYLIGHT,,,,,,,F,NOT IN ROAD,,A,21802A,,1,14TH AV,1,,,A,S,20.0,E 18TH ST,F,,D,7/22/2024 11:52:46 AM,1/28/2025 11:35:18 AM,,,2,,,,,,,
2480198,24-020964,2,False,0109,4/29/2024 2:50:00 AM,250,181X,14,109,Oakland,1,True,True,B,SIDE SWIPE,,Monday,,,,,False,False,False,,E,PARKED MOTOR VEHICLE,,0,0,C,DARK-STREET LIGHTS,,,,,,,A,NO PEDESTRIANS INVOLVED,,A,22107,,1,E 27TH ST,1,,,A,E,15.0,19TH AV,F,,D,7/22/2024 11:52:46 AM,1/28/2025 11:35:18 AM,,,2,,,,,,,
2480196,24-019031,2,False,0109,4/17/2024 7:21:00 PM,1921,04X,14,109,Oakland,1,True,True,D,BROADSIDE,,Wednesday,,,M,,False,False,False,,C,OTHER MOTOR VEHICLE,,0,0,A,DAYLIGHT,,,,,,,A,NO PEDESTRIANS INVOLVED,,A,21453A,,1,14TH ST,1,,,A,,,BROADWAY,,,A,7/22/2024 11:52:45 AM,1/28/2025 11:35:18 AM,,,2,,,,,,,
2480195,24-019129,2,False,0109,4/18/2024 12:25:00 PM,1225,07X,14,109,Oakland,1,True,True,B,SIDE SWIPE,,Thursday,,,M,,False,False,False,,C,OTHER MOTOR VEHICLE,,0,0,A,DAYLIGHT,,,,,,,A,NO PEDESTRIANS INVOLVED,,A,22107,,1,34TH ST,1,,,A,,,MAGNOLIA ST,,,A,7/22/2024 11:52:45 AM,1/28/2025 11:35:18 AM,,,2,,,,,,,
2480181,24-017892,2,False,0109,4/11/2024 9:52:00 PM,2152,08X,14,109,Oakland,1,True,True,A,HEAD-ON,,Thursday,,,,,False,False,False,,C,OTHER MOTOR VEHICLE,,1,0,C,DARK-STREET LIGHTS,,,,,,,A,NO PEDESTRIANS INVOLVED,,A,21801A,,1,27TH ST,1,,,A,,,BROADWAY,,,A,7/22/2024 11:52:44 AM,1/28/2025 11:35:17 AM,,,2,,,,,,,
2480180,24-018290,2,False,0109,4/14/2024 11:31:00 AM,1131,03X,14,109,Oakland,1,True,True,D,BROADSIDE,,Sunday,,,,,False,False,True,,C,OTHER MOTOR VEHICLE,,2,0,A,DAYLIGHT,,,,,,,A,NO PEDESTRIANS INVOLVED,,A,21453A,,1,11TH ST,2,,,A,,,CASTRO ST,,,A,7/22/2024 11:52:44 AM,1/28/2025 11:35:17 AM,,,2,,,,,,,
2480179,24-019557,2,False,0109,4/21/2024 11:43:00 PM,2343,03X,14,109,Oakland,1,True,True,A,HEAD-ON,,Sunday,,,,,False,False,False,,C,OTHER MOTOR VEHICLE,,1,0,E,DARK-STREET LIGHTS NOT FUNCTIONING*,,,,,,,A,NO PEDESTRIANS INVOLVED,,A,21651B,,1,LAKE MERRITT BL,1,,,A,E,125.0,LAKESIDE DR,F,,C,7/22/2024 11:52:44 AM,1/28/2025 11:35:17 AM,,,2,,,,,,,
2480178,24-017247,2,False,0109,4/8/2024 3:34:00 PM,1534,27X,14,109,Oakland,1,True,True,B,SIDE SWIPE,,Monday,,,M,,False,False,False,,C,OTHER MOTOR VEHICLE,,1,0,A,DAYLIGHT,,,,,,,A,NO PEDESTRIANS INVOLVED,,A,21801A,,1,BANCROFT AV,2,,,A,,,55TH AV,,,A,7/22/2024 11:52:44 AM,1/28/2025 11:35:17 AM,,,2,,,,,,,
2480177,24-017949,2,False,0109,4/12/2024 8:20:00 AM,820,23X,14,109,Oakland,1,True,True,D,BROADSIDE,,Friday,,,,,False,False,True,,C,OTHER MOTOR VEHICLE,,3,0,A,DAYLIGHT,,,,,,,A,NO PEDESTRIANS INVOLVED,,A,21453C,,1,42ND AV,2,,,A,,,INTERNATIONAL BL,,,A,7/22/2024 11:52:44 AM,1/28/2025 11:35:17 AM,,,2,,,,,,,
2480176,24-018224,2,False,0109,4/14/2024 11:30:00 PM,2330,08X,14,109,Oakland,1,True,True,A,HEAD-ON,,Sunday,,,,,False,False,False,,C,OTHER MOTOR VEHICLE,,1,0,C,DARK-STREET LIGHTS,,,,,,,A,NO PEDESTRIANS INVOLVED,,A,22107,,1,29TH ST,2,,,A,E,120.0,MARTIN LUTHER KING WY,F,,D,7/22/2024 11:52:44 AM,1/28/2025 11:35:17 AM,,,2,,,,,,,
2480175,24-017978,2,False,0109,4/12/2024 10:52:00 AM,1052,19X,14,109,Oakland,1,True,True,A,HEAD-ON,,Friday,,,,,False,False,False,,C,OTHER MOTOR VEHICLE,,2,0,A,DAYLIGHT,,,,,,,A,NO PEDESTRIANS INVOLVED,,A,21453A,,1,5TH AV,1,,,A,,,E 18TH ST,,,A,7/22/2024 11:52:44 AM,1/28/2025 11:35:17 AM,,,2,,,,,,,
2480158,24-020409,2,False,0109,4/25/2024 5:50:00 PM,1750,02X,14,109,Oakland,1,True,True,A,HEAD-ON,,Thursday,,,,,False,False,False,,E,PARKED MOTOR VEHICLE,,1,0,A,DAYLIGHT,,,,,,,A,NO PEDESTRIANS INVOLVED,,A,22107,,1,ADELINE ST,1,,,A,N,10.0,14TH ST,F,,A,7/22/2024 11:52:42 AM,1/28/2025 11:35:16 AM,,,2,,,,,,,
2480157,24-019320,2,False,0109,4/19/2024 1:20:00 PM,1320,27X,14,109,Oakland,1,True,True,C,REAR END,,Friday,,,,,False,False,True,,E,PARKED MOTOR VEHICLE,,1,0,A,DAYLIGHT,,,,,,,A,NO PEDESTRIANS INVOLVED,,A,22107,,1,HIGH ST,2,,,A,S,300.0,BROOKDALE AV,F,,D,7/22/2024 11:52:42 AM,1/28/2025 11:35:16 AM,,,2,,,,,,,
2480156,24-019871,2,False,0109,4/22/2024 7:55:00 PM,1955,30X,14,109,Oakland,1,True,True,B,SIDE SWIPE,,Monday,,,M,,False,False,False,,C,OTHER MOTOR VEHICLE,,0,0,B,DUSK-DAWN,,,,,,,A,NO PEDESTRIANS INVOLVED,,A,22107,,1,70TH AV,2,,,A,W,5.0,MORKEN ST,F,,D,7/22/2024 11:52:42 AM,1/28/2025 11:35:16 AM,,,2,,,,,,,
2480155,24-019574,2,False,0109,4/21/2024 3:18:00 AM,318,23X,14,109,Oakland,1,True,True,E,HIT OBJECT,,Sunday,,,M,,False,False,False,,E,PARKED MOTOR VEHICLE,,1,0,C,DARK-STREET LIGHTS,,,,,,,A,NO PEDESTRIANS INVOLVED,,A,22107,,1,INTERNATIONAL BL,2,,,A,W,20.0,42ND AV,F,,A,7/22/2024 11:52:42 AM,1/28/2025 11:35:16 AM,,,2,,,,,,,
2480146,24-016572,2,False,0109,4/4/2024 7:06:00 AM,706,34X,14,109,Oakland,1,True,True,D,BROADSIDE,,Thursday,,,,,False,False,True,,C,OTHER MOTOR VEHICLE,,2,0,A,DAYLIGHT,,,,,,,A,NO PEDESTRIANS INVOLVED,,A,22350,,1,HOLLY ST,2,,,B,,,96TH AV,,,D,7/22/2024 11:52:41 AM,1/28/2025 11:35:15 AM,,,2,,,,,,,
2480144,24-018509,2,False,0109,4/15/2024 2:03:00 PM,1403,34X,14,109,Oakland,1,True,True,C,REAR END,,Monday,,,F,,False,False,False,,C,OTHER MOTOR VEHICLE,,1,0,A,DAYLIGHT,,,,,,,A,NO PEDESTRIANS INVOLVED,,A,22350,,1,BANCROFT AV,2,,,A,W,20.0,94TH AV,F,,A,7/22/2024 11:52:41 AM,1/28/2025 11:35:15 AM,,,2,,,,,,,
2480143,24-019391,2,False,0109,4/19/2024 10:31:00 PM,2231,27X,14,109,Oakland,1,True,True,D,BROADSIDE,,Friday,,,,,False,False,True,,E,PARKED MOTOR VEHICLE,,1,0,D,DARK-NO STREET LIGHTS,,,,,,,A,NO PEDESTRIANS INVOLVED,,A,22107,,1,47TH AV,2,,,A,,,BANCROFT AV,,,D,7/22/2024 11:52:40 AM,1/28/2025 11:35:15 AM,,,2,,,,,,,
2480142,24-020021,2,False,0109,4/23/2024 4:01:00 PM,1601,31X,14,109,Oakland,1,True,True,C,REAR END,,Tuesday,,,,,False,False,False,,C,OTHER MOTOR VEHICLE,,1,0,A,DAYLIGHT,,,,,,,A,NO PEDESTRIANS INVOLVED,,A,22350,,1,EDES AV,2,,,A,W,330.0,98TH AV,F,,D,7/22/2024 11:52:40 AM,1/28/2025 11:35:15 AM,,,2,,,,,,,
2480141,24-017226,2,False,0109,4/8/2024 1:00:00 PM,1300,06X,14,109,Oakland,1,True,True,A,HEAD-ON,,Monday,,,,,False,False,False,,C,OTHER MOTOR VEHICLE,,1,0,A,DAYLIGHT,,,,,,,A,NO PEDESTRIANS INVOLVED,,A,21802A,,1,34TH ST,1,,,A,,,WEST ST,,,A,7/22/2024 11:52:40 AM,1/28/2025 11:35:15 AM,,,2,,,,,,,
2480140,24-016961,2,False,0109,4/6/2024 3:30:00 PM,1530,19X,14,109,Oakland,1,True,True,A,HEAD-ON,,Saturday,,,,,False,False,False,,I,FIXED OBJECT,,3,0,A,DAYLIGHT,,,,,,,A,NO PEDESTRIANS INVOLVED,,A,22107,,1,5TH AV,1,,,A,,,E 10TH ST,,,A,7/22/2024 11:52:40 AM,1/28/2025 11:35:15 AM,,,2,,,,,,,
2480139,24-017950,2,False,0109,4/12/2024 8:42:00 AM,842,12X,14,109,Oakland,1,True,True,H,OTHER,,Friday,,,,,False,False,False,,G,BICYCLE,,1,0,A,DAYLIGHT,,,,,,,A,NO PEDESTRIANS INVOLVED,,A,22106,,1,BROADWAY,2,,,A,,,45TH ST,,,D,7/22/2024 11:52:40 AM,1/28/2025 11:35:15 AM,,,2,,,,,,,
2480136,24-020761,2,False,0109,4/27/2024 3:50:00 PM,1550,08X,14,109,Oakland,1,True,True,D,BROADSIDE,,Saturday,,,,,False,False,False,,D,MOTOR VEHICLE ON OTHER ROADWAY,,2,0,A,DAYLIGHT,,,,,,,A,NO PEDESTRIANS INVOLVED,,A,21801A,,1,W MACARTHUR BL,1,,,A,,,WEBSTER ST,,,A,7/22/2024 11:52:40 AM,1/28/2025 11:35:15 AM,,,2,,,,,,,
2480122,24-024538,2,False,0109,5/18/2024 9:54:00 AM,954,30X,14,109,Oakland,1,True,True,D,BROADSIDE,,Saturday,,,F,,False,False,False,,C,OTHER MOTOR VEHICLE,,1,0,A,DAYLIGHT,,,,,,,A,NO PEDESTRIANS INVOLVED,,A,22450A,,1,HAVENSCOURT BL,2,,,A,,,ARTHUR ST,,,D,7/22/2024 11:52:39 AM,1/28/2025 11:35:14 AM,,,2,,,,,,,
2480119,24-025657,2,False,0109,5/24/2024 4:18:00 PM,1618,15X,14,109,Oakland,1,True,True,D,BROADSIDE,,Friday,,,,,False,False,False,,D,MOTOR VEHICLE ON OTHER ROADWAY,,1,0,A,DAYLIGHT,,,,,,,A,NO PEDESTRIANS INVOLVED,,A,21453A,,1,PARK BL,1,,,A,,,CHATHAM RD,,,A,7/22/2024 11:52:38 AM,1/28/2025 11:35:14 AM,,,2,,,,,,,
2480118,24-026661,2,False,0109,5/29/2024 6:04:00 PM,1804,26X,14,109,Oakland,1,True,True,C,REAR END,,Wednesday,,,F,,False,False,False,,C,OTHER MOTOR VEHICLE,,1,0,A,DAYLIGHT,,,,,,,A,NO PEDESTRIANS INVOLVED,,A,22350,,1,66TH AV,2,,,A,N,15.0,COLISEUM WY,F,,A,7/22/2024 11:52:38 AM,1/28/2025 11:35:14 AM,,,2,,,,,,,
2480115,24-021843,2,False,0109,5/4/2024 1:05:00 AM,105,30X,14,109,Oakland,1,True,True,D,BROADSIDE,,Saturday,,,,,False,False,True,,C,OTHER MOTOR VEHICLE,,1,0,C,DARK-STREET LIGHTS,,,,,,,A,NO PEDESTRIANS INVOLVED,,A,21802A,,1,67TH AV,2,,,A,,,BANCROFT AV,,,D,7/22/2024 11:52:38 AM,1/28/2025 11:35:14 AM,,,2,,,,,,,
2480110,24-022747,2,False,0109,5/8/2024 4:14:00 PM,1614,27X,14,109,Oakland,1,True,True,D,BROADSIDE,,Wednesday,,,,,False,False,True,,C,OTHER MOTOR VEHICLE,,1,0,A,DAYLIGHT,,,,,,,A,NO PEDESTRIANS INVOLVED,,A,21802A,,1,BANCROFT AV,2,,,A,,,COLE ST,,,A,7/22/2024 11:52:37 AM,1/28/2025 11:35:14 AM,,,2,,,,,,,
2480108,24-027853,2,False,0109,6/5/2024 4:14:00 PM,1614,10X,14,109,Oakland,1,True,True,D,BROADSIDE,,Wednesday,,,,,False,False,True,,C,OTHER MOTOR VEHICLE,,1,0,A,DAYLIGHT,,,,,,,A,NO PEDESTRIANS INVOLVED,,A,21453A,,1,MARTIN LUTHER KING JR WY,1,,,A,,,55TH ST,,,A,7/22/2024 11:52:37 AM,1/28/2025 11:35:14 AM,,,2,,,,,,,
2480081,24-023120,2,False,0109,5/10/2024 7:12:00 PM,1912,27X,14,109,Oakland,1,True,True,A,HEAD-ON,,Friday,,,M,,False,False,False,,E,PARKED MOTOR VEHICLE,,0,0,A,DAYLIGHT,,,,,,,A,NO PEDESTRIANS INVOLVED,,A,22350,,1,THOMPSON ST,2,,,A,W,230.0,47TH AV,F,,D,7/22/2024 11:52:35 AM,1/28/2025 11:35:12 AM,,,2,,,,,,,
2480079,24-021398,2,False,0109,5/1/2024 11:34:00 AM,1134,24X,14,109,Oakland,1,True,True,D,BROADSIDE,,Wednesday,,,M,,False,False,False,,C,OTHER MOTOR VEHICLE,,0,0,A,DAYLIGHT,,,,,,,A,NO PEDESTRIANS INVOLVED,,A,22450A,,1,41ST AV,2,,,A,,,SANTA RITA ST,,,D,7/22/2024 11:52:35 AM,1/28/2025 11:35:12 AM,,,2,,,,,,,
2480077,24-022761,2,False,0109,5/8/2024 5:47:00 PM,1747,21X,14,109,Oakland,1,True,True,A,HEAD-ON,,Wednesday,,,,,False,False,False,,E,PARKED MOTOR VEHICLE,,0,0,A,DAYLIGHT,,,,,,,A,NO PEDESTRIANS INVOLVED,,A,22350,,1,25TH AV,2,,,A,N,10.0,E 22ND ST,F,,D,7/22/2024 11:52:35 AM,1/28/2025 11:35:12 AM,,,2,,,,,,,
2480059,24-025340,2,False,0109,5/22/2024 6:32:00 PM,1832,25X,14,109,Oakland,1,True,True,D,BROADSIDE,,Wednesday,,,,,False,False,False,,E,PARKED MOTOR VEHICLE,,0,0,A,DAYLIGHT,,,,,,,A,NO PEDESTRIANS INVOLVED,,D,,,,PATTERSON AV,2,,,A,S,80.0,CALIFORNIA ST,F,,D,7/22/2024 11:52:34 AM,1/28/2025 11:35:08 AM,,,2,,,,,,,
2480058,24-024294,2,False,0109,5/16/2024 9:20:00 PM,2120,31Y,14,109,Oakland,1,True,True,B,SIDE SWIPE,,Thursday,,,,,False,False,False,,C,OTHER MOTOR VEHICLE,,0,0,C,DARK-STREET LIGHTS,,,,,,,A,NO PEDESTRIANS INVOLVED,,A,22107,,1,HEGENBERGER RD,2,,,A,,,EDES AV,,,A,7/22/2024 11:52:34 AM,1/28/2025 11:35:08 AM,,,2,,,,,,,
2480057,24-026574,2,False,0109,5/29/2024 9:03:00 AM,903,21Y,14,109,Oakland,1,True,True,B,SIDE SWIPE,,Wednesday,,,M,,False,False,False,,E,PARKED MOTOR VEHICLE,,0,0,A,DAYLIGHT,,,,,,,A,NO PEDESTRIANS INVOLVED,,A,22107,,1,CHAMPION ST,2,,,A,N,60.0,SCHOOL ST,F,,A,7/22/2024 11:52:34 AM,1/28/2025 11:35:08 AM,,,2,,,,,,,
2480056,24-022755,2,False,0109,5/8/2024 5:27:00 PM,1727,17X,14,109,Oakland,1,True,True,B,SIDE SWIPE,,Wednesday,,,,,False,False,True,,E,PARKED MOTOR VEHICLE,,0,0,A,DAYLIGHT,,,,,,,A,NO PEDESTRIANS INVOLVED,,A,22107,,1,E 21ST ST,1,,,A,,,9TH AVE,,,D,7/22/2024 11:52:34 AM,1/28/2025 11:35:08 AM,,,2,,,,,,,
2480055,24-024805,2,False,0109,5/20/2024 12:08:00 AM,8,23X,14,109,Oakland,1,True,True,F,OVERTURNED,,Monday,,,M,,False,False,False,,C,OTHER MOTOR VEHICLE,,0,0,C,DARK-STREET LIGHTS,,,,,,,A,NO PEDESTRIANS INVOLVED,,A,21453A,,1,INTERNATIONAL BL,2,,,A,,,HIGH ST,,,A,7/22/2024 11:52:34 AM,1/28/2025 11:35:08 AM,,,2,,,,,,,
2480054,24-025761,2,False,0109,5/25/2024 11:00:00 PM,2300,03X,14,109,Oakland,1,True,True,C,REAR END,,Saturday,,,M,,False,False,False,,E,PARKED MOTOR VEHICLE,,0,0,A,DAYLIGHT,,,,,,,A,NO PEDESTRIANS INVOLVED,,A,22107,,1,JACKSON ST,1,,,A,N,50.0,7TH ST,F,,D,7/22/2024 11:52:33 AM,1/28/2025 11:35:08 AM,,,2,,,,,,,