collision-id,report-number,report-version,is-preliminary,ncic-code,crash-date-time,crash-time-description,beat,city-id,city-code,city-name,county-code,city-is-active,city-is-incorporated,collision-type-code,collision-type-description,collision-type-other-desc,day-of-week,dispatch-notified,has-photographs,hit-run,is-attachments-mailed,is-deleted,is-highway-related,is-tow-away,judicial-district,motor-vehicle-involved-with-code,motor-vehicle-involved-with-desc,motor-vehicle-involved-with-other-desc,number-injured,number-killed,lighting-code,lighting-description,latitude,longitude,milepost-direction,milepost-distance,milepost-marker,milepost-unit-of-measure,pedestrian-action-code,pedestrian-action-desc,prepared-date,primary-collision-factor-code,primary-collision-factor-description,primary-collision-factor-is-cited,primary-collision-party-number,primary-road,reporting-district,reporting-district-code,reviewed-date,roadway-surface-code,secondary-direction,secondary-distance,secondary-road,secondary-unit-of-measure,sketch-desc,traffic-control-device-code,created-date,modified-date,is-county-road,is-freeway,chp-555-version,is-additonal-object-struck,notification-date,notification-time-description,has-digital-media-files,evidence-number,is-location-refer-to-narrative,is-aoi-one-same-as-location
2480053,24-015260,2,False,0109,3/27/2024 9:02:00 AM,902,27X,14,109,Oakland,1,True,True,C,REAR END,,Wednesday,,,,,False,False,False,,C,OTHER MOTOR VEHICLE,,0,0,A,DAYLIGHT,,,,,,,A,NO PEDESTRIANS INVOLVED,,A,23152A,,1,FOOTHILL BL,2,,,A,E,20.0,HIGH ST,F,,A,7/22/2024 11:52:33 AM,1/28/2025 11:35:08 AM,,,2,,,,,,,
2480052,24-025531,2,False,0109,5/23/2024 11:12:00 PM,2312,23X,14,109,Oakland,1,True,True,E,HIT OBJECT,,Thursday,,,,,False,False,False,,I,FIXED OBJECT,,0,0,C,DARK-STREET LIGHTS,,,,,,,A,NO PEDESTRIANS INVOLVED,,A,22107,,1,35TH AV,2,,,A,N,50.0,16TH AV,F,,D,7/22/2024 11:52:33 AM,1/28/2025 11:35:08 AM,,,2,,,,,,,
2480051,24-026095,2,False,0109,5/27/2024 10:20:00 AM,1020,24X,14,109,Oakland,1,True,True,A,HEAD-ON,,Monday,,,,,False,False,False,,I,FIXED OBJECT,,0,0,A,DAYLIGHT,,,,,,,A,NO PEDESTRIANS INVOLVED,,A,22107,,1,MINNA AV,2,,,A,,,ANGELO AV,,,D,7/22/2024 11:52:33 AM,1/28/2025 11:35:08 AM,,,2,,,,,,,
2480050,24-025212,2,False,0109,5/22/2024 3:59:00 AM,359,35X,14,109,Oakland,1,True,True,E,HIT OBJECT,,Wednesday,,,,,False,False,True,,I,FIXED OBJECT,,0,0,C,DARK-STREET LIGHTS,,,,,,,A,NO PEDESTRIANS INVOLVED,,A,22107,,1,MACARTHUR BL,2,,,A,E,50.0,90TH AV,F,,A,7/22/2024 11:52:33 AM,1/28/2025 11:35:08 AM,,,2,,,,,,,
2480049,24-021534,2,False,0109,5/2/2024 7:53:00 AM,753,31X,14,109,Oakland,1,True,True,A,HEAD-ON,,Thursday,,,,,False,False,False,,C,OTHER MOTOR VEHICLE,,0,0,A,DAYLIGHT,,,,,,,A,NO PEDESTRIANS INVOLVED,,A,21453A,,1,DOOLITTLE DR,2,,,A,,,HEGENBERGER RD,,,A,7/22/2024 11:52:33 AM,1/28/2025 11:35:08 AM,,,2,,,,,,,
2480048,24-023482,2,False,0109,5/13/2024 2:51:00 AM,251,24X,14,109,Oakland,1,True,True,D,BROADSIDE,,Monday,,,M,,False,False,True,,E,PARKED MOTOR VEHICLE,,0,0,C,DARK-STREET LIGHTS,,,,,,,A,NO PEDESTRIANS INVOLVED,,A,22107,,1,LORENZO AV,2,,,A,S,21.0,SUTER ST,F,,A,7/22/2024 11:52:33 AM,1/28/2025 11:35:08 AM,,,2,,,,,,,
2480047,24-026146,2,False,0109,5/27/2024 3:37:00 PM,1537,08X,14,109,Oakland,1,True,True,E,HIT OBJECT,,Monday,,,,,False,False,False,,I,FIXED OBJECT,,0,0,A,DAYLIGHT,,,,,,,A,NO PEDESTRIANS INVOLVED,,A,22107,,1,PEARL ST,1,,,A,W,25.0,ORANGE ST,F,,D,7/22/2024 11:52:33 AM,1/28/2025 11:35:08 AM,,,2,,,,,,,
2480046,24-024161,2,False,0109,5/16/2024 5:18:00 PM,1718,31X,14,109,Oakland,1,True,True,B,SIDE SWIPE,,Thursday,,,F,,False,False,False,,C,OTHER MOTOR VEHICLE,,0,0,A,DAYLIGHT,,,,,,,A,NO PEDESTRIANS INVOLVED,,A,22107,,1,AIRPORT ACCESS RD,2,,,A,,,HEGENBERGER RD,,,A,7/22/2024 11:52:33 AM,1/28/2025 11:35:08 AM,,,2,,,,,,,
2480045,24-024365,2,False,0109,5/17/2024 9:43:00 AM,943,24X,14,109,Oakland,1,True,True,D,BROADSIDE,,Friday,,,,,False,False,True,,C,OTHER MOTOR VEHICLE,,0,0,A,DAYLIGHT,,,,,,,A,NO PEDESTRIANS INVOLVED,,A,21453A,,1,38TH AVE,2,,,A,,,FOOTHILL BL,,,A,7/22/2024 11:52:33 AM,1/28/2025 11:35:08 AM,,,2,,,,,,,
2480044,24-016854,2,False,0109,4/5/2024 9:58:00 PM,2158,19X,14,109,Oakland,1,True,True,D,BROADSIDE,,Friday,,,M,,False,False,False,,D,MOTOR VEHICLE ON OTHER ROADWAY,,0,0,C,DARK-STREET LIGHTS,,,,,,,A,NO PEDESTRIANS INVOLVED,,A,22350,,2,E 15TH ST,1,,,A,,,9TH AV,,,A,7/22/2024 11:52:33 AM,1/28/2025 11:35:08 AM,,,2,,,,,,,
2480043,24-024802,2,False,0109,5/20/2024 12:03:00 PM,1203,20X,14,109,Oakland,1,True,True,B,SIDE SWIPE,,Monday,,,M,,False,False,False,,C,OTHER MOTOR VEHICLE,,0,0,C,DARK-STREET LIGHTS,,,,,,,A,NO PEDESTRIANS INVOLVED,,A,22107,,1,FOOTHILL BL,2,,,A,,,25TH ST,,,D,7/22/2024 11:52:33 AM,1/28/2025 11:35:08 AM,,,2,,,,,,,
2480041,24-017577,2,False,0109,4/9/2024 9:40:00 PM,2140,10X,14,109,Oakland,1,True,True,B,SIDE SWIPE,,Tuesday,,,,,False,False,False,,C,OTHER MOTOR VEHICLE,,0,0,C,DARK-STREET LIGHTS,,,,,,,A,NO PEDESTRIANS INVOLVED,,D,,,,61ST ST,1,,,A,E,15.0,LOWELL ST,F,,D,7/22/2024 11:52:32 AM,1/28/2025 11:35:07 AM,,,2,,,,,,,
2480040,24-018235,2,False,0109,4/14/2024 1:44:00 AM,144,10Y,14,109,Oakland,1,True,True,D,BROADSIDE,,Sunday,,,M,,False,False,False,,C,OTHER MOTOR VEHICLE,,0,0,C,DARK-STREET LIGHTS,,,,,,,A,NO PEDESTRIANS INVOLVED,,A,21453A,,1,MARTIN LUTHER KING JR WY,1,,,B,,,53RD ST,,,A,7/22/2024 11:52:32 AM,1/28/2025 11:35:07 AM,,,2,,,,,,,
2480039,24-016856,2,False,0109,4/6/2024 10:14:00 PM,2214,31Y,14,109,Oakland,1,True,True,D,BROADSIDE,,Saturday,,,,,False,False,False,,C,OTHER MOTOR VEHICLE,,0,0,C,DARK-STREET LIGHTS,,,,,,,A,NO PEDESTRIANS INVOLVED,,A,21801A,,1,DOOLITTLE DR,2,,,A,,,AIRPORT ACCESS DR,,,A,7/22/2024 11:52:32 AM,1/28/2025 11:35:07 AM,,,2,,,,,,,
2480038,24-018560,2,False,0109,4/13/2024 6:00:00 PM,1800,34X,14,109,Oakland,1,True,True,D,BROADSIDE,,Saturday,,,,,False,False,False,,E,PARKED MOTOR VEHICLE,,0,0,A,DAYLIGHT,,,,,,,A,NO PEDESTRIANS INVOLVED,,A,22106,,1,94TH AV,2,,,,N,100.0,INTERNATIONAL BL,F,,D,7/22/2024 11:52:32 AM,1/28/2025 11:35:07 AM,,,2,,,,,,,
2480026,24-020020,2,False,0109,4/23/2024 3:05:00 PM,1505,23X,14,109,Oakland,1,True,True,D,BROADSIDE,,Tuesday,,,M,,False,False,False,,C,OTHER MOTOR VEHICLE,,0,0,A,DAYLIGHT,,,,,,,A,NO PEDESTRIANS INVOLVED,,A,22107,,1,FRUITVALE AV,2,,,A,N,400.0,E 16TH ST,F,,D,7/22/2024 11:52:31 AM,1/28/2025 11:35:07 AM,,,2,,,,,,,
2480025,24-010872,2,False,0109,4/20/2024 5:11:00 PM,1711,27X,14,109,Oakland,1,True,True,C,REAR END,,Saturday,,,,,False,False,False,,C,OTHER MOTOR VEHICLE,,0,0,A,DAYLIGHT,,,,,,,A,NO PEDESTRIANS INVOLVED,,A,22350,,1,BANCROFT AV,2,,,A,N,5.0,VICKSBURG AV,F,,A,7/22/2024 11:52:31 AM,1/28/2025 11:35:07 AM,,,2,,,,,,,
2480023,24-017703,2,False,0109,4/20/2024 7:25:00 PM,1925,27X,14,109,Oakland,1,True,True,A,HEAD-ON,,Saturday,,,M,,False,False,False,,E,PARKED MOTOR VEHICLE,,0,0,A,DAYLIGHT,,,,,,,A,NO PEDESTRIANS INVOLVED,,A,22107,,1,65TH AV,2,,,A,N,600.0,INTERNATIONAL BL,F,,D,7/22/2024 11:52:31 AM,1/28/2025 11:35:07 AM,,,2,,,,,,,
2480022,24-019683,2,False,0109,4/21/2024 6:15:00 PM,1815,14X,14,109,Oakland,1,True,True,D,BROADSIDE,,Sunday,,,,,False,False,False,,C,OTHER MOTOR VEHICLE,,0,0,A,DAYLIGHT,,,,,,,A,NO PEDESTRIANS INVOLVED,,A,22350,,1,GRAND AV,1,,,A,,,PERKINS ST,,,A,7/22/2024 11:52:31 AM,1/28/2025 11:35:07 AM,,,2,,,,,,,
2480021,24-021231,2,False,0109,4/30/2024 11:50:00 AM,1150,10Y,14,109,Oakland,1,True,True,A,HEAD-ON,,Tuesday,,,,,False,False,False,,C,OTHER MOTOR VEHICLE,,0,0,A,DAYLIGHT,,,,,,,A,NO PEDESTRIANS INVOLVED,,A,22106,,1,52ND ST,1,,,A,S,10.0,WEST ST,F,,A,7/22/2024 11:52:31 AM,1/28/2025 11:35:07 AM,,,2,,,,,,,
2480020,24-020457,2,False,0109,4/29/2024 1:18:00 AM,118,33X,14,109,Oakland,1,True,True,H,OTHER,,Monday,,,M,,False,False,False,,E,PARKED MOTOR VEHICLE,,0,0,C,DARK-STREET LIGHTS,,,,,,,A,NO PEDESTRIANS INVOLVED,,A,22107,,1,85TH AV,2,,,A,S,0.1,D ST,M,,D,7/22/2024 11:52:31 AM,1/28/2025 11:35:06 AM,,,2,,,,,,,
2480019,24-021112,2,False,0109,4/29/2024 4:29:00 PM,1629,35X,14,109,Oakland,1,True,True,H,OTHER,,Monday,,,M,,False,False,False,,I,FIXED OBJECT,,0,0,A,DAYLIGHT,,,,,,,A,NO PEDESTRIANS INVOLVED,,A,22107,,1,82ND AV,2,,,A,S,20.0,GOLD LINKS RD,F,,A,7/22/2024 11:52:31 AM,1/28/2025 11:35:06 AM,,,2,,,,,,,
2480018,24-18447,2,False,0109,4/15/2024 9:40:00 AM,940,29X,14,109,Oakland,1,True,True,A,HEAD-ON,,Monday,,,M,,False,False,False,,C,OTHER MOTOR VEHICLE,,0,0,A,DAYLIGHT,,,,,,,A,NO PEDESTRIANS INVOLVED,,A,21651B,,1,66TH AV,2,,,A,S,20.0,OUTLOOK AV,F,,D,7/22/2024 11:52:31 AM,1/28/2025 11:35:06 AM,,,2,,,,,,,
2480016,24-018105,2,False,0109,4/13/2024 3:29:00 AM,329,24X,14,109,Oakland,1,True,True,,,,Saturday,,,M,,False,False,False,,C,OTHER MOTOR VEHICLE,,0,0,C,DARK-STREET LIGHTS,,,,,,,A,NO PEDESTRIANS INVOLVED,,A,22107,,1,40TH AV,2,,,D,N,15.0,SAN JUAN ST,F,,A,7/22/2024 11:52:31 AM,1/28/2025 11:35:06 AM,,,2,,,,,,,
2480015,24-016405,2,False,0109,4/3/2024 11:37:00 PM,2337,19X,14,109,Oakland,1,True,True,B,SIDE SWIPE,,Wednesday,,,M,,False,False,False,,C,OTHER MOTOR VEHICLE,,0,0,C,DARK-STREET LIGHTS,,,,,,,A,NO PEDESTRIANS INVOLVED,,A,22107,,1,23RD AV,1,,,A,E,500.0,12TH ST,F,,A,7/22/2024 11:52:31 AM,1/28/2025 11:35:06 AM,,,2,,,,,,,
2480014,24-019509,2,False,0109,4/20/2024 5:14:00 PM,1714,30X,14,109,Oakland,1,True,True,C,REAR END,,Saturday,,,,,False,False,False,,C,OTHER MOTOR VEHICLE,,0,0,A,DAYLIGHT,,,,,,,A,NO PEDESTRIANS INVOLVED,,A,22350,,1,80TH AV,2,,,A,E,20.0,INTERNATIONAL BL,F,,D,7/22/2024 11:52:30 AM,1/28/2025 11:35:06 AM,,,2,,,,,,,
2480013,24-016103,2,False,0109,4/10/2024 4:40:00 AM,440,25X,14,109,Oakland,1,True,True,B,SIDE SWIPE,,Wednesday,,,M,,False,False,False,,E,PARKED MOTOR VEHICLE,,0,0,C,DARK-STREET LIGHTS,,,,,,,A,NO PEDESTRIANS INVOLVED,,A,22107,,1,QUIGLEY ST,2,,,A,W,60.0,LOMA VISTA AV,F,,D,7/22/2024 11:52:30 AM,1/28/2025 11:35:06 AM,,,2,,,,,,,
2480012,24-017718,2,False,0109,4/10/2024 8:19:00 PM,2019,26Y,14,109,Oakland,1,True,True,D,BROADSIDE,,Wednesday,,,M,,False,False,False,,C,OTHER MOTOR VEHICLE,,0,0,C,DARK-STREET LIGHTS,,,,,,,A,NO PEDESTRIANS INVOLVED,,A,22107,,1,71ST AV,2,,,A,,,INTERNATIONAL BL,,,D,7/22/2024 11:52:30 AM,1/28/2025 11:35:06 AM,,,2,,,,,,,
2480011,24-017331,2,False,0109,4/9/2024 5:39:00 AM,539,21X,14,109,Oakland,1,True,True,H,OTHER,,Tuesday,,,M,,False,False,False,,I,FIXED OBJECT,,0,0,C,DARK-STREET LIGHTS,,,,,,,A,NO PEDESTRIANS INVOLVED,,B,,,1,27TH AV,2,,,A,,,E 23RD ST,,,D,7/22/2024 11:52:30 AM,1/28/2025 11:35:06 AM,,,2,,,,,,,
2480010,24-020404,2,False,0109,4/21/2024 11:05:00 PM,2305,31Z,14,109,Oakland,1,True,True,B,SIDE SWIPE,,Sunday,,,M,,False,False,True,,E,PARKED MOTOR VEHICLE,,0,0,C,DARK-STREET LIGHTS,,,,,,,A,NO PEDESTRIANS INVOLVED,,A,22107,,1,105TH AV,2,,,A,S,20.0,PATRICIA CT,F,,D,7/22/2024 11:52:30 AM,1/28/2025 11:35:06 AM,,,2,,,,,,,
2480009,24-018208,2,False,0109,4/13/2024 9:13:00 PM,2113,35X,14,109,Oakland,1,True,True,C,REAR END,,Saturday,,,,,False,False,False,,C,OTHER MOTOR VEHICLE,,0,0,C,DARK-STREET LIGHTS,,,,,,,A,NO PEDESTRIANS INVOLVED,,A,22350,,1,BANCROFT AV,2,,,B,E,10.0,82ND AV,F,,A,7/22/2024 11:52:30 AM,1/28/2025 11:35:06 AM,,,2,,,,,,,
2480007,24-020794,2,False,0109,4/27/2024 9:56:00 PM,2156,30X,14,109,Oakland,1,True,True,C,REAR END,,Saturday,,,,,False,False,False,,C,OTHER MOTOR VEHICLE,,0,0,C,DARK-STREET LIGHTS,,,,,,,A,NO PEDESTRIANS INVOLVED,,A,23152A,,1,73RD AV,2,,,A,,,MACARTHUR BL,,,A,7/22/2024 11:52:30 AM,1/28/2025 11:35:06 AM,,,2,,,,,,,
2479982,24-025759,2,False,0109,5/25/2024 10:58:00 AM,1058,19X,14,109,Oakland,1,True,True,C,REAR END,,Saturday,,,M,,False,False,False,,C,OTHER MOTOR VEHICLE,,1,0,A,DAYLIGHT,,,,,,,A,NO PEDESTRIANS INVOLVED,,A,22350,,1,KENNEDY ST,1,,,A,,,FREDERICK ST,,,A,7/22/2024 11:52:28 AM,1/28/2025 11:34:50 AM,,,2,,,,,,,
2479981,24-025040,2,False,0109,5/21/2024 7:54:00 AM,754,13Y,14,109,Oakland,1,True,True,E,HIT OBJECT,,Tuesday,,,,,False,False,False,,J,OTHER OBJECT,,1,0,A,DAYLIGHT,,,,,,,A,NO PEDESTRIANS INVOLVED,,A,22350,,1,GRIZZLY PEAK BL,1,,,A,S,1.0,CENTENNIAL DR,M,,D,7/22/2024 11:52:28 AM,1/28/2025 11:34:50 AM,,,2,,,,,,,
2479980,24-024403,2,False,0109,5/17/2024 12:45:00 PM,1245,20X,14,109,Oakland,1,True,True,D,BROADSIDE,,Friday,,,F,,False,False,True,,C,OTHER MOTOR VEHICLE,,1,0,A,DAYLIGHT,,,,,,,A,NO PEDESTRIANS INVOLVED,,A,21453A,,1,FRUITVALE AV,2,,,A,,,12TH AV,,,A,7/22/2024 11:52:27 AM,1/28/2025 11:34:50 AM,,,2,,,,,,,
2479979,24-023863,2,False,0109,5/14/2024 7:56:00 PM,1956,24X,14,109,Oakland,1,True,True,B,SIDE SWIPE,,Tuesday,,,M,,False,False,True,,C,OTHER MOTOR VEHICLE,,1,0,B,DUSK-DAWN,,,,,,,A,NO PEDESTRIANS INVOLVED,,A,21650,,1,38TH AV,2,,,A,S,40.0,CARRINGTON AV,F,,D,7/22/2024 11:52:27 AM,1/28/2025 11:34:50 AM,,,2,,,,,,,
2479978,24-025281,2,False,0109,5/22/2024 12:04:00 PM,1204,03X,14,109,Oakland,1,True,True,D,BROADSIDE,,Wednesday,,,,,False,False,False,,C,OTHER MOTOR VEHICLE,,3,0,A,DAYLIGHT,,,,,,,A,NO PEDESTRIANS INVOLVED,,A,21453A,,1,MARTIN LUTHER KING JR WY,1,,,A,,,11TH ST,,,A,7/22/2024 11:52:27 AM,1/28/2025 11:34:50 AM,,,2,,,,,,,
2479977,24-026000,2,False,0109,5/26/2024 8:01:00 PM,2001,08X,14,109,Oakland,1,True,True,F,OVERTURNED,,Sunday,,,,,False,False,False,,A,NON-COLLISION,,1,0,A,DAYLIGHT,,,,,,,A,NO PEDESTRIANS INVOLVED,,A,22350,,1,27TH ST,1,,,A,E,100.0,BROADWAY,F,,D,7/22/2024 11:52:27 AM,1/28/2025 11:34:50 AM,,,2,,,,,,,
2479976,24-025645,2,False,0109,5/24/2024 2:33:00 PM,1433,23X,14,109,Oakland,1,True,True,A,HEAD-ON,,Friday,,,,,False,False,True,,C,OTHER MOTOR VEHICLE,,1,0,A,DAYLIGHT,,,,,,,A,NO PEDESTRIANS INVOLVED,,A,21460A,,1,HIGH ST,2,,,A,N,10.0,SAN LEANDRO ST,F,,A,7/22/2024 11:52:27 AM,1/28/2025 11:34:50 AM,,,2,,,,,,,
2479975,24-025377,2,False,0109,5/22/2024 8:29:00 PM,2029,31X,14,109,Oakland,1,True,True,C,REAR END,,Wednesday,,,,,False,False,False,,C,OTHER MOTOR VEHICLE,,1,0,B,DUSK-DAWN,,,,,,,A,NO PEDESTRIANS INVOLVED,,A,22350,,1,98TH AV,2,,,A,S,25.0,AIRPORT ACCESS RD,F,,A,7/22/2024 11:52:27 AM,1/28/2025 11:34:50 AM,,,2,,,,,,,
2479974,24-024606,2,False,0109,5/18/2024 6:27:00 PM,1827,18Y,14,109,Oakland,1,True,True,D,BROADSIDE,,Saturday,,,,,False,False,False,,D,MOTOR VEHICLE ON OTHER ROADWAY,,1,0,A,DAYLIGHT,,,,,,,A,NO PEDESTRIANS INVOLVED,,A,21703,,1,23RD AV,1,,,A,,,22ND ST,,,D,7/22/2024 11:52:27 AM,1/28/2025 11:34:49 AM,,,2,,,,,,,
2479973,Q24-023645,2,False,0109,5/13/2024 4:46:00 PM,1646,17X,14,109,Oakland,1,True,True,A,HEAD-ON,,Monday,,,,,False,False,False,,C,OTHER MOTOR VEHICLE,,2,0,A,DAYLIGHT,,,,,,,A,NO PEDESTRIANS INVOLVED,,A,21801A,,1,14TH AV,1,,,A,,,27TH ST,,,D,7/22/2024 11:52:27 AM,1/28/2025 11:34:49 AM,,,2,,,,,,,
2479972,24-023269,2,False,0109,5/11/2024 5:37:00 PM,1737,23X,14,109,Oakland,1,True,True,B,SIDE SWIPE,,Saturday,,,M,,False,False,False,,E,PARKED MOTOR VEHICLE,,1,0,A,DAYLIGHT,,,,,,,A,NO PEDESTRIANS INVOLVED,,A,23152A,,1,16TH ST,2,,,A,W,222.0,FRUITVALE BL,F,,D,7/22/2024 11:52:27 AM,1/28/2025 11:34:49 AM,,,2,,,,,,,
2479955,24-027703,2,False,0109,6/4/2024 7:21:00 PM,1921,34X,14,109,Oakland,1,True,True,D,BROADSIDE,,Tuesday,,,M,,False,False,False,,C,OTHER MOTOR VEHICLE,,1,0,A,DAYLIGHT,,,,,,,A,NO PEDESTRIANS INVOLVED,,A,22450A,,1,85TH AV,2,,,A,,,HOLLY ST,,,A,7/22/2024 11:52:25 AM,1/28/2025 11:34:48 AM,,,2,,,,,,,
2479129,24-015472,2,False,0109,3/27/2024 8:22:00 PM,2022,27X,14,109,Oakland,1,True,True,G,VEHICLE/PEDESTRAIN,,Wednesday,,,F,,False,False,False,,B,PEDESTRIAN,,1,0,C,DARK-STREET LIGHTS,,,,,,,B,CROSSING IN CROSS WALK AT INTERSECTION,,A,21950A,,1,FOOTHILL BL,2,,,B,,,FAIRFAX AV,,,A,7/22/2024 11:51:24 AM,1/28/2025 11:31:07 AM,,,2,,,,,,,
2479128,24-010952,2,False,0109,3/3/2024 5:41:00 AM,541,12X,14,109,Oakland,1,True,True,D,BROADSIDE,,Sunday,,,,,False,False,False,,C,OTHER MOTOR VEHICLE,,2,0,C,DARK-STREET LIGHTS,,,,,,,A,NO PEDESTRIANS INVOLVED,,A,21453A,,1,MARTIN LUTHER KING JR WY,1,,,B,,,52ND ST,,,A,7/22/2024 11:51:24 AM,1/28/2025 11:31:07 AM,,,2,,,,,,,
2479127,24-013633,2,False,0109,3/18/2024 11:43:00 AM,1143,26X,14,109,Oakland,1,True,True,D,BROADSIDE,,Monday,,,,,False,False,True,,C,OTHER MOTOR VEHICLE,,1,0,A,DAYLIGHT,,,,,,,A,NO PEDESTRIANS INVOLVED,,A,21804A,,1,COLISEUM WY,2,,,A,,,50TH AV,,,D,7/22/2024 11:51:23 AM,1/28/2025 11:31:07 AM,,,2,,,,,,,
2478882,24-015968,2,False,0109,3/31/2024 3:49:00 AM,349,27X,14,109,Oakland,1,True,True,E,HIT OBJECT,,Sunday,,,M,,False,False,True,,I,FIXED OBJECT,,0,0,C,DARK-STREET LIGHTS,,,,,,,A,NO PEDESTRIANS INVOLVED,,A,22107,,1,55TH AV,2,,,B,,,INTERNATIONAL BL,,,A,7/22/2024 11:51:05 AM,1/28/2025 11:30:44 AM,,,2,,,,,,,
2478880,24-015049,2,False,0109,3/25/2024 12:20:00 PM,1220,05X,14,109,Oakland,1,True,True,H,OTHER,,Monday,,,M,,False,False,False,,E,PARKED MOTOR VEHICLE,,0,0,A,DAYLIGHT,,,,,,,A,NO PEDESTRIANS INVOLVED,,A,22106,,1,17TH ST,1,,,A,W,105.0,MANDELA PKWY,F,,D,7/22/2024 11:51:05 AM,1/28/2025 11:30:44 AM,,,2,,,,,,,
2478867,24-015429,2,False,0109,3/27/2024 4:00:00 PM,1600,30X,14,109,Oakland,1,True,True,A,HEAD-ON,,Wednesday,,,,,False,False,False,,G,BICYCLE,,1,0,A,DAYLIGHT,,,,,,,C,CROSSING IN CROSS WALK - NOT AT INTERSECTION,,A,216501,,1,CHURCH ST,2,,,B,,,FOOTHILL BL,,,A,7/22/2024 11:51:05 AM,1/28/2025 11:30:43 AM,,,2,,,,,,,
2478860,24-014770,2,False,0109,3/24/2024 3:25:00 PM,1525,27Y,14,109,Oakland,1,True,True,A,HEAD-ON,,Sunday,,,,,False,False,False,,C,OTHER MOTOR VEHICLE,,3,0,A,DAYLIGHT,,,,,,,A,NO PEDESTRIANS INVOLVED,,A,21802A,,1,BANCROFT AV,2,,,A,,,64TH AV,,,A,7/22/2024 11:51:04 AM,1/28/2025 11:30:43 AM,,,2,,,,,,,
2478815,24-021429,2,False,0109,5/1/2024 1:58:00 PM,1358,17X,14,109,Oakland,1,True,True,D,BROADSIDE,,Wednesday,,,,,False,False,False,,C,OTHER MOTOR VEHICLE,,1,0,A,DAYLIGHT,,,,,,,A,NO PEDESTRIANS INVOLVED,,A,21804A,,1,E 23RD ST,1,,,A,E,100.0,12TH AV,F,,D,7/22/2024 11:51:00 AM,1/28/2025 11:30:40 AM,,,2,,,,,,,
2478812,24-022919,2,False,0109,5/9/2024 4:50:00 PM,1650,17X,14,109,Oakland,1,True,True,D,BROADSIDE,,Thursday,,,,,False,False,False,,C,OTHER MOTOR VEHICLE,,1,0,A,DAYLIGHT,,,,,,,A,NO PEDESTRIANS INVOLVED,,A,21802A,,1,13TH AV,1,,,A,,,E 23RD ST,,,A,7/22/2024 11:50:59 AM,1/28/2025 11:30:40 AM,,,2,,,,,,,
2478811,24-023643,2,False,0109,5/11/2024 4:12:00 PM,1612,03X,14,109,Oakland,1,True,True,B,SIDE SWIPE,,Saturday,,,M,,False,False,False,,B,PEDESTRIAN,,1,0,A,DAYLIGHT,,,,,,,F,NOT IN ROAD,,A,22350,,1,9TH ST,1,,,A,W,50.0,FRANKLIN ST,F,,D,7/22/2024 11:50:59 AM,1/28/2025 11:30:40 AM,,,2,,,,,,,
2478810,24-021544,2,False,0109,5/2/2024 9:32:00 AM,932,29X,14,109,Oakland,1,True,True,C,REAR END,,Thursday,,,,,False,False,False,,C,OTHER MOTOR VEHICLE,,1,0,A,DAYLIGHT,,,,,,,A,NO PEDESTRIANS INVOLVED,,A,22350,,1,MACARTHUR BL,2,,,A,,,56TH AV,,,D,7/22/2024 11:50:59 AM,1/28/2025 11:30:40 AM,,,2,,,,,,,
2478809,24-021724,2,False,0109,5/3/2024 10:20:00 AM,1020,31Y,14,109,Oakland,1,True,True,B,SIDE SWIPE,,Friday,,,,,False,False,True,,C,OTHER MOTOR VEHICLE,,1,0,A,DAYLIGHT,,,,,,,A,NO PEDESTRIANS INVOLVED,,A,22107,,1,SAN LEANDRO ST,2,,,A,W,850.0,98TH AV,F,,D,7/22/2024 11:50:59 AM,1/28/2025 11:30:40 AM,,,2,,,,,,,
2478690,24-008055,2,False,0109,2/14/2024 6:27:00 PM,1827,24Y,14,109,Oakland,1,True,True,A,HEAD-ON,,Wednesday,,,,,False,False,False,,B,PEDESTRIAN,,1,0,C,DARK-STREET LIGHTS,,,,,,,D,CROSSING - NOT IN CROSSWALK,,A,21954A,,1,35TH AV,2,,,B,N,200.0,PENNIMAN AV,F,,D,7/22/2024 11:50:48 AM,1/28/2025 11:30:34 AM,,,2,,,,,,,
2478472,24-016092,2,False,0109,4/1/2024 3:04:00 AM,304,32X,14,109,Oakland,1,True,True,C,REAR END,,Monday,,,,,False,False,False,,C,OTHER MOTOR VEHICLE,,0,0,C,DARK-STREET LIGHTS,,,,,,,A,NO PEDESTRIANS INVOLVED,,A,22350,,1,101ST AV,2,,,A,N,341.0,ROYAL ANN ST,F,,D,7/22/2024 11:50:32 AM,1/28/2025 11:30:24 AM,,,2,,,,,,,
2478461,24-015962,2,False,0109,3/31/2024 6:25:00 AM,625,26X,14,109,Oakland,1,True,True,C,REAR END,,Sunday,,,,,False,True,False,,C,OTHER MOTOR VEHICLE,,0,0,C,DARK-STREET LIGHTS,,,,,,,A,NO PEDESTRIANS INVOLVED,,A,22350,,1,RT 880,2,,,A,E,300.0,HIGH ST,F,,D,7/22/2024 11:50:31 AM,1/28/2025 11:30:23 AM,,,2,,,,,,,
2478448,24-018792,2,False,0109,4/16/2024 3:15:00 PM,1515,26Y,14,109,Oakland,1,True,True,B,SIDE SWIPE,,Tuesday,,,,,False,False,False,,E,PARKED MOTOR VEHICLE,,0,0,A,DAYLIGHT,,,,,,,A,NO PEDESTRIANS INVOLVED,,A,22107,,1,69TH AV,1,,,A,N,100.0,HAMILTON ST,F,,D,7/22/2024 11:50:30 AM,1/28/2025 11:30:23 AM,,,2,,,,,,,
2478259,24-017625,2,False,0109,4/10/2024 9:07:00 AM,907,18X,14,109,Oakland,1,True,True,D,BROADSIDE,,Wednesday,,,,,False,False,False,,C,OTHER MOTOR VEHICLE,,3,0,A,DAYLIGHT,,,,,,,A,NO PEDESTRIANS INVOLVED,,A,22450A,,1,E 20TH ST,1,,,A,,,22ND AV,,,A,7/22/2024 11:50:14 AM,1/28/2025 11:30:14 AM,,,2,,,,,,,
2478173,24-016111,2,False,0109,4/1/2024 5:59:00 AM,559,33X,14,109,Oakland,1,True,True,G,VEHICLE/PEDESTRAIN,,Monday,,,M,,False,False,False,,B,PEDESTRIAN,,1,0,A,DAYLIGHT,,,,,,,E,IN ROAD - INCLUDES SHOULDER,,D,,,,83RD AV,2,,,A,,,INTERNATIONAL BL,,,D,7/22/2024 11:50:06 AM,1/28/2025 11:30:10 AM,,,2,,,,,,,