collision-id,report-number,report-version,is-preliminary,ncic-code,crash-date-time,crash-time-description,beat,city-id,city-code,city-name,county-code,city-is-active,city-is-incorporated,collision-type-code,collision-type-description,collision-type-other-desc,day-of-week,dispatch-notified,has-photographs,hit-run,is-attachments-mailed,is-deleted,is-highway-related,is-tow-away,judicial-district,motor-vehicle-involved-with-code,motor-vehicle-involved-with-desc,motor-vehicle-involved-with-other-desc,number-injured,number-killed,lighting-code,lighting-description,latitude,longitude,milepost-direction,milepost-distance,milepost-marker,milepost-unit-of-measure,pedestrian-action-code,pedestrian-action-desc,prepared-date,primary-collision-factor-code,primary-collision-factor-description,primary-collision-factor-is-cited,primary-collision-party-number,primary-road,reporting-district,reporting-district-code,reviewed-date,roadway-surface-code,secondary-direction,secondary-distance,secondary-road,secondary-unit-of-measure,sketch-desc,traffic-control-device-code,created-date,modified-date,is-county-road,is-freeway,chp-555-version,is-additonal-object-struck,notification-date,notification-time-description,has-digital-media-files,evidence-number,is-location-refer-to-narrative,is-aoi-one-same-as-location
2478171,24-018579,2,False,0109,4/15/2024 11:59:00 PM,2359,26X,14,109,Oakland,1,True,True,A,HEAD-ON,,Monday,,,,,False,False,False,,C,OTHER MOTOR VEHICLE,,1,0,C,DARK-STREET LIGHTS,,,,,,,A,NO PEDESTRIANS INVOLVED,,A,21453A,,1,INTERNATIONAL BL,2,,,A,,,SEMINARY AV,,,A,7/22/2024 11:50:06 AM,1/28/2025 11:30:10 AM,,,2,,,,,,,
2478170,24-016914,2,False,0109,4/6/2024 10:30:00 AM,1030,33X,14,109,Oakland,1,True,True,A,HEAD-ON,,Saturday,,,M,,False,False,True,,C,OTHER MOTOR VEHICLE,,1,0,A,DAYLIGHT,,,,,,,A,NO PEDESTRIANS INVOLVED,,A,22350,,1,SAN LEANDRO ST,2,,,A,W,100.0,92ND AV,F,,D,7/22/2024 11:50:06 AM,1/28/2025 11:30:10 AM,,,2,,,,,,,
2478169,24-016541,2,False,0109,4/3/2024 9:27:00 PM,2127,17X,14,109,Oakland,1,True,True,D,BROADSIDE,,Wednesday,,,,,False,False,False,,C,OTHER MOTOR VEHICLE,,2,0,C,DARK-STREET LIGHTS,,,,,,,A,NO PEDESTRIANS INVOLVED,,A,21453,,1,14TH AV,1,,,A,,,E 31ST ST,,,A,7/22/2024 11:50:06 AM,1/28/2025 11:30:10 AM,,,2,,,,,,,
2478168,24-019678,2,False,0109,4/21/2024 4:52:00 PM,1652,13Y,14,109,Oakland,1,True,True,A,HEAD-ON,,Sunday,,,,,False,False,False,,D,MOTOR VEHICLE ON OTHER ROADWAY,,1,0,A,DAYLIGHT,,,,,,,A,NO PEDESTRIANS INVOLVED,,A,21460A,,1,GRIZZLY PEAK BL,1,,,A,W,150.0,CENTENNIAL DR,F,,D,7/22/2024 11:50:06 AM,1/28/2025 11:30:10 AM,,,2,,,,,,,
2478167,24-017073,2,False,0109,4/7/2024 1:29:00 PM,1329,34X,14,109,Oakland,1,True,True,D,BROADSIDE,,Sunday,,,M,,False,False,False,,C,OTHER MOTOR VEHICLE,,1,0,A,DAYLIGHT,,,,,,,A,NO PEDESTRIANS INVOLVED,,A,216555,,1,INTERNATIONAL BL,2,,,A,,,92ND AV,,,A,7/22/2024 11:50:06 AM,1/28/2025 11:30:10 AM,,,2,,,,,,,
2478166,24-016826,2,False,0109,4/5/2024 3:20:00 PM,1520,19X,14,109,Oakland,1,True,True,D,BROADSIDE,,Friday,,,,,False,False,False,,C,OTHER MOTOR VEHICLE,,1,0,A,DAYLIGHT,,,,,,,A,NO PEDESTRIANS INVOLVED,,A,21453A,,1,14TH AV,1,,,A,,,E 12TH ST,,,A,7/22/2024 11:50:06 AM,1/28/2025 11:30:10 AM,,,2,,,,,,,
2478165,24-016259,2,False,0109,4/2/2024 3:18:00 AM,318,06X,14,109,Oakland,1,True,True,C,REAR END,,Tuesday,,,,,False,False,True,,E,PARKED MOTOR VEHICLE,,1,0,C,DARK-STREET LIGHTS,,,,,,,A,NO PEDESTRIANS INVOLVED,,A,22107,,1,35TH ST,1,,,A,E,127.0,MARKET ST,F,,D,7/22/2024 11:50:06 AM,1/28/2025 11:30:10 AM,,,2,,,,,,,
2477125,24-009401,2,False,0109,2/22/2024 12:40:00 PM,1240,23X,14,109,Oakland,1,True,True,D,BROADSIDE,,Thursday,,,,,False,False,False,,C,OTHER MOTOR VEHICLE,,1,0,A,DAYLIGHT,,,,,,,A,NO PEDESTRIANS INVOLVED,,A,21802A,,1,INTERNATIONAL BL,2,,,A,,,40TH AV,,,A,7/22/2024 11:48:46 AM,1/28/2025 11:28:59 AM,,,2,,,,,,,
2477124,24-007344,2,False,0109,2/10/2024 8:20:00 PM,2020,30X,14,109,Oakland,1,True,True,B,SIDE SWIPE,,Saturday,,,F,,False,False,False,,C,OTHER MOTOR VEHICLE,,1,0,A,DAYLIGHT,,,,,,,A,NO PEDESTRIANS INVOLVED,,A,22107,,1,PARKER AV,2,,,A,N,10.0,BANCROFT AV,F,,D,7/22/2024 11:48:46 AM,1/28/2025 11:28:59 AM,,,2,,,,,,,
2477123,24-007533,2,False,0109,2/12/2024 1:35:00 AM,135,22X,14,109,Oakland,1,True,True,D,BROADSIDE,,Monday,,,M,,False,False,True,,C,OTHER MOTOR VEHICLE,,2,0,C,DARK-STREET LIGHTS,,,,,,,A,NO PEDESTRIANS INVOLVED,,A,22450A,,1,MACARTHUR BL,2,,,A,W,30.0,RHODA AV,F,,A,7/22/2024 11:48:46 AM,1/28/2025 11:28:59 AM,,,2,,,,,,,
2477121,24-000408,2,False,0109,1/2/2024 2:53:00 PM,1453,04X,14,109,Oakland,1,True,True,A,HEAD-ON,,Tuesday,,,,,False,False,False,,G,BICYCLE,,1,0,A,DAYLIGHT,,,,,,,B,CROSSING IN CROSS WALK AT INTERSECTION,,D,,,,14TH ST,1,,,B,,,BROADWAY,,,A,7/22/2024 11:48:46 AM,1/28/2025 11:28:58 AM,,,2,,,,,,,
2477120,24-002087,2,False,0109,1/12/2024 9:35:00 PM,2135,12X,14,109,Oakland,1,True,True,A,HEAD-ON,,Friday,,,M,,False,False,False,,C,OTHER MOTOR VEHICLE,,1,0,C,DARK-STREET LIGHTS,,,,,,,A,NO PEDESTRIANS INVOLVED,,A,21453A,,1,51ST ST,1,,,A,,,TELEGRAPH AV,,,A,7/22/2024 11:48:46 AM,1/28/2025 11:28:58 AM,,,2,,,,,,,
2477013,24-020380,2,False,0109,4/25/2024 3:22:00 PM,1522,33X,14,109,Oakland,1,True,True,D,BROADSIDE,,Thursday,,,M,,False,False,True,,C,OTHER MOTOR VEHICLE,,1,0,A,DAYLIGHT,,,,,,,A,NO PEDESTRIANS INVOLVED,,A,21453A,,1,INTERNATIONAL BL,2,,,A,,,85TH AV,,,A,7/22/2024 11:48:37 AM,1/28/2025 11:28:52 AM,,,2,,,,,,,
2477007,24-004198,2,False,0109,1/24/2024 1:55:00 PM,1355,26X,14,109,Oakland,1,True,True,D,BROADSIDE,,Wednesday,,,,,False,False,False,,C,OTHER MOTOR VEHICLE,,0,0,A,DAYLIGHT,,,,,,,A,NO PEDESTRIANS INVOLVED,,A,22107,,1,INTERNATIONAL BL,2,,,B,,,46TH AV,,,A,7/22/2024 11:48:37 AM,1/28/2025 11:28:52 AM,,,2,,,,,,,
2477005,24022207,2,False,0109,5/6/2024 3:54:00 AM,354,26Y,14,109,Oakland,1,True,True,C,REAR END,,Monday,,,M,,False,False,False,,E,PARKED MOTOR VEHICLE,,0,0,C,DARK-STREET LIGHTS,,,,,,,A,NO PEDESTRIANS INVOLVED,,A,22107,,1,INTERNATIONAL BL,2,,,A,W,35.0,51ST AV,F,,A,7/22/2024 11:48:37 AM,1/28/2025 11:28:51 AM,,,2,,,,,,,
2477002,24-019693,2,False,0109,4/21/2024 7:49:00 PM,1949,34X,14,109,Oakland,1,True,True,D,BROADSIDE,,Sunday,,,M,,False,False,True,,C,OTHER MOTOR VEHICLE,,2,0,B,DUSK-DAWN,,,,,,,A,NO PEDESTRIANS INVOLVED,,A,21453A,,1,92ND AV,2,,,A,,,INTERNATIONAL BL,,,A,7/22/2024 11:48:37 AM,1/28/2025 11:28:51 AM,,,2,,,,,,,
2477000,24-023231,2,False,0109,5/11/2024 11:50:00 AM,1150,26X,14,109,Oakland,1,True,True,H,OTHER,,Saturday,,,,,False,False,False,,J,OTHER OBJECT,,0,0,A,DAYLIGHT,,,,,,,A,NO PEDESTRIANS INVOLVED,,C,,,,HIGH ST,2,,,A,S,100.0,COLLISEUM WAY,F,,D,7/22/2024 11:48:36 AM,1/28/2025 11:28:51 AM,,,2,,,,,,,
2476997,24-023502,2,False,0109,5/13/2024 1:06:00 AM,106,27X,14,109,Oakland,1,True,True,D,BROADSIDE,,Monday,,,M,,False,False,False,,E,PARKED MOTOR VEHICLE,,0,0,A,DAYLIGHT,,,,,,,A,NO PEDESTRIANS INVOLVED,,A,22107,,1,55TH AV,2,,,A,N,15.0,E 17TH AV,F,,D,7/22/2024 11:48:36 AM,1/28/2025 11:28:51 AM,,,2,,,,,,,
2476994,24-022885,2,False,0109,5/9/2024 11:54:00 AM,1154,05X,14,109,Oakland,1,True,True,D,BROADSIDE,,Thursday,,,M,,False,False,False,,C,OTHER MOTOR VEHICLE,,0,0,A,DAYLIGHT,,,,,,,A,NO PEDESTRIANS INVOLVED,,A,21801A,,2,W GRAND AV,1,,,A,,,ADELINE ST,,,A,7/22/2024 11:48:36 AM,1/28/2025 11:28:51 AM,,,2,,,,,,,
2476991,24-021295,2,False,0109,4/30/2024 7:11:00 PM,1911,04X,14,109,Oakland,1,True,True,C,REAR END,,Tuesday,,,,,False,False,False,,C,OTHER MOTOR VEHICLE,,1,0,A,DAYLIGHT,,,,,,,A,NO PEDESTRIANS INVOLVED,,A,21802A,,1,MARTIN LUTHER KING JR WY,1,,,A,,,22ND AV,,,A,7/22/2024 11:48:36 AM,1/28/2025 11:28:51 AM,,,2,,,,,,,
2476989,24-024866,2,False,0109,5/20/2024 11:20:00 AM,1120,03X,14,109,Oakland,1,True,True,B,SIDE SWIPE,,Monday,,,,,False,False,False,,D,MOTOR VEHICLE ON OTHER ROADWAY,,0,0,A,DAYLIGHT,,,,,,,A,NO PEDESTRIANS INVOLVED,,D,,,,JACKSON ST,1,,,A,S,30.0,8TH ST,F,,A,7/22/2024 11:48:36 AM,1/28/2025 11:28:51 AM,,,2,,,,,,,
2476985,24-013403,2,False,0109,3/16/2024 9:30:00 PM,2130,17X,14,109,Oakland,1,True,True,D,BROADSIDE,,Saturday,,,,,False,False,False,,C,OTHER MOTOR VEHICLE,,1,0,C,DARK-STREET LIGHTS,,,,,,,A,NO PEDESTRIANS INVOLVED,,A,23152A,,1,18TH ST,1,,,A,,,5TH AV,,,A,7/22/2024 11:48:35 AM,1/28/2025 11:28:50 AM,,,2,,,,,,,
2476979,24-025292,2,False,0109,5/22/2024 1:11:00 PM,1311,07X,14,109,Oakland,1,True,True,C,REAR END,,Wednesday,,,,,False,False,False,,C,OTHER MOTOR VEHICLE,,0,0,A,DAYLIGHT,,,,,,,A,NO PEDESTRIANS INVOLVED,,A,22106,,1,W GRAND AV,1,,,A,,,MANDELA PKWY,,,A,7/22/2024 11:48:35 AM,1/28/2025 11:28:50 AM,,,2,,,,,,,
2476361,24-008445,2,False,0109,2/16/2024 3:21:00 PM,1521,03Y,14,109,Oakland,1,True,True,D,BROADSIDE,,Friday,,,,,False,False,False,,C,OTHER MOTOR VEHICLE,,0,0,A,DAYLIGHT,,,,,,,A,NO PEDESTRIANS INVOLVED,,A,21453A,,1,MARTIN LUTHER KING JR WY,1,,,A,,,11TH ST,,,A,7/22/2024 11:47:46 AM,1/28/2025 11:28:00 AM,,,2,,,,,,,
2476360,24-008870,2,False,0109,2/19/2024 1:59:00 PM,1359,12X,14,109,Oakland,1,True,True,C,REAR END,,Monday,,,,,False,False,False,,C,OTHER MOTOR VEHICLE,,0,0,A,DAYLIGHT,,,,,,,A,NO PEDESTRIANS INVOLVED,,A,22350,,1,40TH ST,1,,,A,W,25.0,TELEGRAPH,F,,A,7/22/2024 11:47:45 AM,1/28/2025 11:28:00 AM,,,2,,,,,,,
2476359,24-009575,2,False,0109,2/23/2024 1:00:00 PM,1300,33X,14,109,Oakland,1,True,True,C,REAR END,,Friday,,,M,,False,False,True,,E,PARKED MOTOR VEHICLE,,0,0,A,DAYLIGHT,,,,,,,A,NO PEDESTRIANS INVOLVED,,A,22106,,1,97TH AV,2,,,A,N,100.0,B ST,F,,D,7/22/2024 11:47:45 AM,1/28/2025 11:28:00 AM,,,2,,,,,,,
2476358,24-008043,2,False,0109,2/15/2024 3:56:00 PM,1556,33X,14,109,Oakland,1,True,True,A,HEAD-ON,,Thursday,,,,,False,False,True,,,,,0,0,A,DAYLIGHT,,,,,,,A,NO PEDESTRIANS INVOLVED,,A,21802A,,1,ARTHUR ST,2,,,B,,,69TH AV,,,A,7/22/2024 11:47:45 AM,1/28/2025 11:28:00 AM,,,2,,,,,,,
2476209,24-019039,2,False,0109,4/17/2024 8:09:00 PM,2009,31X,14,109,Oakland,1,True,True,D,BROADSIDE,,Wednesday,,,,,False,False,False,,C,OTHER MOTOR VEHICLE,,2,0,D,DARK-NO STREET LIGHTS,,,,,,,A,NO PEDESTRIANS INVOLVED,,A,23152A,,1,DOOLITTLE DR,2,,,A,E,1000.0,HARBOR BAY PKWY,F,,D,7/22/2024 11:47:34 AM,1/28/2025 11:27:36 AM,,,2,,,,,,,
2476206,24-020366,2,False,0109,4/25/2024 2:02:00 PM,1402,32X,14,109,Oakland,1,True,True,A,HEAD-ON,,Thursday,,,,,False,False,False,,C,OTHER MOTOR VEHICLE,,1,0,A,DAYLIGHT,,,,,,,A,NO PEDESTRIANS INVOLVED,,A,21453A,,1,INTERNATIONAL BL,2,,,A,W,5.0,DURANT AV,F,,A,7/22/2024 11:47:34 AM,1/28/2025 11:27:36 AM,,,2,,,,,,,
2476205,24-020107,2,False,0109,4/24/2024 4:21:00 AM,421,27X,14,109,Oakland,1,True,True,D,BROADSIDE,,Wednesday,,,,,False,False,False,,C,OTHER MOTOR VEHICLE,,1,0,C,DARK-STREET LIGHTS,,,,,,,A,NO PEDESTRIANS INVOLVED,,A,21453A,,1,INTERNATIONAL BL,2,,,A,,,SEMINARY AV,,,A,7/22/2024 11:47:34 AM,1/28/2025 11:27:36 AM,,,2,,,,,,,
2476204,24-018938,2,False,0109,4/17/2024 10:55:00 AM,1055,16X,14,109,Oakland,1,True,True,D,BROADSIDE,,Wednesday,,,M,,False,False,False,,C,OTHER MOTOR VEHICLE,,1,0,A,DAYLIGHT,,,,,,,A,NO PEDESTRIANS INVOLVED,,A,21453A,,1,MACARTHUR BL,1,,,A,,,BEAUMONT AV,,,A,7/22/2024 11:47:33 AM,1/28/2025 11:27:36 AM,,,2,,,,,,,
2476203,24-017626,2,False,0109,4/10/2024 9:28:00 AM,928,25X,14,109,Oakland,1,True,True,C,REAR END,,Wednesday,,,,,False,False,False,,C,OTHER MOTOR VEHICLE,,1,0,A,DAYLIGHT,,,,,,,A,NO PEDESTRIANS INVOLVED,,A,21803A,,1,MOUNTAIN BL,2,,,A,,,REDWOOD RD,,,A,7/22/2024 11:47:33 AM,1/28/2025 11:27:36 AM,,,2,,,,,,,
2476202,24-020882,2,False,0109,4/28/2024 12:55:00 PM,1255,15X,14,109,Oakland,1,True,True,G,VEHICLE/PEDESTRAIN,,Sunday,,,,,False,False,False,,B,PEDESTRIAN,,1,0,A,DAYLIGHT,,,,,,,B,CROSSING IN CROSS WALK AT INTERSECTION,,A,21950A,,1,SPRUCE ST,1,,,A,,,PARK BL,,,A,7/22/2024 11:47:33 AM,1/28/2025 11:27:36 AM,,,2,,,,,,,
2476201,24-020420,2,False,0109,4/25/2024 7:05:00 PM,1905,30X,14,109,Oakland,1,True,True,D,BROADSIDE,,Thursday,,,M,,False,False,False,,C,OTHER MOTOR VEHICLE,,2,0,A,DAYLIGHT,,,,,,,A,NO PEDESTRIANS INVOLVED,,A,22450A,,1,82ND AV,2,,,A,,,PLYMOUTH ST,,,A,7/22/2024 11:47:33 AM,1/28/2025 11:27:36 AM,,,2,,,,,,,
2476154,24-018997,2,False,0109,4/17/2024 3:00:00 PM,1500,20X,14,109,Oakland,1,True,True,B,SIDE SWIPE,,Wednesday,,,M,,False,False,False,,C,OTHER MOTOR VEHICLE,,0,0,A,DAYLIGHT,,,,,,,A,NO PEDESTRIANS INVOLVED,,A,21750A,,1,23RD AV,1,,,A,S,100.0,INTERNATIONAL BL,F,,D,7/22/2024 11:47:30 AM,1/28/2025 11:27:34 AM,,,2,,,,,,,
2476153,24-021021,2,False,0109,4/29/2024 5:53:00 AM,553,17X,14,109,Oakland,1,True,True,A,HEAD-ON,,Monday,,,M,,False,False,False,,E,PARKED MOTOR VEHICLE,,0,0,A,DAYLIGHT,,,,,,,A,NO PEDESTRIANS INVOLVED,,A,22350,,1,11TH AV,1,,,A,N,20.0,FOOTHILL BL,F,,D,7/22/2024 11:47:29 AM,1/28/2025 11:27:34 AM,,,2,,,,,,,
2476152,24-016524,2,False,0109,4/3/2024 6:36:00 PM,1836,30X,14,109,Oakland,1,True,True,A,HEAD-ON,,Wednesday,,,M,,False,False,False,,E,PARKED MOTOR VEHICLE,,0,0,A,DAYLIGHT,,,,,,,A,NO PEDESTRIANS INVOLVED,,A,22350,,1,CHURCH ST,2,,,A,,,KRAUSE ST,,,D,7/22/2024 11:47:29 AM,1/28/2025 11:27:34 AM,,,2,,,,,,,
2475789,24-00373,2,False,0109,1/2/2024 11:11:00 AM,1111,24X,14,109,Oakland,1,True,True,G,VEHICLE/PEDESTRAIN,,Tuesday,,,,,False,False,False,,B,PEDESTRIAN,,1,0,A,DAYLIGHT,,,,,,,B,CROSSING IN CROSS WALK AT INTERSECTION,,A,21950A,,1,VIOLA ST,2,,,A,W,5.0,PENNIMAN AV,F,,D,7/22/2024 11:47:01 AM,1/28/2025 11:27:17 AM,,,2,,,,,,,
2475073,24-023523,2,False,0109,5/11/2024 1:45:00 AM,145,05Y,14,109,Oakland,1,True,True,E,HIT OBJECT,,Saturday,,,M,,False,False,False,,I,FIXED OBJECT,,0,0,C,DARK-STREET LIGHTS,,,,,,,A,NO PEDESTRIANS INVOLVED,,A,22107,,1,MARITIME ST,1,,,A,S,590.0,W 14TH ST,F,,D,7/22/2024 11:46:09 AM,1/28/2025 11:26:34 AM,,,2,,,,,,,
2475072,24-025372,2,False,0109,5/22/2024 8:59:00 PM,2059,17X,14,109,Oakland,1,True,True,D,BROADSIDE,,Wednesday,,,M,,False,False,False,,C,OTHER MOTOR VEHICLE,,0,0,D,DARK-NO STREET LIGHTS,,,,,,,A,NO PEDESTRIANS INVOLVED,,A,21453A,,1,FOOTHILL BL,1,,,A,,,5TH AV,,,A,7/22/2024 11:46:09 AM,1/28/2025 11:26:34 AM,,,2,,,,,,,
2475062,24-023048,2,False,0109,5/10/2024 11:07:00 AM,1107,17X,14,109,Oakland,1,True,True,D,BROADSIDE,,Friday,,,M,,False,False,False,,C,OTHER MOTOR VEHICLE,,0,0,A,DAYLIGHT,,,,,,,A,NO PEDESTRIANS INVOLVED,,A,21453A,,1,5TH AV,1,,,A,,,E 18TH ST,,,A,7/22/2024 11:46:08 AM,1/28/2025 11:26:34 AM,,,2,,,,,,,
2475061,24-025240,2,False,0109,5/22/2024 8:26:00 AM,826,13Y,14,109,Oakland,1,True,True,E,HIT OBJECT,,Wednesday,,,M,,False,False,False,,I,FIXED OBJECT,,0,0,A,DAYLIGHT,,,,,,,A,NO PEDESTRIANS INVOLVED,,A,22107,,1,MOUNTAIN BL,1,,,A,,,GLEN HIGHLANDS,,,D,7/22/2024 11:46:08 AM,1/28/2025 11:26:34 AM,,,2,,,,,,,
2475060,24-023847,2,False,0109,5/14/2024 7:35:00 PM,1935,10X,14,109,Oakland,1,True,True,D,BROADSIDE,,Tuesday,,,M,,False,False,False,,C,OTHER MOTOR VEHICLE,,0,0,B,DUSK-DAWN,,,,,,,A,NO PEDESTRIANS INVOLVED,,A,21453A,,1,MARTIN LUTHER KING JR WY,1,,,A,,,45TH ST,,,A,7/22/2024 11:46:08 AM,1/28/2025 11:26:34 AM,,,2,,,,,,,
2475059,24-021568,2,False,0109,5/2/2024 11:02:00 AM,1102,17X,14,109,Oakland,1,True,True,D,BROADSIDE,,Thursday,,,,,False,False,False,,C,OTHER MOTOR VEHICLE,,0,0,A,DAYLIGHT,,,,,,,A,NO PEDESTRIANS INVOLVED,,A,21453A,,1,5TH AV,1,,,A,,,E 18TH ST,,,A,7/22/2024 11:46:08 AM,1/28/2025 11:26:34 AM,,,2,,,,,,,
2475058,24-025273,2,False,0109,5/21/2024 8:10:00 PM,2010,34X,14,109,Oakland,1,True,True,D,BROADSIDE,,Tuesday,,,M,,False,False,True,,C,OTHER MOTOR VEHICLE,,0,0,C,DARK-STREET LIGHTS,,,,,,,A,NO PEDESTRIANS INVOLVED,,D,,,,CHERRY ST,2,,,A,,,96TH AV,,,D,7/22/2024 11:46:08 AM,1/28/2025 11:26:34 AM,,,2,,,,,,,
2475057,24-022666,2,False,0109,5/8/2024 7:18:00 AM,718,30X,14,109,Oakland,1,True,True,C,REAR END,,Wednesday,,,M,,False,False,True,,E,PARKED MOTOR VEHICLE,,0,0,B,DUSK-DAWN,,,,,,,A,NO PEDESTRIANS INVOLVED,,A,22350,,1,82ND AV,2,,,A,,,HOLLY ST,,,D,7/22/2024 11:46:08 AM,1/28/2025 11:26:34 AM,,,2,,,,,,,
2475056,24-025242,2,False,0109,5/22/2024 10:54:00 PM,2254,17X,14,109,Oakland,1,True,True,C,REAR END,,Wednesday,,,M,,False,False,True,,E,PARKED MOTOR VEHICLE,,0,0,C,DARK-STREET LIGHTS,,,,,,,A,NO PEDESTRIANS INVOLVED,,A,22107,,1,13TH AV,1,,,A,S,20.0,E 19TH ST,F,,D,7/22/2024 11:46:08 AM,1/28/2025 11:26:33 AM,,,2,,,,,,,
2475055,24-023344,2,False,0109,5/12/2024 5:36:00 AM,536,23X,14,109,Oakland,1,True,True,A,HEAD-ON,,Sunday,,,,,False,False,False,,E,PARKED MOTOR VEHICLE,,0,0,B,DUSK-DAWN,,,,,,,A,NO PEDESTRIANS INVOLVED,,A,22107,,1,E 17TH ST,2,,,A,W,25.0,40TH AV,F,,D,7/22/2024 11:46:07 AM,1/28/2025 11:26:33 AM,,,2,,,,,,,
2475054,24-023332,2,False,0109,5/12/2024 1:13:00 AM,113,23X,14,109,Oakland,1,True,True,B,SIDE SWIPE,,Sunday,,,M,,False,False,True,,E,PARKED MOTOR VEHICLE,,0,0,C,DARK-STREET LIGHTS,,,,,,,A,NO PEDESTRIANS INVOLVED,,A,22107,,1,16TH ST,2,,,A,E,15.0,FRUITVALE AV,F,,A,7/22/2024 11:46:07 AM,1/28/2025 11:26:33 AM,,,2,,,,,,,
2475053,24-024845,2,False,0109,5/20/2024 9:20:00 AM,920,35X,14,109,Oakland,1,True,True,C,REAR END,,Monday,,,M,,False,False,True,,E,PARKED MOTOR VEHICLE,,0,0,A,DAYLIGHT,,,,,,,A,NO PEDESTRIANS INVOLVED,,A,22107,,1,90TH AV,2,,,A,S,30.0,HILLSIDE ST,F,,A,7/22/2024 11:46:07 AM,1/28/2025 11:26:33 AM,,,2,,,,,,,
2475052,24-024790,2,False,0109,5/19/2024 9:02:00 PM,2102,30X,14,109,Oakland,1,True,True,D,BROADSIDE,,Sunday,,,,,False,False,False,,C,OTHER MOTOR VEHICLE,,0,0,C,DARK-STREET LIGHTS,,,,,,,A,NO PEDESTRIANS INVOLVED,,A,22450A,,1,67TH AV,2,,,A,,,FOOTHILL BL,,,A,7/22/2024 11:46:07 AM,1/28/2025 11:26:33 AM,,,2,,,,,,,
2475051,24-023913,2,False,0109,5/15/2024 7:37:00 AM,737,21X,14,109,Oakland,1,True,True,C,REAR END,,Wednesday,,,M,,False,False,False,,C,OTHER MOTOR VEHICLE,,0,0,A,DAYLIGHT,,,,,,,A,NO PEDESTRIANS INVOLVED,,A,22350,,1,FRUITVALE AV,2,,,A,,,22ND ST,,,A,7/22/2024 11:46:07 AM,1/28/2025 11:26:33 AM,,,2,,,,,,,
3351290,9370-2024-02422,1,False,9370,7/25/2024 4:21:00 PM,1621,008,14,109,Oakland,1,True,True,B,SIDE SWIPE,,Thursday,NotApplicable,False,M,,False,True,False,ALAMEDA SUPERIOR COURT WILEY W. MANUEL COURTHOUSE,C,OTHER MOTOR VEHICLE,,0,0,A,DAYLIGHT,37.834555,-122.294583,,,,,A,NO PEDESTRIANS INVOLVED,7/25/2024 4:21:00 PM,A,VC 21658(A),False,1,I-80 E/B,,,8/2/2024 11:58:24 AM,A,W,1356.0,POWELL STREET,F,,D,8/2/2024 11:58:25 AM,8/2/2024 11:58:25 AM,False,True,4,,7/25/2024 4:25:00 PM,1625,False,,,True
3350626,9370-2024-02378,1,False,9370,7/25/2024 2:05:00 PM,1405,176,14,109,Oakland,1,True,True,C,REAR END,,Thursday,NotApplicable,False,,,False,True,False,ALAMEDA SUPERIOR COURT WILEY W. MANUEL COURTHOUSE,C,OTHER MOTOR VEHICLE,,0,0,A,DAYLIGHT,37.751874,-122.20614,,,,,A,NO PEDESTRIANS INVOLVED,7/25/2024 2:05:00 PM,A,VC 22350,False,1,I-880 N/B,,,8/2/2024 11:56:55 AM,A,S,900.0,66TH AVE,F,,D,8/2/2024 11:56:57 AM,8/2/2024 11:56:57 AM,False,True,4,,7/25/2024 2:17:00 PM,1417,False,,,True
3347945,9370-2024-02334,1,False,9370,7/21/2024 6:00:00 AM,600,178,14,109,Oakland,1,True,True,B,SIDE SWIPE,,Sunday,Yes,False,,,False,True,False,ALAMEDA SUPERIOR COURT WILEY W. MANUEL COURTHOUSE,C,OTHER MOTOR VEHICLE,,1,0,A,DAYLIGHT,37.813964,-122.301764,,,,,A,NO PEDESTRIANS INVOLVED,7/21/2024 6:00:00 AM,A,VC 21658(A),False,1,I-880 SB,,,8/2/2024 11:51:14 AM,A,S,2868.0,W GRAND AVE,F,,D,8/2/2024 11:51:15 AM,8/2/2024 11:51:15 AM,False,True,4,,7/21/2024 6:05:00 AM,605,False,,,True
3281009,24-020048,2,False,0109,4/23/2024 5:33:00 PM,1733,17X,14,109,Oakland,1,True,True,D,BROADSIDE,,Tuesday,,,,,False,False,False,,C,OTHER MOTOR VEHICLE,,2,0,A,DAYLIGHT,,,,,,,A,NO PEDESTRIANS INVOLVED,,A,21453A,,,MACARTHUR BL,1,,,A,,,BEAUMONT AV,,,A,8/2/2024 7:17:00 AM,1/28/2025 11:27:36 AM,,,2,,,,,,,
3281005,24-022679,2,False,0109,5/8/2024 10:20:00 AM,1020,27X,14,109,Oakland,1,True,True,D,BROADSIDE,,Wednesday,,,M,,False,False,False,,C,OTHER MOTOR VEHICLE,,0,0,A,DAYLIGHT,,,,,,,A,NO PEDESTRIANS INVOLVED,,A,21453A,,1,BANCROFT AV,2,,,A,,,42ND AV,,,A,8/2/2024 7:17:00 AM,1/28/2025 11:36:52 AM,,,2,,,,,,,
3280606,9370-2024-02411,1,False,9370,7/28/2024 6:45:00 PM,1845,024,14,109,Oakland,1,True,True,B,SIDE SWIPE,,Sunday,NotApplicable,False,M,,False,True,False,ALAMEDA SUPERIOR COURT WILEY W. MANUEL COURTHOUSE,C,OTHER MOTOR VEHICLE,,0,0,A,DAYLIGHT,37.849061,-122.229413,,,,,A,NO PEDESTRIANS INVOLVED,7/28/2024 6:45:00 PM,A,VC 21755(A),False,1,SR-24 W/B,,,8/1/2024 7:09:46 PM,A,W,120.0,SR-13 S/B,F,,D,8/1/2024 7:09:47 PM,8/1/2024 7:09:47 PM,False,True,4,,7/28/2024 7:22:00 PM,1922,False,,,True
3280586,9370-2024-02447,1,False,9370,8/1/2024 9:00:00 AM,900,177,14,109,Oakland,1,True,True,B,SIDE SWIPE,,Thursday,NotApplicable,False,,,False,True,False,ALAMEDA SUPERIOR COURT WILEY W. MANUEL COURTHOUSE,C,OTHER MOTOR VEHICLE,,0,0,B,DUSK-DAWN,37.787142,-122.246923,,,,,A,NO PEDESTRIANS INVOLVED,8/1/2024 9:00:00 AM,A,VC 21658(a),False,1,I-880 N/B,,,8/1/2024 6:14:30 PM,A,N,650.0,16TH AVE,F,,D,8/1/2024 6:14:32 PM,8/1/2024 6:14:32 PM,False,True,4,,8/1/2024 9:05:00 AM,905,False,,,True