collision-id,report-number,report-version,is-preliminary,ncic-code,crash-date-time,crash-time-description,beat,city-id,city-code,city-name,county-code,city-is-active,city-is-incorporated,collision-type-code,collision-type-description,collision-type-other-desc,day-of-week,dispatch-notified,has-photographs,hit-run,is-attachments-mailed,is-deleted,is-highway-related,is-tow-away,judicial-district,motor-vehicle-involved-with-code,motor-vehicle-involved-with-desc,motor-vehicle-involved-with-other-desc,number-injured,number-killed,lighting-code,lighting-description,latitude,longitude,milepost-direction,milepost-distance,milepost-marker,milepost-unit-of-measure,pedestrian-action-code,pedestrian-action-desc,prepared-date,primary-collision-factor-code,primary-collision-factor-description,primary-collision-factor-is-cited,primary-collision-party-number,primary-road,reporting-district,reporting-district-code,reviewed-date,roadway-surface-code,secondary-direction,secondary-distance,secondary-road,secondary-unit-of-measure,sketch-desc,traffic-control-device-code,created-date,modified-date,is-county-road,is-freeway,chp-555-version,is-additonal-object-struck,notification-date,notification-time-description,has-digital-media-files,evidence-number,is-location-refer-to-narrative,is-aoi-one-same-as-location
3280580,9370-2024-02388,1,False,9370,7/26/2024 5:00:00 PM,1700,024,14,109,Oakland,1,True,True,C,REAR END,,Friday,NotApplicable,False,,,False,True,False,ALAMEDA SUPERIOR COURT WILEY W. MANUEL COURTHOUSE,C,OTHER MOTOR VEHICLE,,0,0,A,DAYLIGHT,37.844998,-122.250243,,,,,A,NO PEDESTRIANS INVOLVED,7/26/2024 5:00:00 PM,A,VC 22350,False,1,SR-24 E/B,,,8/1/2024 5:53:17 PM,A,W,2000.0,BROADWAY,F,,D,8/1/2024 5:53:18 PM,8/1/2024 5:53:18 PM,False,True,4,,7/26/2024 5:05:00 PM,1705,False,,,True
3280579,9370-2024-02387,1,False,9370,7/26/2024 1:00:00 PM,1300,024,14,109,Oakland,1,True,True,C,REAR END,,Friday,NotApplicable,False,,,False,True,False,ALAMEDA SUPERIOR COURT WILEY W. MANUEL COURTHOUSE,C,OTHER MOTOR VEHICLE,,0,0,A,DAYLIGHT,37.854243,-122.219333,,,,,A,NO PEDESTRIANS INVOLVED,7/26/2024 1:00:00 PM,A,VC 22350,False,1,SR-24 E/B,,,8/1/2024 5:52:17 PM,A,W,1200.0,CALDECOTT TUNL,F,,D,8/1/2024 5:52:18 PM,8/1/2024 5:52:18 PM,False,True,4,,7/26/2024 1:05:00 PM,1305,False,,,True
3280578,9370-2024-02333,1,False,9370,7/21/2024 10:15:00 AM,1015,177,14,109,Oakland,1,True,True,B,SIDE SWIPE,,Sunday,NotApplicable,False,M,,False,True,False,ALAMEDA SUPERIOR COURT WILEY W. MANUEL COURTHOUSE,C,OTHER MOTOR VEHICLE,,0,0,A,DAYLIGHT,37.835159,-122.29526,,,,,A,NO PEDESTRIANS INVOLVED,7/21/2024 10:15:00 AM,A,VC 21658(A),False,1,I-80 E/B,,,8/1/2024 5:48:55 PM,A,E,1080.0,POWELL STREET,F,,D,8/1/2024 5:49:02 PM,8/1/2024 5:49:02 PM,False,True,4,,7/21/2024 10:20:00 AM,1020,False,,,True
3280351,24-022774,2,False,0109,5/8/2024 6:57:00 PM,1857,04X,14,109,Oakland,1,True,True,D,BROADSIDE,,Wednesday,,,,,False,False,False,,C,OTHER MOTOR VEHICLE,,0,0,A,DAYLIGHT,,,,,,,A,NO PEDESTRIANS INVOLVED,,A,21453A,,,14TH ST,1,,,A,,,BRUSH ST,,,A,8/1/2024 4:26:25 PM,1/28/2025 11:26:33 AM,,,2,,,,,,,
3280240,24-024656,2,False,0109,5/19/2024 3:08:00 AM,308,23X,14,109,Oakland,1,True,True,D,BROADSIDE,,Sunday,,,,,False,False,True,,C,OTHER MOTOR VEHICLE,,3,0,C,DARK-STREET LIGHTS,,,,,,,A,NO PEDESTRIANS INVOLVED,,A,22450A,,1,INTERNATIONAL BL,2,,,A,,,38TH AV,,,A,8/1/2024 4:26:08 PM,1/28/2025 11:36:54 AM,,,2,,,,,,,
3280051,24-023813,2,False,0109,5/14/2024 3:26:00 PM,1526,20X,14,109,Oakland,1,True,True,A,HEAD-ON,,Tuesday,,,,,False,False,False,,C,OTHER MOTOR VEHICLE,,0,0,A,DAYLIGHT,,,,,,,A,NO PEDESTRIANS INVOLVED,,A,22450A,,1,E 9TH ST,2,,,A,,,DEL MONTE AV,,,D,8/1/2024 4:25:42 PM,1/28/2025 11:36:53 AM,,,2,,,,,,,
3238616,9370-2024-02417,1,False,9370,7/29/2024 3:30:00 PM,1530,013,14,109,Oakland,1,True,True,C,REAR END,,Monday,NotApplicable,False,,,False,True,False,ALAMEDA SUPERIOR COURT WILEY W. MANUEL COURTHOUSE,C,OTHER MOTOR VEHICLE,,0,0,A,DAYLIGHT,37.800972,-122.187962,,,,,A,NO PEDESTRIANS INVOLVED,7/29/2024 3:30:00 PM,A,VC 22350,False,1,SR-13 S/B,,,8/1/2024 2:24:16 PM,A,N,1010.0,REDWOOD RD,F,,D,8/1/2024 2:24:21 PM,8/1/2024 2:24:21 PM,False,True,4,,7/29/2024 3:35:00 PM,1535,False,,,True
3196361,9370-2024-02343,1,False,9370,7/21/2024 3:37:00 PM,1537,024,14,109,Oakland,1,True,True,C,REAR END,,Sunday,Yes,False,,,False,True,False,ALAMEDA SUPERIOR COURT WILEY W. MANUEL COURTHOUSE,C,OTHER MOTOR VEHICLE,,1,0,A,DAYLIGHT,37.854837,-122.216862,,,,,A,NO PEDESTRIANS INVOLVED,7/21/2024 3:37:00 PM,A,VC 22350,False,1,SR-24 E/B (CALDECOTT TUNNEL BORE #2),,,8/1/2024 1:33:01 PM,A,E,190.0,CALDECOTT ENTRANCE BORE #2,F,,D,8/1/2024 1:33:03 PM,8/1/2024 1:33:03 PM,False,True,4,,7/21/2024 3:42:00 PM,1542,False,,,True
3196323,9370-2024-02412,1,False,9370,7/28/2024 9:00:00 PM,2100,176,14,109,Oakland,1,True,True,E,HIT OBJECT,,Sunday,Yes,False,,,False,True,True,ALAMEDA SUPERIOR COURT WILEY W. MANUEL COURTHOUSE,I,FIXED OBJECT,CONCRETE BARRIER WALL,2,0,C,DARK-STREET LIGHTS,37.772443,-122.225191,,,,,A,NO PEDESTRIANS INVOLVED,7/28/2024 9:00:00 PM,A,VC 22107,False,1,I-880 N/B,,,8/1/2024 12:54:04 PM,A,N,2050.0,HIGH STREET,F,,D,8/1/2024 12:54:08 PM,8/1/2024 12:54:08 PM,False,True,4,,7/28/2024 9:05:00 PM,2105,False,,,True
3171207,9370-2024-02409,1,False,9370,7/26/2024 7:20:00 PM,1920,008,14,109,Oakland,1,True,True,B,SIDE SWIPE,,Friday,NotApplicable,False,M,,False,True,False,ALAMEDA SUPERIOR COURT WILEY W. MANUEL COURTHOUSE,C,OTHER MOTOR VEHICLE,,0,0,A,DAYLIGHT,37.835444,-122.295351,,,,,A,NO PEDESTRIANS INVOLVED,7/26/2024 7:20:00 PM,A,VC 21658(A),False,1,I-80 E/B,,,8/1/2024 11:04:15 AM,A,W,976.0,POWELL ST,F,,D,8/1/2024 11:04:16 AM,8/1/2024 11:04:16 AM,False,True,4,,7/26/2024 7:30:00 PM,1930,False,,,True
3097467,9370-2024-02310,1,False,9370,7/19/2024 11:10:00 AM,1110,052,14,109,Oakland,1,True,True,B,SIDE SWIPE,,Friday,Yes,False,,,False,True,False,ALAMEDA SUPERIOR COURT WILEY W. MANUEL COURTHOUSE,C,OTHER MOTOR VEHICLE,,0,0,A,DAYLIGHT,37.777771,-122.166951,,,,,A,NO PEDESTRIANS INVOLVED,7/19/2024 11:10:00 AM,B,UNSAFE OPERATION,,1,I-580 W/B,,,8/1/2024 7:15:49 AM,A,W,970.0,EDWARDS AVE,F,,D,8/1/2024 7:15:50 AM,8/1/2024 7:15:50 AM,False,True,4,False,7/19/2024 11:12:00 AM,1112,False,,,
3097457,9370-2024-02319,1,False,9370,7/20/2024 1:05:00 AM,105,176,14,109,Oakland,1,True,True,G,VEHICLE/PEDESTRAIN,,Saturday,NotApplicable,False,,,False,True,False,ALAMEDA SUPERIOR COURT WILEY W. MANUEL COURTHOUSE,B,PEDESTRIAN,,1,0,D,DARK-NO STREET LIGHTS,37.77484,-122.23209,,,,,E,IN ROAD - INCLUDES SHOULDER,7/20/2024 1:05:00 AM,A,VC 21954(a),False,1,I-880 N/B TO 29TH AVENUE,,,8/1/2024 7:08:26 AM,A,S,335.0,29TH AVENUE,F,,D,8/1/2024 7:08:29 AM,8/1/2024 7:08:29 AM,False,True,4,,7/20/2024 1:06:00 AM,106,False,,,True
3097446,9370-2024-02393,1,False,9370,7/27/2024 5:24:00 AM,524,176,14,109,Oakland,1,True,True,C,REAR END,,Saturday,No,False,,,False,True,False,ALAMEDA SUPERIOR COURT WILEY W. MANUEL COURTHOUSE,C,OTHER MOTOR VEHICLE,,1,0,D,DARK-NO STREET LIGHTS,37.77262,-122.225796,,,,,A,NO PEDESTRIANS INVOLVED,7/27/2024 5:24:00 AM,C,,,,I-880 NB SO 29TH,,,8/1/2024 6:46:32 AM,A,N,1700.0,HIGH ST,F,,D,8/1/2024 6:46:34 AM,8/1/2024 6:46:34 AM,False,True,4,,7/27/2024 5:30:00 AM,530,False,,,
3097415,9370-2024-02376,1,False,9370,7/25/2024 12:40:00 PM,1240,177,14,109,Oakland,1,True,True,C,REAR END,,Thursday,NotApplicable,False,M,,False,True,False,ALAMEDA SUPERIOR COURT WILEY W. MANUEL COURTHOUSE,C,OTHER MOTOR VEHICLE,,0,0,A,DAYLIGHT,37.789005,-122.252572,,,,,A,NO PEDESTRIANS INVOLVED,7/25/2024 12:40:00 PM,A,VC 22350,False,1,I-880 N/B,,,8/1/2024 5:31:55 AM,A,S,2180.0,5TH AVE,F,,D,8/1/2024 5:31:56 AM,8/1/2024 5:31:56 AM,False,True,4,,7/25/2024 12:43:00 PM,1243,False,,,True
3097414,9370-2024-02365,1,False,9370,7/23/2024 8:00:00 PM,2000,176,14,109,Oakland,1,True,True,C,REAR END,,Tuesday,NotApplicable,False,M,,False,True,False,ALAMEDA SUPERIOR COURT WILEY W. MANUEL COURTHOUSE,C,OTHER MOTOR VEHICLE,,0,0,B,DUSK-DAWN,37.773957,-122.229925,,,,,A,NO PEDESTRIANS INVOLVED,7/23/2024 8:00:00 PM,A,VC 21658(A),False,1,I-880 N/B,,,8/1/2024 5:31:21 AM,A,S,1051.0,29TH AVE,F,,D,8/1/2024 5:31:22 AM,8/1/2024 5:31:22 AM,False,True,4,,7/23/2024 8:10:00 PM,2010,False,,,
3097413,9370-2024-02366,1,False,9370,7/23/2024 5:55:00 PM,1755,177,14,109,Oakland,1,True,True,B,SIDE SWIPE,,Tuesday,NotApplicable,False,M,,False,True,False,ALAMEDA SUPERIOR COURT WILEY W. MANUEL COURTHOUSE,C,OTHER MOTOR VEHICLE,,0,0,A,DAYLIGHT,37.798916,-122.275686,,,,,A,NO PEDESTRIANS INVOLVED,7/23/2024 5:55:00 PM,A,VC 21658(A),False,1,I-880 N/B,,,8/1/2024 5:29:27 AM,A,S,85.0,WASHINGTON ST,F,,D,8/1/2024 5:29:32 AM,8/1/2024 5:29:32 AM,False,True,4,,7/23/2024 6:07:00 PM,1807,False,,,
3057742,9370-2024-02331,1,False,9370,7/20/2024 8:56:00 PM,2056,901,14,109,Oakland,1,True,True,C,REAR END,,Saturday,NotApplicable,False,,,False,False,False,ALAMEDA SUPERIOR COURT WILEY W. MANUEL COURTHOUSE,C,OTHER MOTOR VEHICLE,,0,0,C,DARK-STREET LIGHTS,37.747175,-122.164621,,,,,A,NO PEDESTRIANS INVOLVED,7/20/2024 8:56:00 PM,A,VC 22350,True,1,98TH AVENUE (1900 BLOCK),,,7/31/2024 3:50:12 PM,A,N,155.0,BIRCH ST,F,,A,7/31/2024 3:50:15 PM,7/31/2024 3:50:15 PM,False,False,4,,7/20/2024 8:58:00 PM,2058,True,EMBEDDED,,True
3051204,9335-2024-01617,1,False,9335,7/15/2024 5:55:00 AM,555,082,14,109,Oakland,1,True,True,B,SIDE SWIPE,,Monday,Yes,False,,,False,True,True,ALAMEDA SUPERIOR COURT ALAMEDA,C,OTHER MOTOR VEHICLE,,1,0,A,DAYLIGHT,37.819555,-122.3474,,,,,A,NO PEDESTRIANS INVOLVED,7/15/2024 5:55:00 AM,A,VC 21658(A),False,1,I-80 W/B,,,7/31/2024 3:26:56 PM,A,E,0.89,NORTHGATE ROAD,M,,D,7/31/2024 3:26:59 PM,7/31/2024 3:26:59 PM,False,True,4,,7/15/2024 5:56:00 AM,556,True,EMBEDDED,False,True
3051158,9370-2024-02385,1,False,9370,7/26/2024 8:15:00 AM,815,176,14,109,Oakland,1,True,True,C,REAR END,,Friday,NotApplicable,False,,,False,True,False,ALAMEDA SUPERIOR COURT WILEY W. MANUEL COURTHOUSE,C,OTHER MOTOR VEHICLE,,0,0,A,DAYLIGHT,37.739328,-122.196885,,,,,A,NO PEDESTRIANS INVOLVED,7/26/2024 8:15:00 AM,A,VC 22350,False,1,I-880 S/B TO HEGENBERGER ROAD,,,7/31/2024 2:46:03 PM,A,N,20.0,HEGENBERGER ROAD,F,,A,7/31/2024 2:46:05 PM,7/31/2024 2:46:05 PM,False,True,4,,7/26/2024 8:20:00 AM,820,False,,,True
3051068,24-005806,2,False,0109,2/1/2024 10:08:00 PM,2208,30X,14,109,Oakland,1,True,True,D,BROADSIDE,,Thursday,,,,,False,False,False,,C,OTHER MOTOR VEHICLE,,1,0,C,DARK-STREET LIGHTS,,,,,,,A,NO PEDESTRIANS INVOLVED,,A,21453A,,,JACKSON ST,1,,,B,,,12TH ST,,,A,7/31/2024 1:55:23 PM,1/28/2025 11:28:59 AM,,,2,,,,,,,
3051024,24-026897,2,False,0109,3/14/2024 12:17:00 AM,17,10X,14,109,Oakland,1,True,True,B,SIDE SWIPE,,Thursday,,,,,False,False,False,,E,PARKED MOTOR VEHICLE,,0,0,C,DARK-STREET LIGHTS,,,,,,,A,NO PEDESTRIANS INVOLVED,,A,22107,,1,MARTIN LUTHER KING JR WY,1,,,A,E,50.0,58TH ST,F,,D,7/31/2024 1:35:22 PM,1/28/2025 11:35:58 AM,,,2,,,,,,,
3050845,24-013682,2,False,0109,3/18/2024 3:41:00 PM,1541,29X,14,109,Oakland,1,True,True,D,BROADSIDE,,Monday,,,,,False,False,False,,C,OTHER MOTOR VEHICLE,,1,0,A,DAYLIGHT,,,,,,,A,NO PEDESTRIANS INVOLVED,,A,22450,,,SEMINARY AV,2,,,A,,,OVERDALE AV,,,A,7/31/2024 12:35:19 PM,1/28/2025 11:28:51 AM,,,2,,,,,,,
3050798,9370-2024-02263,1,False,9370,7/15/2024 2:10:00 AM,210,177,14,109,Oakland,1,True,True,C,REAR END,,Monday,NotApplicable,False,F,,False,True,False,ALAMEDA SUPERIOR COURT WILEY W. MANUEL COURTHOUSE,C,OTHER MOTOR VEHICLE,,1,0,D,DARK-NO STREET LIGHTS,37.793756,-122.264091,,,,,A,NO PEDESTRIANS INVOLVED,7/15/2024 2:10:00 AM,A,VC 21658(A),False,1,I-880 N/B,,,7/31/2024 12:18:54 PM,A,S,750.0,OAK STREET,F,,D,7/31/2024 12:18:57 PM,7/31/2024 12:18:57 PM,False,True,4,,7/15/2024 2:13:00 AM,213,False,,,True
3050760,24011100,2,False,0109,3/4/2024 2:18:00 AM,218,15X,14,109,Oakland,1,True,True,C,REAR END,,Monday,,,M,,False,False,True,,E,PARKED MOTOR VEHICLE,,0,0,C,DARK-STREET LIGHTS,,,,,,,A,NO PEDESTRIANS INVOLVED,,A,22107,,1,NEWTON AV,1,,,B,W,30.0,PARK BL,F,,D,7/31/2024 12:15:15 PM,1/28/2025 11:38:08 AM,,,2,,,,,,,
3050402,24015244,2,False,0109,3/27/2024 6:14:00 AM,614,23X,14,109,Oakland,1,True,True,H,OTHER,,Wednesday,,,,,False,False,False,,C,OTHER MOTOR VEHICLE,,0,0,C,DARK-STREET LIGHTS,,,,,,,A,NO PEDESTRIANS INVOLVED,,D,,,,FRUITVALE AV,2,,,A,,,E 9TH ST,,,A,7/31/2024 12:14:40 PM,1/28/2025 11:38:07 AM,,,2,,,,,,,
3050386,24-024487,2,False,0109,5/17/2024 10:27:00 PM,2227,26X,14,109,Oakland,1,True,True,C,REAR END,,Friday,,,M,,False,False,False,,C,OTHER MOTOR VEHICLE,,0,0,C,DARK-STREET LIGHTS,,,,,,,A,NO PEDESTRIANS INVOLVED,,A,22350,,1,INTERNATIONAL BL,2,,,A,,,85TH AV,,,D,7/31/2024 12:14:39 PM,1/28/2025 11:36:53 AM,,,2,,,,,,,
3050381,24-024505,2,False,0109,5/18/2024 3:16:00 AM,316,30X,14,109,Oakland,1,True,True,C,REAR END,,Saturday,,,M,,False,False,False,,C,OTHER MOTOR VEHICLE,,0,0,C,DARK-STREET LIGHTS,,,,,,,A,NO PEDESTRIANS INVOLVED,,A,22107,,1,HAVENSCOURT BL,2,,,A,N,450.0,FLORA ST,F,,D,7/31/2024 12:14:38 PM,1/28/2025 11:36:53 AM,,,2,,,,,,,
3050332,24-022809,2,False,0109,5/8/2024 11:16:00 PM,2316,23X,14,109,Oakland,1,True,True,B,SIDE SWIPE,,Wednesday,,,F,,False,False,False,,C,OTHER MOTOR VEHICLE,,0,0,C,DARK-STREET LIGHTS,,,,,,,A,NO PEDESTRIANS INVOLVED,,A,22107,,1,INTERNATIONAL BL,2,,,A,,,38TH AV,,,A,7/31/2024 12:14:33 PM,1/28/2025 11:27:12 AM,,,2,,,,,,,
3050226,24-024165,2,False,0109,5/16/2024 6:02:00 PM,1802,27Y,14,109,Oakland,1,True,True,A,HEAD-ON,,Thursday,,,,,False,False,True,,C,OTHER MOTOR VEHICLE,,1,0,A,DAYLIGHT,,,,,,,A,NO PEDESTRIANS INVOLVED,,A,22107,,1,55TH AV,2,,,A,S,50.0,SCOVILLE ST,F,,A,7/31/2024 12:14:23 PM,1/28/2025 11:27:41 AM,,,2,,,,,,,
3050220,24-022842,2,False,0109,5/9/2024 8:00:00 AM,800,03X,14,109,Oakland,1,True,True,D,BROADSIDE,,Thursday,,,,,False,False,False,,C,OTHER MOTOR VEHICLE,,1,0,A,DAYLIGHT,,,,,,,A,NO PEDESTRIANS INVOLVED,,A,21453A,,1,8TH ST,1,,,A,,,HARRISON ST,,,A,7/31/2024 12:14:23 PM,1/28/2025 11:27:41 AM,,,2,,,,,,,
3050207,24-023777,2,False,0109,5/14/2024 12:44:00 PM,1244,03X,14,109,Oakland,1,True,True,H,OTHER,,Tuesday,,,,,False,False,False,,C,OTHER MOTOR VEHICLE,,1,0,A,DAYLIGHT,,,,,,,A,NO PEDESTRIANS INVOLVED,,A,21801A,,1,BROADWAY,1,,,A,,,12TH ST,,,A,7/31/2024 12:14:21 PM,1/28/2025 11:27:41 AM,,,2,,,,,,,
3050188,24-024094,2,False,0109,5/16/2024 9:40:00 AM,940,03X,14,109,Oakland,1,True,True,G,VEHICLE/PEDESTRAIN,,Thursday,,,,,False,False,False,,B,PEDESTRIAN,,1,0,A,DAYLIGHT,,,,,,,B,CROSSING IN CROSS WALK AT INTERSECTION,,A,21950A,,1,10TH ST,1,,,A,,,OAK ST,,,A,7/31/2024 12:14:20 PM,1/28/2025 11:27:41 AM,,,2,,,,,,,
3050178,24-023494,2,False,0109,5/13/2024 7:25:00 AM,725,03X,14,109,Oakland,1,True,True,D,BROADSIDE,,Monday,,,,,False,False,False,,C,OTHER MOTOR VEHICLE,,1,0,A,DAYLIGHT,,,,,,,A,NO PEDESTRIANS INVOLVED,,A,22107,,1,10TH ST,1,,,A,,,FALLON ST,,,D,7/31/2024 12:14:19 PM,1/28/2025 11:27:41 AM,,,2,,,,,,,
3050133,24-022881,2,False,0109,5/9/2024 11:36:00 AM,1136,14X,14,109,Oakland,1,True,True,B,SIDE SWIPE,,Thursday,,,,,False,False,False,,G,BICYCLE,,1,0,A,DAYLIGHT,,,,,,,A,NO PEDESTRIANS INVOLVED,,A,22107,,1,GRAND AV,1,,,A,N,800.0,SUNNYSLOPE AV,F,,D,7/31/2024 12:14:14 PM,1/28/2025 11:27:41 AM,,,2,,,,,,,
3050124,24-024127,2,False,0109,5/16/2024 11:55:00 AM,1155,19X,14,109,Oakland,1,True,True,D,BROADSIDE,,Thursday,,,,,False,False,False,,C,OTHER MOTOR VEHICLE,,2,0,A,DAYLIGHT,,,,,,,A,NO PEDESTRIANS INVOLVED,,A,21453A,,1,15TH ST,1,,,A,,,5TH AV,,,A,7/31/2024 12:14:14 PM,1/28/2025 11:27:41 AM,,,2,,,,,,,
3044198,9335-2024-01575,1,False,9335,7/9/2024 2:38:00 PM,1438,082,14,109,Oakland,1,True,True,C,REAR END,,Tuesday,NotApplicable,False,M,,False,True,False,ALAMEDA SUPERIOR COURT ALAMEDA,C,OTHER MOTOR VEHICLE,,1,0,A,DAYLIGHT,37.822262,-122.327785,,,,,A,NO PEDESTRIANS INVOLVED,7/9/2024 2:38:00 PM,A,VC 22350,False,2,I-80 W/B,,,7/31/2024 12:04:08 PM,A,E,350.0,BURMA ROAD UNDERCROSSING,F,,D,7/31/2024 12:04:12 PM,7/31/2024 12:04:12 PM,False,True,4,,7/9/2024 2:40:00 PM,1440,False,,,True
2997205,9370-2024-02369,1,False,9370,7/24/2024 6:20:00 PM,1820,008,14,109,Oakland,1,True,True,C,REAR END,,Wednesday,NotApplicable,False,,,False,True,False,ALAMEDA SUPERIOR COURT WILEY W. MANUEL COURTHOUSE,C,OTHER MOTOR VEHICLE,,0,0,A,DAYLIGHT,37.825038,-122.313281,,,,,A,NO PEDESTRIANS INVOLVED,7/24/2024 6:20:00 PM,A,VC 22350,False,1,I-80 W/B,,,7/31/2024 8:36:48 AM,A,W,1000.0,WEST GRAND AVE,F,,D,7/31/2024 8:36:50 AM,7/31/2024 8:36:50 AM,False,True,4,,7/24/2024 6:21:00 PM,1821,False,,,True
2997185,9370-2024-02368,1,False,9370,7/24/2024 5:00:00 PM,1700,024,14,109,Oakland,1,True,True,C,REAR END,,Wednesday,NotApplicable,False,M,,False,True,False,ALAMEDA SUPERIOR COURT WILEY W. MANUEL COURTHOUSE,C,OTHER MOTOR VEHICLE,,0,0,A,DAYLIGHT,37.8491,-122.229771,,,,,A,NO PEDESTRIANS INVOLVED,7/24/2024 5:00:00 PM,A,VC 22350,False,1,SR-24 W/B,,,7/31/2024 8:28:25 AM,A,E,260.0,SR-13 S/B TRANSITION,F,,D,7/31/2024 8:28:27 AM,7/31/2024 8:28:27 AM,False,True,4,,7/24/2024 5:05:00 PM,1705,False,,,True
2997168,9370-2024-02367,1,False,9370,7/24/2024 1:00:00 PM,1300,025,14,109,Oakland,1,True,True,C,REAR END,,Wednesday,NotApplicable,False,,,False,True,False,ALAMEDA SUPERIOR COURT WILEY W. MANUEL COURTHOUSE,C,OTHER MOTOR VEHICLE,,2,0,A,DAYLIGHT,37.832324,-122.266843,,,,,A,NO PEDESTRIANS INVOLVED,7/24/2024 1:00:00 PM,A,VC 22350,False,1,SR-24 W/B TO I-580 E/B,,,7/31/2024 8:18:39 AM,A,E,300.0,42ND STREET,F,,D,7/31/2024 8:18:41 AM,7/31/2024 8:18:41 AM,False,True,4,,7/24/2024 1:10:00 PM,1310,False,,,True
2997119,9370-2024-02357,1,False,9370,7/23/2024 7:40:00 AM,740,179,14,109,Oakland,1,True,True,B,SIDE SWIPE,,Tuesday,NotApplicable,False,M,,False,True,False,ALAMEDA SUPERIOR COURT WILEY W. MANUEL COURTHOUSE,C,OTHER MOTOR VEHICLE,,0,0,A,DAYLIGHT,37.833355,-122.294151,,,,,A,NO PEDESTRIANS INVOLVED,7/23/2024 7:40:00 AM,A,VC 21658(A),False,1,I-880 N/B TO I-80 E/B,,,7/31/2024 7:26:58 AM,A,S,1800.0,POWELL STREET,F,,D,7/31/2024 7:27:00 AM,7/31/2024 7:27:00 AM,False,True,4,,7/23/2024 9:10:00 AM,910,False,,,True
2997116,9370-2024-02355,1,False,9370,7/23/2024 1:30:00 AM,130,179,14,109,Oakland,1,True,True,E,HIT OBJECT,,Tuesday,NotApplicable,False,M,,False,True,False,ALAMEDA SUPERIOR COURT WILEY W. MANUEL COURTHOUSE,I,FIXED OBJECT,CONCRETE BARRIER,0,0,D,DARK-NO STREET LIGHTS,37.828434,-122.292549,,,,,A,NO PEDESTRIANS INVOLVED,7/23/2024 1:30:00 AM,A,VC 22107,False,1,I-880 N/B TO I-80 E/B,,,7/31/2024 7:24:05 AM,A,S,3500.0,POWELL ST,F,,D,7/31/2024 7:24:06 AM,7/31/2024 7:24:06 AM,False,True,4,,7/23/2024 1:35:00 AM,135,False,,False,True
2898479,9335-2024-01684,1,False,9335,7/23/2024 12:25:00 PM,1225,082,14,109,Oakland,1,True,True,B,SIDE SWIPE,,Tuesday,Yes,False,,,False,True,False,ALAMEDA SUPERIOR COURT ALAMEDA,C,OTHER MOTOR VEHICLE,,0,0,A,DAYLIGHT,37.824329,-122.31769,,,,,A,NO PEDESTRIANS INVOLVED,7/23/2024 12:25:00 PM,A,VC 22107,False,,I-80 WESTBOUND,,,7/30/2024 2:43:44 PM,A,W,1105.0,THE SAN FRANCISCO OAKLAND BAY BRIDGE TOLL PLAZA.,F,,D,7/30/2024 2:43:47 PM,7/30/2024 2:43:47 PM,False,True,4,,7/23/2024 12:40:00 PM,1240,False,,,True
2898316,9335-2024-01658,1,False,9335,7/20/2024 7:00:00 PM,1900,081,14,109,Oakland,1,True,True,B,SIDE SWIPE,,Saturday,NotApplicable,False,,,False,True,False,ALAMEDA SUPERIOR COURT ALAMEDA,C,OTHER MOTOR VEHICLE,,0,0,A,DAYLIGHT,37.824598,-122.315469,,,,,A,NO PEDESTRIANS INVOLVED,7/20/2024 7:00:00 PM,A,VC 21658(A),False,1,I-80 W/B,,,7/30/2024 12:31:36 PM,A,W,460.0,SFOBB TOLL PLAZA,F,,D,7/30/2024 12:31:41 PM,7/30/2024 12:31:41 PM,False,True,4,,7/20/2024 7:10:00 PM,1910,False,,,True
2898271,9335-2024-01651,1,False,9335,7/19/2024 9:30:00 PM,2130,084,14,109,Oakland,1,True,True,B,SIDE SWIPE,,Friday,NotApplicable,False,M,,False,True,False,ALAMEDA SUPERIOR COURT ALAMEDA,C,OTHER MOTOR VEHICLE,,0,0,C,DARK-STREET LIGHTS,37.822823,-122.319799,,,,,A,NO PEDESTRIANS INVOLVED,7/19/2024 9:30:00 PM,A,VC 21658(A),False,1,I-80 E/B,,,7/30/2024 12:00:44 PM,A,W,815.0,SFOBB METERING LIGHTS,F,,D,7/30/2024 12:00:46 PM,7/30/2024 12:00:46 PM,False,True,4,,7/19/2024 9:35:00 PM,2135,False,,,True
2884703,9370-2024-02342,1,False,9370,7/21/2024 6:50:00 PM,1850,177,14,109,Oakland,1,True,True,B,SIDE SWIPE,,Sunday,NotApplicable,False,,,False,True,False,ALAMEDA SUPERIOR COURT WILEY W. MANUEL COURTHOUSE,C,OTHER MOTOR VEHICLE,,0,0,A,DAYLIGHT,37.78959,-122.256503,,,,,A,NO PEDESTRIANS INVOLVED,7/21/2024 6:50:00 PM,A,VC 21658(A),False,,I-880 S/B,,,7/30/2024 9:26:07 AM,A,N,3558.0,16TH AVE,F,,D,7/30/2024 9:26:08 AM,7/30/2024 9:26:08 AM,False,True,4,,7/21/2024 7:00:00 PM,1900,False,,,True