collision-id,report-number,report-version,is-preliminary,ncic-code,crash-date-time,crash-time-description,beat,city-id,city-code,city-name,county-code,city-is-active,city-is-incorporated,collision-type-code,collision-type-description,collision-type-other-desc,day-of-week,dispatch-notified,has-photographs,hit-run,is-attachments-mailed,is-deleted,is-highway-related,is-tow-away,judicial-district,motor-vehicle-involved-with-code,motor-vehicle-involved-with-desc,motor-vehicle-involved-with-other-desc,number-injured,number-killed,lighting-code,lighting-description,latitude,longitude,milepost-direction,milepost-distance,milepost-marker,milepost-unit-of-measure,pedestrian-action-code,pedestrian-action-desc,prepared-date,primary-collision-factor-code,primary-collision-factor-description,primary-collision-factor-is-cited,primary-collision-party-number,primary-road,reporting-district,reporting-district-code,reviewed-date,roadway-surface-code,secondary-direction,secondary-distance,secondary-road,secondary-unit-of-measure,sketch-desc,traffic-control-device-code,created-date,modified-date,is-county-road,is-freeway,chp-555-version,is-additonal-object-struck,notification-date,notification-time-description,has-digital-media-files,evidence-number,is-location-refer-to-narrative,is-aoi-one-same-as-location
2878483,9370-2024-02339,1,False,9370,7/21/2024 3:50:00 PM,1550,177,14,109,Oakland,1,True,True,C,REAR END,,Sunday,NotApplicable,False,,,False,True,False,ALAMEDA SUPERIOR COURT WILEY W. MANUEL COURTHOUSE,C,OTHER MOTOR VEHICLE,,0,0,A,DAYLIGHT,37.796608,-122.269359,,,,,A,NO PEDESTRIANS INVOLVED,7/21/2024 3:50:00 PM,A,VC 22350,False,1,I-880 N/B FROM JACKSON STREET,,,7/30/2024 8:49:59 AM,A,N,200.0,JACKSON STREET,F,,D,7/30/2024 8:50:00 AM,7/30/2024 8:50:00 AM,False,True,4,,7/21/2024 3:55:00 PM,1555,False,,,True
2878435,24-013794,2,False,0109,3/19/2024 8:36:00 AM,836,04X,14,109,Oakland,1,True,True,C,REAR END,,Tuesday,,,,,False,False,False,,C,OTHER MOTOR VEHICLE,,0,0,A,DAYLIGHT,,,,,,,A,NO PEDESTRIANS INVOLVED,,A,22107,,1,CASTRO ST,1,,,A,N,10.0,17TH ST,F,,A,7/30/2024 8:31:42 AM,1/28/2025 11:17:21 AM,,,2,,,,,,,
2878376,9370-2024-02290,2,False,9370,7/17/2024 2:23:00 AM,223,052,14,109,Oakland,1,True,True,D,BROADSIDE,,Wednesday,Yes,False,,,False,True,True,ALAMEDA SUPERIOR COURT WILEY W. MANUEL COURTHOUSE,C,OTHER MOTOR VEHICLE,,1,0,D,DARK-NO STREET LIGHTS,37.778365,-122.16881,,,,,A,NO PEDESTRIANS INVOLVED,7/17/2024 2:23:00 AM,A,VC 21658(A),False,1,I-80 E/B,,,8/21/2024 1:20:49 PM,A,E,256.0,SEMINARY AVE,F,,D,7/30/2024 8:05:41 AM,8/21/2024 1:20:54 PM,False,True,4,,7/17/2024 2:25:00 AM,225,False,,,True
2878364,9370-2024-02338,1,False,9370,7/21/2024 12:30:00 PM,1230,176,14,109,Oakland,1,True,True,C,REAR END,,Sunday,NotApplicable,False,,,False,True,False,ALAMEDA SUPERIOR COURT WILEY W. MANUEL COURTHOUSE,C,OTHER MOTOR VEHICLE,,0,0,A,DAYLIGHT,37.773726,-122.229093,,,,,A,NO PEDESTRIANS INVOLVED,7/21/2024 12:30:00 PM,A,VC 22350,False,1,I-880 NB,,,7/30/2024 7:58:56 AM,A,S,1304.0,29TH AVE,F,,D,7/30/2024 7:58:57 AM,7/30/2024 7:58:57 AM,False,True,4,,7/21/2024 12:35:00 PM,1235,False,,,True
2878318,9370-2024-02317,1,False,9370,7/19/2024 9:16:00 AM,916,008,14,109,Oakland,1,True,True,C,REAR END,,Friday,Yes,False,,,False,True,False,ALAMEDA SUPERIOR COURT WILEY W. MANUEL COURTHOUSE,C,OTHER MOTOR VEHICLE,,1,0,C,DARK-STREET LIGHTS,37.824378,-122.31009,,,,,A,NO PEDESTRIANS INVOLVED,7/19/2024 9:16:00 AM,A,VC 21658(A),False,1,I-80 EB,,,7/30/2024 7:44:58 AM,A,E,1004.0,SFOBB TOLL PLAZA,F,,D,7/30/2024 7:44:59 AM,7/30/2024 7:44:59 AM,False,True,4,,7/19/2024 10:01:00 AM,1001,False,,,
2878179,24-022782,2,False,0109,5/8/2024 8:32:00 PM,2032,31X,14,109,Oakland,1,True,True,A,HEAD-ON,,Wednesday,,,,,False,False,True,,I,FIXED OBJECT,,1,0,C,DARK-STREET LIGHTS,,,,,,,A,NO PEDESTRIANS INVOLVED,,A,22107,,1,98TH AV,2,,,A,S,35.0,RAILROAD AV,F,,D,7/30/2024 6:36:39 AM,1/28/2025 11:27:41 AM,,,2,,,,,,,
2877839,9370-2024-02348,1,False,9370,7/22/2024 10:55:00 AM,1055,176,14,109,Oakland,1,True,True,B,SIDE SWIPE,,Monday,NotApplicable,False,M,,False,True,False,ALAMEDA SUPERIOR COURT WILEY W. MANUEL COURTHOUSE,C,OTHER MOTOR VEHICLE,,0,0,A,DAYLIGHT,37.743321,-122.198943,,,,,A,NO PEDESTRIANS INVOLVED,7/22/2024 10:55:00 AM,A,VC 21658(A),False,1,I-880 S/B,,,7/29/2024 7:45:20 PM,A,N,1150.0,HEGENBERGER RD,F,,D,7/29/2024 7:45:23 PM,7/29/2024 7:45:23 PM,False,True,4,,7/22/2024 11:07:00 AM,1107,False,,,True
2877813,9370-2024-02325,1,False,9370,7/20/2024 3:50:00 PM,1550,024,14,109,Oakland,1,True,True,C,REAR END,,Saturday,NotApplicable,False,,,False,True,False,ALAMEDA SUPERIOR COURT WILEY W. MANUEL COURTHOUSE,C,OTHER MOTOR VEHICLE,,0,0,A,DAYLIGHT,37.848994,-122.242152,,,,,A,NO PEDESTRIANS INVOLVED,7/20/2024 3:50:00 PM,A,VC 22106,False,1,SR-24 E/B,,,7/29/2024 6:05:08 PM,A,W,1086.0,BROADWAY,F,,D,7/29/2024 6:05:10 PM,7/29/2024 6:05:10 PM,False,True,4,,7/20/2024 4:05:00 PM,1605,False,,,True
2877807,9370-2024-02322,1,False,9370,7/20/2024 5:59:00 AM,559,176,14,109,Oakland,1,True,True,C,REAR END,,Saturday,NotApplicable,False,M,,False,True,False,ALAMEDA SUPERIOR COURT WILEY W. MANUEL COURTHOUSE,C,OTHER MOTOR VEHICLE,,0,0,B,DUSK-DAWN,37.773542,-122.228588,,,,,A,NO PEDESTRIANS INVOLVED,7/20/2024 5:59:00 AM,A,VC 22350,False,1,I-880 N/B,,,7/29/2024 5:59:44 PM,A,N,162.0,FRUITVALE,F,,D,7/29/2024 5:59:46 PM,7/29/2024 5:59:46 PM,False,True,4,,7/20/2024 6:00:00 AM,600,False,,,True
2877802,9370-2024-02346,1,False,9370,7/19/2024 9:17:00 PM,2117,008,14,109,Oakland,1,True,True,B,SIDE SWIPE,,Friday,NotApplicable,False,M,,False,True,False,ALAMEDA SUPERIOR COURT WILEY W. MANUEL COURTHOUSE,C,OTHER MOTOR VEHICLE,,0,0,C,DARK-STREET LIGHTS,37.824555,-122.308715,,,,,A,NO PEDESTRIANS INVOLVED,7/19/2024 9:17:00 PM,A,VC 22107,False,1,I-80 E/B,,,7/29/2024 5:50:11 PM,A,E,1600.0,BAY BRIDGE TOLL PLAZA,F,,D,7/29/2024 5:50:13 PM,7/29/2024 5:50:13 PM,False,True,4,,7/19/2024 9:23:00 PM,2123,False,,,True
2877791,9370-2024-02297,1,False,9370,7/17/2024 3:35:00 PM,1535,177,14,109,Oakland,1,True,True,B,SIDE SWIPE,,Wednesday,NotApplicable,False,,,False,True,False,ALAMEDA SUPERIOR COURT WILEY W. MANUEL COURTHOUSE,C,OTHER MOTOR VEHICLE,,0,0,A,DAYLIGHT,37.790591,-122.26039,,,,,A,NO PEDESTRIANS INVOLVED,7/17/2024 3:35:00 PM,A,VC 21658(A),False,,I-880 S/B,,,7/29/2024 5:18:46 PM,A,N,119.0,5TH AVENUE,F,,A,7/29/2024 5:18:48 PM,7/29/2024 5:18:48 PM,False,True,4,,7/17/2024 3:45:00 PM,1545,False,,,True
2877336,24-005330,2,False,0109,1/30/2024 10:11:00 PM,2211,17Y,14,109,Oakland,1,True,True,B,SIDE SWIPE,,Tuesday,,,,,False,False,False,,C,OTHER MOTOR VEHICLE,,0,0,C,DARK-STREET LIGHTS,,,,,,,E,IN ROAD - INCLUDES SHOULDER,,A,21453A,,,5TH AV,1,,,A,,,FOOTHILL BL,,,A,7/29/2024 12:51:31 PM,1/28/2025 11:36:18 AM,,,2,,,,,,,
2877331,24-017141,2,False,0109,4/7/2024 9:18:00 PM,2118,24X,14,109,Oakland,1,True,True,C,REAR END,,Sunday,,,,,False,False,False,,E,PARKED MOTOR VEHICLE,,0,0,C,DARK-STREET LIGHTS,,,,,,,A,NO PEDESTRIANS INVOLVED,,A,22106,,1,36TH AV,2,,,A,,,HARPER ST,,,D,7/29/2024 12:46:31 PM,1/28/2025 11:36:03 AM,,,2,,,,,,,
2877207,24-018118,2,False,0109,4/13/2024 8:36:00 AM,836,16X,14,109,Oakland,1,True,True,B,SIDE SWIPE,,Saturday,,,,,False,False,False,,C,OTHER MOTOR VEHICLE,,0,0,A,DAYLIGHT,,,,,,,A,NO PEDESTRIANS INVOLVED,,A,22107,,1,14TH AV,1,,,B,,,E 17TH ST,,,D,7/29/2024 11:36:30 AM,1/28/2025 11:36:03 AM,,,2,,,,,,,
2877199,24-015964,2,False,0109,3/31/2024 2:03:00 AM,203,08X,14,109,Oakland,1,True,True,C,REAR END,,Sunday,,,,,False,False,True,,C,OTHER MOTOR VEHICLE,,0,0,C,DARK-STREET LIGHTS,,,,,,,A,NO PEDESTRIANS INVOLVED,,A,23152A,,1,27TH ST,1,,,A,W,150.0,TELEGRAPH AV,F,,D,7/29/2024 11:31:30 AM,1/28/2025 11:36:05 AM,,,2,,,,,,,
2877161,24-024019,2,False,0109,5/15/2024 7:05:00 PM,1905,17X,14,109,Oakland,1,True,True,D,BROADSIDE,,Wednesday,,,,,False,False,False,,G,BICYCLE,,1,0,A,DAYLIGHT,,,,,,,A,NO PEDESTRIANS INVOLVED,,A,22106,,1,13TH AV,1,,,A,S,20.0,E 28TH ST,F,,A,7/29/2024 11:31:25 AM,1/28/2025 11:27:42 AM,,,2,,,,,,,
2877137,24-024442,2,False,0109,5/17/2024 2:14:00 PM,1414,19X,14,109,Oakland,1,True,True,D,BROADSIDE,,Friday,,,,,False,False,False,,C,OTHER MOTOR VEHICLE,,1,0,A,DAYLIGHT,,,,,,,A,NO PEDESTRIANS INVOLVED,,A,21802A,,1,11TH AV,1,,,A,,,E 15TH ST,,,A,7/29/2024 11:31:22 AM,1/28/2025 11:27:42 AM,,,2,,,,,,,
2877136,24-025350,2,False,0109,5/22/2024 6:53:00 PM,1853,19X,14,109,Oakland,1,True,True,D,BROADSIDE,,Wednesday,,,,,False,False,False,,C,OTHER MOTOR VEHICLE,,1,0,A,DAYLIGHT,,,,,,,A,NO PEDESTRIANS INVOLVED,,A,21453A,,1,E 15TH ST,1,,,A,,,14TH AV,,,A,7/29/2024 11:31:22 AM,1/28/2025 11:27:42 AM,,,2,,,,,,,
2876966,24-024033,2,False,0109,6/15/2024 8:48:00 PM,2048,17X,14,109,Oakland,1,True,True,D,BROADSIDE,,Saturday,,,M,,False,False,True,,C,OTHER MOTOR VEHICLE,,2,0,C,DARK-STREET LIGHTS,,,,,,,A,NO PEDESTRIANS INVOLVED,,A,21453A,,1,E 18TH ST,1,,,A,,,5TH AV,,,A,7/29/2024 11:30:59 AM,1/28/2025 11:27:42 AM,,,2,,,,,,,
2876961,24-023092,2,False,0109,5/10/2024 3:05:00 PM,1505,29X,14,109,Oakland,1,True,True,D,BROADSIDE,,Friday,,,M,,False,False,False,,C,OTHER MOTOR VEHICLE,,1,0,A,DAYLIGHT,,,,,,,A,NO PEDESTRIANS INVOLVED,,A,22450A,,1,BRANN ST,2,,,A,,,CAMDEN ST,,,A,7/29/2024 11:30:58 AM,1/28/2025 11:27:42 AM,,,2,,,,,,,
2876950,24-024786,2,False,0109,5/19/2024 6:00:00 PM,1800,05X,14,109,Oakland,1,True,True,D,BROADSIDE,,Sunday,,,M,,False,False,False,,C,OTHER MOTOR VEHICLE,,1,0,C,DARK-STREET LIGHTS,,,,,,,A,NO PEDESTRIANS INVOLVED,,A,22450A,,1,18TH ST,1,,,A,,,MANDELA PKWY,,,A,7/29/2024 11:30:57 AM,1/28/2025 11:27:42 AM,,,2,,,,,,,
2876939,24-023865,2,False,0109,5/10/2024 8:30:00 AM,830,27X,14,109,Oakland,1,True,True,B,SIDE SWIPE,,Friday,,,F,,False,False,False,,,,,1,0,A,DAYLIGHT,,,,,,,A,NO PEDESTRIANS INVOLVED,,A,22107,,1,FOOTHILL BL,2,,,A,,,50TH AV,,,D,7/29/2024 11:30:56 AM,1/28/2025 11:27:42 AM,,,2,,,,,,,
2876841,24-011738,2,False,0109,3/7/2024 8:20:00 AM,820,35X,14,109,Oakland,1,True,True,D,BROADSIDE,,Thursday,,,,,False,False,False,,C,OTHER MOTOR VEHICLE,,3,0,A,DAYLIGHT,,,,,,,A,NO PEDESTRIANS INVOLVED,,A,21801A,,2,BANCROFT AV,2,,,A,,,84TH AV,,,D,7/29/2024 11:30:44 AM,1/28/2025 11:38:03 AM,,,2,,,,,,,
2876828,24-012546,2,False,0109,3/12/2024 11:00:00 PM,2300,27X,14,109,Oakland,1,True,True,G,VEHICLE/PEDESTRAIN,,Tuesday,,,F,,False,False,False,,B,PEDESTRIAN,,1,0,C,DARK-STREET LIGHTS,,,,,,,B,CROSSING IN CROSS WALK AT INTERSECTION,,A,22350,,1,62ND AV,2,,,A,,,HAYES AV,,,D,7/29/2024 11:30:42 AM,1/28/2025 11:38:03 AM,,,2,,,,,,,
2876825,24-012409,2,False,0109,3/11/2024 8:03:00 AM,803,23X,14,109,Oakland,1,True,True,D,BROADSIDE,,Monday,,,,,False,False,False,,C,OTHER MOTOR VEHICLE,,3,0,A,DAYLIGHT,,,,,,,A,NO PEDESTRIANS INVOLVED,,A,21802A,,1,35TH AV,2,,,B,,,E 18TH ST,,,A,7/29/2024 11:30:41 AM,1/28/2025 11:38:03 AM,,,2,,,,,,,
2876816,24-012585,2,False,0109,3/12/2024 9:00:00 AM,900,26X,14,109,Oakland,1,True,True,C,REAR END,,Tuesday,,,,,False,False,False,,C,OTHER MOTOR VEHICLE,,1,0,A,DAYLIGHT,,,,,,,A,NO PEDESTRIANS INVOLVED,,B,,,1,54TH AV,2,,,B,,,SAN LEANDRO ST,,,D,7/29/2024 11:30:40 AM,1/28/2025 11:38:03 AM,,,2,,,,,,,
2876812,24-014561,2,False,0109,3/23/2024 3:11:00 AM,311,19X,14,109,Oakland,1,True,True,A,HEAD-ON,,Saturday,,,M,,False,False,False,,B,PEDESTRIAN,,1,0,C,DARK-STREET LIGHTS,,,,,,,B,CROSSING IN CROSS WALK AT INTERSECTION,,A,21950A,,1,17TH AVE,1,,,B,N,10.0,E 15TH ST,F,,A,7/29/2024 11:30:40 AM,1/28/2025 11:38:03 AM,,,2,,,,,,,
2876775,24-020655,2,False,0109,4/26/2024 10:14:00 PM,2214,19X,14,109,Oakland,1,True,True,B,SIDE SWIPE,,Friday,,,,,False,False,False,,C,OTHER MOTOR VEHICLE,,2,0,C,DARK-STREET LIGHTS,,,,,,,A,NO PEDESTRIANS INVOLVED,,A,21800A,,1,E 12TH ST,1,,,A,,,16TH AV,,,D,7/29/2024 11:30:35 AM,1/28/2025 11:38:01 AM,,,2,,,,,,,
2876766,24-020648,2,False,0109,4/26/2024 8:36:00 PM,2036,31X,14,109,Oakland,1,True,True,D,BROADSIDE,,Friday,,,,,False,False,False,,C,OTHER MOTOR VEHICLE,,1,0,C,DARK-STREET LIGHTS,,,,,,,A,NO PEDESTRIANS INVOLVED,,A,22107,,1,EDES AV,2,,,A,,,NEVADA ST,,,D,7/29/2024 11:30:33 AM,1/28/2025 11:38:01 AM,,,2,,,,,,,
2876752,24-009908,2,False,0109,2/25/2024 6:36:00 PM,1836,21Y,14,109,Oakland,1,True,True,D,BROADSIDE,,Sunday,,,M,,False,True,False,,C,OTHER MOTOR VEHICLE,,0,0,C,DARK-STREET LIGHTS,,,,,,,A,NO PEDESTRIANS INVOLVED,,A,21801A,,1,35TH AV,2,,,A,S,50.0,RT 580,F,,D,7/29/2024 11:30:32 AM,1/28/2025 11:18:08 AM,,,2,,,,,,,
2800796,9370-2024-02185,1,False,9370,7/6/2024 12:50:00 PM,1250,176,14,109,Oakland,1,True,True,B,SIDE SWIPE,,Saturday,NotApplicable,False,M,,False,True,False,ALAMEDA SUPERIOR COURT WILEY W. MANUEL COURTHOUSE,C,OTHER MOTOR VEHICLE,,0,0,A,DAYLIGHT,37.760893,-122.214335,,,,,A,NO PEDESTRIANS INVOLVED,7/6/2024 12:50:00 PM,A,VC 21658(A),False,1,I-880 S/B,,,7/29/2024 7:51:39 AM,A,N,1600.0,66TH AVE,F,,D,7/29/2024 7:51:41 AM,7/29/2024 7:51:41 AM,False,True,4,,7/6/2024 1:10:00 PM,1310,True,EMBEDDED,,True
2800735,9370-2024-02188,1,False,9370,7/7/2024 6:13:00 PM,1813,055,14,109,Oakland,1,True,True,C,REAR END,,Sunday,NotApplicable,False,M,,False,True,False,ALAMEDA SUPERIOR COURT WILEY W. MANUEL COURTHOUSE,C,OTHER MOTOR VEHICLE,,0,0,A,DAYLIGHT,37.826785,-122.28847,,,,,A,NO PEDESTRIANS INVOLVED,7/7/2024 6:13:00 PM,A,VC 22350,False,1,INTERSTATE 580 WESTBOUND,,,7/29/2024 6:57:06 AM,A,E,293.0,MANDELA PARKWAY,F,,D,7/29/2024 6:57:06 AM,7/29/2024 6:57:06 AM,False,True,4,,7/7/2024 6:18:00 PM,1818,False,,,True
2800732,9370-2024-02281,1,False,9370,7/16/2024 6:20:00 AM,620,024,14,109,Oakland,1,True,True,B,SIDE SWIPE,,Tuesday,NotApplicable,False,,,False,True,False,ALAMEDA SUPERIOR COURT WILEY W. MANUEL COURTHOUSE,C,OTHER MOTOR VEHICLE,,0,0,A,DAYLIGHT,37.855074,-122.218592,,,,,A,NO PEDESTRIANS INVOLVED,7/16/2024 6:20:00 AM,A,VC 22350,False,1,SR-24 W/B (CALDECOTT TUNNEL BORE 4),,,7/29/2024 6:55:19 AM,A,E,1355.0,TUNNEL RD,F,,D,7/29/2024 6:55:20 AM,7/29/2024 6:55:20 AM,False,True,4,,7/16/2024 6:25:00 AM,625,False,,,True
2726482,24-007047,2,False,0109,2/8/2024 7:34:00 PM,1934,09X,14,109,Oakland,1,True,True,B,SIDE SWIPE,,Thursday,,,M,,False,False,False,,C,OTHER MOTOR VEHICLE,,0,0,C,DARK-STREET LIGHTS,,,,,,,A,NO PEDESTRIANS INVOLVED,,A,22107,,1,BROADWAY,1,,,A,,,W MACARTHUR BL,,,A,7/26/2024 10:18:01 AM,1/28/2025 11:38:16 AM,,,2,,,,,,,
2726481,24-006630,2,False,0109,2/6/2024 1:03:00 PM,1303,23X,14,109,Oakland,1,True,True,B,SIDE SWIPE,,Tuesday,,,M,,False,False,False,,E,PARKED MOTOR VEHICLE,,0,0,A,DAYLIGHT,,,,,,,A,NO PEDESTRIANS INVOLVED,,A,22107,,1,FOOTHILL BL,2,,,A,,,41ST ST,,,A,7/26/2024 10:18:01 AM,1/28/2025 11:38:15 AM,,,2,,,,,,,
2726477,24-006886,2,False,0109,2/8/2024 7:59:00 PM,1959,20X,14,109,Oakland,1,True,True,B,SIDE SWIPE,,Thursday,,,F,,False,False,True,,C,OTHER MOTOR VEHICLE,,0,0,C,DARK-STREET LIGHTS,,,,,,,A,NO PEDESTRIANS INVOLVED,,A,22107,,1,FOOTHILL BL,2,,,A,W,300.0,FRUITVALE AV,F,,A,7/26/2024 10:13:01 AM,1/28/2025 11:38:15 AM,,,2,,,,,,,
2726472,24-009504,2,False,0109,2/23/2024 2:54:00 AM,254,19X,14,109,Oakland,1,True,True,A,HEAD-ON,,Friday,,,M,,False,False,False,,C,OTHER MOTOR VEHICLE,,0,0,C,DARK-STREET LIGHTS,,,,,,,A,NO PEDESTRIANS INVOLVED,,D,,,,5TH AV,1,,,A,W,29.0,INTERNATIONAL BL,F,,A,7/26/2024 10:13:01 AM,1/28/2025 11:38:15 AM,,,2,,,,,,,
2726445,24-009921,2,False,0109,2/25/2024 9:03:00 PM,2103,10Y,14,109,Oakland,1,True,True,B,SIDE SWIPE,,Sunday,,,,,False,False,False,,E,PARKED MOTOR VEHICLE,,0,0,C,DARK-STREET LIGHTS,,,,,,,A,NO PEDESTRIANS INVOLVED,,A,23152A,,1,45TH ST,1,,,A,W,100.0,MARKET ST,F,,D,7/26/2024 9:58:01 AM,1/28/2025 11:17:28 AM,,,2,,,,,,,
2726418,24-010588,2,False,0109,2/29/2024 7:02:00 PM,1902,31X,14,109,Oakland,1,True,True,A,HEAD-ON,,Thursday,,,M,,False,False,False,,C,OTHER MOTOR VEHICLE,,0,0,C,DARK-STREET LIGHTS,,,,,,,A,NO PEDESTRIANS INVOLVED,,A,21804A,,1,EDES AV,2,,,B,W,259.0,RT 880,F,,D,7/26/2024 9:48:00 AM,1/28/2025 11:38:16 AM,,,2,,,,,,,
2726406,24-009770,2,False,0109,2/24/2024 6:11:00 PM,1811,03X,14,109,Oakland,1,True,True,B,SIDE SWIPE,,Saturday,,,M,,False,False,False,,C,OTHER MOTOR VEHICLE,,0,0,B,DUSK-DAWN,,,,,,,A,NO PEDESTRIANS INVOLVED,,D,,,,7TH ST,1,,,A,,,WEBSTER ST,,,A,7/26/2024 9:38:01 AM,1/28/2025 11:38:16 AM,,,2,,,,,,,
2726380,24-007376,2,False,0109,2/11/2024 2:29:00 AM,229,29X,14,109,Oakland,1,True,True,B,SIDE SWIPE,,Sunday,,,M,,False,False,False,,E,PARKED MOTOR VEHICLE,,0,0,C,DARK-STREET LIGHTS,,,,,,,A,NO PEDESTRIANS INVOLVED,,A,22107,,1,CAMDEN ST,2,,,A,E,20.0,SEMINARY AV,F,,A,7/26/2024 9:28:00 AM,1/28/2025 11:38:16 AM,,,2,,,,,,,
2726294,24-002632,2,False,0109,1/16/2024 10:27:00 AM,1027,32X,14,109,Oakland,1,True,True,B,SIDE SWIPE,,Tuesday,,,,,False,False,False,,C,OTHER MOTOR VEHICLE,,0,0,A,DAYLIGHT,,,,,,,A,NO PEDESTRIANS INVOLVED,,A,21806,,1,98TH AV,2,,,A,,,BANCROFT AV,,,D,7/26/2024 8:47:59 AM,1/28/2025 11:15:51 AM,,,2,,,,,,,
2726229,24-007244,2,False,0109,2/10/2024 5:53:00 PM,1753,04X,14,109,Oakland,1,True,True,H,OTHER,,Saturday,,,M,,False,False,False,,C,OTHER MOTOR VEHICLE,,0,0,A,DAYLIGHT,,,,,,,A,NO PEDESTRIANS INVOLVED,,A,22107,,1,19TH ST,1,,,A,E,50.0,SAN PABLO AV,F,,D,7/26/2024 8:47:54 AM,1/28/2025 11:15:52 AM,,,2,,,,,,,
2726228,24-029864,2,False,0109,3/28/2024 2:00:00 AM,200,33X,14,109,Oakland,1,True,True,B,SIDE SWIPE,,Thursday,,,,,False,False,True,,E,PARKED MOTOR VEHICLE,,0,0,C,DARK-STREET LIGHTS,,,,,,,A,NO PEDESTRIANS INVOLVED,,A,22107,,1,D ST,2,,,A,W,50.0,ELMHURST AV,F,,D,7/26/2024 8:47:54 AM,1/28/2025 11:38:15 AM,,,2,,,,,,,
2726224,24-012101,2,False,0109,3/9/2024 5:19:00 AM,519,20X,14,109,Oakland,1,True,True,E,HIT OBJECT,,Saturday,,,,,False,False,False,,I,FIXED OBJECT,,0,0,C,DARK-STREET LIGHTS,,,,,,,A,NO PEDESTRIANS INVOLVED,,A,23152A,,1,25TH AV,2,,,A,S,100.0,12TH AV,F,,A,7/26/2024 8:47:53 AM,1/28/2025 11:38:15 AM,,,2,,,,,,,
2726214,24-013730,2,False,0109,3/18/2024 8:32:00 PM,2032,33X,14,109,Oakland,1,True,True,,,,Monday,,,M,,False,False,True,,I,FIXED OBJECT,,0,0,C,DARK-STREET LIGHTS,,,,,,,A,NO PEDESTRIANS INVOLVED,,A,22107,,1,SAN LEANDRO ST,2,,,A,W,6.0,85TH AV,F,,A,7/26/2024 8:47:53 AM,1/28/2025 11:38:15 AM,,,2,,,,,,,
2726208,24-015044,2,False,0109,3/25/2024 9:35:00 PM,2135,23X,14,109,Oakland,1,True,True,B,SIDE SWIPE,,Monday,,,,,False,False,False,,E,PARKED MOTOR VEHICLE,,0,0,C,DARK-STREET LIGHTS,,,,,,,A,NO PEDESTRIANS INVOLVED,,A,23152,,1,WOODBINE AV,2,,,A,W,1.0,FRUITVALE AV,M,,D,7/26/2024 8:47:52 AM,1/28/2025 11:38:15 AM,,,2,,,,,,,
2726202,24-011722,2,False,0109,3/7/2024 5:42:00 AM,542,32X,14,109,Oakland,1,True,True,D,BROADSIDE,,Thursday,,,M,,False,False,True,,C,OTHER MOTOR VEHICLE,,0,0,C,DARK-STREET LIGHTS,,,,,,,A,NO PEDESTRIANS INVOLVED,,A,21802A,,1,98TH AV,2,,,A,,,D ST,,,D,7/26/2024 8:47:52 AM,1/28/2025 11:38:15 AM,,,2,,,,,,,
2726187,24-012937,2,False,0109,3/14/2024 5:40:00 AM,540,30X,14,109,Oakland,1,True,True,A,HEAD-ON,,Thursday,,,,,False,False,False,,I,FIXED OBJECT,,0,0,C,DARK-STREET LIGHTS,,,,,,,A,NO PEDESTRIANS INVOLVED,,A,22107,,1,73RD AV,2,,,A,S,15.0,BANCROFT AV,F,,A,7/26/2024 8:47:51 AM,1/28/2025 11:38:14 AM,,,2,,,,,,,
2726183,24-013765,2,False,0109,3/19/2024 2:02:00 AM,202,31Y,14,109,Oakland,1,True,True,H,OTHER,,Tuesday,,,F,,False,False,False,,E,PARKED MOTOR VEHICLE,,0,0,C,DARK-STREET LIGHTS,,,,,,,A,NO PEDESTRIANS INVOLVED,,D,,,,CORAL ST,2,,,A,N,100.0,CAIRO RD,F,,D,7/26/2024 8:47:50 AM,1/28/2025 11:38:14 AM,,,2,,,,,,,
2726130,24-015178,2,False,0109,3/26/2024 5:34:00 PM,1734,31X,14,109,Oakland,1,True,True,B,SIDE SWIPE,,Tuesday,,,,,False,False,False,,C,OTHER MOTOR VEHICLE,,0,0,A,DAYLIGHT,,,,,,,F,NOT IN ROAD,,A,22107,,2,HEGENBERGER RD,2,,,A,S,20.0,HEGENBERGER LOOP,F,,A,7/26/2024 8:47:47 AM,1/28/2025 11:38:15 AM,,,2,,,,,,,
2726125,24-013675,2,False,0109,3/18/2024 2:56:00 PM,1456,24X,14,109,Oakland,1,True,True,D,BROADSIDE,,Monday,,,,,False,False,False,,D,MOTOR VEHICLE ON OTHER ROADWAY,,0,0,A,DAYLIGHT,,,,,,,A,NO PEDESTRIANS INVOLVED,,A,21804A,,1,35TH AV,2,,,A,N,130.0,HEGEMAN AV,F,,A,7/26/2024 8:47:46 AM,1/28/2025 11:38:14 AM,,,2,,,,,,,
2725993,24-007872,2,False,0109,2/13/2024 5:30:00 PM,1730,29X,14,109,Oakland,1,True,True,C,REAR END,,Tuesday,,,M,,False,False,True,,C,OTHER MOTOR VEHICLE,,1,0,A,DAYLIGHT,,,,,,,A,NO PEDESTRIANS INVOLVED,,A,22350,,1,MACARTHUR BL,2,,,A,,,69TH AV,,,A,7/26/2024 8:47:36 AM,1/28/2025 11:28:59 AM,,,2,,,,,,,
2725978,24-025310,2,False,0109,5/22/2024 3:00:00 PM,1500,,14,109,Oakland,1,True,True,B,SIDE SWIPE,,Wednesday,,,,,False,False,False,,C,OTHER MOTOR VEHICLE,,1,0,A,DAYLIGHT,,,,,,,A,NO PEDESTRIANS INVOLVED,,A,22107,,1,13TH AV,1,,,A,S,30.0,E 32ND ST,F,,D,7/26/2024 8:47:35 AM,1/28/2025 11:28:50 AM,,,2,,,,,,,
2725951,24-013491,2,False,0109,3/17/2024 1:04:00 PM,1304,19X,14,109,Oakland,1,True,True,D,BROADSIDE,,Sunday,,,M,,False,False,True,,C,OTHER MOTOR VEHICLE,,1,0,A,DAYLIGHT,,,,,,,A,NO PEDESTRIANS INVOLVED,,A,22106,,1,FOOTHILL BL,1,,,A,W,25.0,21ST AV,F,,D,7/26/2024 8:47:33 AM,1/28/2025 11:17:28 AM,,,2,,,,,,,