collision-id,report-number,report-version,is-preliminary,ncic-code,crash-date-time,crash-time-description,beat,city-id,city-code,city-name,county-code,city-is-active,city-is-incorporated,collision-type-code,collision-type-description,collision-type-other-desc,day-of-week,dispatch-notified,has-photographs,hit-run,is-attachments-mailed,is-deleted,is-highway-related,is-tow-away,judicial-district,motor-vehicle-involved-with-code,motor-vehicle-involved-with-desc,motor-vehicle-involved-with-other-desc,number-injured,number-killed,lighting-code,lighting-description,latitude,longitude,milepost-direction,milepost-distance,milepost-marker,milepost-unit-of-measure,pedestrian-action-code,pedestrian-action-desc,prepared-date,primary-collision-factor-code,primary-collision-factor-description,primary-collision-factor-is-cited,primary-collision-party-number,primary-road,reporting-district,reporting-district-code,reviewed-date,roadway-surface-code,secondary-direction,secondary-distance,secondary-road,secondary-unit-of-measure,sketch-desc,traffic-control-device-code,created-date,modified-date,is-county-road,is-freeway,chp-555-version,is-additonal-object-struck,notification-date,notification-time-description,has-digital-media-files,evidence-number,is-location-refer-to-narrative,is-aoi-one-same-as-location
3768863,9370-2024-02444,1,False,9370,7/31/2024 6:15:00 PM,1815,054,14,109,Oakland,1,True,True,B,SIDE SWIPE,,Wednesday,NotApplicable,False,,,False,True,False,ALAMEDA SUPERIOR COURT WILEY W. MANUEL COURTHOUSE,C,OTHER MOTOR VEHICLE,,1,0,A,DAYLIGHT,37.816077,-122.251373,,,,,A,NO PEDESTRIANS INVOLVED,7/31/2024 6:15:00 PM,A,VC 21658(A),False,1,I-580 W/B,,,8/7/2024 5:38:57 PM,A,E,1220.0,OAKLAND AVENUE,F,,D,8/7/2024 5:39:01 PM,8/7/2024 5:39:01 PM,False,True,4,,7/31/2024 6:20:00 PM,1820,False,,,True
3768861,9370-2024-02443,2,False,9370,7/31/2024 2:50:00 PM,1450,054,14,109,Oakland,1,True,True,C,REAR END,,Wednesday,Yes,False,M,,False,True,True,ALAMEDA SUPERIOR COURT WILEY W. MANUEL COURTHOUSE,C,OTHER MOTOR VEHICLE,,1,0,A,DAYLIGHT,37.807561,-122.240202,,,,,A,NO PEDESTRIANS INVOLVED,7/31/2024 2:50:00 PM,A,VC 22350,False,1,I-580 E/B,,,10/21/2024 6:52:41 PM,A,W,2100.0,PARK BLVD,F,,D,8/7/2024 5:31:47 PM,10/21/2024 6:52:46 PM,False,True,4,,7/31/2024 3:00:00 PM,1500,False,,,True
3768857,9370-2024-02435,1,False,9370,7/31/2024 6:50:00 AM,650,008,14,109,Oakland,1,True,True,E,HIT OBJECT,,Wednesday,NotApplicable,False,,,False,True,True,ALAMEDA SUPERIOR COURT WILEY W. MANUEL COURTHOUSE,A,NON-COLLISION,,0,0,A,DAYLIGHT,37.827947,-122.294688,,,,,A,NO PEDESTRIANS INVOLVED,7/31/2024 6:50:00 AM,A,VC 22350,False,1,I-580 W/B,,,8/7/2024 5:15:39 PM,A,E,2000.0,I-80 W/B,F,,D,8/7/2024 5:15:40 PM,8/7/2024 5:15:40 PM,False,True,4,False,7/31/2024 6:51:00 AM,651,False,,,True
3768830,9370-2024-02493,1,False,9370,7/29/2024 3:36:00 AM,336,176,14,109,Oakland,1,True,True,C,REAR END,,Monday,Yes,False,,,False,True,True,ALAMEDA SUPERIOR COURT WILEY W. MANUEL COURTHOUSE,C,OTHER MOTOR VEHICLE,,0,0,C,DARK-STREET LIGHTS,37.731959,-122.188616,,,,,A,NO PEDESTRIANS INVOLVED,7/29/2024 3:36:00 AM,A,VC 22350,False,1,I-880 N/B,,,8/7/2024 4:26:59 PM,A,N,20.0,98TH AVENUE,F,,D,8/7/2024 4:27:01 PM,8/7/2024 4:27:01 PM,False,True,4,,7/29/2024 3:42:00 AM,342,False,,,True
3768610,24027253,2,False,0109,6/2/2024 2:46:00 AM,246,21X,14,109,Oakland,1,True,True,B,SIDE SWIPE,,Sunday,,,M,,False,False,True,,E,PARKED MOTOR VEHICLE,,0,0,C,DARK-STREET LIGHTS,,,,,,,A,NO PEDESTRIANS INVOLVED,,A,22107,,1,FOOTHILL BL,2,,,A,,,28TH AV,,,A,8/7/2024 1:42:33 PM,1/28/2025 11:18:08 AM,,,2,,,,,,,
3768365,24-021373,2,False,0109,5/1/2024 8:21:00 AM,821,03X,14,109,Oakland,1,True,True,D,BROADSIDE,,Wednesday,,,,,False,False,False,,I,FIXED OBJECT,,0,0,A,DAYLIGHT,,,,,,,A,NO PEDESTRIANS INVOLVED,,A,,,1,COOLIDGE AV,1,,,A,,,E 22ND ST,,,A,8/7/2024 11:27:31 AM,1/28/2025 11:36:10 AM,,,2,,,,,,,
3768124,24-024708,2,False,0109,5/19/2024 10:51:00 AM,1051,02X,14,109,Oakland,1,True,True,D,BROADSIDE,,Sunday,,,,,False,False,False,,C,OTHER MOTOR VEHICLE,,2,0,A,DAYLIGHT,,,,,,,A,NO PEDESTRIANS INVOLVED,,A,21453A,,1,17TH ST,1,,,A,,,BRUSH ST,,,A,8/7/2024 9:37:29 AM,1/28/2025 11:36:58 AM,,,2,,,,,,,
3768015,9335-2024-01793,1,False,9335,8/4/2024 8:35:00 PM,2035,084,14,109,Oakland,1,True,True,C,REAR END,,Sunday,NotApplicable,False,M,,False,True,False,ALAMEDA SUPERIOR COURT ALAMEDA,C,OTHER MOTOR VEHICLE,,0,0,B,DUSK-DAWN,37.822387,-122.32191,,,,,A,NO PEDESTRIANS INVOLVED,8/4/2024 8:35:00 PM,A,VC 22350,False,1,I-80 E/B,,,8/7/2024 8:49:00 AM,A,E,1.5,SAN FRANCISCO-ALAMEDA COUNTY LINE,M,,D,8/7/2024 8:49:03 AM,8/7/2024 8:49:03 AM,False,True,4,,8/4/2024 8:50:00 PM,2050,False,,,True
3768013,24-024454,2,False,0109,5/17/2024 6:38:00 PM,1838,05X,14,109,Oakland,1,True,True,G,VEHICLE/PEDESTRAIN,,Friday,,,M,,False,False,False,,B,PEDESTRIAN,,1,0,A,DAYLIGHT,,,,,,,B,CROSSING IN CROSS WALK AT INTERSECTION,,A,21950A,,1,18TH ST,1,,,A,,,MARKET ST,,,A,8/7/2024 8:47:28 AM,1/28/2025 11:36:58 AM,,,2,,,,,,,
3767988,9370-2024-02437,1,False,9370,7/31/2024 12:10:00 PM,1210,177,14,109,Oakland,1,True,True,B,SIDE SWIPE,,Wednesday,NotApplicable,False,,,False,True,False,ALAMEDA SUPERIOR COURT WILEY W. MANUEL COURTHOUSE,C,OTHER MOTOR VEHICLE,,0,0,A,DAYLIGHT,37.798008,-122.273243,,,,,A,NO PEDESTRIANS INVOLVED,7/31/2024 12:10:00 PM,B,UNSAFE MERGE,,1,INTERSTATE 880 NORTHBOUND,,,8/7/2024 8:39:43 AM,A,N,1950.0,JACKSON STREET,F,,D,8/7/2024 8:39:46 AM,8/7/2024 8:39:46 AM,False,True,4,,7/31/2024 12:20:00 PM,1220,False,,,True
3767926,9370-2024-02431,1,False,9370,7/29/2024 3:34:00 AM,334,176,14,109,Oakland,1,True,True,C,REAR END,,Monday,Yes,False,,,False,True,True,ALAMEDA SUPERIOR COURT WILEY W. MANUEL COURTHOUSE,C,OTHER MOTOR VEHICLE,,0,0,C,DARK-STREET LIGHTS,37.731419,-122.188142,,,,,A,NO PEDESTRIANS INVOLVED,7/29/2024 3:34:00 AM,A,VC 23152(a),True,1,I-880 N/B,,,8/7/2024 8:11:09 AM,A,S,115.0,98TH AVENUE,F,,D,8/7/2024 8:11:12 AM,8/7/2024 8:11:12 AM,False,True,4,,7/29/2024 3:42:00 AM,342,False,,,True
3767902,9370-2024-02460,2,False,9370,7/28/2024 9:30:00 PM,2130,055,14,109,Oakland,1,True,True,B,SIDE SWIPE,,Sunday,NotApplicable,False,M,,False,True,False,ALAMEDA SUPERIOR COURT WILEY W. MANUEL COURTHOUSE,C,OTHER MOTOR VEHICLE,,3,0,C,DARK-STREET LIGHTS,37.825324,-122.272126,,,,,A,NO PEDESTRIANS INVOLVED,7/28/2024 9:30:00 PM,A,VC 21658(A),False,1,I-580 W/B,,,8/30/2024 2:49:23 PM,A,W,5.0,WEST STREET,F,,D,8/7/2024 7:57:32 AM,8/30/2024 2:49:25 PM,False,True,4,,7/28/2024 9:35:00 PM,2135,False,,,True
3767862,24-026649,2,False,0109,5/29/2024 5:38:00 PM,1738,26Y,14,109,Oakland,1,True,True,D,BROADSIDE,,Wednesday,,,M,,False,False,False,,C,OTHER MOTOR VEHICLE,,0,0,A,DAYLIGHT,,,,,,,A,NO PEDESTRIANS INVOLVED,,A,,,1,INTERNATIONAL BL,2,,,A,,,57TH AV,,,A,8/7/2024 7:42:28 AM,1/28/2025 11:32:54 AM,,,2,,,,,,,
3767852,24-026981,2,False,0109,5/31/2024 12:34:00 PM,1234,23X,14,109,Oakland,1,True,True,D,BROADSIDE,,Friday,,,,,False,False,False,,C,OTHER MOTOR VEHICLE,,0,0,A,DAYLIGHT,,,,,,,A,NO PEDESTRIANS INVOLVED,,A,21453A,,1,39TH AV,2,,,A,,,INTERNATIONAL BL,,,A,8/7/2024 7:37:28 AM,1/28/2025 11:32:53 AM,,,2,,,,,,,
3767798,24-000434,2,False,0109,1/2/2024 5:10:00 PM,1710,31X,14,109,Oakland,1,True,True,H,OTHER,,Tuesday,,,,,False,False,False,,I,FIXED OBJECT,,0,0,D,DARK-NO STREET LIGHTS,,,,,,,A,NO PEDESTRIANS INVOLVED,,A,22350,,1,SAN LEANDRO ST,2,,,B,,,HEGENBERGER RD,,,D,8/7/2024 7:02:28 AM,1/28/2025 11:16:06 AM,,,2,,,,,,,
3767692,9335-2024-01761,1,False,9335,8/1/2024 7:10:00 AM,710,081,14,109,Oakland,1,True,True,B,SIDE SWIPE,,Thursday,NotApplicable,False,,,False,True,False,ALAMEDA SUPERIOR COURT ALAMEDA,C,OTHER MOTOR VEHICLE,,0,0,A,DAYLIGHT,37.819904,-122.344947,,,,,A,NO PEDESTRIANS INVOLVED,8/1/2024 7:10:00 AM,A,VC 21658(A),False,1,INTERSTATE 80 WESTBOUND,,,8/7/2024 5:31:24 AM,A,E,0.1,SF/ALAMEDA CO LINE,M,,A,8/7/2024 5:31:31 AM,8/7/2024 5:31:31 AM,False,True,4,,8/1/2024 7:15:00 AM,715,False,,,True
3764133,9370-2024-02352,1,False,9370,7/22/2024 5:15:00 AM,515,176,14,109,Oakland,1,True,True,C,REAR END,,Monday,Yes,False,,,False,True,True,ALAMEDA SUPERIOR COURT WILEY W. MANUEL COURTHOUSE,C,OTHER MOTOR VEHICLE,,1,0,B,DUSK-DAWN,37.759299,-122.212561,,,,,A,NO PEDESTRIANS INVOLVED,7/22/2024 5:15:00 AM,A,VC 23152,True,1,I-880 N/B,,,8/6/2024 2:03:45 PM,A,S,3900.0,HIGH STREET,F,,D,8/6/2024 2:03:48 PM,8/6/2024 2:03:48 PM,False,True,4,,7/22/2024 5:20:00 AM,520,False,,,True
3763942,9335-2024-01753,1,False,9335,7/31/2024 10:00:00 PM,2200,082,14,109,Oakland,1,True,True,E,HIT OBJECT,,Wednesday,Yes,False,,,False,True,True,ALAMEDA SUPERIOR COURT ALAMEDA,I,FIXED OBJECT,CONCRETE BARRIER,0,0,C,DARK-STREET LIGHTS,37.824705,-122.313816,,,,,A,NO PEDESTRIANS INVOLVED,7/31/2024 10:00:00 PM,A,VC 22107,False,1,I-80 W/B,,,8/6/2024 12:48:23 PM,A,W,24.0,THE EAST EDGE OF THE SAN FRANCISCO OAKLAND BAY BRIDGE TOLL PLAZA,F,,D,8/6/2024 12:48:26 PM,8/6/2024 12:48:26 PM,False,True,4,False,7/31/2024 10:05:00 PM,2205,True,AREA / EMBEDDED,,True
3763600,24-026565,2,False,0109,5/29/2024 9:40:00 AM,940,27X,14,109,Oakland,1,True,True,D,BROADSIDE,,Wednesday,,,,,False,False,False,,C,OTHER MOTOR VEHICLE,,0,0,A,DAYLIGHT,,,,,,,A,NO PEDESTRIANS INVOLVED,,A,21453A,,,SEMINARY AV,2,,,A,,,BANCROFT AV,,,A,8/6/2024 10:56:22 AM,1/28/2025 11:35:21 AM,,,2,,,,,,,
3763446,24-010699,2,False,0109,3/1/2024 1:43:00 PM,1343,35X,14,109,Oakland,1,True,True,A,HEAD-ON,,Friday,,,,,False,False,False,,E,PARKED MOTOR VEHICLE,,0,0,A,DAYLIGHT,,,,,,,A,NO PEDESTRIANS INVOLVED,,A,22107,,1,THERMAL ST,2,,,B,E,200.0,90TH AV,F,,D,8/6/2024 10:55:59 AM,1/28/2025 11:34:05 AM,,,2,,,,,,,
3763430,24-015686,2,False,0109,3/29/2024 2:25:00 AM,225,14Y,14,109,Oakland,1,True,True,A,HEAD-ON,,Friday,,,M,,False,False,False,,C,OTHER MOTOR VEHICLE,,0,0,C,DARK-STREET LIGHTS,,,,,,,A,NO PEDESTRIANS INVOLVED,,A,21651B,,1,OAKLAND AV,1,,,A,N,20.0,BAYO VISTA AV,F,,D,8/6/2024 10:55:57 AM,1/28/2025 11:34:05 AM,,,2,,,,,,,
3763380,24-006680,2,False,0109,2/6/2024 5:28:00 PM,1728,19X,14,109,Oakland,1,True,True,A,HEAD-ON,,Tuesday,,,M,,False,False,False,,C,OTHER MOTOR VEHICLE,,0,0,A,DAYLIGHT,,,,,,,A,NO PEDESTRIANS INVOLVED,,A,22450A,,1,E 15TH ST,1,,,A,,,MUNSON WAY,,,A,8/6/2024 10:55:47 AM,1/28/2025 11:34:05 AM,,,2,,,,,,,
3763378,24-008679,2,False,0109,2/18/2024 11:14:00 AM,1114,03X,14,109,Oakland,1,True,True,D,BROADSIDE,,Sunday,,,,,False,False,False,,C,OTHER MOTOR VEHICLE,,0,0,A,DAYLIGHT,,,,,,,A,NO PEDESTRIANS INVOLVED,,A,22107,,1,12TH ST,1,,,A,,,WEBSTER ST,,,A,8/6/2024 10:55:47 AM,1/28/2025 11:34:05 AM,,,2,,,,,,,
3763364,24-007666,2,False,0109,2/12/2024 5:52:00 PM,1752,23X,14,109,Oakland,1,True,True,H,OTHER,,Monday,,,,,False,False,False,,E,PARKED MOTOR VEHICLE,,0,0,B,DUSK-DAWN,,,,,,,A,NO PEDESTRIANS INVOLVED,,A,22106,,1,INTERNATIONAL BL,1,,,A,W,50.0,39TH AVE,F,,A,8/6/2024 10:55:45 AM,1/28/2025 11:34:05 AM,,,2,,,,,,,
3763360,24-004987,2,False,0109,1/29/2024 5:01:00 AM,501,31Y,14,109,Oakland,1,True,True,D,BROADSIDE,,Monday,,,M,,False,False,False,,C,OTHER MOTOR VEHICLE,,0,0,C,DARK-STREET LIGHTS,,,,,,,F,NOT IN ROAD,,A,21453A,,1,HALE AV,2,,,A,S,10.0,DOUGLAS AV,F,,A,8/6/2024 10:55:44 AM,1/28/2025 11:34:05 AM,,,2,,,,,,,
3763359,24-009863,2,False,0109,2/25/2024 3:10:00 AM,310,29X,14,109,Oakland,1,True,True,B,SIDE SWIPE,,Sunday,,,M,,False,False,False,,C,OTHER MOTOR VEHICLE,,0,0,A,DAYLIGHT,,,,,,,A,NO PEDESTRIANS INVOLVED,,A,22350,,1,CAMDEN ST,2,,,A,W,200.0,60TH AVE,F,,D,8/6/2024 10:55:44 AM,1/28/2025 11:33:41 AM,,,2,,,,,,,
3763349,24-007410,2,False,0109,2/11/2024 9:54:00 AM,954,27X,14,109,Oakland,1,True,True,C,REAR END,,Sunday,,,,,False,False,False,,E,PARKED MOTOR VEHICLE,,0,0,A,DAYLIGHT,,,,,,,A,NO PEDESTRIANS INVOLVED,,A,22515A,,1,45TH AVE,2,,,A,E,200.0,ELLEN ST,F,,D,8/6/2024 10:55:43 AM,1/28/2025 11:33:41 AM,,,2,,,,,,,
3763334,24-030669,2,False,0109,6/20/2024 2:26:00 PM,1426,31X,14,109,Oakland,1,True,True,D,BROADSIDE,,Thursday,,,,,False,False,False,,C,OTHER MOTOR VEHICLE,,4,0,A,DAYLIGHT,,,,,,,A,NO PEDESTRIANS INVOLVED,,A,21801A,,1,98TH AV,2,,,A,,,DENSLOWE AV,,,A,8/6/2024 10:55:40 AM,1/28/2025 11:36:19 AM,,,2,,,,,,,
3763307,24-016415,2,False,0109,4/3/2024 1:50:00 AM,150,24X,14,109,Oakland,1,True,True,B,SIDE SWIPE,,Wednesday,,,F,,False,False,False,,C,OTHER MOTOR VEHICLE,,1,0,C,DARK-STREET LIGHTS,,,,,,,A,NO PEDESTRIANS INVOLVED,,A,21453A,,1,35TH AVE,2,,,A,S,200.0,RT 580,F,,A,8/6/2024 10:55:36 AM,1/28/2025 11:34:08 AM,,,2,,,,,,,
3763305,24-017279,2,False,0109,4/8/2024 8:01:00 PM,2001,13Y,14,109,Oakland,1,True,True,D,BROADSIDE,,Monday,,,,,False,False,False,,C,OTHER MOTOR VEHICLE,,1,0,D,DARK-NO STREET LIGHTS,,,,,,,A,NO PEDESTRIANS INVOLVED,,A,22107,,1,GRIZZLY PEAK BL,1,,,A,W,250.0,SOUTH PARK DR,F,,D,8/6/2024 10:55:36 AM,1/28/2025 11:34:08 AM,,,2,,,,,,,
3763282,24-016819,2,False,0109,4/5/2024 1:39:00 PM,1339,32X,14,109,Oakland,1,True,True,D,BROADSIDE,,Friday,,,,,False,False,False,,C,OTHER MOTOR VEHICLE,,2,0,A,DAYLIGHT,,,,,,,A,NO PEDESTRIANS INVOLVED,,A,21750,,1,104TH AVE,2,,,A,,,WALNUT ST,,,D,8/6/2024 10:55:33 AM,1/28/2025 11:34:08 AM,,,2,,,,,,,
3763266,24-017677,2,False,0109,4/10/2024 2:41:00 PM,1441,23X,14,109,Oakland,1,True,True,D,BROADSIDE,,Wednesday,,,,,False,False,False,,G,BICYCLE,,1,0,A,DAYLIGHT,,,,,,,A,NO PEDESTRIANS INVOLVED,,A,21453A,,1,DERBY AV,2,,,A,,,INTERNATIONAL BL,,,A,8/6/2024 10:55:30 AM,1/28/2025 11:34:08 AM,,,2,,,,,,,
3763262,24-017510,2,False,0109,4/9/2024 2:42:00 PM,1442,07X,14,109,Oakland,1,True,True,B,SIDE SWIPE,,Tuesday,,,F,,False,False,True,,C,OTHER MOTOR VEHICLE,,1,0,A,DAYLIGHT,,,,,,,A,NO PEDESTRIANS INVOLVED,,A,22450A,,1,MARKET ST,1,,,A,S,15.0,ARLINGTON AV,F,,A,8/6/2024 10:55:30 AM,1/28/2025 11:34:08 AM,,,2,,,,,,,
3763258,24-017204,2,False,0109,4/8/2024 10:35:00 AM,1035,24X,14,109,Oakland,1,True,True,B,SIDE SWIPE,,Monday,,,M,,False,False,False,,E,PARKED MOTOR VEHICLE,,0,0,A,DAYLIGHT,,,,,,,A,NO PEDESTRIANS INVOLVED,,A,22107,,1,VIOLA ST,2,,,A,N,20.0,SUTER ST,F,,D,8/6/2024 10:55:29 AM,1/28/2025 11:33:41 AM,,,2,,,,,,,
3763256,24-017952,2,False,0109,4/12/2024 8:48:00 AM,848,12X,14,109,Oakland,1,True,True,C,REAR END,,Friday,,,,,False,False,False,,C,OTHER MOTOR VEHICLE,,0,0,A,DAYLIGHT,,,,,,,A,NO PEDESTRIANS INVOLVED,,A,22350,,1,MILES AV,1,,,A,E,300.0,COLLEGE AV,F,,A,8/6/2024 10:55:29 AM,1/28/2025 11:34:05 AM,,,2,,,,,,,
3763249,24-018047,2,False,0109,4/12/2024 5:52:00 PM,1752,21X,14,109,Oakland,1,True,True,A,HEAD-ON,,Friday,,,M,,False,False,False,,C,OTHER MOTOR VEHICLE,,0,0,A,DAYLIGHT,,,,,,,A,NO PEDESTRIANS INVOLVED,,A,22107,,1,E27TH ST,1,,,A,E,30.0,GARDEN ST,F,,D,8/6/2024 10:55:28 AM,1/28/2025 11:34:04 AM,,,2,,,,,,,
3763248,24-017921,2,False,0109,4/12/2024 1:34:00 AM,134,31X,14,109,Oakland,1,True,True,E,HIT OBJECT,,Friday,,,M,,False,False,False,,I,FIXED OBJECT,,0,0,C,DARK-STREET LIGHTS,,,,,,,A,NO PEDESTRIANS INVOLVED,,A,22350,,1,98TH AV,2,,,A,S,145.0,ARMSTRONG DR,F,,D,8/6/2024 10:55:28 AM,1/28/2025 11:34:04 AM,,,2,,,,,,,
3763246,24-016130,2,False,0109,4/1/2024 9:25:00 AM,925,12Y,14,109,Oakland,1,True,True,A,HEAD-ON,,Monday,,,M,,False,False,False,,E,PARKED MOTOR VEHICLE,,0,0,A,DAYLIGHT,,,,,,,A,NO PEDESTRIANS INVOLVED,,A,22107,,1,CAVOUR ST,1,,,A,N,90.0,JAMES AV,F,,C,8/6/2024 10:55:28 AM,1/28/2025 11:34:04 AM,,,2,,,,,,,
3763242,24-017088,2,False,0109,4/7/2024 3:41:00 PM,1541,06X,14,109,Oakland,1,True,True,C,REAR END,,Sunday,,,,,False,False,False,,C,OTHER MOTOR VEHICLE,,0,0,A,DAYLIGHT,,,,,,,A,NO PEDESTRIANS INVOLVED,,A,22350,,1,MARTIN LUTHER KING JR WY,1,,,A,S,100.0,39TH ST,F,,D,8/6/2024 10:55:27 AM,1/28/2025 11:34:04 AM,,,2,,,,,,,
3763238,24-016661,2,False,0109,4/3/2024 9:00:00 PM,2100,23X,14,109,Oakland,1,True,True,H,OTHER,,Wednesday,,,M,,False,False,False,,E,PARKED MOTOR VEHICLE,,0,0,C,DARK-STREET LIGHTS,,,,,,,A,NO PEDESTRIANS INVOLVED,,A,22107,,1,35TH AV,2,,,A,,,INTERNATIONAL BL,,,D,8/6/2024 10:55:27 AM,1/28/2025 11:34:04 AM,,,2,,,,,,,
3763235,24-017026,2,False,0109,4/7/2024 3:36:00 AM,336,08X,14,109,Oakland,1,True,True,G,VEHICLE/PEDESTRAIN,,Sunday,,,,,False,False,False,,E,PARKED MOTOR VEHICLE,,0,0,C,DARK-STREET LIGHTS,,,,,,,A,NO PEDESTRIANS INVOLVED,,A,22106,,1,27TH ST,1,,,A,W,500.0,TELEGRAPH AV,F,,D,8/6/2024 10:55:26 AM,1/28/2025 11:34:04 AM,,,2,,,,,,,
3763220,24-016853,2,False,0109,4/5/2024 9:51:00 PM,2151,10Y,14,109,Oakland,1,True,True,D,BROADSIDE,,Friday,,,F,,False,False,False,,C,OTHER MOTOR VEHICLE,,0,0,C,DARK-STREET LIGHTS,,,,,,,A,NO PEDESTRIANS INVOLVED,,A,22450A,,1,MARKET ST,1,,,A,,,52ND AV,,,C,8/6/2024 10:55:24 AM,1/28/2025 11:34:04 AM,,,2,,,,,,,
3763219,24-016146,2,False,0109,4/1/2024 11:00:00 AM,1100,15X,14,109,Oakland,1,True,True,B,SIDE SWIPE,,Monday,,,,,False,False,False,,C,OTHER MOTOR VEHICLE,,1,0,A,DAYLIGHT,,,,,,,A,NO PEDESTRIANS INVOLVED,,A,22107,,1,PARK BL,1,,,A,,,MACARTHUR BLVD,,,A,8/6/2024 10:55:24 AM,1/28/2025 11:33:41 AM,,,2,,,,,,,
3686468,9370-2024-02371,1,False,9370,7/25/2024 3:00:00 AM,300,176,14,109,Oakland,1,True,True,E,HIT OBJECT,,Thursday,NotApplicable,False,,,False,True,False,ALAMEDA SUPERIOR COURT WILEY W. MANUEL COURTHOUSE,I,FIXED OBJECT,RAISED CONCRETE BARRIER,0,0,D,DARK-NO STREET LIGHTS,37.760147,-122.213562,,,,,A,NO PEDESTRIANS INVOLVED,7/25/2024 3:00:00 AM,A,VC 23152(a),True,1,I-880 S/B,,,8/6/2024 6:34:34 AM,A,N,2640.0,66TH AVE,F,,D,8/6/2024 6:34:35 AM,8/6/2024 6:34:35 AM,False,True,4,,7/25/2024 3:10:00 AM,310,False,,,True
3589374,9370-2024-02419,1,False,9370,7/29/2024 4:40:00 PM,1640,177,14,109,Oakland,1,True,True,B,SIDE SWIPE,,Monday,NotApplicable,False,,,False,True,False,ALAMEDA SUPERIOR COURT WILEY W. MANUEL COURTHOUSE,C,OTHER MOTOR VEHICLE,,2,0,A,DAYLIGHT,37.795965,-122.268619,,,,,A,NO PEDESTRIANS INVOLVED,7/29/2024 4:40:00 PM,A,VC 21658(a),False,1,I-880 SOUTHBOUND,,,8/5/2024 2:49:26 PM,A,S,85.0,JACKSON STREET,F,,D,8/5/2024 2:49:28 PM,8/5/2024 2:49:28 PM,False,True,4,True,7/29/2024 4:43:00 PM,1643,False,,,True
3589342,9370-2024-02463,1,False,9370,8/2/2024 4:12:00 PM,1612,053,14,109,Oakland,1,True,True,C,REAR END,,Friday,NotApplicable,False,,,False,True,False,ALAMEDA SUPERIOR COURT WILEY W. MANUEL COURTHOUSE,C,OTHER MOTOR VEHICLE,,2,0,A,DAYLIGHT,37.799519,-122.223027,,,,,A,NO PEDESTRIANS INVOLVED,8/2/2024 4:12:00 PM,A,VC 22350,False,1,I-580 E/B,,,8/5/2024 2:21:28 PM,A,W,360.0,SHEFFIELD AVENUE,F,,D,8/5/2024 2:21:31 PM,8/5/2024 2:21:31 PM,False,True,4,,8/2/2024 4:15:00 PM,1615,False,,,True
3589326,9370-2024-02454,1,False,9370,8/1/2024 5:20:00 PM,1720,008,14,109,Oakland,1,True,True,B,SIDE SWIPE,,Thursday,NotApplicable,False,,,False,True,False,ALAMEDA SUPERIOR COURT WILEY W. MANUEL COURTHOUSE,C,OTHER MOTOR VEHICLE,,0,0,A,DAYLIGHT,37.833661,-122.294022,,,,,A,NO PEDESTRIANS INVOLVED,8/1/2024 5:20:00 PM,A,VC 21658(a),False,1,I-80 E/B,,,8/5/2024 2:15:15 PM,A,W,1700.0,POWELL ST,F,,D,8/5/2024 2:15:17 PM,8/5/2024 2:15:17 PM,False,True,4,,8/1/2024 5:24:00 PM,1724,False,,,True
3589239,9370-2024-02404,1,False,9370,7/27/2024 8:50:00 PM,2050,098,14,109,Oakland,1,True,True,B,SIDE SWIPE,,Saturday,NotApplicable,False,M,,False,True,False,ALAMEDA SUPERIOR COURT WILEY W. MANUEL COURTHOUSE,C,OTHER MOTOR VEHICLE,,0,0,C,DARK-STREET LIGHTS,37.826482,-122.268098,,,,,A,NO PEDESTRIANS INVOLVED,7/27/2024 8:50:00 PM,A,VC 21658(A),False,1,I-980 W/B,,,8/5/2024 1:38:51 PM,A,E,3500.0,27TH ST,F,,D,8/5/2024 1:38:53 PM,8/5/2024 1:38:53 PM,False,True,4,,7/27/2024 9:12:00 PM,2112,False,,,True
3589235,9370-2024-02397,1,False,9370,7/27/2024 6:30:00 PM,1830,176,14,109,Oakland,1,True,True,C,REAR END,,Saturday,Yes,False,,,False,True,True,ALAMEDA SUPERIOR COURT WILEY W. MANUEL COURTHOUSE,C,OTHER MOTOR VEHICLE,,1,0,A,DAYLIGHT,37.740447,-122.196173,,,,,A,NO PEDESTRIANS INVOLVED,7/27/2024 6:30:00 PM,A,VC 22350,False,1,I-880 N/B,,,8/5/2024 1:35:21 PM,A,S,70.0,HEGENBERGER RD,F,,D,8/5/2024 1:35:23 PM,8/5/2024 1:35:23 PM,False,True,4,,7/27/2024 6:48:00 PM,1848,False,,,True
3589214,9370-2024-02396,2,False,9370,7/27/2024 1:50:00 AM,150,176,14,109,Oakland,1,True,True,C,REAR END,,Saturday,NotApplicable,False,M,,False,True,False,ALAMEDA SUPERIOR COURT WILEY W. MANUEL COURTHOUSE,C,OTHER MOTOR VEHICLE,,0,0,D,DARK-NO STREET LIGHTS,37.748588,-122.203547,,,,,A,NO PEDESTRIANS INVOLVED,7/27/2024 1:50:00 AM,A,VC 22350,False,1,I-880 S/B,,,8/26/2024 12:24:21 PM,A,S,2300.0,66TH AVE,F,,D,8/5/2024 1:25:42 PM,8/26/2024 12:24:24 PM,False,True,4,,7/27/2024 1:58:00 AM,158,False,,,True