collision-id,report-number,report-version,is-preliminary,ncic-code,crash-date-time,crash-time-description,beat,city-id,city-code,city-name,county-code,city-is-active,city-is-incorporated,collision-type-code,collision-type-description,collision-type-other-desc,day-of-week,dispatch-notified,has-photographs,hit-run,is-attachments-mailed,is-deleted,is-highway-related,is-tow-away,judicial-district,motor-vehicle-involved-with-code,motor-vehicle-involved-with-desc,motor-vehicle-involved-with-other-desc,number-injured,number-killed,lighting-code,lighting-description,latitude,longitude,milepost-direction,milepost-distance,milepost-marker,milepost-unit-of-measure,pedestrian-action-code,pedestrian-action-desc,prepared-date,primary-collision-factor-code,primary-collision-factor-description,primary-collision-factor-is-cited,primary-collision-party-number,primary-road,reporting-district,reporting-district-code,reviewed-date,roadway-surface-code,secondary-direction,secondary-distance,secondary-road,secondary-unit-of-measure,sketch-desc,traffic-control-device-code,created-date,modified-date,is-county-road,is-freeway,chp-555-version,is-additonal-object-struck,notification-date,notification-time-description,has-digital-media-files,evidence-number,is-location-refer-to-narrative,is-aoi-one-same-as-location
3589181,9370-2024-02402,1,False,9370,7/27/2024 2:25:00 PM,1425,176,14,109,Oakland,1,True,True,C,REAR END,,Saturday,NotApplicable,False,M,,False,True,True,ALAMEDA SUPERIOR COURT WILEY W. MANUEL COURTHOUSE,C,OTHER MOTOR VEHICLE,,0,0,A,DAYLIGHT,37.731953,-122.188727,,,,,A,NO PEDESTRIANS INVOLVED,7/27/2024 2:25:00 PM,A,VC 22350,False,1,I-880 N/B,,,8/5/2024 1:01:42 PM,A,S,3760.0,HEGENBERGER RD,F,,D,8/5/2024 1:01:44 PM,8/5/2024 1:01:44 PM,False,True,4,,7/27/2024 2:48:00 PM,1448,False,,,True
3582820,9370-2024-00358,1,False,9370,2/1/2024 8:18:00 PM,2018,055,14,109,Oakland,1,True,True,A,HEAD-ON,,Thursday,Yes,False,,,False,True,True,ALAMEDA SUPERIOR COURT WILEY W. MANUEL COURTHOUSE,C,OTHER MOTOR VEHICLE,,2,2,C,DARK-STREET LIGHTS,37.828507,-122.277841,,,,,A,NO PEDESTRIANS INVOLVED,2/1/2024 8:18:00 PM,A,VC 22350,False,1,I-580 E/B TO W. MACARTHUR BOULEVARD,,,8/5/2024 12:10:00 PM,B,W,880.0,MARKET STREET,F,,D,8/5/2024 12:10:04 PM,8/5/2024 12:10:04 PM,False,True,4,,2/1/2024 8:20:00 PM,2020,True,AREA PHOTO FILE,True,True
3564694,9370-2024-02473,1,False,9370,7/21/2024 11:15:00 AM,1115,177,14,109,Oakland,1,True,True,C,REAR END,,Sunday,NotApplicable,False,M,,False,True,False,ALAMEDA SUPERIOR COURT WILEY W. MANUEL COURTHOUSE,C,OTHER MOTOR VEHICLE,,1,0,A,DAYLIGHT,37.793005,-122.263211,,,,,A,NO PEDESTRIANS INVOLVED,7/21/2024 11:15:00 AM,A,VC 22350,False,1,I-880 N/B,,,8/5/2024 11:12:24 AM,A,S,1194.0,OAK ST,F,,D,8/5/2024 11:12:27 AM,8/5/2024 11:12:27 AM,False,True,4,,7/21/2024 11:20:00 AM,1120,False,,,True
3562337,9370-2024-02392,1,False,9370,7/26/2024 1:35:00 PM,1335,098,14,109,Oakland,1,True,True,B,SIDE SWIPE,,Friday,NotApplicable,False,M,,False,True,False,ALAMEDA SUPERIOR COURT WILEY W. MANUEL COURTHOUSE,C,OTHER MOTOR VEHICLE,,0,0,A,DAYLIGHT,37.809228,-122.276285,,,,,A,NO PEDESTRIANS INVOLVED,7/26/2024 1:35:00 PM,A,VC 22350,False,1,I-980 E/B,,,8/5/2024 11:05:41 AM,A,W,170.0,18TH ST,F,,D,8/5/2024 11:05:43 AM,8/5/2024 11:05:43 AM,False,True,4,,7/26/2024 1:40:00 PM,1340,False,,,True
3521421,9370-2024-02391,1,False,9370,7/26/2024 3:00:00 PM,1500,176,14,109,Oakland,1,True,True,C,REAR END,,Friday,NotApplicable,False,,,False,True,False,ALAMEDA SUPERIOR COURT WILEY W. MANUEL COURTHOUSE,I,FIXED OBJECT,METAL GUARD RAIL,0,0,A,DAYLIGHT,37.764632,-122.217303,,,,,A,NO PEDESTRIANS INVOLVED,7/26/2024 3:00:00 PM,A,VC 21658(A),False,1,INTERSTATE 880 NORTHBOUND,,,8/5/2024 9:23:16 AM,A,S,1545.0,HIGH ST,F,,D,8/5/2024 9:23:18 AM,8/5/2024 9:23:18 AM,False,True,4,,7/26/2024 3:08:00 PM,1508,False,,,True
3521382,24-015929,2,False,0109,3/30/2024 8:07:00 PM,2007,33X,14,109,Oakland,1,True,True,A,HEAD-ON,,Saturday,,,,,False,False,False,,B,PEDESTRIAN,,1,0,C,DARK-STREET LIGHTS,,,,,,,B,CROSSING IN CROSS WALK AT INTERSECTION,,D,,,,106TH AV,2,,,A,,,BANCROFT AV,,,A,8/5/2024 9:15:50 AM,1/28/2025 11:34:07 AM,,,2,,,,,,,
3521379,24-011232,2,False,0109,3/4/2024 6:34:00 PM,1834,14X,14,109,Oakland,1,True,True,G,VEHICLE/PEDESTRAIN,,Monday,,,,,False,False,True,,B,PEDESTRIAN,,2,0,C,DARK-STREET LIGHTS,,,,,,,B,CROSSING IN CROSS WALK AT INTERSECTION,,A,21950A,,1,GRAND AV,1,,,A,,,MACARTHUR BL,,,A,8/5/2024 9:15:49 AM,1/28/2025 11:34:07 AM,,,2,,,,,,,
3521375,24-027217,2,False,0109,6/2/2024 9:00:00 PM,2100,20X,14,109,Oakland,1,True,True,H,OTHER,,Sunday,,,M,,False,False,False,,E,PARKED MOTOR VEHICLE,,0,0,C,DARK-STREET LIGHTS,,,,,,,A,NO PEDESTRIANS INVOLVED,,A,22107,,1,25TH AV,2,,,A,S,100.0,E 11TH ST,F,,D,8/5/2024 9:15:49 AM,1/28/2025 11:34:02 AM,,,2,,,,,,,
3521374,24-015658,2,False,0109,3/28/2024 9:35:00 PM,2135,26Y,14,109,Oakland,1,True,True,G,VEHICLE/PEDESTRAIN,,Thursday,,,,,False,False,False,,G,BICYCLE,,4,0,C,DARK-STREET LIGHTS,,,,,,,A,NO PEDESTRIANS INVOLVED,,A,21453A,,1,75TH AV,2,,,A,N,25.0,SAN LEANDRO ST,F,,A,8/5/2024 9:15:49 AM,1/28/2025 11:34:07 AM,,,2,,,,,,,
3521364,24-015600,2,False,0109,3/28/2024 2:18:00 PM,1418,18X,14,109,Oakland,1,True,True,C,REAR END,,Thursday,,,F,,False,False,False,,E,PARKED MOTOR VEHICLE,,1,0,A,DAYLIGHT,,,,,,,A,NO PEDESTRIANS INVOLVED,,A,22107,,1,E 21ST ST,1,,,A,N,25.0,16TH AV,F,,D,8/5/2024 9:15:48 AM,1/28/2025 11:34:07 AM,,,2,,,,,,,
3521356,24-009617,2,False,0109,2/23/2024 7:06:00 PM,1906,04X,14,109,Oakland,1,True,True,C,REAR END,,Friday,,,,,False,False,False,,G,BICYCLE,,1,0,C,DARK-STREET LIGHTS,,,,,,,A,NO PEDESTRIANS INVOLVED,,A,22350,,1,14TH ST,1,,,A,,,JEFFERSON ST,,,A,8/5/2024 9:15:48 AM,1/28/2025 11:34:07 AM,,,2,,,,,,,
3521353,24-010349,2,False,0109,2/28/2024 3:15:00 PM,1515,04X,14,109,Oakland,1,True,True,G,VEHICLE/PEDESTRAIN,,Wednesday,,,,,False,False,False,,B,PEDESTRIAN,,1,0,A,DAYLIGHT,,,,,,,D,CROSSING - NOT IN CROSSWALK,,A,221005,,1,14TH ST,1,,,A,S,200.0,BROADWAY,F,,A,8/5/2024 9:15:47 AM,1/28/2025 11:34:07 AM,,,2,,,,,,,
3521348,24-010235,2,False,0109,2/27/2024 7:54:00 PM,1954,20X,14,109,Oakland,1,True,True,C,REAR END,,Tuesday,,,,,False,True,False,,C,OTHER MOTOR VEHICLE,,1,0,C,DARK-STREET LIGHTS,,,,,,,A,NO PEDESTRIANS INVOLVED,,A,22350,,1,RT 880,2,,,A,,,29TH AV,,,A,8/5/2024 9:15:47 AM,1/28/2025 11:34:07 AM,,,2,,,,,,,
3521321,24-009592,2,False,0109,2/23/2024 3:45:00 PM,1545,21Y,14,109,Oakland,1,True,True,G,VEHICLE/PEDESTRAIN,,Friday,,,F,,False,False,False,,B,PEDESTRIAN,,1,0,A,DAYLIGHT,,,,,,,F,NOT IN ROAD,,A,21950A,,1,COOLIDGE AV,2,,,A,N,5.0,HAROLD ST,F,,A,8/5/2024 9:15:45 AM,1/28/2025 11:34:07 AM,,,2,,,,,,,
3521099,24-015753,2,False,0109,3/29/2024 12:34:00 PM,1234,03X,14,109,Oakland,1,True,True,B,SIDE SWIPE,,Friday,,,M,,False,False,False,,C,OTHER MOTOR VEHICLE,,1,0,A,DAYLIGHT,,,,,,,A,NO PEDESTRIANS INVOLVED,,A,22107,,1,6TH ST,1,,,B,S,100.0,HARRISON ST,F,,D,8/5/2024 9:15:29 AM,1/28/2025 11:35:57 AM,,,2,,,,,,,
3520926,24-011089,2,False,0109,3/4/2024 12:36:00 AM,36,30X,14,109,Oakland,1,True,True,D,BROADSIDE,,Monday,,,,,False,False,False,,C,OTHER MOTOR VEHICLE,,0,0,C,DARK-STREET LIGHTS,,,,,,,A,NO PEDESTRIANS INVOLVED,,A,21453A,,,BANCROFT AV,2,,,B,,,73RD AV,,,A,8/5/2024 9:15:16 AM,1/28/2025 11:27:59 AM,,,2,,,,,,,
3520894,24-016512,2,False,0109,4/3/2024 1:55:00 PM,1355,13X,14,109,Oakland,1,True,True,C,REAR END,,Wednesday,,,,,False,False,False,,C,OTHER MOTOR VEHICLE,,0,0,A,DAYLIGHT,,,,,,,A,NO PEDESTRIANS INVOLVED,,C,,,,BROADWAY,1,,,A,E,1.1,GOLDEN GATE WY,M,,D,8/5/2024 9:15:14 AM,1/28/2025 11:23:32 AM,,,2,,,,,,,
3491483,9370-2024-02375,1,False,9370,7/25/2024 1:20:00 PM,1320,176,14,109,Oakland,1,True,True,B,SIDE SWIPE,,Thursday,NotApplicable,False,M,,False,True,False,ALAMEDA SUPERIOR COURT WILEY W. MANUEL COURTHOUSE,C,OTHER MOTOR VEHICLE,,0,0,A,DAYLIGHT,37.772979,-122.227163,,,,,A,NO PEDESTRIANS INVOLVED,7/25/2024 1:20:00 PM,A,VC 21658(A),False,1,I-880 N/B,,,8/5/2024 7:03:28 AM,A,N,233.0,HIGH ST,F,,D,8/5/2024 7:03:29 AM,8/5/2024 7:03:29 AM,False,True,4,,7/25/2024 1:25:00 PM,1325,False,,,True
3491472,9370-2024-02370,2,False,9370,7/24/2024 5:15:00 PM,1715,052,14,109,Oakland,1,True,True,B,SIDE SWIPE,,Wednesday,NotApplicable,False,,,False,True,False,ALAMEDA SUPERIOR COURT WILEY W. MANUEL COURTHOUSE,C,OTHER MOTOR VEHICLE,,1,0,A,DAYLIGHT,37.781663,-122.175015,,,,,A,NO PEDESTRIANS INVOLVED,7/24/2024 5:15:00 PM,A,VC 21658(A),False,1,I-580 E/B,,,10/15/2024 11:43:52 AM,A,W,435.0,KUHNLE AVE,F,,D,8/5/2024 6:53:37 AM,10/15/2024 11:43:54 AM,False,True,4,,7/24/2024 5:26:00 PM,1726,False,,,
3491461,9370-2024-02350,1,False,9370,7/22/2024 10:56:00 AM,1056,176,14,109,Oakland,1,True,True,C,REAR END,,Monday,NotApplicable,False,,,False,True,False,ALAMEDA SUPERIOR COURT WILEY W. MANUEL COURTHOUSE,C,OTHER MOTOR VEHICLE,,1,0,A,DAYLIGHT,37.743554,-122.199127,,,,,A,NO PEDESTRIANS INVOLVED,7/22/2024 10:56:00 AM,A,VC 22350,False,1,I-880 S/B,,,8/5/2024 6:23:53 AM,A,N,1240.0,HEGENBERGER RD,F,,D,8/5/2024 6:23:54 AM,8/5/2024 6:23:54 AM,False,True,4,,7/22/2024 11:07:00 AM,1107,False,,,True
3491057,9335-2024-01705,1,False,9335,7/25/2024 7:05:00 AM,705,082,14,109,Oakland,1,True,True,B,SIDE SWIPE,,Thursday,NotApplicable,False,M,,False,True,False,ALAMEDA SUPERIOR COURT ALAMEDA,C,OTHER MOTOR VEHICLE,,0,0,A,DAYLIGHT,37.824648,-122.315817,,,,,A,NO PEDESTRIANS INVOLVED,7/25/2024 7:05:00 AM,A,VC 21658(A),False,2,80WB,,,8/3/2024 7:31:15 AM,A,E,475.0,SFOBB METERING LIGHTS,F,,D,8/3/2024 7:31:18 AM,8/3/2024 7:31:18 AM,False,True,4,,7/25/2024 7:30:00 AM,730,False,,,True
3405283,9370-2024-02448,1,False,9370,8/1/2024 10:20:00 AM,1020,176,14,109,Oakland,1,True,True,B,SIDE SWIPE,,Thursday,NotApplicable,False,,,False,True,False,ALAMEDA SUPERIOR COURT WILEY W. MANUEL COURTHOUSE,C,OTHER MOTOR VEHICLE,,0,0,A,DAYLIGHT,37.746209,-122.201141,,,,,A,NO PEDESTRIANS INVOLVED,8/1/2024 10:20:00 AM,A,VC 21658(A),False,,I-880 N/B,,,8/2/2024 2:38:40 PM,A,N,2500.0,HEGENBERGER RD,F,,D,8/2/2024 2:38:42 PM,8/2/2024 2:38:42 PM,False,True,4,,8/1/2024 10:25:00 AM,1025,False,,,True
3393934,9370-2024-02380,1,False,9370,7/25/2024 8:02:00 PM,2002,008,14,109,Oakland,1,True,True,E,HIT OBJECT,,Thursday,NotApplicable,False,,,False,True,True,ALAMEDA SUPERIOR COURT WILEY W. MANUEL COURTHOUSE,I,FIXED OBJECT,TOLL PLAZA ATTENUATOR,0,0,A,DAYLIGHT,37.825137,-122.313812,,,,,A,NO PEDESTRIANS INVOLVED,7/25/2024 8:02:00 PM,A,VC 22107,False,1,I-80 W/B,,,8/2/2024 2:00:05 PM,A,E,9.0,SFOBB TOLL PLAZA,F,,D,8/2/2024 2:00:07 PM,8/2/2024 2:00:07 PM,False,True,4,,7/25/2024 8:06:00 PM,2006,True,EMBEDDED,,True
3393261,9370-2024-02418,1,False,9370,7/29/2024 4:00:00 PM,1600,024,14,109,Oakland,1,True,True,C,REAR END,,Monday,NotApplicable,False,,,False,True,False,ALAMEDA SUPERIOR COURT WILEY W. MANUEL COURTHOUSE,C,OTHER MOTOR VEHICLE,,0,0,A,DAYLIGHT,37.846819,-122.246182,,,,,A,NO PEDESTRIANS INVOLVED,7/29/2024 4:00:00 PM,A,VC 22350,False,1,SR-24 E/B,,,8/2/2024 1:57:40 PM,A,W,540.0,BROADWAY,F,,D,8/2/2024 1:57:41 PM,8/2/2024 1:57:41 PM,False,True,4,,7/29/2024 4:05:00 PM,1605,False,,,True
4361854,9370-2024-02528,1,False,9370,8/9/2024 1:20:00 PM,1320,013,14,109,Oakland,1,True,True,C,REAR END,,Friday,NotApplicable,False,M,,False,True,False,ALAMEDA SUPERIOR COURT WILEY W. MANUEL COURTHOUSE,C,OTHER MOTOR VEHICLE,,0,0,A,DAYLIGHT,37.845257,-122.22728,,,,,A,NO PEDESTRIANS INVOLVED,8/9/2024 1:20:00 PM,A,VC 22350,False,1,SR-13 N/B,,,8/20/2024 9:42:04 AM,A,N,300.0,BROADWAY TERRACE,F,,D,8/20/2024 9:42:05 AM,8/20/2024 9:42:05 AM,False,True,4,,8/9/2024 1:25:00 PM,1325,False,,,True
4361429,24-036924,2,False,0109,7/24/2024 9:30:00 PM,2130,13Y,14,109,Oakland,1,True,True,F,OVERTURNED,,Wednesday,,,,,False,False,True,,J,OTHER OBJECT,,0,0,D,DARK-NO STREET LIGHTS,,,,,,,A,NO PEDESTRIANS INVOLVED,,A,22350,,1,GRIZZLY PEAK BL,1,,,A,E,0.25,GOLF COURSE DR,M,,D,8/20/2024 7:14:01 AM,1/28/2025 11:43:22 AM,,,2,,,,,,,
4361420,24-033370,2,False,0109,7/5/2024 5:21:00 AM,521,27Y,14,109,Oakland,1,True,True,B,SIDE SWIPE,,Friday,,,M,,False,False,True,,E,PARKED MOTOR VEHICLE,,0,0,B,DUSK-DAWN,,,,,,,A,NO PEDESTRIANS INVOLVED,,A,22107,,1,HIGH ST,2,,,A,,,CARRINGTON ST,,,D,8/20/2024 7:09:00 AM,1/28/2025 11:43:22 AM,,,2,,,,,,,
4361371,24-004192,2,False,0109,1/19/2024 12:00:00 AM,2500,07X,14,109,Oakland,1,True,True,,,,Friday,,,M,,False,False,False,,E,PARKED MOTOR VEHICLE,,0,0,,,,,,,,,,,,D,,,,UNKNOWN,1,,,,,,UKNOWN ST,,,,8/20/2024 6:39:00 AM,1/28/2025 11:36:12 AM,,,2,,,,,,,
4361364,24-035832,2,False,0109,7/18/2024 11:17:00 AM,1117,02X,14,109,Oakland,1,True,True,D,BROADSIDE,,Thursday,,,,,False,False,False,,,,,1,0,A,DAYLIGHT,,,,,,,A,NO PEDESTRIANS INVOLVED,,D,,,,ADELINE ST,1,,,A,,,14TH ST,,,A,8/20/2024 6:34:00 AM,1/28/2025 11:43:22 AM,,,2,,,,,,,
4361350,24-033015,2,False,0109,7/3/2024 1:25:00 AM,125,08X,14,109,Oakland,1,True,True,H,OTHER,,Wednesday,,,,,False,False,False,,C,OTHER MOTOR VEHICLE,,0,0,C,DARK-STREET LIGHTS,,,,,,,A,NO PEDESTRIANS INVOLVED,,A,22106,,1,TELEGRAPH AV,1,,,A,N,2.0,24TH ST,F,,D,8/20/2024 6:29:00 AM,1/28/2025 11:43:22 AM,,,2,,,,,,,
4361304,9370-2024-02628,1,False,9370,8/17/2024 3:25:00 AM,325,177,14,109,Oakland,1,True,True,C,REAR END,,Saturday,NotApplicable,False,,,False,True,False,ALAMEDA SUPERIOR COURT WILEY W. MANUEL COURTHOUSE,C,OTHER MOTOR VEHICLE,,1,0,C,DARK-STREET LIGHTS,37.799611,-122.277833,,,,,A,NO PEDESTRIANS INVOLVED,8/17/2024 3:25:00 AM,C,,,,I-880 S/B,,,8/20/2024 5:37:24 AM,A,N,543.0,BROADWAY,F,,D,8/20/2024 5:37:27 AM,8/20/2024 5:37:27 AM,False,True,4,,8/17/2024 3:30:00 AM,330,False,,,True
4360848,24031730,2,False,0109,6/25/2024 5:00:00 PM,1700,16Y,14,109,Oakland,1,True,True,D,BROADSIDE,,Tuesday,,,,,False,False,True,,C,OTHER MOTOR VEHICLE,,3,0,A,DAYLIGHT,,,,,,,A,NO PEDESTRIANS INVOLVED,,A,21801A,,1,PARK BL,1,,,A,,,BEAUMONT AV,,,D,8/19/2024 3:58:57 PM,1/28/2025 11:44:57 AM,,,2,,,,,,,
4360837,24032050,2,False,0109,6/27/2024 2:18:00 PM,1418,19X,14,109,Oakland,1,True,True,D,BROADSIDE,,Thursday,,,,,False,False,False,,G,BICYCLE,,1,0,A,DAYLIGHT,,,,,,,A,NO PEDESTRIANS INVOLVED,,A,216501,,1,E 12TH ST,1,,,A,,,22ND AV,,,A,8/19/2024 3:48:57 PM,1/28/2025 11:44:57 AM,,,2,,,,,,,
4360817,24-003209,2,False,0109,1/19/2024 12:50:00 PM,1250,19X,14,109,Oakland,1,True,True,G,VEHICLE/PEDESTRAIN,,Friday,,,M,,False,False,False,,G,BICYCLE,,1,0,B,DUSK-DAWN,,,,,,,B,CROSSING IN CROSS WALK AT INTERSECTION,,A,22107,,1,4TH AV,1,,,A,,,E 15TH ST,,,D,8/19/2024 3:33:57 PM,1/28/2025 11:24:56 AM,,,2,,,,,,,
4360656,24-010173,2,False,0109,2/27/2024 3:02:00 PM,1502,01X,14,109,Oakland,1,True,True,B,SIDE SWIPE,,Tuesday,,,,,False,False,False,,E,PARKED MOTOR VEHICLE,,0,0,A,DAYLIGHT,,,,,,,A,NO PEDESTRIANS INVOLVED,,B,,,1,VICTORY CT,1,,,A,,,VICTORY CT 250,,,D,8/19/2024 2:08:57 PM,1/28/2025 11:36:12 AM,,,2,,,,,,,
4360352,9370-2024-02614,1,False,9370,8/17/2024 12:30:00 PM,1230,008,14,109,Oakland,1,True,True,C,REAR END,,Saturday,NotApplicable,False,,,False,True,False,ALAMEDA SUPERIOR COURT WILEY W. MANUEL COURTHOUSE,C,OTHER MOTOR VEHICLE,,0,0,A,DAYLIGHT,37.825534,-122.305105,,,,,A,NO PEDESTRIANS INVOLVED,8/17/2024 12:30:00 PM,A,VC 22350,False,1,I-80 W/B,,,8/19/2024 12:29:30 PM,A,W,300.0,MARITIME ST,F,,D,8/19/2024 12:29:32 PM,8/19/2024 12:29:32 PM,False,True,4,,8/17/2024 12:35:00 PM,1235,False,,,True
4360258,9370-2024-02548,1,False,9370,8/10/2024 10:30:00 AM,1030,098,14,109,Oakland,1,True,True,B,SIDE SWIPE,,Saturday,NotApplicable,False,,,False,True,True,ALAMEDA SUPERIOR COURT WILEY W. MANUEL COURTHOUSE,E,PARKED MOTOR VEHICLE,,0,0,D,DARK-NO STREET LIGHTS,37.79889,-122.276342,,,,,A,NO PEDESTRIANS INVOLVED,8/10/2024 10:30:00 AM,A,VC 22107,False,1,I-980 W/B,,,8/19/2024 11:46:46 AM,A,E,30.0,WASHINGTON STREET,F,,D,8/19/2024 11:46:48 AM,8/19/2024 11:46:48 AM,False,True,4,,8/10/2024 10:35:00 AM,1035,True,EMBEDDED,,True
4360254,9370-2024-02549,1,False,9370,8/10/2024 11:00:00 PM,2300,176,14,109,Oakland,1,True,True,B,SIDE SWIPE,,Saturday,NotApplicable,False,,,False,True,True,ALAMEDA SUPERIOR COURT WILEY W. MANUEL COURTHOUSE,C,OTHER MOTOR VEHICLE,,0,0,C,DARK-STREET LIGHTS,37.738867,-122.194632,,,,,A,NO PEDESTRIANS INVOLVED,8/10/2024 11:00:00 PM,A,VC 22107,False,1,I-880 N/B,,,8/19/2024 11:45:35 AM,A,S,750.0,HEGENBERGER RD,F,,D,8/19/2024 11:45:37 AM,8/19/2024 11:45:37 AM,False,True,4,True,8/10/2024 11:14:00 PM,2314,False,,,True
4359455,24-030368,2,False,0109,6/18/2024 5:43:00 PM,1743,10Y,14,109,Oakland,1,True,True,D,BROADSIDE,,Tuesday,,,,,False,False,True,,C,OTHER MOTOR VEHICLE,,2,0,A,DAYLIGHT,,,,,,,A,NO PEDESTRIANS INVOLVED,,A,21802A,,1,54TH ST,1,,,A,,,MARTIN LUTHER KING JR WY,,,A,8/19/2024 7:08:34 AM,1/28/2025 11:37:54 AM,,,2,,,,,,,
4359450,24-037288,2,False,0109,7/26/2024 9:25:00 PM,2125,20X,14,109,Oakland,1,True,True,G,VEHICLE/PEDESTRAIN,,Friday,,,F,,False,False,False,,G,BICYCLE,,1,0,C,DARK-STREET LIGHTS,,,,,,,A,NO PEDESTRIANS INVOLVED,,A,21801A,,1,23RD AV,2,,,A,,,INTERNATIONAL BL,,,A,8/19/2024 7:03:34 AM,1/28/2025 11:44:57 AM,,,2,,,,,,,
4359446,24-030911,2,False,0109,6/21/2024 7:25:00 PM,1925,19X,14,109,Oakland,1,True,True,G,VEHICLE/PEDESTRAIN,,Friday,,,M,,False,False,False,,B,PEDESTRIAN,,1,0,A,DAYLIGHT,,,,,,,D,CROSSING - NOT IN CROSSWALK,,A,21950A,,1,FOOTHILL BL,1,,,A,,,16TH AV,,,A,8/19/2024 7:03:34 AM,1/28/2025 11:37:54 AM,,,2,,,,,,,
4359437,24-034655,3,False,0109,7/11/2024 6:35:00 PM,1835,22X,14,109,Oakland,1,True,True,D,BROADSIDE,,Thursday,,,,,False,True,False,,C,OTHER MOTOR VEHICLE,,2,0,A,DAYLIGHT,,,,,,,A,NO PEDESTRIANS INVOLVED,,A,21803A,,1,MONTEREY BL,2,,,A,,,RT 13,,,A,8/19/2024 6:58:34 AM,1/28/2025 11:44:57 AM,,,2,,,,,,,
4359416,24-033770,2,False,0109,7/6/2024 7:10:00 PM,1910,13Y,14,109,Oakland,1,True,True,E,HIT OBJECT,,Saturday,,,,,False,False,True,,I,FIXED OBJECT,,1,0,A,DAYLIGHT,,,,,,,A,NO PEDESTRIANS INVOLVED,,A,22350,,1,MOUNTAIN BL,1,,,A,W,660.0,FERNWOOD DR,F,,A,8/19/2024 6:48:31 AM,1/28/2025 11:44:57 AM,,,2,,,,,,,
4359408,9335-2024-01839,1,False,9335,8/12/2024 9:10:00 AM,910,082,14,109,Oakland,1,True,True,B,SIDE SWIPE,,Monday,NotApplicable,False,,,False,True,False,ALAMEDA SUPERIOR COURT ALAMEDA,C,OTHER MOTOR VEHICLE,,0,0,A,DAYLIGHT,37.824027,-122.31759,,,,,A,NO PEDESTRIANS INVOLVED,8/12/2024 9:10:00 AM,D,,,,I-80 WB,,,8/19/2024 6:43:43 AM,A,W,150.0,OVERHEAD METERING LIGHTS,F,,D,8/19/2024 6:43:46 AM,8/19/2024 6:43:46 AM,False,True,4,,8/12/2024 9:20:00 AM,920,False,,,True
4359404,24-036128,2,False,0109,7/20/2024 1:07:00 PM,1307,21X,14,109,Oakland,1,True,True,B,SIDE SWIPE,,Saturday,,,F,,False,False,True,,B,PEDESTRIAN,,3,0,A,DAYLIGHT,,,,,,,F,NOT IN ROAD,,A,22107,,1,FRUITVALE AV,2,,,A,S,35.0,FOOTHILL BL,F,,D,8/19/2024 6:43:31 AM,1/28/2025 11:44:57 AM,,,2,,,,,,,
4358738,9370-2024-02553,1,False,9370,8/11/2024 9:05:00 AM,905,055,14,109,Oakland,1,True,True,E,HIT OBJECT,,Sunday,NotApplicable,False,,,False,True,False,ALAMEDA SUPERIOR COURT WILEY W. MANUEL COURTHOUSE,I,FIXED OBJECT,CONCRETE BARRIER,0,0,A,DAYLIGHT,37.823566,-122.265154,,,,,A,NO PEDESTRIANS INVOLVED,8/11/2024 9:05:00 AM,A,VC 22350,False,1,I-580 W/B,,,8/16/2024 6:33:19 PM,A,E,1300.0,WEST ST,F,,D,8/16/2024 6:33:22 PM,8/16/2024 6:33:22 PM,False,True,4,,8/11/2024 9:10:00 AM,910,False,,,True
4358731,9370-2024-02513,1,False,9370,8/8/2024 6:30:00 AM,630,901,14,109,Oakland,1,True,True,H,OTHER,BACKING,Thursday,No,False,,,False,False,False,ALAMEDA SUPERIOR COURT WILEY W. MANUEL COURTHOUSE,C,OTHER MOTOR VEHICLE,,0,0,A,DAYLIGHT,37.816251,-122.30744,,,,,A,NO PEDESTRIANS INVOLVED,8/8/2024 6:30:00 AM,D,,,,MARITIME  STREET NORTHBOUND (1400 BLOCK),,,8/16/2024 6:22:57 PM,A,N,400.0,WEST 14TH STREET,F,,D,8/16/2024 6:22:58 PM,8/16/2024 6:22:58 PM,True,False,4,,8/8/2024 6:35:00 AM,635,False,,,True
4358671,9370-2024-02590,1,False,9370,8/15/2024 12:40:00 PM,1240,053,14,109,Oakland,1,True,True,C,REAR END,,Thursday,NotApplicable,False,M,,False,True,False,ALAMEDA SUPERIOR COURT ADMINISTRATION BUILDING,C,OTHER MOTOR VEHICLE,,0,0,A,DAYLIGHT,37.799374,-122.221923,,,,,A,NO PEDESTRIANS INVOLVED,8/15/2024 12:40:00 PM,A,VC 22350,False,1,INTERSTATE 580 EASTBOUND,,,8/16/2024 3:58:57 PM,A,W,750.0,FRUITVALE AVE,F,,D,8/16/2024 3:59:00 PM,8/16/2024 3:59:00 PM,False,True,4,,8/15/2024 12:45:00 PM,1245,False,,,True
4357416,24-027110,2,False,0109,6/1/2024 5:44:00 AM,544,24X,14,109,Oakland,1,True,True,A,HEAD-ON,,Saturday,,,,,False,False,True,,E,PARKED MOTOR VEHICLE,,0,0,A,DAYLIGHT,,,,,,,A,NO PEDESTRIANS INVOLVED,,A,23152A,,1,DAVIS ST,2,,,A,W,5.0,BARTLETT ST,F,,D,8/16/2024 1:18:19 PM,1/28/2025 11:35:46 AM,,,2,,,,,,,
4357386,9370-2024-02591,1,False,9370,8/15/2024 12:30:00 PM,1230,176,14,109,Oakland,1,True,True,B,SIDE SWIPE,,Thursday,NotApplicable,False,,,False,True,False,ALAMEDA SUPERIOR COURT WILEY W. MANUEL COURTHOUSE,C,OTHER MOTOR VEHICLE,,0,0,A,DAYLIGHT,37.732324,-122.18924,,,,,A,NO PEDESTRIANS INVOLVED,8/15/2024 12:30:00 PM,A,VC 22350,False,1,I-880 S/B,,,8/16/2024 1:04:07 PM,A,N,230.0,98TH AVENUE,F,,D,8/16/2024 1:04:13 PM,8/16/2024 1:04:13 PM,False,True,4,,8/15/2024 12:37:00 PM,1237,False,,,True