collision-id,report-number,report-version,is-preliminary,ncic-code,crash-date-time,crash-time-description,beat,city-id,city-code,city-name,county-code,city-is-active,city-is-incorporated,collision-type-code,collision-type-description,collision-type-other-desc,day-of-week,dispatch-notified,has-photographs,hit-run,is-attachments-mailed,is-deleted,is-highway-related,is-tow-away,judicial-district,motor-vehicle-involved-with-code,motor-vehicle-involved-with-desc,motor-vehicle-involved-with-other-desc,number-injured,number-killed,lighting-code,lighting-description,latitude,longitude,milepost-direction,milepost-distance,milepost-marker,milepost-unit-of-measure,pedestrian-action-code,pedestrian-action-desc,prepared-date,primary-collision-factor-code,primary-collision-factor-description,primary-collision-factor-is-cited,primary-collision-party-number,primary-road,reporting-district,reporting-district-code,reviewed-date,roadway-surface-code,secondary-direction,secondary-distance,secondary-road,secondary-unit-of-measure,sketch-desc,traffic-control-device-code,created-date,modified-date,is-county-road,is-freeway,chp-555-version,is-additonal-object-struck,notification-date,notification-time-description,has-digital-media-files,evidence-number,is-location-refer-to-narrative,is-aoi-one-same-as-location
4357246,9370-2024-02141,1,False,9370,7/2/2024 9:50:00 AM,950,052,14,109,Oakland,1,True,True,B,SIDE SWIPE,,Tuesday,NotApplicable,False,,,False,True,True,ALAMEDA SUPERIOR COURT WILEY W. MANUEL COURTHOUSE,C,OTHER MOTOR VEHICLE,,1,0,A,DAYLIGHT,37.788845,-122.200138,,,,,A,NO PEDESTRIANS INVOLVED,7/2/2024 9:50:00 AM,A,VC 22350,False,1,INTERSTATE 580 EASTBOUND,,,8/16/2024 11:52:41 AM,A,W,1355.0,HIGHT STREET,F,,D,8/16/2024 11:52:45 AM,8/16/2024 11:52:45 AM,False,True,4,,7/2/2024 12:00:00 AM,955,False,,,True
4356907,24-014174,2,False,0109,3/20/2024 6:11:00 PM,1811,03X,14,109,Oakland,1,True,True,C,REAR END,,Wednesday,,,,,False,False,False,,C,OTHER MOTOR VEHICLE,,1,0,C,DARK-STREET LIGHTS,,,,,,,A,NO PEDESTRIANS INVOLVED,,A,22350,,1,WEBSTER ST,1,,,A,S,1000.0,7TH ST,F,,A,8/16/2024 8:53:12 AM,1/28/2025 11:40:23 AM,,,2,,,,,,,
4356841,24-013600,2,False,0109,3/18/2024 9:31:00 AM,931,01X,14,109,Oakland,1,True,True,D,BROADSIDE,,Monday,,,,,False,False,False,,C,OTHER MOTOR VEHICLE,,1,0,A,DAYLIGHT,,,,,,,A,NO PEDESTRIANS INVOLVED,,A,21453A,,1,5TH ST,1,,,A,,,JACKSON ST,,,A,8/16/2024 8:18:11 AM,1/28/2025 11:40:23 AM,,,2,,,,,,,
4356815,24-014690,2,False,0109,3/24/2024 1:09:00 AM,109,07X,14,109,Oakland,1,True,True,A,HEAD-ON,,Sunday,,,,,False,False,False,,D,MOTOR VEHICLE ON OTHER ROADWAY,,1,0,D,DARK-NO STREET LIGHTS,,,,,,,A,NO PEDESTRIANS INVOLVED,,A,23152,,1,MARTIN LUTHER KING JR WY,1,,,B,N,20.0,31ST ST,F,,D,8/16/2024 8:03:11 AM,1/28/2025 11:40:23 AM,,,2,,,,,,,
4356372,9370-2024-02497,1,False,9370,8/6/2024 8:20:00 AM,820,053,14,109,Oakland,1,True,True,E,HIT OBJECT,,Tuesday,Yes,False,,,False,True,True,ALAMEDA SUPERIOR COURT WILEY W. MANUEL COURTHOUSE,I,FIXED OBJECT,CONCRETE CENTER MEDIAN,1,0,A,DAYLIGHT,37.801498,-122.229781,,,,,A,NO PEDESTRIANS INVOLVED,8/6/2024 8:20:00 AM,A,VC 22107,False,1,I-580 W/B,,,8/15/2024 6:41:22 PM,A,W,270.0,BEAUMONT AVE,F,,D,8/15/2024 6:41:24 PM,8/15/2024 6:41:24 PM,False,True,4,,8/6/2024 8:23:00 AM,823,False,,,True
4356269,9370-2024-02494,1,False,9370,8/6/2024 8:00:00 AM,800,008,14,109,Oakland,1,True,True,B,SIDE SWIPE,,Tuesday,No,False,,,False,True,False,ALAMEDA SUPERIOR COURT WILEY W. MANUEL COURTHOUSE,C,OTHER MOTOR VEHICLE,,0,0,A,DAYLIGHT,37.826327,-122.301407,,,,,A,NO PEDESTRIANS INVOLVED,8/6/2024 8:00:00 AM,A,VC 22107,False,1,I-80 W/B,,,8/15/2024 3:55:19 PM,A,W,0.68,BAY BRIDGE TOLL PLAZA,M,,D,8/15/2024 3:55:22 PM,8/15/2024 3:55:22 PM,False,True,4,,8/6/2024 8:05:00 AM,805,False,,,True
4355958,24-028350,2,False,0109,6/8/2024 12:40:00 PM,1240,03X,14,109,Oakland,1,True,True,C,REAR END,,Saturday,,,,,False,False,False,,E,PARKED MOTOR VEHICLE,,0,0,A,DAYLIGHT,,,,,,,A,NO PEDESTRIANS INVOLVED,,A,22107,,1,8TH ST,1,,,A,E,20.0,HARRISON ST,F,,D,8/15/2024 12:58:08 PM,1/28/2025 11:35:01 AM,,,2,,,,,,,
4355955,9370-2024-02517,1,False,9370,8/8/2024 5:35:00 PM,1735,177,14,109,Oakland,1,True,True,C,REAR END,,Thursday,NotApplicable,False,,,False,True,True,ALAMEDA SUPERIOR COURT WILEY W. MANUEL COURTHOUSE,C,OTHER MOTOR VEHICLE,,1,0,A,DAYLIGHT,37.796872,-122.27038,,,,,A,NO PEDESTRIANS INVOLVED,8/8/2024 5:35:00 PM,A,VC 22350,False,1,I-880 N/B,,,8/15/2024 12:57:39 PM,A,S,300.0,HARRISON ST,F,,D,8/15/2024 12:57:41 PM,8/15/2024 12:57:41 PM,False,True,4,,8/8/2024 5:40:00 PM,1740,False,,,True
4355952,9370-2024-02562,1,False,9370,8/12/2024 8:58:00 AM,858,013,14,109,Oakland,1,True,True,C,REAR END,,Monday,NotApplicable,False,,,False,True,True,ALAMEDA SUPERIOR COURT WILEY W. MANUEL COURTHOUSE,C,OTHER MOTOR VEHICLE,,0,0,A,DAYLIGHT,37.797699,-122.184462,,,,,A,NO PEDESTRIANS INVOLVED,8/12/2024 8:58:00 AM,A,VC 22350,False,1,SR 13 N/B,,,8/15/2024 12:55:49 PM,A,N,913.0,MOUNTAIN BLVD,F,,D,8/15/2024 12:55:51 PM,8/15/2024 12:55:51 PM,False,True,4,,8/12/2024 9:00:00 AM,900,False,,,True
4355788,9370-2024-02471,1,False,9370,8/3/2024 11:25:00 AM,1125,055,14,109,Oakland,1,True,True,C,REAR END,,Saturday,NotApplicable,False,,,False,True,False,ALAMEDA SUPERIOR COURT WILEY W. MANUEL COURTHOUSE,C,OTHER MOTOR VEHICLE,,0,0,A,DAYLIGHT,37.822644,-122.260637,,,,,A,NO PEDESTRIANS INVOLVED,8/3/2024 11:25:00 AM,A,VC 22350,False,1,I-580 W/B,,,8/15/2024 11:33:49 AM,A,W,190.0,BROADWAY,F,,D,8/15/2024 11:33:51 AM,8/15/2024 11:33:51 AM,False,True,4,,8/3/2024 11:27:00 AM,1127,False,,,True
4355624,24-029386,2,False,0109,6/13/2024 10:11:00 AM,1011,24X,14,109,Oakland,1,True,True,D,BROADSIDE,,Thursday,,,,,False,False,False,,C,OTHER MOTOR VEHICLE,,0,0,A,DAYLIGHT,,,,,,,A,NO PEDESTRIANS INVOLVED,,A,21460A,,1,HOWARD ST,2,,,A,,,ALAMEDA AV,,,D,8/15/2024 10:38:01 AM,1/28/2025 11:37:19 AM,,,2,,,,,,,
4355351,24-013205,2,False,0109,3/15/2024 1:40:00 PM,1340,11X,14,109,Oakland,1,True,True,H,OTHER,,Friday,,,,,False,False,False,,I,FIXED OBJECT,,0,0,A,DAYLIGHT,,,,,,,A,NO PEDESTRIANS INVOLVED,,C,,,,62ND ST,1,,,A,E,144.0,TELEGRAPH AV,F,,D,8/15/2024 9:12:58 AM,1/28/2025 11:36:02 AM,,,2,,,,,,,
4355267,24-027175,2,False,0109,6/1/2024 4:31:00 PM,1631,03X,14,109,Oakland,1,True,True,D,BROADSIDE,,Saturday,,,,,False,False,True,,C,OTHER MOTOR VEHICLE,,0,0,A,DAYLIGHT,,,,,,,A,NO PEDESTRIANS INVOLVED,,A,21453A,,,11TH ST,1,,,A,,,MARTIN LUTHER KING JR WY,,,A,8/15/2024 8:42:55 AM,1/28/2025 11:34:02 AM,,,2,,,,,,,
4355139,24-002982,2,False,0109,1/18/2024 3:00:00 AM,300,18X,14,109,Oakland,1,True,True,C,REAR END,,Thursday,,,F,,False,False,False,,E,PARKED MOTOR VEHICLE,,0,0,C,DARK-STREET LIGHTS,,,,,,,A,NO PEDESTRIANS INVOLVED,,A,22350,,1,21ST AV,1,,,A,S,103.0,21ST AV (2030),F,,D,8/15/2024 7:52:51 AM,1/28/2025 11:42:43 AM,,,2,,,,,,,
4355042,24-030678,2,False,0109,5/22/2024 6:59:00 PM,1859,20X,14,109,Oakland,1,True,True,D,BROADSIDE,,Wednesday,,,,,False,False,False,,C,OTHER MOTOR VEHICLE,,0,0,A,DAYLIGHT,,,,,,,A,NO PEDESTRIANS INVOLVED,,A,22450,,1,E 9TH ST,2,,,A,,,DEL MONTE AV,,,D,8/15/2024 7:12:49 AM,1/28/2025 11:32:53 AM,,,2,,,,,,,
4354630,9370-2024-02566,1,False,9370,8/12/2024 3:50:00 PM,1550,008,14,109,Oakland,1,True,True,B,SIDE SWIPE,,Monday,NotApplicable,False,,,False,True,False,ALAMEDA SUPERIOR COURT WILEY W. MANUEL COURTHOUSE,C,OTHER MOTOR VEHICLE,,0,0,A,DAYLIGHT,37.831758,-122.293314,,,,,A,NO PEDESTRIANS INVOLVED,8/12/2024 3:50:00 PM,A,VC 21658(A),False,1,I-80 E/B,,,8/14/2024 5:16:35 PM,A,W,2400.0,POWELL ST,F,,D,8/14/2024 5:16:37 PM,8/14/2024 5:16:37 PM,False,True,4,,8/12/2024 3:55:00 PM,1555,False,,,True
4354557,24-029024,2,False,0109,6/11/2024 2:00:00 PM,1400,33X,14,109,Oakland,1,True,True,D,BROADSIDE,,Tuesday,,,M,,False,False,False,,C,OTHER MOTOR VEHICLE,,0,0,A,DAYLIGHT,,,,,,,A,NO PEDESTRIANS INVOLVED,,A,22450A,,1,87TH AVE,2,,,A,,,D ST,,,A,8/14/2024 3:57:46 PM,1/28/2025 11:35:01 AM,,,2,,,,,,,
4354540,24-029007,2,False,0109,6/11/2024 12:30:00 PM,1230,05X,14,109,Oakland,1,True,True,D,BROADSIDE,,Tuesday,,,,,False,False,False,,C,OTHER MOTOR VEHICLE,,0,0,A,DAYLIGHT,,,,,,,A,NO PEDESTRIANS INVOLVED,,A,21453A,,1,17TH ST,1,,,A,,,BRUSH ST,,,A,8/14/2024 3:37:46 PM,1/28/2025 11:35:01 AM,,,2,,,,,,,
4354288,9370-2024-02555,1,False,9370,8/11/2024 2:19:00 PM,1419,176,14,109,Oakland,1,True,True,C,REAR END,,Sunday,Yes,False,,,False,True,True,ALAMEDA SUPERIOR COURT WILEY W. MANUEL COURTHOUSE,C,OTHER MOTOR VEHICLE,,1,0,A,DAYLIGHT,37.733688,-122.18988,,,,,A,NO PEDESTRIANS INVOLVED,8/11/2024 2:19:00 PM,A,VC 22350,False,1,I-880 N/B FROM 98TH AVENUE,,,8/14/2024 1:22:04 PM,A,N,715.0,98TH AVENUE,F,,A,8/14/2024 1:22:06 PM,8/14/2024 1:22:06 PM,False,True,4,,8/11/2024 2:22:00 PM,1422,False,,,True
4354227,24-028543,2,False,0109,6/9/2024 6:20:00 PM,1820,08X,14,109,Oakland,1,True,True,C,REAR END,,Sunday,,,,,False,False,True,,E,PARKED MOTOR VEHICLE,,1,0,A,DAYLIGHT,,,,,,,A,NO PEDESTRIANS INVOLVED,,A,22107,,1,NORTHGATE AV,1,,,A,N,30.0,24TH ST,F,,D,8/14/2024 12:52:44 PM,1/28/2025 11:34:53 AM,,,2,,,,,,,
4354213,24-028389,2,False,0109,6/8/2024 5:48:00 PM,1748,11X,14,109,Oakland,1,True,True,D,BROADSIDE,,Saturday,,,,,False,False,True,,C,OTHER MOTOR VEHICLE,,1,0,A,DAYLIGHT,,,,,,,A,NO PEDESTRIANS INVOLVED,,A,21453A,,1,TELEGRAPH AV,1,,,A,,,56TH ST,,,A,8/14/2024 12:47:44 PM,1/28/2025 11:34:53 AM,,,2,,,,,,,
4354188,24-029281,2,False,0109,6/12/2024 9:18:00 PM,2118,17Y,14,109,Oakland,1,True,True,D,BROADSIDE,,Wednesday,,,,,False,False,False,,C,OTHER MOTOR VEHICLE,,1,0,C,DARK-STREET LIGHTS,,,,,,,A,NO PEDESTRIANS INVOLVED,,A,21802A,,1,BEAUMONT AV,1,,,A,,,E 32ND ST,,,A,8/14/2024 12:37:43 PM,1/28/2025 11:34:53 AM,,,2,,,,,,,
4354180,24-027370,2,False,0109,6/2/2024 10:20:00 PM,2220,22X,14,109,Oakland,1,True,True,A,HEAD-ON,,Sunday,,,,,False,False,True,,E,PARKED MOTOR VEHICLE,,1,0,C,DARK-STREET LIGHTS,,,,,,,A,NO PEDESTRIANS INVOLVED,,A,23152A,,1,HARBOR VIEW AV,2,,,A,,,35TH AVE,,,A,8/14/2024 12:32:42 PM,1/28/2025 11:34:53 AM,,,2,,,,,,,
4354141,9370-2024-02477,2,False,9370,8/3/2024 3:05:00 PM,1505,055,14,109,Oakland,1,True,True,B,SIDE SWIPE,,Saturday,NotApplicable,False,,,False,True,False,ALAMEDA SUPERIOR COURT WILEY W. MANUEL COURTHOUSE,C,OTHER MOTOR VEHICLE,,1,0,A,DAYLIGHT,37.82672,-122.287084,,,,,A,NO PEDESTRIANS INVOLVED,8/3/2024 3:05:00 PM,D,,,,I-580 W/B,,,10/30/2024 1:23:07 PM,A,W,500.0,HOLLIS ST,F,,D,8/14/2024 12:16:33 PM,10/30/2024 1:23:08 PM,False,True,4,,8/3/2024 3:15:00 PM,1515,False,,,True
4353194,9370-2024-02464,1,False,9370,8/2/2024 4:00:00 PM,1600,055,14,109,Oakland,1,True,True,C,REAR END,,Friday,NotApplicable,False,M,,False,True,False,ALAMEDA SUPERIOR COURT WILEY W. MANUEL COURTHOUSE,C,OTHER MOTOR VEHICLE,,0,0,A,DAYLIGHT,37.826104,-122.27555,,,,,A,NO PEDESTRIANS INVOLVED,8/2/2024 4:00:00 PM,A,VC 22350,False,1,I-580 W/B,,,8/13/2024 10:02:35 PM,A,W,105.0,MARKET ST,F,,D,8/13/2024 10:02:39 PM,8/13/2024 10:02:39 PM,False,True,4,,8/2/2024 5:00:00 PM,1700,False,,,True
4353169,9370-2024-02512,1,False,9370,8/8/2024 6:14:00 AM,614,052,14,109,Oakland,1,True,True,E,HIT OBJECT,,Thursday,NotApplicable,False,,,False,True,True,ALAMEDA SUPERIOR COURT WILEY W. MANUEL COURTHOUSE,I,FIXED OBJECT,GUARD RAIL,1,0,A,DAYLIGHT,37.73731,-122.140395,,,,,A,NO PEDESTRIANS INVOLVED,8/8/2024 6:14:00 AM,A,VC 22107,False,1,I-580 W/B,,,8/13/2024 7:07:06 PM,A,E,20.0,FOOTHILL BLVD,F,,D,8/13/2024 7:07:09 PM,8/13/2024 7:07:09 PM,False,True,4,,8/8/2024 6:15:00 AM,615,False,,,True
4353167,9370-2024-02503,1,False,9370,8/6/2024 5:49:00 PM,1749,053,14,109,Oakland,1,True,True,C,REAR END,,Tuesday,NotApplicable,False,M,,False,True,False,ALAMEDA SUPERIOR COURT WILEY W. MANUEL COURTHOUSE,C,OTHER MOTOR VEHICLE,,0,0,A,DAYLIGHT,37.795544,-122.208713,,,,,A,NO PEDESTRIANS INVOLVED,8/6/2024 5:49:00 PM,A,VC 22350,False,1,I-580 E/B,,,8/13/2024 7:05:09 PM,A,W,1900.0,35TH AVE,F,,D,8/13/2024 7:05:11 PM,8/13/2024 7:05:11 PM,False,True,4,,8/6/2024 5:59:00 PM,1759,False,,,True
4353024,24-010179,2,False,0109,2/27/2024 3:09:00 PM,1509,07X,14,109,Oakland,1,True,True,D,BROADSIDE,,Tuesday,,,M,,False,False,False,,C,OTHER MOTOR VEHICLE,,1,0,A,DAYLIGHT,,,,,,,A,NO PEDESTRIANS INVOLVED,,A,22450,,1,24TH ST,1,,,A,,,POPLAR ST,,,D,8/13/2024 4:12:26 PM,1/28/2025 11:34:02 AM,,,2,,,,,,,
4352967,24-009749,2,False,0109,2/24/2024 3:44:00 PM,1544,30X,14,109,Oakland,1,True,True,B,SIDE SWIPE,,Saturday,,,M,,False,False,False,,C,OTHER MOTOR VEHICLE,,1,0,A,DAYLIGHT,,,,,,,A,NO PEDESTRIANS INVOLVED,,A,22107,,1,WELD ST,2,,,A,E,19.0,73RD AV,F,,A,8/13/2024 4:12:18 PM,1/28/2025 11:18:06 AM,,,2,,,,,,,
4352821,24-016797,2,False,0109,4/5/2024 12:38:00 PM,1238,29X,14,109,Oakland,1,True,True,H,OTHER,,Friday,,,,,False,False,False,,E,PARKED MOTOR VEHICLE,,0,0,A,DAYLIGHT,,,,,,,A,NO PEDESTRIANS INVOLVED,,A,22106,,1,MOKELUMNE AV,2,,,A,W,56.0,SIMSON ST,F,,D,8/13/2024 4:11:56 PM,1/28/2025 11:36:09 AM,,,2,,,,,,,
4352630,24-017082,2,False,0109,4/7/2024 2:23:00 PM,1423,26X,14,109,Oakland,1,True,True,A,HEAD-ON,,Sunday,,,,,False,False,False,,C,OTHER MOTOR VEHICLE,,1,0,A,DAYLIGHT,,,,,,,A,NO PEDESTRIANS INVOLVED,,A,22107,,1,OAKPORT RD,2,,,A,W,300.0,66TH AV,F,,D,8/13/2024 4:11:25 PM,1/28/2025 11:35:15 AM,,,2,,,,,,,
4352426,24-006468,2,False,0109,2/5/2024 1:43:00 PM,1343,26Y,14,109,Oakland,1,True,True,A,HEAD-ON,,Monday,,,,,False,False,False,,I,FIXED OBJECT,,0,0,A,DAYLIGHT,,,,,,,A,NO PEDESTRIANS INVOLVED,,A,,,1,HEGENBERGER RD,2,,,B,,,HAMILTON ST,,,A,8/13/2024 4:10:52 PM,1/28/2025 11:38:16 AM,,,2,,,,,,,
4352416,24029165,2,False,0109,6/12/2024 9:55:00 AM,955,18X,14,109,Oakland,1,True,True,D,BROADSIDE,,Wednesday,,,M,,False,False,False,,C,OTHER MOTOR VEHICLE,,0,0,A,DAYLIGHT,,,,,,,A,NO PEDESTRIANS INVOLVED,,A,22450A,,1,E 19TH ST,1,,,A,,,21ST AV,,,A,8/13/2024 4:10:51 PM,1/28/2025 11:35:03 AM,,,2,,,,,,,
4352403,24029620,2,False,0109,6/14/2024 3:13:00 PM,1513,20X,14,109,Oakland,1,True,True,C,REAR END,,Friday,,,,,False,False,False,,C,OTHER MOTOR VEHICLE,,0,0,A,DAYLIGHT,,,,,,,A,NO PEDESTRIANS INVOLVED,,A,22350,,1,INTERNATIONAL BL,2,,,A,W,50.0,FRUTIVALE AV,M,,A,8/13/2024 4:10:48 PM,1/28/2025 11:35:03 AM,,,2,,,,,,,
4352398,24-021539,2,False,0109,5/2/2024 8:53:00 AM,853,23X,14,109,Oakland,1,True,True,C,REAR END,,Thursday,,,,,False,False,False,,C,OTHER MOTOR VEHICLE,,0,0,A,DAYLIGHT,,,,,,,A,NO PEDESTRIANS INVOLVED,,B,,,1,42ND AV,2,,,A,,,INTERNATIONAL BL,,,A,8/13/2024 4:10:48 PM,1/28/2025 11:37:19 AM,,,2,,,,,,,
4352392,24027097,2,False,0109,6/9/2024 6:50:00 PM,1850,22Y,14,109,Oakland,1,True,True,E,HIT OBJECT,,Sunday,,,,,False,False,True,,I,FIXED OBJECT,,0,0,B,DUSK-DAWN,,,,,,,A,NO PEDESTRIANS INVOLVED,,A,22107,,1,LINCOLN AV,2,,,A,N,10.0,MONTEREY BL,F,,D,8/13/2024 4:10:47 PM,1/28/2025 11:35:03 AM,,,2,,,,,,,
4352322,24029441,2,False,0109,6/13/2024 3:28:00 PM,1528,06X,14,109,Oakland,1,True,True,C,REAR END,,Thursday,,,,,False,False,False,,C,OTHER MOTOR VEHICLE,,0,0,A,DAYLIGHT,,,,,,,A,NO PEDESTRIANS INVOLVED,,A,22350,,1,MARTIN LUTHER KING JR WY,1,,,A,N,100.0,47TH ST,F,,A,8/13/2024 4:10:36 PM,1/28/2025 11:35:03 AM,,,2,,,,,,,
4352286,24-022078,2,False,0109,5/5/2024 3:00:00 PM,1500,32X,14,109,Oakland,1,True,True,B,SIDE SWIPE,,Sunday,,,,,False,False,False,,G,BICYCLE,,1,0,A,DAYLIGHT,,,,,,,A,NO PEDESTRIANS INVOLVED,,A,22107,,,INTERNATIONAL BL,2,,,A,W,10.0,99TH AV,F,,A,8/13/2024 4:10:30 PM,1/28/2025 11:30:40 AM,,,2,,,,,,,
4340314,9370-2024-02498,1,False,9370,8/6/2024 6:00:00 AM,600,008,14,109,Oakland,1,True,True,B,SIDE SWIPE,,Tuesday,NotApplicable,False,,,False,True,False,ALAMEDA SUPERIOR COURT WILEY W. MANUEL COURTHOUSE,C,OTHER MOTOR VEHICLE,,0,0,B,DUSK-DAWN,37.824981,-122.311472,,,,,A,NO PEDESTRIANS INVOLVED,8/6/2024 6:00:00 AM,A,VC 21658(A),False,1,I-80 W/B,,,8/13/2024 3:40:42 PM,A,W,500.0,WEST GRAND AVENUE,F,,D,8/13/2024 3:40:44 PM,8/13/2024 3:40:44 PM,False,True,4,,8/6/2024 6:15:00 AM,615,False,,,True
4336918,9370-2024-02536,1,False,9370,8/9/2024 5:00:00 PM,1700,055,14,109,Oakland,1,True,True,C,REAR END,,Friday,NotApplicable,False,,,False,True,False,ALAMEDA SUPERIOR COURT WILEY W. MANUEL COURTHOUSE,C,OTHER MOTOR VEHICLE,,0,0,A,DAYLIGHT,37.826714,-122.28834,,,,,A,NO PEDESTRIANS INVOLVED,8/9/2024 5:00:00 PM,A,VC 22350,False,1,I-580 W/B,,,8/13/2024 3:33:04 PM,A,E,320.0,MANDELA PKWY,F,,D,8/13/2024 3:33:06 PM,8/13/2024 3:33:06 PM,False,True,4,,8/9/2024 5:05:00 PM,1705,False,,,True
4176496,9370-2024-02495,1,False,9370,8/6/2024 9:32:00 AM,932,055,14,109,Oakland,1,True,True,C,REAR END,,Tuesday,NotApplicable,False,,,False,True,False,ALAMEDA SUPERIOR COURT WILEY W. MANUEL COURTHOUSE,C,OTHER MOTOR VEHICLE,,0,0,A,DAYLIGHT,37.826827,-122.278458,,,,,A,NO PEDESTRIANS INVOLVED,8/6/2024 9:32:00 AM,A,VC 22350,False,1,I-580 W/B,,,8/13/2024 7:08:29 AM,A,W,1014.0,MARKET ST,F,,D,8/13/2024 7:08:32 AM,8/13/2024 7:08:32 AM,False,True,4,,8/6/2024 9:35:00 AM,935,False,,,True
4176465,9370-2024-02482,1,False,9370,8/4/2024 11:10:00 AM,1110,024,14,109,Oakland,1,True,True,E,HIT OBJECT,,Sunday,Yes,False,,,False,True,False,ALAMEDA SUPERIOR COURT WILEY W. MANUEL COURTHOUSE,I,FIXED OBJECT,TREE,1,0,A,DAYLIGHT,37.848437,-122.235175,,,,,A,NO PEDESTRIANS INVOLVED,8/4/2024 11:10:00 AM,A,VC 23152(A),True,1,SR-24 E/B,,,8/13/2024 6:35:13 AM,A,W,1944.0,SR-13,F,,D,8/13/2024 6:35:13 AM,8/13/2024 6:35:13 AM,False,True,4,,8/4/2024 11:13:00 AM,1113,False,,,True
4176440,9370-2024-02484,1,False,9370,8/4/2024 1:41:00 AM,141,177,14,109,Oakland,1,True,True,E,HIT OBJECT,,Sunday,Yes,False,,,False,True,False,ALAMEDA SUPERIOR COURT WILEY W. MANUEL COURTHOUSE,I,FIXED OBJECT,TRAIN TRACKS,0,0,D,DARK-NO STREET LIGHTS,37.7862,-122.24586,,,,,A,NO PEDESTRIANS INVOLVED,8/4/2024 1:41:00 AM,A,VC 23152(a),True,1,I-880 S/B,,,8/13/2024 5:58:22 AM,A,N,32.0,16TH AVE,F,,A,8/13/2024 5:58:23 AM,8/13/2024 5:58:23 AM,False,True,4,,8/4/2024 1:48:00 AM,148,False,,,True
4114299,9370-2024-02544,1,False,9370,8/10/2024 7:15:00 AM,715,176,14,109,Oakland,1,True,True,B,SIDE SWIPE,,Saturday,NotApplicable,False,,,False,True,True,ALAMEDA SUPERIOR COURT WILEY W. MANUEL COURTHOUSE,C,OTHER MOTOR VEHICLE,,2,0,A,DAYLIGHT,37.756942,-122.210563,,,,,A,NO PEDESTRIANS INVOLVED,8/10/2024 7:15:00 AM,A,VC 21658(a),False,,I-880 N/B,,,8/12/2024 3:58:02 PM,D,N,1325.0,66TH AVE,F,,D,8/12/2024 3:58:04 PM,8/12/2024 3:58:04 PM,False,True,4,,8/10/2024 7:21:00 AM,721,False,,,True
4108798,9370-2024-02538,1,False,9370,8/9/2024 10:00:00 PM,2200,177,14,109,Oakland,1,True,True,C,REAR END,,Friday,NotApplicable,False,,,False,True,False,ALAMEDA SUPERIOR COURT WILEY W. MANUEL COURTHOUSE,C,OTHER MOTOR VEHICLE,,0,0,D,DARK-NO STREET LIGHTS,37.750827,-122.205166,,,,,A,NO PEDESTRIANS INVOLVED,8/9/2024 10:00:00 PM,A,VC 22350,False,1,I-880 N/B,,,8/12/2024 3:48:09 PM,A,S,1256.0,66TH AVE,F,,D,8/12/2024 3:48:12 PM,8/12/2024 3:48:12 PM,False,True,4,,8/9/2024 10:15:00 PM,2215,False,,,True
4098097,9370-2024-02532,1,False,9370,8/9/2024 7:30:00 PM,1930,055,14,109,Oakland,1,True,True,C,REAR END,,Friday,NotApplicable,False,,,False,True,False,ALAMEDA SUPERIOR COURT WILEY W. MANUEL COURTHOUSE,C,OTHER MOTOR VEHICLE,,0,0,B,DUSK-DAWN,37.784882,-122.190098,,,,,A,NO PEDESTRIANS INVOLVED,8/9/2024 7:30:00 PM,A,VC 22350,False,1,I-580 W/B FROM MACARTHUR BLVD,,,8/12/2024 3:31:01 PM,A,W,500.0,MACARTHUR BLVD,F,,D,8/12/2024 3:31:03 PM,8/12/2024 3:31:03 PM,False,True,4,,8/9/2024 7:35:00 PM,1935,False,,,True
4087021,9370-2024-02539,1,False,9370,8/9/2024 5:30:00 PM,1730,053,14,109,Oakland,1,True,True,C,REAR END,,Friday,Yes,False,,,False,True,True,ALAMEDA SUPERIOR COURT WILEY W. MANUEL COURTHOUSE,C,OTHER MOTOR VEHICLE,,1,0,A,DAYLIGHT,37.79899,-122.220295,,,,,A,NO PEDESTRIANS INVOLVED,8/9/2024 5:30:00 PM,A,VC 22350,False,1,I-580 E/B,,,8/12/2024 3:08:49 PM,A,E,225.0,SHEFFIELD AVE,F,,D,8/12/2024 3:08:53 PM,8/12/2024 3:08:53 PM,False,True,4,,8/9/2024 5:41:00 PM,1741,False,,,True
4086984,9370-2024-02529,1,False,9370,8/9/2024 4:20:00 PM,1620,055,14,109,Oakland,1,True,True,B,SIDE SWIPE,,Friday,NotApplicable,False,M,,False,True,False,ALAMEDA SUPERIOR COURT WILEY W. MANUEL COURTHOUSE,C,OTHER MOTOR VEHICLE,,0,0,A,DAYLIGHT,37.823587,-122.265074,,,,,A,NO PEDESTRIANS INVOLVED,8/9/2024 4:20:00 PM,A,VC 21658(a),False,1,I-580 W/B,,,8/12/2024 2:35:10 PM,A,E,225.0,TELEGRAPH AVE,F,,D,8/12/2024 2:35:11 PM,8/12/2024 2:35:11 PM,False,True,4,,8/9/2024 4:34:00 PM,1634,False,,,True
4086982,9370-2024-02526,1,False,9370,8/9/2024 12:40:00 PM,1240,024,14,109,Oakland,1,True,True,B,SIDE SWIPE,,Friday,NotApplicable,False,M,,False,True,False,ALAMEDA SUPERIOR COURT WILEY W. MANUEL COURTHOUSE,C,OTHER MOTOR VEHICLE,,0,0,A,DAYLIGHT,37.845508,-122.24884,,,,,A,NO PEDESTRIANS INVOLVED,8/9/2024 12:40:00 PM,A,VC 21658(A),False,1,SR-24 E/B,,,8/12/2024 2:33:26 PM,A,W,600.0,BROADWAY,F,,D,8/12/2024 2:33:27 PM,8/12/2024 2:33:27 PM,False,True,4,False,8/9/2024 12:45:00 PM,1245,False,,,True