collision-id,report-number,report-version,is-preliminary,ncic-code,crash-date-time,crash-time-description,beat,city-id,city-code,city-name,county-code,city-is-active,city-is-incorporated,collision-type-code,collision-type-description,collision-type-other-desc,day-of-week,dispatch-notified,has-photographs,hit-run,is-attachments-mailed,is-deleted,is-highway-related,is-tow-away,judicial-district,motor-vehicle-involved-with-code,motor-vehicle-involved-with-desc,motor-vehicle-involved-with-other-desc,number-injured,number-killed,lighting-code,lighting-description,latitude,longitude,milepost-direction,milepost-distance,milepost-marker,milepost-unit-of-measure,pedestrian-action-code,pedestrian-action-desc,prepared-date,primary-collision-factor-code,primary-collision-factor-description,primary-collision-factor-is-cited,primary-collision-party-number,primary-road,reporting-district,reporting-district-code,reviewed-date,roadway-surface-code,secondary-direction,secondary-distance,secondary-road,secondary-unit-of-measure,sketch-desc,traffic-control-device-code,created-date,modified-date,is-county-road,is-freeway,chp-555-version,is-additonal-object-struck,notification-date,notification-time-description,has-digital-media-files,evidence-number,is-location-refer-to-narrative,is-aoi-one-same-as-location
4080953,9370-2024-02491,1,False,9370,8/5/2024 2:20:00 PM,1420,052,14,109,Oakland,1,True,True,B,SIDE SWIPE,,Monday,NotApplicable,False,M,,False,True,False,ALAMEDA SUPERIOR COURT WILEY W. MANUEL COURTHOUSE,C,OTHER MOTOR VEHICLE,,0,0,A,DAYLIGHT,37.783966,-122.181974,,,,,A,NO PEDESTRIANS INVOLVED,8/5/2024 2:20:00 PM,A,VC 21658(A),False,1,I-580 E/B,,,8/12/2024 1:57:14 PM,A,W,2600.0,SEMINARY AVE,F,,D,8/12/2024 1:57:16 PM,8/12/2024 1:57:16 PM,False,True,4,,8/5/2024 5:00:00 PM,1700,False,,,True
4080947,9370-2024-02432,1,False,9370,7/31/2024 8:58:00 AM,858,024,14,109,Oakland,1,True,True,B,SIDE SWIPE,,Wednesday,NotApplicable,False,,,False,True,True,ALAMEDA SUPERIOR COURT WILEY W. MANUEL COURTHOUSE,C,OTHER MOTOR VEHICLE,,4,0,A,DAYLIGHT,37.84592,-122.247976,,,,,A,NO PEDESTRIANS INVOLVED,7/31/2024 8:58:00 AM,A,VC 21658(A),True,1,SR-24 E/B,,,8/12/2024 1:53:49 PM,A,E,0.24,BROADWAY,M,,D,8/12/2024 1:53:53 PM,8/12/2024 1:53:53 PM,False,True,4,True,7/31/2024 9:05:00 AM,905,False,,,True
4080895,9370-2024-02390,1,False,9370,7/26/2024 1:29:00 AM,129,901,14,109,Oakland,1,True,True,B,SIDE SWIPE,,Friday,NotApplicable,False,M,,False,False,False,ALAMEDA SUPERIOR COURT WILEY W. MANUEL COURTHOUSE,C,OTHER MOTOR VEHICLE,,0,0,B,DUSK-DAWN,37.789983,-122.202919,,,,,A,NO PEDESTRIANS INVOLVED,7/26/2024 1:29:00 AM,A,VC 22106,False,1,SUTER STREET (3700 BLOCK),,,8/12/2024 1:22:55 PM,A,E,90.0,LOMA VISTA WAY,F,,D,8/12/2024 1:22:56 PM,8/12/2024 1:22:56 PM,True,False,4,,7/26/2024 1:30:00 AM,130,False,,,True
4080836,9370-2024-02433,1,False,9370,7/31/2024 12:40:00 AM,40,054,14,109,Oakland,1,True,True,C,REAR END,,Wednesday,Yes,False,,,False,True,True,ALAMEDA SUPERIOR COURT WILEY W. MANUEL COURTHOUSE,C,OTHER MOTOR VEHICLE,,2,0,D,DARK-NO STREET LIGHTS,37.811749,-122.250379,,,,,A,NO PEDESTRIANS INVOLVED,7/31/2024 12:40:00 AM,A,VC 23152(a),True,1,I-580 E/B,,,8/12/2024 12:40:02 PM,A,W,660.0,GRAND AVE,F,,D,8/12/2024 12:40:07 PM,8/12/2024 12:40:07 PM,False,True,4,True,7/31/2024 12:45:00 AM,45,False,,,True
4371946,24034121,2,False,0109,7/8/2024 10:15:00 PM,2215,08X,14,109,Oakland,1,True,True,B,SIDE SWIPE,,Monday,,,,,False,False,False,,E,PARKED MOTOR VEHICLE,,0,0,C,DARK-STREET LIGHTS,,,,,,,A,NO PEDESTRIANS INVOLVED,,A,22107,,1,BROADWAY,1,,,A,S,25.0,28TH ST,F,,D,8/27/2024 1:48:03 PM,1/28/2025 11:37:24 AM,,,2,,,,,,,
4371913,24033195,2,False,0109,7/4/2024 2:36:00 AM,236,30X,14,109,Oakland,1,True,True,B,SIDE SWIPE,,Thursday,,,,,False,False,True,,C,OTHER MOTOR VEHICLE,,0,0,A,DAYLIGHT,,,,,,,A,NO PEDESTRIANS INVOLVED,,A,21453A,,1,7TH ST,1,,,A,,,JACKSON ST,,,A,8/27/2024 1:38:02 PM,1/28/2025 11:37:24 AM,,,2,,,,,,,
4371834,24032726,2,False,0109,7/1/2024 1:11:00 PM,1311,23X,14,109,Oakland,1,True,True,D,BROADSIDE,,Monday,,,M,,False,False,False,,C,OTHER MOTOR VEHICLE,,0,0,A,DAYLIGHT,,,,,,,A,NO PEDESTRIANS INVOLVED,,A,22107,,1,35TH AV,2,,,A,,,E 18TH ST,,,D,8/27/2024 1:12:59 PM,1/28/2025 11:37:24 AM,,,2,,,,,,,
4371733,24-016809,2,False,0109,4/5/2024 1:49:00 PM,1349,34X,14,109,Oakland,1,True,True,C,REAR END,,Friday,,,M,,False,False,False,,C,OTHER MOTOR VEHICLE,,0,0,A,DAYLIGHT,,,,,,,A,NO PEDESTRIANS INVOLVED,,A,22350,,1,INTERNATIONAL BL,2,,,A,E,100.0,94TH AV,F,,D,8/27/2024 12:32:56 PM,1/28/2025 11:43:22 AM,,,2,,,,,,,
4371724,24-018796,2,False,0109,4/16/2024 4:18:00 PM,1618,05X,14,109,Oakland,1,True,True,C,REAR END,,Tuesday,,,M,,False,False,True,,C,OTHER MOTOR VEHICLE,,0,0,A,DAYLIGHT,,,,,,,A,NO PEDESTRIANS INVOLVED,,A,22350,,1,WEST GRAND AV,1,,,A,W,101.0,UNION ST,F,,D,8/27/2024 12:27:57 PM,1/28/2025 11:43:22 AM,,,2,,,,,,,
4371700,24-019808,2,False,0109,4/22/2024 12:25:00 PM,1225,26Y,14,109,Oakland,1,True,True,E,HIT OBJECT,,Monday,,,,,False,False,False,,,,,0,0,A,DAYLIGHT,,,,,,,A,NO PEDESTRIANS INVOLVED,,A,22451A,,1,HIGH ST,2,,,A,N,80.0,COLISEUM WAY,F,,A,8/27/2024 12:17:55 PM,1/28/2025 11:43:22 AM,,,2,,,,,,,
4371679,24-033328,2,False,0109,7/4/2024 11:26:00 PM,2326,27X,14,109,Oakland,1,True,True,D,BROADSIDE,,Thursday,,,,,False,False,False,,C,OTHER MOTOR VEHICLE,,0,0,C,DARK-STREET LIGHTS,,,,,,,A,NO PEDESTRIANS INVOLVED,,A,22450A,,,64TH AV,2,,,A,,,BANCROFT AV,,,A,8/27/2024 12:12:53 PM,1/28/2025 11:43:37 AM,,,2,,,,,,,
4371627,24-025370,2,False,0109,5/22/2024 9:07:00 PM,2107,04X,14,109,Oakland,1,True,True,G,VEHICLE/PEDESTRAIN,,Wednesday,,,,,False,False,False,,B,PEDESTRIAN,,1,0,C,DARK-STREET LIGHTS,,,,,,,B,CROSSING IN CROSS WALK AT INTERSECTION,,A,21950A,,1,BRUSH ST,1,,,A,,,18TH ST,,,A,8/27/2024 11:42:52 AM,1/28/2025 11:45:44 AM,,,2,,,,,,,
4371360,24-025163,2,False,0109,5/21/2024 7:57:00 PM,1957,07X,14,109,Oakland,1,True,True,B,SIDE SWIPE,,Tuesday,,,,,False,False,False,,C,OTHER MOTOR VEHICLE,,2,0,A,DAYLIGHT,,,,,,,A,NO PEDESTRIANS INVOLVED,,A,21801A,,1,PERALTA ST,1,,,A,,,26TH ST,,,D,8/27/2024 10:16:40 AM,1/28/2025 11:45:45 AM,,,2,,,,,,,
4371349,24-025085,2,False,0109,5/21/2024 12:01:00 PM,1201,14X,14,109,Oakland,1,True,True,B,SIDE SWIPE,,Tuesday,,,F,,False,False,False,,C,OTHER MOTOR VEHICLE,,1,0,A,DAYLIGHT,,,,,,,A,NO PEDESTRIANS INVOLVED,,A,22107,,1,GRAND AV,1,,,A,,,EL EMBARCADERO,,,A,8/27/2024 10:11:40 AM,1/28/2025 11:45:45 AM,,,2,,,,,,,
4371331,24-026011,2,False,0109,5/26/2024 8:56:00 PM,2056,10Y,14,109,Oakland,1,True,True,A,HEAD-ON,,Sunday,,,,,False,False,False,,C,OTHER MOTOR VEHICLE,,1,0,C,DARK-STREET LIGHTS,,,,,,,A,NO PEDESTRIANS INVOLVED,,A,21802A,,1,MARTIN LUTHER KING JR WY,1,,,A,,,42ND ST,,,A,8/27/2024 10:06:40 AM,1/28/2025 11:45:45 AM,,,2,,,,,,,
4371314,24-027207,2,False,0109,6/1/2024 10:58:00 PM,2258,07X,14,109,Oakland,1,True,True,C,REAR END,,Saturday,,,,,False,False,False,,C,OTHER MOTOR VEHICLE,,2,0,C,DARK-STREET LIGHTS,,,,,,,A,NO PEDESTRIANS INVOLVED,,A,22350,,1,SAN PABLO AV,1,,,A,S,75.0,ATHENS AV,F,,A,8/27/2024 10:01:40 AM,1/28/2025 11:45:44 AM,,,2,,,,,,,
4371269,24-026995,2,False,0109,5/31/2024 1:54:00 PM,1354,35X,14,109,Oakland,1,True,True,D,BROADSIDE,,Friday,,,F,,False,False,True,,C,OTHER MOTOR VEHICLE,,1,0,A,DAYLIGHT,,,,,,,A,NO PEDESTRIANS INVOLVED,,A,21453A,,1,90TH AV,1,,,A,,,BANCROFT AV,,,A,8/27/2024 9:51:38 AM,1/28/2025 11:43:30 AM,,,2,,,,,,,
4370934,24-018750,2,False,0109,4/16/2024 11:55:00 AM,1155,09X,14,109,Oakland,1,True,True,C,REAR END,,Tuesday,,,,,False,False,False,,C,OTHER MOTOR VEHICLE,,0,0,A,DAYLIGHT,,,,,,,A,NO PEDESTRIANS INVOLVED,,A,22106,,1,PIEDMONT AV,1,,,A,E,10.0,ECHO,F,,A,8/27/2024 8:06:32 AM,1/28/2025 11:43:17 AM,,,2,,,,,,,
4370932,9370-2024-02394,1,False,9370,7/27/2024 2:00:00 PM,1400,054,14,109,Oakland,1,True,True,B,SIDE SWIPE,,Saturday,NotApplicable,False,M,,False,True,False,ALAMEDA SUPERIOR COURT WILEY W. MANUEL COURTHOUSE,C,OTHER MOTOR VEHICLE,,0,0,A,DAYLIGHT,37.814301,-122.25089,,,,,A,NO PEDESTRIANS INVOLVED,7/27/2024 2:00:00 PM,A,VC 21658(a),False,1,I-580 W/B,,,8/27/2024 8:05:44 AM,A,W,1503.0,GRAND AVE,F,,D,8/27/2024 8:05:47 AM,8/27/2024 8:05:47 AM,False,True,4,,7/27/2024 2:12:00 PM,1412,False,,,True
4370925,24-021697,2,False,0109,5/3/2024 7:30:00 AM,730,07X,14,109,Oakland,1,True,True,A,HEAD-ON,,Friday,,,,,False,False,False,,I,FIXED OBJECT,,0,0,A,DAYLIGHT,,,,,,,A,NO PEDESTRIANS INVOLVED,,A,22107,,1,32ND ST,1,,,A,,,UNION ST,,,A,8/27/2024 8:01:32 AM,1/28/2025 11:43:17 AM,,,2,,,,,,,
4370814,24-033128,2,False,0109,7/3/2024 6:50:00 PM,1850,13Z,14,109,Oakland,1,True,True,B,SIDE SWIPE,,Wednesday,,,F,,False,False,False,,E,PARKED MOTOR VEHICLE,,0,0,A,DAYLIGHT,,,,,,,A,NO PEDESTRIANS INVOLVED,,A,22106,,1,DORAN DR,1,,,A,N,500.0,BANNING DR,F,,D,8/27/2024 7:21:29 AM,1/28/2025 11:43:22 AM,,,2,,,,,,,
4370803,9370-2024-02626,1,False,9370,8/18/2024 12:35:00 PM,1235,024,14,109,Oakland,1,True,True,C,REAR END,,Sunday,NotApplicable,False,,,False,True,True,ALAMEDA SUPERIOR COURT WILEY W. MANUEL COURTHOUSE,C,OTHER MOTOR VEHICLE,,0,0,A,DAYLIGHT,37.849065,-122.229472,,,,,A,NO PEDESTRIANS INVOLVED,8/18/2024 12:35:00 PM,A,VC 22350,False,1,SR-24 WB,,,8/27/2024 7:13:55 AM,A,E,556.0,SR-13 SB,F,,D,8/27/2024 7:13:56 AM,8/27/2024 7:13:56 AM,False,True,4,,8/18/2024 12:40:00 PM,1240,False,,,True
4370780,24-028197,2,False,0109,6/7/2024 1:05:00 PM,1305,21X,14,109,Oakland,1,True,True,D,BROADSIDE,,Friday,,,,,False,False,False,,C,OTHER MOTOR VEHICLE,,0,0,A,DAYLIGHT,,,,,,,A,NO PEDESTRIANS INVOLVED,,A,21802A,,1,FRUITVALE AV,2,,,A,,,NICOL ST,,,D,8/27/2024 7:01:29 AM,1/28/2025 11:37:56 AM,,,2,,,,,,,
4370768,24-032531,2,False,0109,6/30/2024 12:38:00 PM,1238,27X,14,109,Oakland,1,True,True,C,REAR END,,Sunday,,,M,,False,False,False,,C,OTHER MOTOR VEHICLE,,0,0,A,DAYLIGHT,,,,,,,A,NO PEDESTRIANS INVOLVED,,A,22350,,1,HIGH ST,2,,,A,,,CONGRESS AV,,,A,8/27/2024 6:56:30 AM,1/28/2025 11:37:56 AM,,,2,,,,,,,
4370761,24-030452,2,False,0109,6/19/2024 8:50:00 AM,850,31Y,14,109,Oakland,1,True,True,B,SIDE SWIPE,,Wednesday,,,M,,False,False,True,,I,FIXED OBJECT,,0,0,A,DAYLIGHT,,,,,,,A,NO PEDESTRIANS INVOLVED,,A,22101,,1,BIGGE ST,2,,,A,E,500.0,98TH AV,F,,D,8/27/2024 6:51:29 AM,1/28/2025 11:37:56 AM,,,2,,,,,,,
4370756,24-027957,2,False,0109,6/6/2024 7:50:00 AM,750,15X,14,109,Oakland,1,True,True,C,REAR END,,Thursday,,,M,,False,False,True,,E,PARKED MOTOR VEHICLE,,0,0,A,DAYLIGHT,,,,,,,A,NO PEDESTRIANS INVOLVED,,A,22107,,1,WAYNE AV,1,,,A,E,100.0,HANOVER AV,F,,A,8/27/2024 6:51:28 AM,1/28/2025 11:37:56 AM,,,2,,,,,,,
4370675,9370-2024-02620,1,False,9370,8/17/2024 3:50:00 AM,350,177,14,109,Oakland,1,True,True,C,REAR END,,Saturday,Yes,False,,,False,True,True,ALAMEDA SUPERIOR COURT WILEY W. MANUEL COURTHOUSE,D,MOTOR VEHICLE ON OTHER ROADWAY,,2,0,D,DARK-NO STREET LIGHTS,37.802699,-122.285753,,,,,A,NO PEDESTRIANS INVOLVED,8/17/2024 3:50:00 AM,A,VC 23152(A),True,1,I-880 S/B,,,8/27/2024 6:13:50 AM,A,N,2050.0,I-980 TRANSITION,F,,D,8/27/2024 6:13:51 AM,8/27/2024 6:13:51 AM,False,True,4,,8/17/2024 3:55:00 AM,355,True,AREA PHOTO FILE,,True
4370666,9370-2024-02602,1,False,9370,8/16/2024 12:49:00 AM,49,054,14,109,Oakland,1,True,True,E,HIT OBJECT,,Friday,Yes,False,,,False,True,False,ALAMEDA SUPERIOR COURT WILEY W. MANUEL COURTHOUSE,I,FIXED OBJECT,RAIL,0,0,D,DARK-NO STREET LIGHTS,37.810334,-122.248854,,,,,A,NO PEDESTRIANS INVOLVED,8/16/2024 12:49:00 AM,A,VC 23152(a),True,1,I-580 E/B,,,8/27/2024 6:06:57 AM,A,W,18.0,GRAND AVE,F,,D,8/27/2024 6:07:01 AM,8/27/2024 6:07:01 AM,False,True,4,,8/16/2024 12:55:00 AM,55,False,,,True
4370171,9370-2024-02578,2,False,9370,8/13/2024 5:20:00 PM,1720,176,14,109,Oakland,1,True,True,C,REAR END,,Tuesday,NotApplicable,False,,,False,True,False,ALAMEDA SUPERIOR COURT WILEY W. MANUEL COURTHOUSE,C,OTHER MOTOR VEHICLE,,0,0,A,DAYLIGHT,37.757804,-122.211551,,,,,A,NO PEDESTRIANS INVOLVED,8/13/2024 5:20:00 PM,A,VC 22350,False,1,I-880 S/B,,,9/19/2024 4:01:25 PM,A,N,800.0,66TH AVE,F,,D,8/26/2024 3:37:54 PM,9/19/2024 4:01:26 PM,False,True,4,,8/13/2024 5:25:00 PM,1725,False,,,True
4370164,9370-2024-02670,1,False,9370,8/22/2024 5:20:00 AM,520,053,14,109,Oakland,1,True,True,B,SIDE SWIPE,,Thursday,NotApplicable,False,M,,False,True,False,ALAMEDA SUPERIOR COURT WILEY W. MANUEL COURTHOUSE,C,OTHER MOTOR VEHICLE,,0,0,C,DARK-STREET LIGHTS,37.796151,-122.210147,,,,,A,NO PEDESTRIANS INVOLVED,8/22/2024 5:20:00 AM,A,VC 22107,False,1,INTERSTATE 580 EASTBOUND,,,8/26/2024 3:34:56 PM,A,W,750.0,35TH AVE,F,,D,8/26/2024 3:34:58 PM,8/26/2024 3:34:58 PM,False,True,4,,8/22/2024 5:25:00 AM,525,False,,,True
4369581,9370-2024-02629,1,False,9370,8/18/2024 1:15:00 AM,115,052,14,109,Oakland,1,True,True,C,REAR END,,Sunday,Yes,False,M,,False,True,False,ALAMEDA SUPERIOR COURT WILEY W. MANUEL COURTHOUSE,C,OTHER MOTOR VEHICLE,,1,0,C,DARK-STREET LIGHTS,37.77875,-122.168972,,,,,A,NO PEDESTRIANS INVOLVED,8/18/2024 1:15:00 AM,A,VC 23152(A),True,1,I-580 W/B,,,8/26/2024 11:25:04 AM,A,W,1615.0,EDWARDS AVENUE,F,,D,8/26/2024 11:25:07 AM,8/26/2024 11:25:07 AM,False,True,4,,8/18/2024 1:20:00 AM,120,False,,,True
4369322,24-004861,2,False,0109,2/2/2024 7:25:00 AM,725,23X,14,109,Oakland,1,True,True,D,BROADSIDE,,Friday,,,M,,False,False,False,,C,OTHER MOTOR VEHICLE,,0,0,A,DAYLIGHT,,,,,,,A,NO PEDESTRIANS INVOLVED,,A,21453A,,1,INTERNATIONAL BL,2,,,B,,,38TH AV,,,A,8/26/2024 9:51:14 AM,1/28/2025 11:38:16 AM,,,2,,,,,,,
4369174,24-022508,2,False,0109,5/7/2024 1:00:00 PM,1300,20X,14,109,Oakland,1,True,True,B,SIDE SWIPE,,Tuesday,,,,,False,False,False,,C,OTHER MOTOR VEHICLE,,0,0,A,DAYLIGHT,,,,,,,A,NO PEDESTRIANS INVOLVED,,A,21460A,,1,DEL MONTE AV,2,,,A,S,0.1,ELMWOOD AV,M,,D,8/26/2024 8:46:11 AM,1/28/2025 11:43:30 AM,,,2,,,,,,,
4369045,9370-2024-02617,1,False,9370,8/17/2024 6:45:00 PM,1845,013,14,109,Oakland,1,True,True,B,SIDE SWIPE,,Saturday,NotApplicable,False,M,,False,True,False,ALAMEDA SUPERIOR COURT WILEY W. MANUEL COURTHOUSE,C,OTHER MOTOR VEHICLE,,0,0,A,DAYLIGHT,37.845491,-122.227369,,,,,A,NO PEDESTRIANS INVOLVED,8/17/2024 6:45:00 PM,A,VC 21658(A),False,,SR-13 N/B,,,8/26/2024 7:48:12 AM,A,N,1600.0,BROADWAY TERRANCE,F,,D,8/26/2024 7:48:16 AM,8/26/2024 7:48:16 AM,False,True,4,,8/17/2024 6:50:00 PM,1850,False,,,True
4369028,9370-2024-02608,1,False,9370,8/16/2024 4:00:00 PM,1600,901,14,109,Oakland,1,True,True,B,SIDE SWIPE,,Friday,NotApplicable,False,,,False,False,False,ALAMEDA SUPERIOR COURT WILEY W. MANUEL COURTHOUSE,E,PARKED MOTOR VEHICLE,,0,0,A,DAYLIGHT,37.776827,-122.217111,,,,,A,NO PEDESTRIANS INVOLVED,8/16/2024 4:00:00 PM,A,VC 22107,False,1,39TH AVE (1700 BLOCK),,,8/26/2024 7:39:22 AM,A,S,45.0,E. 18TH STREET,F,,D,8/26/2024 7:39:27 AM,8/26/2024 7:39:27 AM,True,False,4,,8/16/2024 4:08:00 PM,1608,False,,,True
4369000,24-021742,2,False,0109,5/3/2024 11:52:00 AM,1152,08X,14,109,Oakland,1,True,True,B,SIDE SWIPE,,Friday,,,,,False,False,False,,C,OTHER MOTOR VEHICLE,,0,0,A,DAYLIGHT,,,,,,,A,NO PEDESTRIANS INVOLVED,,A,22107,,1,NORTHGATE AV,1,,,A,,,SYCAMORE ST,,,D,8/26/2024 7:26:09 AM,1/28/2025 11:43:42 AM,,,2,,,,,,,
4368973,24-022002,2,False,0109,5/5/2024 10:28:00 PM,2228,32X,14,109,Oakland,1,True,True,B,SIDE SWIPE,,Sunday,,,,,False,False,False,,C,OTHER MOTOR VEHICLE,,0,0,C,DARK-STREET LIGHTS,,,,,,,A,NO PEDESTRIANS INVOLVED,,A,22107,,1,104TH AV,2,,,A,S,50.0,PLYMOUTH ST,F,,D,8/26/2024 7:16:07 AM,1/28/2025 11:43:42 AM,,,2,,,,,,,
4368968,9370-2024-02511,1,False,9370,8/6/2024 11:06:00 AM,1106,054,14,109,Oakland,1,True,True,B,SIDE SWIPE,,Tuesday,NotApplicable,False,,,False,True,False,ALAMEDA SUPERIOR COURT WILEY W. MANUEL COURTHOUSE,C,OTHER MOTOR VEHICLE,,0,0,A,DAYLIGHT,37.808281,-122.241341,,,,,A,NO PEDESTRIANS INVOLVED,8/6/2024 11:06:00 AM,A,VC 21658(A),False,1,I-580 W/B,,,8/26/2024 7:14:37 AM,A,E,0.25,LAKESHORE AVE,M,,D,8/26/2024 7:14:39 AM,8/26/2024 7:14:39 AM,False,True,4,False,8/6/2024 11:11:00 AM,1111,False,,,True
4368964,24-022904,2,False,0109,5/9/2024 1:33:00 PM,1333,10Y,14,109,Oakland,1,True,True,D,BROADSIDE,,Thursday,,,,,False,False,False,,C,OTHER MOTOR VEHICLE,,0,0,A,DAYLIGHT,,,,,,,A,NO PEDESTRIANS INVOLVED,,A,21453A,,1,52ND ST,1,,,A,,,MARTIN LUTHER KING JR WY,,,A,8/26/2024 7:11:08 AM,1/28/2025 11:43:42 AM,,,2,,,,,,,
4368868,9370-2024-02586,1,False,9370,8/14/2024 5:39:00 PM,1739,178,14,109,Oakland,1,True,True,C,REAR END,,Wednesday,NotApplicable,False,M,,False,True,False,ALAMEDA SUPERIOR COURT WILEY W. MANUEL COURTHOUSE,C,OTHER MOTOR VEHICLE,,0,0,A,DAYLIGHT,37.801965,-122.283953,,,,,A,NO PEDESTRIANS INVOLVED,8/14/2024 5:39:00 PM,A,VC 22350,False,1,I-880 N/B,,,8/26/2024 5:57:41 AM,A,N,192.0,MARKET ST,F,,D,8/26/2024 5:57:44 AM,8/26/2024 5:57:44 AM,False,True,4,True,8/14/2024 5:41:00 PM,1741,False,,,True
4368472,9345-2024-02515,1,False,9345,7/5/2024 1:15:00 AM,115,904,14,109,Oakland,1,True,True,E,HIT OBJECT,,Friday,NotApplicable,False,M,,False,False,False,ALAMEDA SUPERIOR COURT WILEY W. MANUEL COURTHOUSE,I,FIXED OBJECT,CHAIN LINK FENCE,0,0,C,DARK-STREET LIGHTS,37.785414,-122.191924,,,,,A,NO PEDESTRIANS INVOLVED,7/5/2024 1:15:00 AM,A,VC 22515(A),False,1,MACARTHUR BLVD,,,8/24/2024 8:23:28 AM,A,,,GREEN ACRE,,,A,8/24/2024 8:23:31 AM,8/24/2024 8:23:31 AM,True,False,4,,7/5/2024 1:15:00 AM,115,False,,,True
4367913,9370-2024-02589,1,False,9370,8/15/2024 12:10:00 AM,10,052,14,109,Oakland,1,True,True,E,HIT OBJECT,,Thursday,NotApplicable,False,,,False,True,False,ALAMEDA SUPERIOR COURT WILEY W. MANUEL COURTHOUSE,J,OTHER OBJECT,DEBRIS,0,0,D,DARK-NO STREET LIGHTS,37.749998,-122.151445,,,,,A,NO PEDESTRIANS INVOLVED,8/15/2024 12:10:00 AM,C,,,,I-580 W/B,,,8/23/2024 1:00:02 PM,A,W,1442.0,GOLF LINKS RD,F,,D,8/23/2024 1:00:04 PM,8/23/2024 1:00:04 PM,False,True,4,,8/15/2024 12:15:00 AM,15,False,,,True
4367786,24-032698,2,False,0109,7/1/2024 11:17:00 AM,1117,13Z,14,109,Oakland,1,True,True,B,SIDE SWIPE,,Monday,,,,,False,False,False,,C,OTHER MOTOR VEHICLE,,0,0,A,DAYLIGHT,,,,,,,A,NO PEDESTRIANS INVOLVED,,A,22517,,1,MOUNTAIN BL,1,,,A,W,165.0,MEDAU PL,F,,D,8/23/2024 11:45:51 AM,1/28/2025 11:38:05 AM,,,2,,,,,,,
4367713,24-022549,2,False,0109,5/7/2024 4:30:00 PM,1630,29X,14,109,Oakland,1,True,True,C,REAR END,,Tuesday,,,M,,False,False,True,,C,OTHER MOTOR VEHICLE,,0,0,A,DAYLIGHT,,,,,,,A,NO PEDESTRIANS INVOLVED,,A,22107,,1,56TH AV,2,,,A,S,22.0,MACARTHUR BL,F,,D,8/23/2024 11:05:49 AM,1/28/2025 11:43:42 AM,,,2,,,,,,,
4367702,24-022999,2,False,0109,5/10/2024 7:13:00 AM,713,05X,14,109,Oakland,1,True,True,B,SIDE SWIPE,,Friday,,,,,False,False,False,,C,OTHER MOTOR VEHICLE,,0,0,A,DAYLIGHT,,,,,,,A,NO PEDESTRIANS INVOLVED,,D,,,,WEST GRAND AV,1,,,A,,,MADELA PKWY,,,A,8/23/2024 11:00:48 AM,1/28/2025 11:43:42 AM,,,2,,,,,,,
4367622,24-022105,2,False,0109,5/5/2024 5:28:00 PM,1728,19X,14,109,Oakland,1,True,True,A,HEAD-ON,,Sunday,,,M,,False,False,False,,C,OTHER MOTOR VEHICLE,,0,0,A,DAYLIGHT,,,,,,,A,NO PEDESTRIANS INVOLVED,,A,22107,,1,INTERNATIONAL BL,1,,,A,,,3RD AV,,,A,8/23/2024 10:25:43 AM,1/28/2025 11:43:42 AM,,,2,,,,,,,
4367621,24-022062,2,False,0109,5/5/2024 12:06:00 PM,1206,24X,14,109,Oakland,1,True,True,B,SIDE SWIPE,,Sunday,,,M,,False,False,True,,E,PARKED MOTOR VEHICLE,,0,0,A,DAYLIGHT,,,,,,,A,NO PEDESTRIANS INVOLVED,,A,22107,,1,ALLENDALE AV,2,,,A,,,EASTMAN AV,,,D,8/23/2024 10:25:43 AM,1/28/2025 11:43:42 AM,,,2,,,,,,,
4367600,24-026604,2,False,0109,5/13/2024 12:21:00 PM,1221,08X,14,109,Oakland,1,True,True,B,SIDE SWIPE,,Monday,,,M,,False,False,False,,E,PARKED MOTOR VEHICLE,,0,0,A,DAYLIGHT,,,,,,,A,NO PEDESTRIANS INVOLVED,,A,22350,,1,31ST ST,1,,,A,W,490.0,TELEGRAPH AV,F,,D,8/23/2024 10:15:42 AM,1/28/2025 11:43:42 AM,,,2,,,,,,,
4367576,24-033949,2,False,0109,7/7/2024 9:38:00 PM,2138,11X,14,109,Oakland,1,True,True,D,BROADSIDE,,Sunday,,,,,False,False,False,,C,OTHER MOTOR VEHICLE,,1,0,C,DARK-STREET LIGHTS,,,,,,,A,NO PEDESTRIANS INVOLVED,,A,21801A,,1,55TH ST,1,,,A,,,SHATTUCK AV,,,A,8/23/2024 10:05:41 AM,1/28/2025 11:43:39 AM,,,2,,,,,,,
4367575,24-024753,2,False,0109,5/19/2024 5:36:00 PM,1736,30X,14,109,Oakland,1,True,True,B,SIDE SWIPE,,Sunday,,,M,,False,False,False,,C,OTHER MOTOR VEHICLE,,0,0,C,DARK-STREET LIGHTS,,,,,,,A,NO PEDESTRIANS INVOLVED,,A,22107,,1,AVENAL AV,2,,,A,,,SEMINARY AV,,,D,8/23/2024 10:05:41 AM,1/28/2025 11:43:42 AM,,,2,,,,,,,
4367359,24-022140,2,False,0109,5/5/2024 9:30:00 PM,2130,03X,14,109,Oakland,1,True,True,D,BROADSIDE,,Sunday,,,M,,False,False,False,,C,OTHER MOTOR VEHICLE,,0,0,C,DARK-STREET LIGHTS,,,,,,,A,NO PEDESTRIANS INVOLVED,,A,21453A,,1,13TH ST,1,,,A,,,WEBSTER ST,,,A,8/23/2024 8:30:35 AM,1/28/2025 11:43:27 AM,,,2,,,,,,,
4367353,24-021916,2,False,0109,5/4/2024 12:30:00 PM,1230,19X,14,109,Oakland,1,True,True,D,BROADSIDE,,Saturday,,,,,False,False,False,,C,OTHER MOTOR VEHICLE,,0,0,A,DAYLIGHT,,,,,,,A,NO PEDESTRIANS INVOLVED,,D,,,,14TH AVE,1,,,B,N,5.0,15TH ST,F,,A,8/23/2024 8:25:36 AM,1/28/2025 11:43:27 AM,,,2,,,,,,,