collision-id,report-number,report-version,is-preliminary,ncic-code,crash-date-time,crash-time-description,beat,city-id,city-code,city-name,county-code,city-is-active,city-is-incorporated,collision-type-code,collision-type-description,collision-type-other-desc,day-of-week,dispatch-notified,has-photographs,hit-run,is-attachments-mailed,is-deleted,is-highway-related,is-tow-away,judicial-district,motor-vehicle-involved-with-code,motor-vehicle-involved-with-desc,motor-vehicle-involved-with-other-desc,number-injured,number-killed,lighting-code,lighting-description,latitude,longitude,milepost-direction,milepost-distance,milepost-marker,milepost-unit-of-measure,pedestrian-action-code,pedestrian-action-desc,prepared-date,primary-collision-factor-code,primary-collision-factor-description,primary-collision-factor-is-cited,primary-collision-party-number,primary-road,reporting-district,reporting-district-code,reviewed-date,roadway-surface-code,secondary-direction,secondary-distance,secondary-road,secondary-unit-of-measure,sketch-desc,traffic-control-device-code,created-date,modified-date,is-county-road,is-freeway,chp-555-version,is-additonal-object-struck,notification-date,notification-time-description,has-digital-media-files,evidence-number,is-location-refer-to-narrative,is-aoi-one-same-as-location
4367326,24-021701,2,False,0109,5/3/2024 7:54:00 AM,754,10Y,14,109,Oakland,1,True,True,D,BROADSIDE,,Friday,,,,,False,False,False,,C,OTHER MOTOR VEHICLE,,0,0,A,DAYLIGHT,,,,,,,A,NO PEDESTRIANS INVOLVED,,A,21802A,,1,MARKET  ST,1,,,A,,,52ND ST,,,A,8/23/2024 8:15:35 AM,1/28/2025 11:43:27 AM,,,2,,,,,,,
4367315,24-021814,2,False,0109,5/3/2024 9:13:00 PM,2113,11X,14,109,Oakland,1,True,True,D,BROADSIDE,,Friday,,,,,False,False,False,,E,PARKED MOTOR VEHICLE,,0,0,C,DARK-STREET LIGHTS,,,,,,,A,NO PEDESTRIANS INVOLVED,,A,22107,,1,SHATTUCK AVE,1,,,A,,,55TH ST,,,A,8/23/2024 8:10:34 AM,1/28/2025 11:43:27 AM,,,2,,,,,,,
4367304,24-021961,2,False,0109,5/4/2024 5:35:00 PM,1735,15X,14,109,Oakland,1,True,True,D,BROADSIDE,,Saturday,,,,,False,False,False,,C,OTHER MOTOR VEHICLE,,0,0,A,DAYLIGHT,,,,,,,A,NO PEDESTRIANS INVOLVED,,A,22107,,1,LAKESHORE AV,1,,,A,N,50.0,18TH ST,F,,A,8/23/2024 8:05:35 AM,1/28/2025 11:43:27 AM,,,2,,,,,,,
4367297,9370-2024-02658,1,False,9370,8/21/2024 2:20:00 PM,1420,008,14,109,Oakland,1,True,True,B,SIDE SWIPE,,Wednesday,NotApplicable,False,,,False,True,False,ALAMEDA SUPERIOR COURT WILEY W. MANUEL COURTHOUSE,C,OTHER MOTOR VEHICLE,,0,0,A,DAYLIGHT,37.831568,-122.294184,,,,,A,NO PEDESTRIANS INVOLVED,8/21/2024 2:20:00 PM,A,VC 21658(A),False,1,I-80 W/B,,,8/23/2024 8:02:01 AM,A,W,2400.0,POWELL STREET,F,,D,8/23/2024 8:02:03 AM,8/23/2024 8:02:03 AM,False,True,4,,8/21/2024 2:25:00 PM,1425,False,,,True
4367286,24-023629,2,False,0109,5/13/2024 3:05:00 PM,1505,35X,14,109,Oakland,1,True,True,B,SIDE SWIPE,,Monday,,,M,,False,False,False,,C,OTHER MOTOR VEHICLE,,0,0,A,DAYLIGHT,,,,,,,A,NO PEDESTRIANS INVOLVED,,A,22107,,1,82ND AV,2,,,A,S,25.0,BANCROFT AV,F,,A,8/23/2024 8:00:35 AM,1/28/2025 11:43:27 AM,,,2,,,,,,,
4367269,9370-2024-02649,1,False,9370,8/20/2024 5:50:00 PM,1750,177,14,109,Oakland,1,True,True,C,REAR END,,Tuesday,NotApplicable,False,,,False,True,False,ALAMEDA SUPERIOR COURT WILEY W. MANUEL COURTHOUSE,C,OTHER MOTOR VEHICLE,,0,0,A,DAYLIGHT,37.799832,-122.278439,,,,,A,NO PEDESTRIANS INVOLVED,8/20/2024 5:50:00 PM,A,VC 22350,False,1,I-880 S/B,,,8/23/2024 7:51:08 AM,A,N,908.0,JACKSON ST,F,,D,8/23/2024 7:51:08 AM,8/23/2024 7:51:08 AM,False,True,4,,8/20/2024 5:55:00 PM,1755,False,,False,True
4367252,9370-2024-02663,1,False,9370,8/20/2024 4:30:00 PM,1630,053,14,109,Oakland,1,True,True,C,REAR END,,Tuesday,Yes,False,,,False,True,False,ALAMEDA SUPERIOR COURT WILEY W. MANUEL COURTHOUSE,C,OTHER MOTOR VEHICLE,,1,0,A,DAYLIGHT,37.794231,-122.205841,,,,,A,NO PEDESTRIANS INVOLVED,8/20/2024 4:30:00 PM,A,VC 22350,False,1,I-580 E/B,,,8/23/2024 7:40:23 AM,A,W,980.0,35TH AVE,F,,D,8/23/2024 7:40:25 AM,8/23/2024 7:40:25 AM,False,True,4,,8/20/2024 4:35:00 PM,1635,False,,,True
4367230,24-023842,2,False,0109,5/14/2024 7:27:00 PM,1927,34X,14,109,Oakland,1,True,True,B,SIDE SWIPE,,Tuesday,,,F,,False,False,False,,E,PARKED MOTOR VEHICLE,,0,0,A,DAYLIGHT,,,,,,,A,NO PEDESTRIANS INVOLVED,,A,22350,,1,PLYMOUTH ST,2,,,A,,,87TH AV,,,D,8/23/2024 7:25:32 AM,1/28/2025 11:43:27 AM,,,2,,,,,,,
4367209,9370-2024-02624,1,False,9370,8/17/2024 7:30:00 PM,1930,008,14,109,Oakland,1,True,True,B,SIDE SWIPE,,Saturday,NotApplicable,False,M,,False,True,False,ALAMEDA SUPERIOR COURT WILEY W. MANUEL COURTHOUSE,C,OTHER MOTOR VEHICLE,,0,0,A,DAYLIGHT,37.82912,-122.29391,,,,,A,NO PEDESTRIANS INVOLVED,8/17/2024 7:30:00 PM,A,VC 21658(A),False,1,I-80 WB TO I-880 SB / I-580 EB,,,8/23/2024 7:17:26 AM,A,E,190.0,I-80 E/B UNDERCROSSING,F,,D,8/23/2024 7:17:27 AM,8/23/2024 7:17:27 AM,False,True,4,,8/17/2024 7:35:00 PM,1935,False,,,True
4367165,9370-2024-02622,1,False,9370,8/17/2024 4:50:00 PM,1650,008,14,109,Oakland,1,True,True,B,SIDE SWIPE,,Saturday,NotApplicable,False,,,False,True,False,ALAMEDA SUPERIOR COURT WILEY W. MANUEL COURTHOUSE,C,OTHER MOTOR VEHICLE,,0,0,A,DAYLIGHT,37.826439,-122.300439,,,,,A,NO PEDESTRIANS INVOLVED,8/17/2024 4:50:00 PM,A,VC 21658(a),False,1,I-80 W/B,,,8/23/2024 6:52:44 AM,A,E,2640.0,WEST GRAND AVENUE OVERCROSSING,F,,D,8/23/2024 6:52:45 AM,8/23/2024 6:52:45 AM,False,True,4,,8/17/2024 4:54:00 PM,1654,False,,,True
4367146,24-032003,2,False,0109,6/27/2024 9:44:00 AM,944,30X,14,109,Oakland,1,True,True,C,REAR END,,Thursday,,,M,,False,False,False,,C,OTHER MOTOR VEHICLE,,2,0,A,DAYLIGHT,,,,,,,A,NO PEDESTRIANS INVOLVED,,A,22350,,1,73RD AV,2,,,A,N,100.0,ARTHUR ST,F,,A,8/23/2024 6:35:32 AM,1/28/2025 11:43:40 AM,,,2,,,,,,,
4367137,24-031842,2,False,0109,6/26/2024 8:37:00 AM,837,34X,14,109,Oakland,1,True,True,D,BROADSIDE,,Wednesday,,,,,False,False,True,,C,OTHER MOTOR VEHICLE,,2,0,A,DAYLIGHT,,,,,,,A,NO PEDESTRIANS INVOLVED,,A,22450A,,1,AUSEON AV,2,,,A,,,HOLLY ST,,,A,8/23/2024 6:30:32 AM,1/28/2025 11:43:40 AM,,,2,,,,,,,
4367128,24-032101,2,False,0109,6/27/2024 10:10:00 PM,2210,26X,14,109,Oakland,1,True,True,B,SIDE SWIPE,,Thursday,,,,,False,False,False,,E,PARKED MOTOR VEHICLE,,1,0,A,DAYLIGHT,,,,,,,A,NO PEDESTRIANS INVOLVED,,A,22107,,1,75TH AV,2,,,A,S,150.0,SPENCER ST,F,,D,8/23/2024 6:25:33 AM,1/28/2025 11:43:40 AM,,,2,,,,,,,
4367120,24-029170,2,False,0109,6/12/2024 10:06:00 AM,1006,17X,14,109,Oakland,1,True,True,D,BROADSIDE,,Wednesday,,,M,,False,False,False,,C,OTHER MOTOR VEHICLE,,2,0,A,DAYLIGHT,,,,,,,A,NO PEDESTRIANS INVOLVED,,A,22450A,,1,FOOTHILL BL,1,,,A,,,9TH AV,,,A,8/23/2024 6:20:32 AM,1/28/2025 11:43:41 AM,,,2,,,,,,,
4366478,9370-2024-02645,1,False,9370,8/20/2024 9:44:00 AM,944,055,14,109,Oakland,1,True,True,C,REAR END,,Tuesday,NotApplicable,False,,,False,True,True,ALAMEDA SUPERIOR COURT WILEY W. MANUEL COURTHOUSE,C,OTHER MOTOR VEHICLE,,1,0,A,DAYLIGHT,37.82285,-122.261332,,,,,A,NO PEDESTRIANS INVOLVED,8/20/2024 9:44:00 AM,A,VC 22350,False,1,I-580 W/B,,,8/22/2024 4:04:09 PM,A,E,200.0,WEBSTER ST,F,,D,8/22/2024 4:04:11 PM,8/22/2024 4:04:11 PM,False,True,4,,8/20/2024 9:49:00 AM,949,False,,,True
4366472,9370-2024-02635,1,False,9370,8/19/2024 4:44:00 PM,1644,054,14,109,Oakland,1,True,True,C,REAR END,,Monday,NotApplicable,False,,,False,True,True,ALAMEDA SUPERIOR COURT WILEY W. MANUEL COURTHOUSE,C,OTHER MOTOR VEHICLE,,1,0,A,DAYLIGHT,37.797376,-122.213912,,,,,A,NO PEDESTRIANS INVOLVED,8/19/2024 4:44:00 PM,A,VC 22350,False,1,I-580 E/B,,,8/22/2024 3:56:00 PM,A,W,50.0,BOSTON AVE,F,,D,8/22/2024 3:56:05 PM,8/22/2024 3:56:05 PM,False,True,4,,8/19/2024 4:46:00 PM,1646,False,,,True
4366435,24-029018,2,False,0109,6/17/2024 1:15:00 PM,1315,31X,14,109,Oakland,1,True,True,D,BROADSIDE,,Monday,,,,,False,False,False,,C,OTHER MOTOR VEHICLE,,1,0,A,DAYLIGHT,,,,,,,A,NO PEDESTRIANS INVOLVED,,A,21453A,,1,98TH AV,2,,,A,,,DENSLOWE AV,,,A,8/22/2024 3:25:29 PM,1/28/2025 11:43:41 AM,,,2,,,,,,,
4366430,24-028067,2,False,0109,6/6/2024 6:05:00 PM,1805,30Y,14,109,Oakland,1,True,True,C,REAR END,,Thursday,,,M,,False,False,True,,C,OTHER MOTOR VEHICLE,,2,0,A,DAYLIGHT,,,,,,,A,NO PEDESTRIANS INVOLVED,,A,22350,,1,BANCROFT AV,2,,,A,W,10.0,77TH AV,F,,A,8/22/2024 3:20:29 PM,1/28/2025 11:43:41 AM,,,2,,,,,,,
4366422,24-027785,2,False,0109,6/5/2024 6:54:00 AM,654,31Z,14,109,Oakland,1,True,True,D,BROADSIDE,,Wednesday,,,M,,False,False,True,,C,OTHER MOTOR VEHICLE,,1,0,A,DAYLIGHT,,,,,,,A,NO PEDESTRIANS INVOLVED,,A,21453A,,1,105 AV,2,,,A,,,EDES AV,,,A,8/22/2024 3:15:29 PM,1/28/2025 11:43:41 AM,,,2,,,,,,,
4366416,24-028221,2,False,0109,6/7/2024 4:51:00 PM,1651,18X,14,109,Oakland,1,True,True,B,SIDE SWIPE,,Friday,,,,,False,False,True,,C,OTHER MOTOR VEHICLE,,4,0,A,DAYLIGHT,,,,,,,A,NO PEDESTRIANS INVOLVED,,A,22450A,,1,21ST AV,1,,,A,,,E 21ST ST,,,A,8/22/2024 3:10:29 PM,1/28/2025 11:43:41 AM,,,2,,,,,,,
4366370,24-015461,2,False,0109,3/27/2024 6:47:00 PM,1847,26X,14,109,Oakland,1,True,True,A,HEAD-ON,,Wednesday,,,,,False,False,True,,E,PARKED MOTOR VEHICLE,,0,0,A,DAYLIGHT,,,,,,,A,NO PEDESTRIANS INVOLVED,,A,22107,,1,HIGH ST,2,,,A,N,215.0,INTERNATIONAL BL,F,,A,8/22/2024 2:35:29 PM,1/28/2025 11:37:19 AM,,,2,,,,,,,
4366193,24-033732,2,False,0109,7/6/2024 3:47:00 PM,1547,07X,14,109,Oakland,1,True,True,C,REAR END,,Saturday,,,M,,False,False,False,,E,PARKED MOTOR VEHICLE,,0,0,A,DAYLIGHT,,,,,,,A,NO PEDESTRIANS INVOLVED,,A,22107,,1,FILBERT ST,1,,,A,N,40.0,32ND ST,F,,D,8/22/2024 1:25:24 PM,1/28/2025 11:43:30 AM,,,2,,,,,,,
4365954,9370-2024-02632,1,False,9370,8/17/2024 1:35:00 PM,1335,176,14,109,Oakland,1,True,True,C,REAR END,,Saturday,NotApplicable,False,,,False,True,False,ALAMEDA SUPERIOR COURT WILEY W. MANUEL COURTHOUSE,C,OTHER MOTOR VEHICLE,,0,0,A,DAYLIGHT,37.772296,-122.225312,,,,,A,NO PEDESTRIANS INVOLVED,8/17/2024 1:35:00 PM,A,VC 22350,False,1,I-880 S/B,,,8/22/2024 11:50:00 AM,A,N,1600.0,HIGH ST,F,,D,8/22/2024 11:50:01 AM,8/22/2024 11:50:01 AM,False,True,4,,8/17/2024 2:00:00 PM,1400,False,,,True
4365870,24-034334,2,False,0109,7/10/2024 1:25:00 AM,125,19X,14,109,Oakland,1,True,True,E,HIT OBJECT,,Wednesday,,,,,False,False,True,,I,FIXED OBJECT,,0,0,C,DARK-STREET LIGHTS,,,,,,,A,NO PEDESTRIANS INVOLVED,,A,22350,,1,1ST AV,1,,,A,N,45.0,INTERNATIONAL BL,F,,A,8/22/2024 11:10:19 AM,1/28/2025 11:43:41 AM,,,2,,,,,,,
4365860,24-034197,2,False,0109,7/9/2024 11:30:00 AM,1130,33X,14,109,Oakland,1,True,True,C,REAR END,,Tuesday,,,M,,False,False,False,,C,OTHER MOTOR VEHICLE,,0,0,A,DAYLIGHT,,,,,,,A,NO PEDESTRIANS INVOLVED,,A,21703,,1,95TH AV,2,,,A,,,INTERNATIONAL BL,,,D,8/22/2024 11:05:19 AM,1/28/2025 11:43:41 AM,,,2,,,,,,,
4365849,24-038169,2,False,0109,7/31/2024 1:00:00 PM,1300,26X,14,109,Oakland,1,True,True,B,SIDE SWIPE,,Wednesday,,,M,,False,False,True,,C,OTHER MOTOR VEHICLE,,0,0,A,DAYLIGHT,,,,,,,A,NO PEDESTRIANS INVOLVED,,A,22350,,1,75TH AV,2,,,A,,,INTERNATIONAL BL,,,D,8/22/2024 11:00:19 AM,1/28/2025 11:43:41 AM,,,2,,,,,,,
4365811,24-037186,2,False,0109,7/26/2024 9:41:00 AM,941,32X,14,109,Oakland,1,True,True,C,REAR END,,Friday,,,M,,False,False,True,,E,PARKED MOTOR VEHICLE,,0,0,A,DAYLIGHT,,,,,,,A,NO PEDESTRIANS INVOLVED,,A,22107,,1,PLYMOUTH ST,2,,,A,,,100TH AV,,,A,8/22/2024 10:45:18 AM,1/28/2025 11:43:41 AM,,,2,,,,,,,
4365792,24-036006,2,False,0109,7/19/2024 6:26:00 PM,1826,24X,14,109,Oakland,1,True,True,B,SIDE SWIPE,,Friday,,,,,False,False,True,,C,OTHER MOTOR VEHICLE,,0,0,A,DAYLIGHT,,,,,,,A,NO PEDESTRIANS INVOLVED,,A,22107,,1,LYON AV,2,,,A,W,15.0,38TH AV,F,,D,8/22/2024 10:35:18 AM,1/28/2025 11:43:41 AM,,,2,,,,,,,
4365791,24-031781,2,False,0109,6/25/2024 11:48:00 PM,2348,21Y,14,109,Oakland,1,True,True,A,HEAD-ON,,Tuesday,,,,,False,False,False,,C,OTHER MOTOR VEHICLE,,0,0,C,DARK-STREET LIGHTS,,,,,,,A,NO PEDESTRIANS INVOLVED,,D,,,,COOLIDGE AV,2,,,A,W,10.0,SUTER ST,F,,A,8/22/2024 10:35:18 AM,1/28/2025 11:43:37 AM,,,2,,,,,,,
4365790,24-028416,2,False,0109,6/8/2024 11:21:00 PM,2321,30X,14,109,Oakland,1,True,True,B,SIDE SWIPE,,Saturday,,,,,False,False,False,,E,PARKED MOTOR VEHICLE,,0,0,C,DARK-STREET LIGHTS,,,,,,,A,NO PEDESTRIANS INVOLVED,,A,23152A,,1,73RD AV,2,,,A,,,ORRAL ST,,,B,8/22/2024 10:35:18 AM,1/28/2025 11:43:37 AM,,,2,,,,,,,
4365777,24-037980,2,False,0109,7/30/2024 8:14:00 AM,814,26X,14,109,Oakland,1,True,True,B,SIDE SWIPE,,Tuesday,,,,,False,False,False,,C,OTHER MOTOR VEHICLE,,0,0,A,DAYLIGHT,,,,,,,A,NO PEDESTRIANS INVOLVED,,A,22107,,1,HEGENBERGER RD,2,,,A,,,INTERNATIONAL BL,,,A,8/22/2024 10:30:18 AM,1/28/2025 11:43:41 AM,,,2,,,,,,,
4365764,24-032606,2,False,0109,6/30/2024 10:04:00 PM,2204,31X,14,109,Oakland,1,True,True,E,HIT OBJECT,,Sunday,,,,,False,False,False,,I,FIXED OBJECT,,0,0,C,DARK-STREET LIGHTS,,,,,,,A,NO PEDESTRIANS INVOLVED,,A,23152,,1,AIRPORT ACCESS RD,2,,,A,N,93.0,DOOLITTLE DR,F,,A,8/22/2024 10:25:19 AM,1/28/2025 11:43:37 AM,,,2,,,,,,,
4365671,24-016928,2,False,0109,4/21/2024 12:19:00 PM,1219,32Y,14,109,Oakland,1,True,True,H,OTHER,,Sunday,,,F,,False,False,False,,C,OTHER MOTOR VEHICLE,,1,0,A,DAYLIGHT,,,,,,,A,NO PEDESTRIANS INVOLVED,,A,22107,,1,108TH AV,2,,,A,S,30.0,FOOTHILL BL,F,,D,8/22/2024 9:50:15 AM,1/28/2025 11:45:10 AM,,,2,,,,,,,
4365666,24-019045,2,False,0109,4/17/2024 9:08:00 PM,2108,17Y,14,109,Oakland,1,True,True,A,HEAD-ON,,Wednesday,,,,,False,False,False,,C,OTHER MOTOR VEHICLE,,3,0,C,DARK-STREET LIGHTS,,,,,,,A,NO PEDESTRIANS INVOLVED,,A,21801A,,1,PARK BL,1,,,A,,,E 28TH ST,,,D,8/22/2024 9:50:14 AM,1/28/2025 11:45:10 AM,,,2,,,,,,,
4365648,24-006142,2,False,0109,2/3/2024 7:40:00 PM,1940,30Y,14,109,Oakland,1,True,True,B,SIDE SWIPE,,Saturday,,,M,,False,False,False,,E,PARKED MOTOR VEHICLE,,0,0,C,DARK-STREET LIGHTS,,,,,,,A,NO PEDESTRIANS INVOLVED,,A,22107,,1,82ND AV,2,,,B,N,5.0,GOLF LINKS RD,F,,D,8/22/2024 9:45:13 AM,1/28/2025 11:22:30 AM,,,2,,,,,,,
4365619,24-031571,2,False,0109,6/24/2024 6:10:00 PM,1810,30X,14,109,Oakland,1,True,True,B,SIDE SWIPE,,Monday,,,M,,False,False,False,,E,PARKED MOTOR VEHICLE,,0,0,A,DAYLIGHT,,,,,,,A,NO PEDESTRIANS INVOLVED,,D,,,,ALDER ST,2,,,A,E,100.0,78TH AV,F,,D,8/22/2024 9:35:13 AM,1/28/2025 11:43:38 AM,,,2,,,,,,,
4365575,24-030166,2,False,0109,6/17/2024 5:22:00 PM,1722,07X,14,109,Oakland,1,True,True,A,HEAD-ON,,Monday,,,M,,False,False,False,,C,OTHER MOTOR VEHICLE,,0,0,A,DAYLIGHT,,,,,,,A,NO PEDESTRIANS INVOLVED,,A,22350,,1,26TH ST,1,,,A,,,MYRTLE ST,,,A,8/22/2024 9:20:13 AM,1/28/2025 11:43:38 AM,,,2,,,,,,,
4365561,24-029671,2,False,0109,6/14/2024 10:53:00 PM,2253,30X,14,109,Oakland,1,True,True,C,REAR END,,Friday,,,M,,False,False,True,,C,OTHER MOTOR VEHICLE,,0,0,C,DARK-STREET LIGHTS,,,,,,,A,NO PEDESTRIANS INVOLVED,,A,22350,,1,73RD AV,2,,,A,N,30.0,FRESNO ST,F,,A,8/22/2024 9:15:13 AM,1/28/2025 11:43:38 AM,,,2,,,,,,,
4365535,24-006774,2,False,0109,2/7/2024 8:22:00 AM,822,29X,14,109,Oakland,1,True,True,B,SIDE SWIPE,,Wednesday,,,,,False,False,False,,E,PARKED MOTOR VEHICLE,,0,0,A,DAYLIGHT,,,,,,,A,NO PEDESTRIANS INVOLVED,,A,22107,,1,64TH AV,2,,,B,,,MONADNOCK WY,,,D,8/22/2024 9:10:11 AM,1/28/2025 11:21:30 AM,,,2,,,,,,,
4365502,24-031697,2,False,0109,6/25/2024 2:16:00 PM,1416,23X,14,109,Oakland,1,True,True,D,BROADSIDE,,Tuesday,,,M,,False,False,False,,C,OTHER MOTOR VEHICLE,,1,0,A,DAYLIGHT,,,,,,,A,NO PEDESTRIANS INVOLVED,,A,22450A,,1,SAN LEANDRO BL,2,,,A,,,34TH AV,,,D,8/22/2024 9:00:10 AM,1/28/2025 11:43:38 AM,,,2,,,,,,,
4365481,24-027768,2,False,0109,6/5/2024 6:48:00 AM,648,03X,14,109,Oakland,1,True,True,D,BROADSIDE,,Wednesday,,,M,,False,False,False,,C,OTHER MOTOR VEHICLE,,0,0,A,DAYLIGHT,,,,,,,A,NO PEDESTRIANS INVOLVED,,A,21453A,,1,MARTIN LUTHER KING JR WY,1,,,A,,,11TH ST,,,A,8/22/2024 8:55:09 AM,1/28/2025 11:43:38 AM,,,2,,,,,,,
4365427,24-016701,2,False,0109,4/4/2024 11:13:00 PM,2313,30Y,14,109,Oakland,1,True,True,D,BROADSIDE,,Thursday,,,,,False,False,False,,C,OTHER MOTOR VEHICLE,,1,0,D,DARK-NO STREET LIGHTS,,,,,,,A,NO PEDESTRIANS INVOLVED,,A,22107,,1,73RD AV,2,,,B,,,BANTRY AV,,,D,8/22/2024 8:40:07 AM,1/28/2025 11:43:17 AM,,,2,,,,,,,
4365322,9370-2024-02619,1,False,9370,8/17/2024 3:22:00 AM,322,177,14,109,Oakland,1,True,True,E,HIT OBJECT,,Saturday,Yes,False,,,False,True,True,ALAMEDA SUPERIOR COURT WILEY W. MANUEL COURTHOUSE,I,FIXED OBJECT,CONCRETE BARRIER WALL,1,0,C,DARK-STREET LIGHTS,37.798702,-122.275451,,,,,A,NO PEDESTRIANS INVOLVED,8/17/2024 3:22:00 AM,A,VC 23152(A),True,1,I-880 S/B,,,8/22/2024 7:57:56 AM,A,N,150.0,BROADWAY,F,,D,8/22/2024 7:57:58 AM,8/22/2024 7:57:58 AM,False,True,4,,8/17/2024 3:24:00 AM,324,False,,,True
4365319,24-001324,1,False,3300,8/6/2024 11:02:00 AM,1102,A12,14,109,Oakland,1,True,True,C,REAR END,,Tuesday,Yes,True,,,False,False,False,RENE C. DAVIDSON COURTHOUSE,C,OTHER MOTOR VEHICLE,,0,0,A,DAYLIGHT,37.78724,-122.24503,,,,,A,NO PEDESTRIANS INVOLVED,,A,Collision-  No Injur,False,1,16TH AV,19X,,,A,,,E. 12TH ST,,,B,8/22/2024 7:57:11 AM,8/22/2024 7:57:11 AM,,,4,,,,,,,
4365307,24-001332,1,False,3300,8/7/2024 8:57:00 AM,857,A4,14,109,Oakland,1,True,True,H,OTHER,,Wednesday,Yes,True,M,,False,False,True,OAKLAND CIVIL COURT DIVISION,E,PARKED MOTOR VEHICLE,,0,0,C,DARK-STREET LIGHTS,37.76026,-122.19732,,,,,A,NO PEDESTRIANS INVOLVED,,A,20002(A) VC,False,1,1150 65TH AV,26Y,,,A,,,1135 65TH AV,,,D,8/22/2024 7:53:24 AM,8/22/2024 7:53:24 AM,,,4,,,,,,,
4365303,24-001366,1,False,3300,8/14/2024 10:12:00 AM,1012,A12,14,109,Oakland,1,True,True,B,SIDE SWIPE,,Wednesday,Yes,True,M,,False,False,False,WILEY W. MANUEL COURTHOUSE,E,PARKED MOTOR VEHICLE,,0,0,D,DARK-NO STREET LIGHTS,37.79154,-122.24016,,,,,A,NO PEDESTRIANS INVOLVED,,A,20002(A) VC,False,2,1632 E 19TH ST,18X,,,A,,,17TH AVE,,,D,8/22/2024 7:51:36 AM,8/22/2024 7:51:36 AM,,,4,,,,,,,
4365295,9370-2024-02587,1,False,9370,8/15/2024 12:08:00 AM,8,177,14,109,Oakland,1,True,True,B,SIDE SWIPE,,Thursday,Yes,False,M,,False,True,False,ALAMEDA SUPERIOR COURT WILEY W. MANUEL COURTHOUSE,D,MOTOR VEHICLE ON OTHER ROADWAY,,0,0,D,DARK-NO STREET LIGHTS,37.788977,-122.252728,,,,,A,NO PEDESTRIANS INVOLVED,8/15/2024 12:08:00 AM,A,VC 21658(A),False,1,I-880 N/B (NIMITZ FREEWAY),,,8/22/2024 7:50:04 AM,A,S,2141.0,5TH AVENUE,F,,D,8/22/2024 7:50:07 AM,8/22/2024 7:50:07 AM,False,True,4,,8/15/2024 12:11:00 AM,11,False,,,True
4365263,24-015200,2,False,0109,3/26/2024 8:06:00 PM,2006,10Y,14,109,Oakland,1,True,True,D,BROADSIDE,,Tuesday,,,,,False,False,True,,,,,1,0,C,DARK-STREET LIGHTS,,,,,,,A,NO PEDESTRIANS INVOLVED,,A,21453A,,,MARTIN LUTHER KING JR WY,1,,,A,,,40TH ST,,,A,8/22/2024 7:45:03 AM,1/28/2025 11:16:51 AM,,,2,,,,,,,
4365259,9370-2024-02572,1,False,9370,8/13/2024 12:19:00 AM,19,177,14,109,Oakland,1,True,True,E,HIT OBJECT,,Tuesday,NotApplicable,False,M,,False,True,False,ALAMEDA SUPERIOR COURT WILEY W. MANUEL COURTHOUSE,I,FIXED OBJECT,LIGHT POLE,1,0,C,DARK-STREET LIGHTS,37.779861,-122.238449,,,,,A,NO PEDESTRIANS INVOLVED,8/13/2024 12:19:00 AM,A,VC 22107,False,1,I-880 S/B,,,8/22/2024 7:42:21 AM,A,N,1937.0,23RD AVE,F,,D,8/22/2024 7:42:21 AM,8/22/2024 7:42:21 AM,False,True,4,,8/13/2024 12:21:00 AM,21,False,,,True
4365257,9370-2024-02559,1,False,9370,8/11/2024 10:48:00 PM,2248,052,14,109,Oakland,1,True,True,F,OVERTURNED,,Sunday,NotApplicable,False,,,False,True,False,ALAMEDA SUPERIOR COURT WILEY W. MANUEL COURTHOUSE,A,NON-COLLISION,,1,0,D,DARK-NO STREET LIGHTS,37.775309,-122.16158,,,,,A,NO PEDESTRIANS INVOLVED,8/11/2024 10:48:00 PM,A,VC 23152(a),True,1,I-580 W/B (MACARTHUR FREEWAY),,,8/22/2024 7:40:27 AM,A,W,1905.0,KELLER AVENUE,F,,D,8/22/2024 7:40:29 AM,8/22/2024 7:40:29 AM,False,True,4,True,8/11/2024 10:50:00 PM,2250,False,,,True
4365180,24-024726,2,False,0109,5/19/2024 1:37:00 PM,1337,23X,14,109,Oakland,1,True,True,A,HEAD-ON,,Sunday,,,F,,False,False,False,,B,PEDESTRIAN,,1,0,A,DAYLIGHT,,,,,,,B,CROSSING IN CROSS WALK AT INTERSECTION,,A,22350,,1,INTERNATIONAL BL,2,,,A,,,37TH AV,,,D,8/22/2024 7:14:59 AM,1/28/2025 11:43:35 AM,,,2,,,,,,,
4365110,24-010139,2,False,0109,2/27/2024 11:47:00 AM,1147,05Y,14,109,Oakland,1,True,True,D,BROADSIDE,,Tuesday,,,,,False,False,False,,C,OTHER MOTOR VEHICLE,,1,0,A,DAYLIGHT,,,,,,,A,NO PEDESTRIANS INVOLVED,,A,21453A,,,W GRAND AV,1,,,A,,,MANDELA PKWY,,,A,8/22/2024 6:44:55 AM,1/28/2025 11:36:00 AM,,,2,,,,,,,
4365103,24-003966,2,False,0109,1/23/2024 11:00:00 AM,1100,26Y,14,109,Oakland,1,True,True,D,BROADSIDE,,Tuesday,,,,,False,False,False,,C,OTHER MOTOR VEHICLE,,2,0,A,DAYLIGHT,,,,,,,A,NO PEDESTRIANS INVOLVED,,A,21802A,,1,HAMILTON ST,2,,,A,,,73RD AV,,,D,8/22/2024 6:39:55 AM,1/28/2025 11:36:16 AM,,,2,,,,,,,
4364593,9370-2024-02569,1,False,9370,8/12/2024 4:15:00 PM,1615,176,14,109,Oakland,1,True,True,C,REAR END,,Monday,NotApplicable,False,M,,False,True,False,ALAMEDA SUPERIOR COURT WILEY W. MANUEL COURTHOUSE,C,OTHER MOTOR VEHICLE,,1,0,A,DAYLIGHT,37.773084,-122.227683,,,,,A,NO PEDESTRIANS INVOLVED,8/12/2024 4:15:00 PM,A,VC 21658(A),False,1,I-880 SOUTHBOUND,,,8/21/2024 5:31:30 PM,A,S,69.0,FRUITVALE AVENUE,F,,D,8/21/2024 5:31:31 PM,8/21/2024 5:31:31 PM,False,True,4,,8/12/2024 4:19:00 PM,1619,False,,,True