collision-id,report-number,report-version,is-preliminary,ncic-code,crash-date-time,crash-time-description,beat,city-id,city-code,city-name,county-code,city-is-active,city-is-incorporated,collision-type-code,collision-type-description,collision-type-other-desc,day-of-week,dispatch-notified,has-photographs,hit-run,is-attachments-mailed,is-deleted,is-highway-related,is-tow-away,judicial-district,motor-vehicle-involved-with-code,motor-vehicle-involved-with-desc,motor-vehicle-involved-with-other-desc,number-injured,number-killed,lighting-code,lighting-description,latitude,longitude,milepost-direction,milepost-distance,milepost-marker,milepost-unit-of-measure,pedestrian-action-code,pedestrian-action-desc,prepared-date,primary-collision-factor-code,primary-collision-factor-description,primary-collision-factor-is-cited,primary-collision-party-number,primary-road,reporting-district,reporting-district-code,reviewed-date,roadway-surface-code,secondary-direction,secondary-distance,secondary-road,secondary-unit-of-measure,sketch-desc,traffic-control-device-code,created-date,modified-date,is-county-road,is-freeway,chp-555-version,is-additonal-object-struck,notification-date,notification-time-description,has-digital-media-files,evidence-number,is-location-refer-to-narrative,is-aoi-one-same-as-location
4364592,9370-2024-02603,1,False,9370,8/16/2024 8:55:00 AM,855,024,14,109,Oakland,1,True,True,C,REAR END,,Friday,NotApplicable,False,,,False,True,False,ALAMEDA SUPERIOR COURT WILEY W. MANUEL COURTHOUSE,C,OTHER MOTOR VEHICLE,,0,0,A,DAYLIGHT,37.829395,-122.267606,,,,,A,NO PEDESTRIANS INVOLVED,8/16/2024 8:55:00 AM,A,VC 22350,False,1,SR-24 W/B,,,8/21/2024 5:30:47 PM,A,W,40.0,40TH STREET,F,,D,8/21/2024 5:30:49 PM,8/21/2024 5:30:49 PM,False,True,4,,8/16/2024 9:00:00 AM,900,False,,,True
4364561,24-020231,2,False,0109,4/24/2024 7:32:00 PM,1932,23X,14,109,Oakland,1,True,True,B,SIDE SWIPE,,Wednesday,,,F,,False,False,False,,G,BICYCLE,,1,0,A,DAYLIGHT,,,,,,,E,IN ROAD - INCLUDES SHOULDER,,A,22107,,1,FOOTHILL BL,2,,,A,,,34TH AV,,,A,8/21/2024 4:34:52 PM,1/28/2025 11:43:17 AM,,,2,,,,,,,
4364560,24-020281,2,False,0109,4/25/2024 2:06:00 AM,206,32X,14,109,Oakland,1,True,True,A,HEAD-ON,,Thursday,,,M,,False,False,True,,C,OTHER MOTOR VEHICLE,,1,0,C,DARK-STREET LIGHTS,,,,,,,A,NO PEDESTRIANS INVOLVED,,A,21453A,,1,100TH AV,2,,,A,,,INTERNATIONAL BL,,,A,8/21/2024 4:34:52 PM,1/28/2025 11:45:10 AM,,,2,,,,,,,
4364553,24-018286,2,False,0109,4/14/2024 10:34:00 AM,1034,07X,14,109,Oakland,1,True,True,F,OVERTURNED,,Sunday,,,,,False,False,False,,B,PEDESTRIAN,,1,0,A,DAYLIGHT,,,,,,,B,CROSSING IN CROSS WALK AT INTERSECTION,,A,21950A,,1,W GRAND AV,1,,,A,,,SAN PABLO AV,,,A,8/21/2024 4:29:52 PM,1/28/2025 11:45:10 AM,,,2,,,,,,,
4364499,9370-2024-02631,1,False,9370,8/18/2024 10:41:00 AM,1041,055,14,109,Oakland,1,True,True,C,REAR END,,Sunday,NotApplicable,False,,,False,True,True,ALAMEDA SUPERIOR COURT WILEY W. MANUEL COURTHOUSE,C,OTHER MOTOR VEHICLE,,1,0,A,DAYLIGHT,37.827443,-122.28088,,,,,A,NO PEDESTRIANS INVOLVED,8/18/2024 10:41:00 AM,A,VC 22350,False,1,I-580 W/B,,,8/21/2024 3:32:34 PM,A,W,400.0,SAN PABLO AVENUE,F,,D,8/21/2024 3:32:35 PM,8/21/2024 3:32:35 PM,False,True,4,,8/18/2024 10:42:00 AM,1042,False,,,True
4364470,24-015174,2,False,0109,3/26/2024 2:31:00 PM,1431,25X,14,109,Oakland,1,True,True,D,BROADSIDE,,Tuesday,,,,,False,False,False,,C,OTHER MOTOR VEHICLE,,1,0,A,DAYLIGHT,,,,,,,A,NO PEDESTRIANS INVOLVED,,A,21802A,,1,38TH AV,1,,,A,,,QUIGLEY ST,,,D,8/21/2024 3:14:52 PM,1/28/2025 11:45:10 AM,,,2,,,,,,,
4364456,24-011896,2,False,0109,3/7/2024 8:00:00 PM,2000,14X,14,109,Oakland,1,True,True,B,SIDE SWIPE,,Thursday,,,F,,False,False,False,,B,PEDESTRIAN,,1,0,B,DUSK-DAWN,,,,,,,D,CROSSING - NOT IN CROSSWALK,,A,22350,,1,PRINCE ST,1,,,A,N,25.0,YORK ST,F,,D,8/21/2024 3:04:52 PM,1/28/2025 11:45:10 AM,,,2,,,,,,,
4364428,9370-2024-02650,1,False,9370,8/20/2024 2:00:00 PM,1400,055,14,109,Oakland,1,True,True,C,REAR END,,Tuesday,NotApplicable,False,,,False,True,False,ALAMEDA SUPERIOR COURT WILEY W. MANUEL COURTHOUSE,C,OTHER MOTOR VEHICLE,,0,0,A,DAYLIGHT,37.827283,-122.28492,,,,,A,NO PEDESTRIANS INVOLVED,8/20/2024 2:00:00 PM,A,VC 21658(A),False,1,I-580 W/B,,,8/21/2024 2:48:14 PM,A,E,60.0,HOLLIS ST,F,,D,8/21/2024 2:48:17 PM,8/21/2024 2:48:17 PM,False,True,4,,8/20/2024 2:05:00 PM,1405,False,,,True
4364324,9370-2024-02648,1,False,9370,8/20/2024 3:20:00 PM,1520,176,14,109,Oakland,1,True,True,A,HEAD-ON,,Tuesday,NotApplicable,False,,,False,True,False,ALAMEDA SUPERIOR COURT WILEY W. MANUEL COURTHOUSE,C,OTHER MOTOR VEHICLE,,1,0,A,DAYLIGHT,37.744179,-122.199686,,,,,A,NO PEDESTRIANS INVOLVED,8/20/2024 3:20:00 PM,A,VC 22350,False,1,I-880 S/B,,,8/21/2024 1:58:43 PM,A,N,1500.0,HEGENBERGER ROAD,F,,D,8/21/2024 1:58:46 PM,8/21/2024 1:58:46 PM,False,True,4,,8/20/2024 3:25:00 PM,1525,False,,,True
4364229,24-035853,2,False,0109,7/18/2024 1:07:00 PM,1307,17X,14,109,Oakland,1,True,True,G,VEHICLE/PEDESTRAIN,,Thursday,,,M,,False,False,False,,B,PEDESTRIAN,,1,0,A,DAYLIGHT,,,,,,,B,CROSSING IN CROSS WALK AT INTERSECTION,,A,21950A,,1,BEAUMONT AV,1,,,A,,,E 32ND ST,,,D,8/21/2024 1:24:51 PM,1/28/2025 11:43:33 AM,,,2,,,,,,,
4364212,24-035951,2,False,0109,7/19/2024 11:55:00 AM,1155,30X,14,109,Oakland,1,True,True,C,REAR END,,Friday,,,,,False,False,False,,C,OTHER MOTOR VEHICLE,,2,0,A,DAYLIGHT,,,,,,,A,NO PEDESTRIANS INVOLVED,,A,22350,,1,INTERNATIONAL BL,2,,,A,E,100.0,72ND AV,F,,A,8/21/2024 1:19:50 PM,1/28/2025 11:43:33 AM,,,2,,,,,,,
4364142,24-024883,2,False,0109,5/20/2024 12:30:00 AM,30,15X,14,109,Oakland,1,True,True,B,SIDE SWIPE,,Monday,,,M,,False,False,False,,C,OTHER MOTOR VEHICLE,,1,0,D,DARK-NO STREET LIGHTS,,,,,,,A,NO PEDESTRIANS INVOLVED,,A,22107,,1,ACTON PL,1,,,A,S,130.0,LESTER AV,F,,D,8/21/2024 12:59:49 PM,1/28/2025 11:43:35 AM,,,2,,,,,,,
4364131,24-035019,2,False,0109,7/14/2024 12:34:00 AM,34,17X,14,109,Oakland,1,True,True,D,BROADSIDE,,Sunday,,,M,,False,False,True,,C,OTHER MOTOR VEHICLE,,1,0,B,DUSK-DAWN,,,,,,,A,NO PEDESTRIANS INVOLVED,,A,22450A,,1,12TH AV,2,,,A,,,18TH AV,,,D,8/21/2024 12:54:49 PM,1/28/2025 11:43:34 AM,,,2,,,,,,,
4364119,24-022090,2,False,0109,5/5/2024 4:00:00 PM,1600,27X,14,109,Oakland,1,True,True,B,SIDE SWIPE,,Sunday,,,M,,False,False,False,,C,OTHER MOTOR VEHICLE,,1,0,A,DAYLIGHT,,,,,,,A,NO PEDESTRIANS INVOLVED,,A,22107,,1,BANCROFT AV,2,,,A,,,FAIRFAX AV,,,A,8/21/2024 12:49:48 PM,1/28/2025 11:43:34 AM,,,2,,,,,,,
4364116,24-033600,2,False,0109,7/6/2024 12:44:00 PM,1244,19X,14,109,Oakland,1,True,True,D,BROADSIDE,,Saturday,,,M,,False,False,False,,C,OTHER MOTOR VEHICLE,,1,0,A,DAYLIGHT,,,,,,,A,NO PEDESTRIANS INVOLVED,,A,22107,,1,E 11TH ST,1,,,A,E,5.0,23RD AV,F,,A,8/21/2024 12:49:47 PM,1/28/2025 11:43:34 AM,,,2,,,,,,,
4364107,24-022010,2,False,0109,5/5/2024 1:00:00 AM,100,07X,14,109,Oakland,1,True,True,B,SIDE SWIPE,,Sunday,,,,,False,False,False,,E,PARKED MOTOR VEHICLE,,1,0,C,DARK-STREET LIGHTS,,,,,,,A,NO PEDESTRIANS INVOLVED,,A,22107,,1,MARKET ST,2,,,A,N,200.0,27TH ST,F,,D,8/21/2024 12:44:47 PM,1/28/2025 11:43:34 AM,,,2,,,,,,,
4364106,24-035999,2,False,0109,7/19/2024 5:48:00 PM,1748,17X,14,109,Oakland,1,True,True,D,BROADSIDE,,Friday,,,,,False,False,False,,C,OTHER MOTOR VEHICLE,,1,0,A,DAYLIGHT,,,,,,,A,NO PEDESTRIANS INVOLVED,,A,21453A,,1,E 18TH ST,1,,,A,,,4TH ST,,,A,8/21/2024 12:44:47 PM,1/28/2025 11:43:34 AM,,,2,,,,,,,
4364099,24-023433,2,False,0109,5/12/2024 5:50:00 PM,1750,30X,14,109,Oakland,1,True,True,B,SIDE SWIPE,,Sunday,,,M,,False,False,False,,C,OTHER MOTOR VEHICLE,,1,0,A,DAYLIGHT,,,,,,,A,NO PEDESTRIANS INVOLVED,,A,21750,,1,75TH AV,2,,,A,,,INTERNATIONAL BL,,,A,8/21/2024 12:39:47 PM,1/28/2025 11:43:34 AM,,,2,,,,,,,
4364098,24-021665,2,False,0109,5/2/2024 10:34:00 PM,2234,05X,14,109,Oakland,1,True,True,A,HEAD-ON,,Thursday,,,,,False,False,False,,I,FIXED OBJECT,,1,0,C,DARK-STREET LIGHTS,,,,,,,A,NO PEDESTRIANS INVOLVED,,A,22107,,1,GRAND AV,1,,,A,S,32.0,MARKET ST,F,,A,8/21/2024 12:39:47 PM,1/28/2025 11:43:34 AM,,,2,,,,,,,
4364090,24-023890,2,False,0109,5/15/2024 3:29:00 AM,329,27X,14,109,Oakland,1,True,True,B,SIDE SWIPE,,Wednesday,,,,,False,False,False,,C,OTHER MOTOR VEHICLE,,1,0,C,DARK-STREET LIGHTS,,,,,,,A,NO PEDESTRIANS INVOLVED,,A,21802A,,1,BANCROFT AV,2,,,A,,,AVENAL ST,,,D,8/21/2024 12:34:47 PM,1/28/2025 11:43:34 AM,,,2,,,,,,,
4364087,24-036670,2,False,0109,7/23/2024 3:01:00 PM,1501,19X,14,109,Oakland,1,True,True,B,SIDE SWIPE,,Tuesday,,,M,,False,False,True,,C,OTHER MOTOR VEHICLE,,2,0,A,DAYLIGHT,,,,,,,A,NO PEDESTRIANS INVOLVED,,A,21655B,,1,22ND AV,1,,,A,,,INTERNATIONAL BL,,,A,8/21/2024 12:34:47 PM,1/28/2025 11:43:34 AM,,,2,,,,,,,
4364067,24-024411,2,False,0109,5/17/2024 12:56:00 PM,1256,31Y,14,109,Oakland,1,True,True,A,HEAD-ON,,Friday,,,,,False,False,False,,C,OTHER MOTOR VEHICLE,,2,0,A,DAYLIGHT,,,,,,,A,NO PEDESTRIANS INVOLVED,,A,21801A,,1,EMPIRE RD,2,,,A,,,KOFORD RD,,,D,8/21/2024 12:24:47 PM,1/28/2025 11:43:35 AM,,,2,,,,,,,
4364054,24-021755,2,False,0109,5/3/2024 1:16:00 PM,1316,09X,14,109,Oakland,1,True,True,D,BROADSIDE,,Friday,,,M,,False,False,False,,C,OTHER MOTOR VEHICLE,,2,0,A,DAYLIGHT,,,,,,,A,NO PEDESTRIANS INVOLVED,,A,21804A,,2,45TH ST,1,,,A,N,7.0,LAWTON AV,F,,D,8/21/2024 12:19:46 PM,1/28/2025 11:43:34 AM,,,2,,,,,,,
4364033,24-025673,2,False,0109,5/24/2024 5:18:00 PM,1718,23X,14,109,Oakland,1,True,True,D,BROADSIDE,,Friday,,,,,False,False,False,,,,,1,0,A,DAYLIGHT,,,,,,,A,NO PEDESTRIANS INVOLVED,,A,21453A,,1,42ND AV,2,,,A,,,FOOTHILL BL,,,A,8/21/2024 12:09:45 PM,1/28/2025 11:43:34 AM,,,2,,,,,,,
4364027,24-022553,2,False,0109,5/7/2024 5:10:00 PM,1710,04X,14,109,Oakland,1,True,True,B,SIDE SWIPE,,Tuesday,,,,,False,False,False,,D,MOTOR VEHICLE ON OTHER ROADWAY,,2,0,A,DAYLIGHT,,,,,,,A,NO PEDESTRIANS INVOLVED,,A,21453A,,1,FRANKLIN ST,1,,,A,,,20TH ST,,,A,8/21/2024 12:04:45 PM,1/28/2025 11:43:34 AM,,,2,,,,,,,
4364019,24-023062,2,False,0109,5/10/2024 12:56:00 PM,1256,35X,14,109,Oakland,1,True,True,D,BROADSIDE,,Friday,,,,,False,False,False,,C,OTHER MOTOR VEHICLE,,1,0,A,DAYLIGHT,,,,,,,A,NO PEDESTRIANS INVOLVED,,A,21453A,,1,94TH AV,2,,,A,,,BANCROFT AV,,,A,8/21/2024 11:59:45 AM,1/28/2025 11:43:34 AM,,,2,,,,,,,
4363993,9370-2024-02621,1,False,9370,8/18/2024 12:38:00 AM,38,052,14,109,Oakland,1,True,True,B,SIDE SWIPE,,Sunday,NotApplicable,False,M,,False,True,True,ALAMEDA SUPERIOR COURT WILEY W. MANUEL COURTHOUSE,C,OTHER MOTOR VEHICLE,,0,0,C,DARK-STREET LIGHTS,37.778074,-122.167795,,,,,A,NO PEDESTRIANS INVOLVED,8/18/2024 12:38:00 AM,A,VC 21658(A),False,1,I-580 W/B,,,8/21/2024 11:38:54 AM,A,W,1200.0,EDWARDS AVENUE,F,,D,8/21/2024 11:38:56 AM,8/21/2024 11:38:56 AM,False,True,4,,8/18/2024 12:40:00 AM,40,False,,,True
4363988,9370-2024-02641,1,False,9370,8/19/2024 6:09:00 PM,1809,177,14,109,Oakland,1,True,True,C,REAR END,,Monday,Yes,False,,,False,True,False,ALAMEDA SUPERIOR COURT WILEY W. MANUEL COURTHOUSE,C,OTHER MOTOR VEHICLE,,0,0,A,DAYLIGHT,37.796321,-122.27025,,,,,A,NO PEDESTRIANS INVOLVED,8/19/2024 6:09:00 PM,A,VC 22350,False,1,I-980 W/B TO JACKSON STREET,,,8/21/2024 11:36:40 AM,A,E,329.0,JACKSON STREET,F,,A,8/21/2024 11:36:44 AM,8/21/2024 11:36:44 AM,False,True,4,False,8/19/2024 6:10:00 PM,1810,False,,,
4363964,24-037057,2,False,0109,7/25/2024 2:16:00 PM,1416,31X,14,109,Oakland,1,True,True,D,BROADSIDE,,Thursday,,,,,False,False,False,,C,OTHER MOTOR VEHICLE,,0,0,A,DAYLIGHT,,,,,,,A,NO PEDESTRIANS INVOLVED,,A,21453A,,1,98TH AV,2,,,A,,,EDES AV,,,A,8/21/2024 11:24:45 AM,1/28/2025 11:43:17 AM,,,2,,,,,,,
4363882,9335-2024-01814,1,False,9335,8/9/2024 9:35:00 PM,2135,082,14,109,Oakland,1,True,True,E,HIT OBJECT,,Friday,NotApplicable,False,M,,False,True,True,ALAMEDA SUPERIOR COURT ALAMEDA,I,FIXED OBJECT,RAISED CONCRETE WALL,0,0,C,DARK-STREET LIGHTS,37.824701,-122.313718,,,,,A,NO PEDESTRIANS INVOLVED,8/9/2024 9:35:00 PM,A,VC 22107,False,1,I-80 W/B,,,8/21/2024 10:53:26 AM,A,W,45.0,SFOBB TOLL PLAZA,F,,D,8/21/2024 10:53:29 AM,8/21/2024 10:53:29 AM,False,True,4,,8/9/2024 9:40:00 PM,2140,False,,False,True
4363772,9370-2024-02583,1,False,9370,8/13/2024 9:40:00 PM,2140,053,14,109,Oakland,1,True,True,C,REAR END,,Tuesday,Yes,False,,,False,True,False,ALAMEDA SUPERIOR COURT WILEY W. MANUEL COURTHOUSE,C,OTHER MOTOR VEHICLE,,2,0,D,DARK-NO STREET LIGHTS,37.78943,-122.200934,,,,,A,NO PEDESTRIANS INVOLVED,8/13/2024 9:40:00 PM,A,VC 22350,True,1,I-580 E/B,,,8/21/2024 10:16:10 AM,A,W,130.0,38TH AVE,F,,D,8/21/2024 10:16:11 AM,8/21/2024 10:16:11 AM,False,True,4,,8/13/2024 9:49:00 PM,2149,False,,,True
4363748,9370-2024-02582,1,False,9370,8/13/2024 9:35:00 PM,2135,053,14,109,Oakland,1,True,True,B,SIDE SWIPE,,Tuesday,Yes,False,M,,False,True,False,ALAMEDA SUPERIOR COURT WILEY W. MANUEL COURTHOUSE,C,OTHER MOTOR VEHICLE,,0,0,D,DARK-NO STREET LIGHTS,37.789605,-122.201137,,,,,A,NO PEDESTRIANS INVOLVED,8/13/2024 9:35:00 PM,A,VC 21658(A),False,1,I-580 E/B,,,8/21/2024 10:03:59 AM,A,W,285.0,38TH AVE,F,,D,8/21/2024 10:04:01 AM,8/21/2024 10:04:01 AM,False,True,4,,8/13/2024 9:40:00 PM,2140,False,,,True
4363720,24-012690,2,False,0109,3/12/2024 7:07:00 PM,1907,04X,14,109,Oakland,1,True,True,H,OTHER,,Tuesday,,,,,False,False,False,,G,BICYCLE,,0,0,C,DARK-STREET LIGHTS,,,,,,,A,NO PEDESTRIANS INVOLVED,,A,21453A,,1,W GRAND AV,1,,,A,,,TELEGRAPH AV,,,A,8/21/2024 9:54:44 AM,1/28/2025 11:38:15 AM,,,2,,,,,,,
4363690,24-007048,2,False,0109,2/8/2024 8:15:00 PM,2015,19X,14,109,Oakland,1,True,True,H,OTHER,,Thursday,,,,,False,False,False,,G,BICYCLE,,0,0,C,DARK-STREET LIGHTS,,,,,,,A,NO PEDESTRIANS INVOLVED,,A,21802A,,1,4TH AV,1,,,A,,,FOOTHILL BL,,,C,8/21/2024 9:39:42 AM,1/28/2025 11:38:16 AM,,,2,,,,,,,
4363573,9370-2024-01944,1,False,9370,6/13/2024 11:34:00 PM,2334,052,14,109,Oakland,1,True,True,C,REAR END,,Thursday,Yes,False,F,,False,True,True,ALAMEDA SUPERIOR COURT WILEY W. MANUEL COURTHOUSE,C,OTHER MOTOR VEHICLE,,1,0,D,DARK-NO STREET LIGHTS,37.779668,-122.171239,,,,,A,NO PEDESTRIANS INVOLVED,6/13/2024 11:34:00 PM,A,VC 22350,False,1,I-580 E/B,,,8/21/2024 9:00:59 AM,A,E,795.0,KUHNLE AVENUE,F,,D,8/21/2024 9:01:00 AM,8/21/2024 9:01:00 AM,False,True,4,,6/13/2024 11:35:00 PM,2335,False,,,True
4363477,9370-2024-02550,1,False,9370,8/11/2024 5:05:00 AM,505,178,14,109,Oakland,1,True,True,B,SIDE SWIPE,,Sunday,NotApplicable,False,M,,False,True,False,ALAMEDA SUPERIOR COURT WILEY W. MANUEL COURTHOUSE,C,OTHER MOTOR VEHICLE,,0,0,D,DARK-NO STREET LIGHTS,37.814851,-122.300747,,,,,A,NO PEDESTRIANS INVOLVED,8/11/2024 5:05:00 AM,A,VC 21658(A),False,1,I-880 S/B,,,8/21/2024 8:36:55 AM,A,S,2400.0,WEST GRAND AVENUE,F,,D,8/21/2024 8:36:56 AM,8/21/2024 8:36:56 AM,False,True,4,,8/11/2024 5:05:00 AM,505,False,,,True
4363329,24-028976,2,False,0109,6/11/2024 8:45:00 AM,845,03X,14,109,Oakland,1,True,True,D,BROADSIDE,,Tuesday,,,,,False,False,False,,C,OTHER MOTOR VEHICLE,,0,0,A,DAYLIGHT,,,,,,,A,NO PEDESTRIANS INVOLVED,,A,21453A,,1,JEFFERSON ST,1,,,A,,,11TH ST,,,A,8/21/2024 7:34:29 AM,1/28/2025 11:43:17 AM,,,2,,,,,,,
4362758,9370-2024-02486,1,False,9370,8/5/2024 9:05:00 AM,905,176,14,109,Oakland,1,True,True,H,OTHER,BACKING,Monday,NotApplicable,False,M,,False,True,False,ALAMEDA SUPERIOR COURT WILEY W. MANUEL COURTHOUSE,C,OTHER MOTOR VEHICLE,,0,0,A,DAYLIGHT,37.733589,-122.189772,,,,,A,NO PEDESTRIANS INVOLVED,8/5/2024 9:05:00 AM,A,VC 22106,False,1,I-880 NORTHBOUND FROM 98TH AVENUE,,,8/20/2024 3:42:51 PM,A,N,700.0,98TH AVENUE,F,,A,8/20/2024 3:42:52 PM,8/20/2024 3:42:52 PM,False,True,4,,8/5/2024 9:15:00 AM,915,False,,,True
4362690,9370-2024-02488,1,False,9370,8/5/2024 6:38:00 AM,638,055,14,109,Oakland,1,True,True,B,SIDE SWIPE,,Monday,NotApplicable,False,M,,False,True,False,ALAMEDA SUPERIOR COURT WILEY W. MANUEL COURTHOUSE,C,OTHER MOTOR VEHICLE,,0,0,A,DAYLIGHT,37.776897,-122.164862,,,,,G,APPROACHING/LEAVING SCHOOL BUS,8/5/2024 6:38:00 AM,A,VC 21658(A),False,1,I-580 W/B,,,8/20/2024 2:43:03 PM,A,E,0.25,KELLER AVE,M,,D,8/20/2024 2:43:06 PM,8/20/2024 2:43:06 PM,False,True,4,,8/5/2024 7:23:00 AM,723,False,,,True
4362677,24-037946,2,False,0109,7/29/2024 11:30:00 PM,2330,23X,14,109,Oakland,1,True,True,C,REAR END,,Monday,,,M,,False,False,False,,C,OTHER MOTOR VEHICLE,,0,0,C,DARK-STREET LIGHTS,,,,,,,A,NO PEDESTRIANS INVOLVED,,A,22350,,1,FOOTHILL BL,2,,,A,E,5.0,38TH AV,F,,A,8/20/2024 2:34:22 PM,1/28/2025 11:43:37 AM,,,2,,,,,,,
4362673,9335-2024-01894,1,False,9335,8/20/2024 6:15:00 AM,615,090,14,109,Oakland,1,True,True,B,SIDE SWIPE,,Tuesday,NotApplicable,False,M,,False,True,False,ALAMEDA SUPERIOR COURT WILEY W. MANUEL COURTHOUSE,C,OTHER MOTOR VEHICLE,,0,0,A,DAYLIGHT,37.82458,-122.315579,,,,,A,NO PEDESTRIANS INVOLVED,8/20/2024 6:15:00 AM,A,VC 22107,False,2,I-80 W/B,,,8/20/2024 2:33:35 PM,A,W,491.0,TOLL PLAZA,F,,D,8/20/2024 2:33:38 PM,8/20/2024 2:33:38 PM,False,True,4,,8/20/2024 6:31:00 AM,631,False,,,True
4362669,24-034820,2,False,0109,7/12/2024 4:56:00 PM,1656,03X,14,109,Oakland,1,True,True,D,BROADSIDE,,Friday,,,,,False,False,False,,C,OTHER MOTOR VEHICLE,,0,0,A,DAYLIGHT,,,,,,,A,NO PEDESTRIANS INVOLVED,,A,21453A,,1,14TH,1,,,A,,,WEBSTER ST,,,A,8/20/2024 2:29:22 PM,1/28/2025 11:43:37 AM,,,2,,,,,,,
4362651,24-034470,2,False,0109,7/10/2024 5:23:00 PM,1723,19X,14,109,Oakland,1,True,True,D,BROADSIDE,,Wednesday,,,M,,False,False,True,,C,OTHER MOTOR VEHICLE,,0,0,A,DAYLIGHT,,,,,,,A,NO PEDESTRIANS INVOLVED,,A,21801A,,1,22ND AV,1,,,A,,,FOOTHILL BL,,,A,8/20/2024 2:24:21 PM,1/28/2025 11:43:37 AM,,,2,,,,,,,
4362623,24-036948,2,False,0109,7/25/2024 12:42:00 AM,42,03X,14,109,Oakland,1,True,True,E,HIT OBJECT,,Thursday,,,M,,False,False,False,,I,FIXED OBJECT,,0,0,C,DARK-STREET LIGHTS,,,,,,,A,NO PEDESTRIANS INVOLVED,,A,22107,,1,7TH ST,1,,,A,,,HARRISON ST,,,D,8/20/2024 2:14:21 PM,1/28/2025 11:43:37 AM,,,2,,,,,,,
4362619,24-037083,2,False,0109,7/25/2024 4:30:00 PM,1630,17X,14,109,Oakland,1,True,True,B,SIDE SWIPE,,Thursday,,,M,,False,False,False,,C,OTHER MOTOR VEHICLE,,0,0,A,DAYLIGHT,,,,,,,A,NO PEDESTRIANS INVOLVED,,A,22107,,1,MACARTHUR BL,1,,,A,W,20.0,LAKESHORE AV,F,,A,8/20/2024 2:14:20 PM,1/28/2025 11:43:37 AM,,,2,,,,,,,
4362449,24015981,2,False,0109,3/28/2024 1:00:00 PM,1300,29X,14,109,Oakland,1,True,True,B,SIDE SWIPE,,Thursday,,,M,,False,False,False,,E,PARKED MOTOR VEHICLE,,0,0,A,DAYLIGHT,,,,,,,A,NO PEDESTRIANS INVOLVED,,A,22107,,1,57TH AV,2,,,B,N,100.0,BRANN ST,F,,B,8/20/2024 1:24:12 PM,1/28/2025 11:43:26 AM,,,2,,,,,,,
4362375,9370-2024-02576,1,False,9370,8/13/2024 9:00:00 AM,900,177,14,109,Oakland,1,True,True,B,SIDE SWIPE,,Tuesday,No,False,M,,False,True,False,ALAMEDA SUPERIOR COURT WILEY W. MANUEL COURTHOUSE,C,OTHER MOTOR VEHICLE,,0,0,A,DAYLIGHT,37.787708,-122.248769,,,,,A,NO PEDESTRIANS INVOLVED,8/13/2024 9:00:00 AM,A,VC 21658(A),False,1,I-880 S/B,,,8/20/2024 12:57:24 PM,A,S,446.194,16TH AVE,F,,D,8/20/2024 12:57:28 PM,8/20/2024 12:57:28 PM,False,True,4,,8/13/2024 9:06:00 AM,906,False,,,True
4362281,9370-2024-02303,1,False,9370,7/18/2024 3:30:00 PM,1530,053,14,109,Oakland,1,True,True,C,REAR END,,Thursday,NotApplicable,False,M,,False,True,False,ALAMEDA SUPERIOR COURT WILEY W. MANUEL COURTHOUSE,C,OTHER MOTOR VEHICLE,,0,0,A,DAYLIGHT,37.7899,-122.201386,,,,,A,NO PEDESTRIANS INVOLVED,7/18/2024 3:30:00 PM,A,VC 22350,False,1,I-580 E/B,,,8/20/2024 12:23:57 PM,A,W,400.0,HIGH STREET,F,,D,8/20/2024 12:24:00 PM,8/20/2024 12:24:00 PM,False,True,4,,7/18/2024 3:35:00 PM,1535,False,,,True
4362264,9370-2024-02560,1,False,9370,8/11/2024 9:40:00 PM,2140,098,14,109,Oakland,1,True,True,C,REAR END,,Sunday,Yes,False,M,,False,True,False,ALAMEDA SUPERIOR COURT WILEY W. MANUEL COURTHOUSE,C,OTHER MOTOR VEHICLE,,1,0,D,DARK-NO STREET LIGHTS,37.803892,-122.280294,,,,,A,NO PEDESTRIANS INVOLVED,8/11/2024 9:40:00 PM,A,VC 22350,False,1,I-980 W/B FROM 11TH STREET,,,8/20/2024 12:17:07 PM,A,W,100.0,11TH STREET,F,,D,8/20/2024 12:17:09 PM,8/20/2024 12:17:09 PM,False,True,4,,8/11/2024 9:50:00 PM,2150,False,,,False
4362083,24031739,2,False,0109,6/25/2024 3:46:00 PM,1546,34X,14,109,Oakland,1,True,True,D,BROADSIDE,,Tuesday,,,M,,False,False,False,,C,OTHER MOTOR VEHICLE,,4,0,A,DAYLIGHT,,,,,,,A,NO PEDESTRIANS INVOLVED,,A,22450A,,1,BIRCH ST,2,,,A,,,86TH AV,,,A,8/20/2024 10:59:06 AM,1/28/2025 11:44:57 AM,,,2,,,,,,,
4362034,24027860,2,False,0109,6/5/2024 4:49:00 PM,1649,20X,14,109,Oakland,1,True,True,D,BROADSIDE,,Wednesday,,,M,,False,False,False,,C,OTHER MOTOR VEHICLE,,1,0,A,DAYLIGHT,,,,,,,A,NO PEDESTRIANS INVOLVED,,A,22450A,,1,E 9TH ST,2,,,A,,,DEL MONTE AV,,,A,8/20/2024 10:44:06 AM,1/28/2025 11:44:57 AM,,,2,,,,,,,
4382411,24-018944,2,False,0109,2/17/2024 11:00:00 AM,1100,05X,14,109,Oakland,1,True,True,D,BROADSIDE,,Saturday,,,M,,False,False,False,,C,OTHER MOTOR VEHICLE,,0,0,A,DAYLIGHT,,,,,,,A,NO PEDESTRIANS INVOLVED,,A,22107,,1,MARKET ST,1,,,A,,,16TH ST,,,A,9/5/2024 9:38:06 AM,1/28/2025 11:48:16 AM,,,2,,,,,,,