collision-id,report-number,report-version,is-preliminary,ncic-code,crash-date-time,crash-time-description,beat,city-id,city-code,city-name,county-code,city-is-active,city-is-incorporated,collision-type-code,collision-type-description,collision-type-other-desc,day-of-week,dispatch-notified,has-photographs,hit-run,is-attachments-mailed,is-deleted,is-highway-related,is-tow-away,judicial-district,motor-vehicle-involved-with-code,motor-vehicle-involved-with-desc,motor-vehicle-involved-with-other-desc,number-injured,number-killed,lighting-code,lighting-description,latitude,longitude,milepost-direction,milepost-distance,milepost-marker,milepost-unit-of-measure,pedestrian-action-code,pedestrian-action-desc,prepared-date,primary-collision-factor-code,primary-collision-factor-description,primary-collision-factor-is-cited,primary-collision-party-number,primary-road,reporting-district,reporting-district-code,reviewed-date,roadway-surface-code,secondary-direction,secondary-distance,secondary-road,secondary-unit-of-measure,sketch-desc,traffic-control-device-code,created-date,modified-date,is-county-road,is-freeway,chp-555-version,is-additonal-object-struck,notification-date,notification-time-description,has-digital-media-files,evidence-number,is-location-refer-to-narrative,is-aoi-one-same-as-location
4382222,24-004736,2,False,0109,1/27/2024 3:48:00 PM,1548,22X,14,109,Oakland,1,True,True,D,BROADSIDE,,Saturday,,,M,,False,False,False,,E,PARKED MOTOR VEHICLE,,0,0,A,DAYLIGHT,,,,,,,A,NO PEDESTRIANS INVOLVED,,A,22106,,1,RHODA AV,2,,,A,N,50.0,MACARTHUR BL,F,,D,9/5/2024 8:08:04 AM,1/28/2025 11:46:19 AM,,,2,,,,,,,
4381787,9335-2024-01882,1,False,9335,8/18/2024 5:40:00 PM,1740,081,14,109,Oakland,1,True,True,C,REAR END,,Sunday,Yes,False,M,,False,True,False,ALAMEDA SUPERIOR COURT ALAMEDA,C,OTHER MOTOR VEHICLE,,0,0,A,DAYLIGHT,37.824909,-122.315162,,,,,A,NO PEDESTRIANS INVOLVED,8/18/2024 5:40:00 PM,A,VC 23152(a),True,1,I-80 WESTBOUND,,,9/4/2024 8:12:40 PM,A,E,681.0,SAN FRANCISCO OAKLAND BAY BRIDGE METERING LIGHTS,F,,D,9/4/2024 8:12:46 PM,9/4/2024 8:12:46 PM,False,True,4,,8/18/2024 12:00:00 AM,1741,True,EMBEDDED,,True
4381572,24-020040,2,False,0109,4/23/2024 4:47:00 PM,1647,20X,14,109,Oakland,1,True,True,C,REAR END,,Tuesday,,,,,False,False,False,,C,OTHER MOTOR VEHICLE,,0,0,A,DAYLIGHT,,,,,,,A,NO PEDESTRIANS INVOLVED,,A,22350,,1,12TH ST,2,,,A,E,10.0,FRUITVALE AV,F,,A,9/4/2024 2:23:02 PM,1/28/2025 11:48:31 AM,,,2,,,,,,,
4381493,24-030747,2,False,0109,6/21/2024 11:58:00 PM,2358,35X,14,109,Oakland,1,True,True,C,REAR END,,Friday,,,,,False,False,False,,E,PARKED MOTOR VEHICLE,,0,0,C,DARK-STREET LIGHTS,,,,,,,A,NO PEDESTRIANS INVOLVED,,A,22107,,1,82ND AV,2,,,A,N,30.0,BANCROFT AV,F,,A,9/4/2024 1:48:02 PM,1/28/2025 11:46:08 AM,,,2,,,,,,,
4381300,9370-2024-02741,1,False,9370,8/28/2024 12:25:00 PM,1225,176,14,109,Oakland,1,True,True,C,REAR END,,Wednesday,NotApplicable,False,,,False,True,False,ALAMEDA SUPERIOR COURT WILEY W. MANUEL COURTHOUSE,C,OTHER MOTOR VEHICLE,,0,0,A,DAYLIGHT,37.79393,-122.264937,,,,,A,NO PEDESTRIANS INVOLVED,8/28/2024 12:25:00 PM,A,VC 22350,False,1,I-880 S/B FROM OAK STREET,,,9/4/2024 12:15:33 PM,A,S,282.152,OAK STREET,F,,A,9/4/2024 12:15:35 PM,9/4/2024 12:15:35 PM,False,True,4,,8/28/2024 12:30:00 PM,1230,False,,,True
4381287,9370-2024-02763,1,False,9370,8/30/2024 1:00:00 PM,1300,177,14,109,Oakland,1,True,True,B,SIDE SWIPE,,Friday,NotApplicable,False,M,,False,True,False,ALAMEDA SUPERIOR COURT WILEY W. MANUEL COURTHOUSE,C,OTHER MOTOR VEHICLE,,0,0,A,DAYLIGHT,37.778073,-122.237547,,,,,A,NO PEDESTRIANS INVOLVED,8/30/2024 1:00:00 PM,A,VC 21658(a),False,1,I-880 S/B,,,9/4/2024 12:08:45 PM,A,N,130.0,23RD AVE,F,,D,9/4/2024 12:08:48 PM,9/4/2024 12:08:48 PM,False,True,4,,8/30/2024 1:12:00 PM,1312,False,,,True
4381271,9370-2024-02757,1,False,9370,8/29/2024 11:45:00 PM,2345,052,14,109,Oakland,1,True,True,C,REAR END,,Thursday,Yes,False,,,False,True,False,ALAMEDA SUPERIOR COURT WILEY W. MANUEL COURTHOUSE,C,OTHER MOTOR VEHICLE,,1,0,D,DARK-NO STREET LIGHTS,37.744821,-122.148448,,,,,A,NO PEDESTRIANS INVOLVED,8/29/2024 11:45:00 PM,A,VC 22350,False,1,I-580 W/B,,,9/4/2024 11:54:22 AM,A,E,110.0,106TH AVENUE,F,,D,9/4/2024 11:54:25 AM,9/4/2024 11:54:25 AM,False,True,4,,8/29/2024 11:47:00 PM,2347,False,,,True
4381259,24-028121,2,False,0109,6/7/2024 11:43:00 PM,2343,29X,14,109,Oakland,1,True,True,B,SIDE SWIPE,,Friday,,,M,,False,False,False,,E,PARKED MOTOR VEHICLE,,0,0,C,DARK-STREET LIGHTS,,,,,,,A,NO PEDESTRIANS INVOLVED,,A,22107,,1,55TH AV,2,,,A,S,5.0,HILTON ST,F,,D,9/4/2024 11:43:02 AM,1/28/2025 11:46:08 AM,,,2,,,,,,,
4381253,24-027882,2,False,0109,6/5/2024 6:53:00 PM,1853,12X,14,109,Oakland,1,True,True,D,BROADSIDE,,Wednesday,,,,,False,False,False,,C,OTHER MOTOR VEHICLE,,0,0,A,DAYLIGHT,,,,,,,A,NO PEDESTRIANS INVOLVED,,A,21801A,,1,51ST ST,1,,,A,W,5.0,LAWTON AV,F,,C,9/4/2024 11:38:02 AM,1/28/2025 11:46:08 AM,,,2,,,,,,,
4381148,24-027140,2,False,0109,6/1/2024 10:57:00 AM,1057,31X,14,109,Oakland,1,True,True,D,BROADSIDE,,Saturday,,,,,False,False,False,,D,MOTOR VEHICLE ON OTHER ROADWAY,,0,0,A,DAYLIGHT,,,,,,,A,NO PEDESTRIANS INVOLVED,,A,21804A,,1,HEGENBERGER RD,2,,,A,,,COLLINS RD,,,D,9/4/2024 10:38:01 AM,1/28/2025 11:46:08 AM,,,2,,,,,,,
4381094,24-026916,2,False,0109,5/31/2024 4:50:00 AM,450,26X,14,109,Oakland,1,True,True,A,HEAD-ON,,Friday,,,,,False,False,False,,J,OTHER OBJECT,,1,0,B,DUSK-DAWN,,,,,,,A,NO PEDESTRIANS INVOLVED,,A,22350,,1,COLISEUM WY,2,,,A,E,1500.0,50TH AV,F,,D,9/4/2024 10:08:01 AM,1/28/2025 11:49:04 AM,,,2,,,,,,,
4381092,24-027745,2,False,0109,6/5/2024 2:09:00 AM,209,24X,14,109,Oakland,1,True,True,G,VEHICLE/PEDESTRAIN,,Wednesday,,,M,,False,False,True,,I,FIXED OBJECT,,0,0,C,DARK-STREET LIGHTS,,,,,,,A,NO PEDESTRIANS INVOLVED,,A,22107,,1,FOOTHILL BL,2,,,A,W,100.0,38TH AV,F,,A,9/4/2024 10:08:01 AM,1/28/2025 11:46:08 AM,,,2,,,,,,,
4381067,24-027905,2,False,0109,6/5/2024 10:14:00 PM,2214,03X,14,109,Oakland,1,True,True,D,BROADSIDE,,Wednesday,,,M,,False,False,False,,C,OTHER MOTOR VEHICLE,,0,0,C,DARK-STREET LIGHTS,,,,,,,A,NO PEDESTRIANS INVOLVED,,A,21657,,1,WEBSTER ST,1,,,A,,,9TH ST,,,A,9/4/2024 9:58:01 AM,1/28/2025 11:46:08 AM,,,2,,,,,,,
4381048,24-027511,2,False,0109,6/3/2024 5:54:00 PM,1754,29X,14,109,Oakland,1,True,True,A,HEAD-ON,,Monday,,,M,,False,False,False,,C,OTHER MOTOR VEHICLE,,1,0,A,DAYLIGHT,,,,,,,A,NO PEDESTRIANS INVOLVED,,A,21453A,,1,64TH AV,2,,,A,,,FOOTHILL BL,,,A,9/4/2024 9:48:01 AM,1/28/2025 11:46:05 AM,,,2,,,,,,,
4380930,24-019406,2,False,0109,4/20/2024 11:50:00 PM,2350,04X,14,109,Oakland,1,True,True,C,REAR END,,Saturday,,,F,,False,False,False,,C,OTHER MOTOR VEHICLE,,0,0,C,DARK-STREET LIGHTS,,,,,,,A,NO PEDESTRIANS INVOLVED,,A,22350,,1,14TH ST,1,,,A,,,FRANKLIN ST,,,A,9/4/2024 9:03:00 AM,1/28/2025 11:46:01 AM,,,2,,,,,,,
4380922,24-027094,2,False,0109,6/1/2024 1:17:00 AM,117,33X,14,109,Oakland,1,True,True,B,SIDE SWIPE,,Saturday,,,M,,False,False,False,,C,OTHER MOTOR VEHICLE,,1,0,B,DUSK-DAWN,,,,,,,A,NO PEDESTRIANS INVOLVED,,A,22350,,1,96TH AV,2,,,A,W,15.0,INTERNATIONAL BL,F,,A,9/4/2024 8:58:00 AM,1/28/2025 11:46:05 AM,,,2,,,,,,,
4380921,24-019959,2,False,0109,4/23/2024 11:00:00 AM,1100,10X,14,109,Oakland,1,True,True,B,SIDE SWIPE,,Tuesday,,,,,False,False,False,,E,PARKED MOTOR VEHICLE,,0,0,A,DAYLIGHT,,,,,,,A,NO PEDESTRIANS INVOLVED,,A,22350,,1,52ND ST,1,,,A,W,50.0,GENOA ST,F,,D,9/4/2024 8:58:00 AM,1/28/2025 11:46:02 AM,,,2,,,,,,,
4380912,24-027303,2,False,0109,6/2/2024 2:41:00 PM,1441,07X,14,109,Oakland,1,True,True,D,BROADSIDE,,Sunday,,,,,False,False,False,,C,OTHER MOTOR VEHICLE,,2,0,A,DAYLIGHT,,,,,,,A,NO PEDESTRIANS INVOLVED,,A,21802A,,1,SAN PABLO AV,1,,,A,,,34TH ST,,,A,9/4/2024 8:53:00 AM,1/28/2025 11:46:05 AM,,,2,,,,,,,
4380903,24-020781,2,False,0109,4/27/2024 8:04:00 PM,2004,07X,14,109,Oakland,1,True,True,B,SIDE SWIPE,,Saturday,,,M,,False,False,False,,C,OTHER MOTOR VEHICLE,,0,0,A,DAYLIGHT,,,,,,,A,NO PEDESTRIANS INVOLVED,,A,22450A,,1,32ND ST,1,,,A,,,UNION ST,,,A,9/4/2024 8:48:00 AM,1/28/2025 11:46:02 AM,,,2,,,,,,,
4380898,24-027388,2,False,0109,6/3/2024 12:53:00 AM,53,26X,14,109,Oakland,1,True,True,B,SIDE SWIPE,,Monday,,,M,,False,False,True,,C,OTHER MOTOR VEHICLE,,1,0,A,DAYLIGHT,,,,,,,A,NO PEDESTRIANS INVOLVED,,A,21453A,,1,HAVENSCOURT BL,1,,,A,,,INTERNATIONAL BL,,,A,9/4/2024 8:48:00 AM,1/28/2025 11:46:05 AM,,,2,,,,,,,
4380814,24-007363,2,False,0109,2/11/2024 11:36:00 PM,2336,23X,14,109,Oakland,1,True,True,A,HEAD-ON,,Sunday,,,M,,False,False,False,,C,OTHER MOTOR VEHICLE,,1,0,C,DARK-STREET LIGHTS,,,,,,,A,NO PEDESTRIANS INVOLVED,,A,21453A,,1,42ND AVE,2,,,A,,,FOOTHILL BL,,,A,9/4/2024 8:03:00 AM,1/28/2025 11:42:44 AM,,,2,,,,,,,
4380801,24-006444,2,False,0109,2/5/2024 1:38:00 PM,1338,19X,14,109,Oakland,1,True,True,G,VEHICLE/PEDESTRAIN,,Monday,,,M,,False,False,False,,B,PEDESTRIAN,,1,0,A,DAYLIGHT,,,,,,,E,IN ROAD - INCLUDES SHOULDER,,A,22107,,1,INTERNATIONAL BL,1,,,A,E,300.0,17TH AVE,F,,D,9/4/2024 7:58:00 AM,1/28/2025 11:42:44 AM,,,2,,,,,,,
4380798,24-017834,2,False,0109,4/11/2024 12:56:00 PM,1256,20X,14,109,Oakland,1,True,True,B,SIDE SWIPE,,Thursday,,,,,False,False,False,,C,OTHER MOTOR VEHICLE,,0,0,A,DAYLIGHT,,,,,,,A,NO PEDESTRIANS INVOLVED,,D,,,,25TH AV,2,,,A,,,INTERNATIONAL BL,,,A,9/4/2024 7:58:00 AM,1/28/2025 11:46:02 AM,,,2,,,,,,,
4380775,24-028237,2,False,0109,6/7/2024 6:58:00 PM,1858,04X,14,109,Oakland,1,True,True,G,VEHICLE/PEDESTRAIN,,Friday,,,,,False,False,False,,C,OTHER MOTOR VEHICLE,,2,0,A,DAYLIGHT,,,,,,,A,NO PEDESTRIANS INVOLVED,,A,21453A,,1,14TH ST,1,,,A,,,ADELINE ST,,,A,9/4/2024 7:48:00 AM,1/28/2025 11:46:06 AM,,,2,,,,,,,
4380752,24-027471,2,False,0109,6/3/2024 1:54:00 PM,1354,27X,14,109,Oakland,1,True,True,G,VEHICLE/PEDESTRAIN,,Monday,,,F,,False,False,False,,B,PEDESTRIAN,,1,0,A,DAYLIGHT,,,,,,,B,CROSSING IN CROSS WALK AT INTERSECTION,,A,21950A,,1,E 17TH ST,2,,,A,,,SEMINARY AV,,,A,9/4/2024 7:38:00 AM,1/28/2025 11:46:06 AM,,,2,,,,,,,
4380749,24-017501,2,False,0109,4/9/2024 1:08:00 PM,1308,14X,14,109,Oakland,1,True,True,A,HEAD-ON,,Tuesday,,,,,False,False,False,,B,PEDESTRIAN,,1,0,A,DAYLIGHT,,,,,,,D,CROSSING - NOT IN CROSSWALK,,A,21954A,,1,GRAND AV,1,,,A,,,BELLEVUE AV,,,A,9/4/2024 7:38:00 AM,1/28/2025 11:46:02 AM,,,2,,,,,,,
4380744,24-018777,2,False,0109,4/16/2024 2:10:00 PM,1410,02X,14,109,Oakland,1,True,True,A,HEAD-ON,,Tuesday,,,,,False,False,False,,C,OTHER MOTOR VEHICLE,,0,0,A,DAYLIGHT,,,,,,,A,NO PEDESTRIANS INVOLVED,,A,21453,,1,7TH ST,1,,,A,,,UNION ST,,,C,9/4/2024 7:33:00 AM,1/28/2025 11:46:02 AM,,,2,,,,,,,
4380630,9370-2024-02669,1,False,9370,8/21/2024 12:20:00 PM,1220,177,14,109,Oakland,1,True,True,C,REAR END,,Wednesday,NotApplicable,False,,,False,True,False,ALAMEDA SUPERIOR COURT WILEY W. MANUEL COURTHOUSE,C,OTHER MOTOR VEHICLE,,1,0,A,DAYLIGHT,37.789913,-122.258107,,,,,A,NO PEDESTRIANS INVOLVED,8/21/2024 12:20:00 PM,A,VC 22350,False,1,I-880 S/B,,,9/4/2024 5:40:56 AM,A,N,500.0,5TH AVE,F,,D,9/4/2024 5:40:59 AM,9/4/2024 5:40:59 AM,False,True,4,,8/21/2024 12:25:00 PM,1225,False,,,True
4380282,9370-2024-02744,1,False,9370,8/29/2024 8:55:00 AM,855,052,14,109,Oakland,1,True,True,C,REAR END,,Thursday,NotApplicable,False,,,False,True,False,ALAMEDA SUPERIOR COURT WILEY W. MANUEL COURTHOUSE,C,OTHER MOTOR VEHICLE,,1,0,A,DAYLIGHT,37.780496,-122.172535,,,,,A,NO PEDESTRIANS INVOLVED,8/29/2024 8:55:00 AM,A,VC 22350,False,1,I-580 W/B,,,9/3/2024 6:26:24 PM,A,E,329.0,SEMINARY AVE,F,,D,9/3/2024 6:26:28 PM,9/3/2024 6:26:28 PM,False,True,4,False,8/29/2024 8:56:00 AM,856,False,,,True
4380249,9370-2024-02684,1,False,9370,8/22/2024 6:00:00 PM,1800,024,14,109,Oakland,1,True,True,C,REAR END,,Thursday,NotApplicable,False,,,False,True,False,ALAMEDA SUPERIOR COURT WILEY W. MANUEL COURTHOUSE,C,OTHER MOTOR VEHICLE,,0,0,A,DAYLIGHT,37.848609,-122.226319,,,,,A,NO PEDESTRIANS INVOLVED,8/22/2024 6:00:00 PM,A,VC 22350,False,1,SR-24 E/B,,,9/3/2024 4:49:24 PM,A,W,1204.0,FREEWAY OVERPASS,F,,D,9/3/2024 4:49:26 PM,9/3/2024 4:49:26 PM,False,True,4,,8/22/2024 6:22:00 PM,1822,False,,,True
4380244,9370-2024-02733,1,False,9370,8/28/2024 5:30:00 AM,530,025,14,109,Oakland,1,True,True,C,REAR END,,Wednesday,NotApplicable,False,,,False,True,False,ALAMEDA SUPERIOR COURT WILEY W. MANUEL COURTHOUSE,C,OTHER MOTOR VEHICLE,,0,0,A,DAYLIGHT,37.827656,-122.268031,,,,,A,NO PEDESTRIANS INVOLVED,8/28/2024 5:30:00 AM,A,VC 22350,False,1,SR-24 W/B,,,9/3/2024 4:46:20 PM,A,E,250.0,WEST MACARTHUR BOULEVARD,F,,D,9/3/2024 4:46:21 PM,9/3/2024 4:46:21 PM,False,True,4,,8/28/2024 5:37:00 AM,537,False,,,True
4380184,9370-2024-02722,1,False,9370,8/27/2024 9:30:00 AM,930,008,14,109,Oakland,1,True,True,B,SIDE SWIPE,,Tuesday,NotApplicable,False,,,False,True,False,ALAMEDA SUPERIOR COURT WILEY W. MANUEL COURTHOUSE,C,OTHER MOTOR VEHICLE,,0,0,A,DAYLIGHT,37.824819,-122.313422,,,,,A,NO PEDESTRIANS INVOLVED,8/27/2024 9:30:00 AM,A,VC 21658(A),False,1,I-80 W/B,,,9/3/2024 4:15:05 PM,A,W,1097.0,WEST GRAND AVENUE OVERCROSSING,F,,A,9/3/2024 4:15:08 PM,9/3/2024 4:15:08 PM,False,True,4,,8/27/2024 9:40:00 AM,940,True,EMBEDDED,False,True
4380167,9345-2024-03103,1,False,9345,8/22/2024 3:06:00 PM,1506,901,14,109,Oakland,1,True,True,D,BROADSIDE,,Thursday,NotApplicable,False,M,,False,True,False,EAST COUNTY HALL OF JUSTICE,C,OTHER MOTOR VEHICLE,,0,0,A,DAYLIGHT,37.72961,-122.19343,,,,,A,NO PEDESTRIANS INVOLVED,8/22/2024 3:06:00 PM,A,VC 21460,False,1,98TH AVEUNUE,,,9/3/2024 4:08:09 PM,A,E,60.0,BIGGIE STREET,F,,D,9/3/2024 4:08:13 PM,9/3/2024 4:08:13 PM,False,False,4,,8/22/2024 3:07:00 PM,1507,False,,,True
4380046,24-028438,2,False,0109,6/9/2024 5:50:00 AM,550,18X,14,109,Oakland,1,True,True,D,BROADSIDE,,Sunday,,,M,,False,False,False,,E,PARKED MOTOR VEHICLE,,0,0,A,DAYLIGHT,,,,,,,A,NO PEDESTRIANS INVOLVED,,A,22107,,1,22ND AV,1,,,A,,,SAN ANTONIO WY,,,D,9/3/2024 2:37:57 PM,1/28/2025 11:46:08 AM,,,2,,,,,,,
4380035,24-027224,2,False,0109,6/2/2024 1:06:00 AM,106,02X,14,109,Oakland,1,True,True,D,BROADSIDE,,Sunday,,,,,False,False,False,,C,OTHER MOTOR VEHICLE,,0,0,C,DARK-STREET LIGHTS,,,,,,,A,NO PEDESTRIANS INVOLVED,,A,21801A,,1,7TH ST,1,,,A,,,ADELINE ST,,,A,9/3/2024 2:27:57 PM,1/28/2025 11:46:08 AM,,,2,,,,,,,
4379766,24-005974,2,False,0109,2/2/2024 6:32:00 PM,1832,30X,14,109,Oakland,1,True,True,B,SIDE SWIPE,,Friday,,,,,False,False,False,,C,OTHER MOTOR VEHICLE,,0,0,C,DARK-STREET LIGHTS,,,,,,,A,NO PEDESTRIANS INVOLVED,,A,22450A,,1,RITCHIE ST,2,,,A,S,10.0,HILLSIDE ST,F,,D,9/3/2024 12:42:57 PM,1/28/2025 11:44:23 AM,,,2,,,,,,,
4379715,24-02417,2,False,0109,5/20/2024 3:30:00 PM,1530,05X,14,109,Oakland,1,True,True,D,BROADSIDE,,Monday,,,,,False,False,False,,C,OTHER MOTOR VEHICLE,,1,0,A,DAYLIGHT,,,,,,,A,NO PEDESTRIANS INVOLVED,,A,21802A,,1,MANDELA PKWY,1,,,A,,,20TH ST,,,A,9/3/2024 12:22:57 PM,1/28/2025 11:43:50 AM,,,2,,,,,,,
4379639,9370-2024-02654,1,False,9370,8/20/2024 12:20:00 PM,1220,177,14,109,Oakland,1,True,True,C,REAR END,,Tuesday,NotApplicable,False,M,,False,True,False,ALAMEDA SUPERIOR COURT WILEY W. MANUEL COURTHOUSE,C,OTHER MOTOR VEHICLE,,0,0,A,DAYLIGHT,37.773847,-122.229465,,,,,A,NO PEDESTRIANS INVOLVED,8/20/2024 12:20:00 PM,A,VC 22350,False,1,I-880 N/B,,,9/3/2024 11:51:02 AM,A,S,1000.0,29TH AVE,F,,D,9/3/2024 11:51:04 AM,9/3/2024 11:51:04 AM,False,True,4,,8/20/2024 12:23:00 PM,1223,False,,,True
4379624,9370-2024-02688,1,False,9370,8/23/2024 12:15:00 PM,1215,055,14,109,Oakland,1,True,True,B,SIDE SWIPE,,Friday,NotApplicable,False,,,False,True,False,ALAMEDA SUPERIOR COURT WILEY W. MANUEL COURTHOUSE,C,OTHER MOTOR VEHICLE,,0,0,A,DAYLIGHT,37.826549,-122.277162,,,,,A,NO PEDESTRIANS INVOLVED,8/23/2024 12:15:00 PM,A,VC 21658(A),False,,I-580 W/B,,,9/3/2024 11:46:35 AM,A,W,600.0,MARKET STREET,F,,A,9/3/2024 11:46:36 AM,9/3/2024 11:46:36 AM,False,True,4,,8/23/2024 12:20:00 PM,1220,False,,,True
4379623,9370-2024-02719,1,False,9370,8/25/2024 1:18:00 AM,118,008,14,109,Oakland,1,True,True,E,HIT OBJECT,,Sunday,Yes,False,,,False,True,True,ALAMEDA SUPERIOR COURT WILEY W. MANUEL COURTHOUSE,I,FIXED OBJECT,COLLISION ATTENUATOR,1,0,C,DARK-STREET LIGHTS,37.828482,-122.293635,,,,,A,NO PEDESTRIANS INVOLVED,8/25/2024 1:18:00 AM,A,VC 23152(a),True,1,I-80 W/B TO I-880 S/B,,,9/3/2024 11:45:31 AM,A,W,3590.0,POWELL ST,F,,D,9/3/2024 11:45:34 AM,9/3/2024 11:45:34 AM,False,True,4,,8/25/2024 1:21:00 AM,121,False,,,True
4379529,24-018324,2,False,0109,4/14/2024 3:41:00 PM,1541,06X,14,109,Oakland,1,True,True,B,SIDE SWIPE,,Sunday,,,M,,False,False,False,,C,OTHER MOTOR VEHICLE,,0,0,A,DAYLIGHT,,,,,,,A,NO PEDESTRIANS INVOLVED,,A,22107,,1,30TH ST,2,,,A,,,MARTIN LUTHER KING JR WY,,,D,9/3/2024 11:12:56 AM,1/28/2025 11:46:02 AM,,,2,,,,,,,
4379372,9370-2024-02718,1,False,9370,8/25/2024 1:45:00 AM,145,053,14,109,Oakland,1,True,True,G,VEHICLE/PEDESTRAIN,,Sunday,Yes,False,,,False,True,False,ALAMEDA SUPERIOR COURT WILEY W. MANUEL COURTHOUSE,B,PEDESTRIAN,,1,0,D,DARK-NO STREET LIGHTS,37.797487,-122.214223,,,,,E,IN ROAD - INCLUDES SHOULDER,8/25/2024 1:45:00 AM,A,VC 21954(a),False,1,I-580 W/B,,,9/3/2024 10:23:23 AM,A,W,800.0,FRUITVALE AVENUE,F,,D,9/3/2024 10:23:25 AM,9/3/2024 10:23:25 AM,False,True,4,,8/25/2024 1:46:00 AM,146,True,EMBEDDED,,True
4379014,24-015747,2,False,0109,3/29/2024 12:11:00 PM,1211,31X,14,109,Oakland,1,True,True,A,HEAD-ON,,Friday,,,M,,False,False,False,,C,OTHER MOTOR VEHICLE,,0,0,A,DAYLIGHT,,,,,,,A,NO PEDESTRIANS INVOLVED,,A,22350,,1,EDES AV,2,,,B,E,100.0,HEGENBERGER RD,F,,D,9/3/2024 8:12:54 AM,1/28/2025 11:46:01 AM,,,2,,,,,,,
4378998,9370-2024-02676,1,False,9370,8/22/2024 11:00:00 AM,1100,055,14,109,Oakland,1,True,True,B,SIDE SWIPE,,Thursday,NotApplicable,False,,,False,True,False,ALAMEDA SUPERIOR COURT WILEY W. MANUEL COURTHOUSE,C,OTHER MOTOR VEHICLE,,0,0,A,DAYLIGHT,37.826781,-122.285768,,,,,A,NO PEDESTRIANS INVOLVED,8/22/2024 11:00:00 AM,A,VC 21658(A),False,,I-580 E/B,,,9/3/2024 8:07:48 AM,A,W,400.0,SAN PABLO AVE,F,,D,9/3/2024 8:08:02 AM,9/3/2024 8:08:02 AM,False,True,4,,8/22/2024 11:15:00 AM,1115,False,,,True
4378986,24-009629,2,False,0109,2/23/2024 9:39:00 PM,2139,06X,14,109,Oakland,1,True,True,G,VEHICLE/PEDESTRAIN,,Friday,,,,,False,False,False,,B,PEDESTRIAN,,1,0,C,DARK-STREET LIGHTS,,,,,,,B,CROSSING IN CROSS WALK AT INTERSECTION,,A,21453A,,1,MACARTHUR BL,1,,,A,,,MARKET ST,,,A,9/3/2024 8:02:54 AM,1/28/2025 11:46:06 AM,,,2,,,,,,,
4378943,9370-2024-02673,1,False,9370,8/21/2024 1:40:00 PM,1340,024,14,109,Oakland,1,True,True,E,HIT OBJECT,,Wednesday,NotApplicable,False,,,False,True,True,ALAMEDA SUPERIOR COURT WILEY W. MANUEL COURTHOUSE,I,FIXED OBJECT,HIGHWAY SPEED LIMIT SIGN,1,0,A,DAYLIGHT,37.848904,-122.227517,,,,,A,NO PEDESTRIANS INVOLVED,8/21/2024 1:40:00 PM,A,VC 22350,False,1,SR-24 W/B,,,9/3/2024 7:45:39 AM,A,W,300.0,SR-13,F,,D,9/3/2024 7:45:46 AM,9/3/2024 7:45:46 AM,False,True,4,True,8/21/2024 1:45:00 PM,1345,False,,,True
4378770,9370-2024-02667,1,False,9370,8/21/2024 9:51:00 PM,2151,177,14,109,Oakland,1,True,True,B,SIDE SWIPE,,Wednesday,NotApplicable,False,,,False,True,False,ALAMEDA SUPERIOR COURT WILEY W. MANUEL COURTHOUSE,C,OTHER MOTOR VEHICLE,,0,0,D,DARK-NO STREET LIGHTS,37.788512,-122.250841,,,,,A,NO PEDESTRIANS INVOLVED,8/21/2024 9:51:00 PM,A,VC 21658(A),False,1,I-880 N/B,,,9/3/2024 5:48:41 AM,A,N,1860.0,16TH AVE,F,,D,9/3/2024 5:48:45 AM,9/3/2024 5:48:45 AM,False,True,4,,8/21/2024 9:57:00 PM,2157,False,,,True
4378769,9370-2024-02659,1,False,9370,8/21/2024 9:55:00 AM,955,176,14,109,Oakland,1,True,True,C,REAR END,,Wednesday,NotApplicable,False,,,False,True,True,ALAMEDA SUPERIOR COURT WILEY W. MANUEL COURTHOUSE,C,OTHER MOTOR VEHICLE,,1,0,A,DAYLIGHT,37.772739,-122.226924,,,,,A,NO PEDESTRIANS INVOLVED,8/21/2024 9:55:00 AM,A,VC 22350,False,1,I-880 S/B,,,9/3/2024 5:45:24 AM,A,N,0.35,HIGH ST,F,,D,9/3/2024 5:45:27 AM,9/3/2024 5:45:27 AM,False,True,4,,8/21/2024 9:58:00 AM,958,False,,,True
4378768,9370-2024-02686,1,False,9370,8/21/2024 8:10:00 AM,810,025,14,109,Oakland,1,True,True,B,SIDE SWIPE,,Wednesday,NotApplicable,False,,,False,True,False,ALAMEDA SUPERIOR COURT WILEY W. MANUEL COURTHOUSE,C,OTHER MOTOR VEHICLE,,0,0,A,DAYLIGHT,37.829923,-122.2674,,,,,A,NO PEDESTRIANS INVOLVED,8/21/2024 8:10:00 AM,A,VC 21658(A),False,1,SR-24 W/B,,,9/3/2024 5:42:54 AM,A,E,60.0,40TH ST,F,,D,9/3/2024 5:42:57 AM,9/3/2024 5:42:57 AM,False,True,4,,8/21/2024 8:13:00 AM,813,False,,False,True
4377768,9370-2024-02604,2,False,9370,8/16/2024 12:25:00 PM,1225,024,14,109,Oakland,1,True,True,B,SIDE SWIPE,,Friday,NotApplicable,False,M,,False,True,False,ALAMEDA SUPERIOR COURT WILEY W. MANUEL COURTHOUSE,C,OTHER MOTOR VEHICLE,,0,0,A,DAYLIGHT,37.854251,-122.219753,,,,,A,NO PEDESTRIANS INVOLVED,8/16/2024 12:25:00 PM,A,VC 22107,False,1,STATE ROUTE 24 EASTBOUND,,,10/28/2024 2:57:36 PM,A,W,500.0,BROADWAY ON RAMP,F,,D,8/30/2024 7:24:40 PM,10/28/2024 2:57:42 PM,False,True,4,,8/16/2024 12:30:00 PM,1230,False,,,True