collision-id,report-number,report-version,is-preliminary,ncic-code,crash-date-time,crash-time-description,beat,city-id,city-code,city-name,county-code,city-is-active,city-is-incorporated,collision-type-code,collision-type-description,collision-type-other-desc,day-of-week,dispatch-notified,has-photographs,hit-run,is-attachments-mailed,is-deleted,is-highway-related,is-tow-away,judicial-district,motor-vehicle-involved-with-code,motor-vehicle-involved-with-desc,motor-vehicle-involved-with-other-desc,number-injured,number-killed,lighting-code,lighting-description,latitude,longitude,milepost-direction,milepost-distance,milepost-marker,milepost-unit-of-measure,pedestrian-action-code,pedestrian-action-desc,prepared-date,primary-collision-factor-code,primary-collision-factor-description,primary-collision-factor-is-cited,primary-collision-party-number,primary-road,reporting-district,reporting-district-code,reviewed-date,roadway-surface-code,secondary-direction,secondary-distance,secondary-road,secondary-unit-of-measure,sketch-desc,traffic-control-device-code,created-date,modified-date,is-county-road,is-freeway,chp-555-version,is-additonal-object-struck,notification-date,notification-time-description,has-digital-media-files,evidence-number,is-location-refer-to-narrative,is-aoi-one-same-as-location
4377751,9370-2024-02681,1,False,9370,8/22/2024 3:00:00 PM,1500,901,14,109,Oakland,1,True,True,B,SIDE SWIPE,,Thursday,Yes,False,,,False,False,False,ALAMEDA SUPERIOR COURT WILEY W. MANUEL COURTHOUSE,E,PARKED MOTOR VEHICLE,,0,0,A,DAYLIGHT,37.763881,-122.164064,,,,,A,NO PEDESTRIANS INVOLVED,8/22/2024 3:00:00 PM,B,UNSAFE TURN,,1,NEY AVENUE (8100 BLOCK),,,8/30/2024 6:38:29 PM,A,N,211.0,82ND AVENUE,F,,D,8/30/2024 6:38:34 PM,8/30/2024 6:38:34 PM,False,False,4,,8/22/2024 3:12:00 PM,1512,False,,,True
4377591,9370-2024-02754,1,False,9370,8/29/2024 5:45:00 PM,1745,053,14,109,Oakland,1,True,True,C,REAR END,,Thursday,NotApplicable,False,M,,False,True,False,ALAMEDA SUPERIOR COURT WILEY W. MANUEL COURTHOUSE,C,OTHER MOTOR VEHICLE,,0,0,A,DAYLIGHT,37.788818,-122.199916,,,,,A,NO PEDESTRIANS INVOLVED,8/29/2024 5:45:00 PM,A,VC 22350,False,1,I-580 E/B,,,8/30/2024 2:43:06 PM,A,E,260.0,38TH AVE,F,,D,8/30/2024 2:43:09 PM,8/30/2024 2:43:09 PM,False,True,4,,8/29/2024 6:45:00 PM,1845,False,,,True
4377529,9335-2024-01963,1,False,9335,8/26/2024 7:32:00 AM,732,081,14,109,Oakland,1,True,True,C,REAR END,,Monday,NotApplicable,False,M,,False,True,False,ALAMEDA SUPERIOR COURT ALAMEDA,C,OTHER MOTOR VEHICLE,,0,0,A,DAYLIGHT,37.824434,-122.314822,,,,,A,NO PEDESTRIANS INVOLVED,8/26/2024 7:32:00 AM,A,VC 22350,False,1,I-80 W/B,,,8/30/2024 2:12:34 PM,A,W,281.0,TOLL PLAZA,F,,D,8/30/2024 2:12:38 PM,8/30/2024 2:12:38 PM,False,True,4,,8/26/2024 7:35:00 AM,735,False,,,True
4377493,9370-2024-02706,1,False,9370,8/25/2024 1:40:00 PM,1340,052,14,109,Oakland,1,True,True,F,OVERTURNED,,Sunday,Yes,False,,,False,True,True,ALAMEDA SUPERIOR COURT WILEY W. MANUEL COURTHOUSE,J,OTHER OBJECT,BOX,1,0,A,DAYLIGHT,37.747549,-122.150722,,,,,A,NO PEDESTRIANS INVOLVED,8/25/2024 1:40:00 PM,C,,,,I-580 E/B,,,8/30/2024 2:06:03 PM,A,W,1024.0,106TH AVE,F,,D,8/30/2024 2:06:05 PM,8/30/2024 2:06:05 PM,False,True,4,,8/25/2024 1:55:00 PM,1355,False,,,True
4377490,9370-2024-02705,1,False,9370,8/25/2024 1:10:00 PM,1310,055,14,109,Oakland,1,True,True,C,REAR END,,Sunday,NotApplicable,False,M,,False,True,True,ALAMEDA SUPERIOR COURT WILEY W. MANUEL COURTHOUSE,C,OTHER MOTOR VEHICLE,,0,0,A,DAYLIGHT,37.826811,-122.286882,,,,,A,NO PEDESTRIANS INVOLVED,8/25/2024 1:10:00 PM,A,VC 22350,False,1,I-580 W/B,,,8/30/2024 2:04:13 PM,A,W,657.0,HOLLIS ST,F,,D,8/30/2024 2:04:15 PM,8/30/2024 2:04:15 PM,False,True,4,,8/25/2024 1:25:00 PM,1325,False,,,True
4377443,9370-2024-02750,1,False,9370,8/9/2024 9:49:00 PM,2149,052,14,109,Oakland,1,True,True,E,HIT OBJECT,,Friday,Yes,False,,,False,True,False,ALAMEDA SUPERIOR COURT WILEY W. MANUEL COURTHOUSE,J,OTHER OBJECT,RIGHT HAND SHOULDER,1,0,B,DUSK-DAWN,37.78379,-122.177833,,,,,A,NO PEDESTRIANS INVOLVED,8/9/2024 9:49:00 PM,C,,,,I-580 W/B,,,8/30/2024 1:48:43 PM,A,W,156.0,SR-13,F,,D,8/30/2024 1:48:45 PM,8/30/2024 1:48:45 PM,False,True,4,,8/9/2024 9:53:00 PM,2153,False,,,True
4377418,24-014683,2,False,0109,3/24/2024 11:38:00 PM,2338,30X,14,109,Oakland,1,True,True,D,BROADSIDE,,Sunday,,,,,False,False,False,,C,OTHER MOTOR VEHICLE,,0,0,C,DARK-STREET LIGHTS,,,,,,,A,NO PEDESTRIANS INVOLVED,,A,21453A,,,73RD AV,2,,,B,,,BANCROFT AV,,,A,8/30/2024 1:42:42 PM,1/28/2025 11:18:05 AM,,,2,,,,,,,
4377396,9370-2024-02691,1,False,9370,8/23/2024 3:19:00 PM,1519,177,14,109,Oakland,1,True,True,B,SIDE SWIPE,,Friday,NotApplicable,False,M,,False,True,True,ALAMEDA SUPERIOR COURT WILEY W. MANUEL COURTHOUSE,C,OTHER MOTOR VEHICLE,,0,0,A,DAYLIGHT,37.78177,-122.238983,,,,,A,NO PEDESTRIANS INVOLVED,8/23/2024 3:19:00 PM,A,VC 21658(A),False,1,I-880 S/B,,,8/30/2024 1:36:31 PM,A,N,1500.0,23RD ST,F,,D,8/30/2024 1:36:35 PM,8/30/2024 1:36:35 PM,False,True,4,,8/23/2024 3:22:00 PM,1522,False,,,True
4377348,24-026433,2,False,0109,5/29/2024 5:19:00 AM,519,03X,14,109,Oakland,1,True,True,D,BROADSIDE,,Wednesday,,,M,,False,False,False,,C,OTHER MOTOR VEHICLE,,1,0,A,DAYLIGHT,,,,,,,A,NO PEDESTRIANS INVOLVED,,A,21453A,,1,HARRISON ST,1,,,A,,,12TH ST,,,A,8/30/2024 1:17:41 PM,1/28/2025 11:45:54 AM,,,2,,,,,,,
4377309,24-023237,2,False,0109,5/11/2024 2:47:00 PM,1447,01X,14,109,Oakland,1,True,True,B,SIDE SWIPE,,Saturday,,,M,,False,False,False,,E,PARKED MOTOR VEHICLE,,0,0,A,DAYLIGHT,,,,,,,A,NO PEDESTRIANS INVOLVED,,A,22107,,1,3RD ST,1,,,A,N,20.0,BROADWAY,F,,D,8/30/2024 1:02:40 PM,1/28/2025 11:45:54 AM,,,2,,,,,,,
4377271,24-024861,2,False,0109,5/20/2024 10:52:00 AM,1052,17X,14,109,Oakland,1,True,True,D,BROADSIDE,,Monday,,,,,False,False,False,,C,OTHER MOTOR VEHICLE,,0,0,A,DAYLIGHT,,,,,,,A,NO PEDESTRIANS INVOLVED,,A,21804A,,1,E 18TH ST,1,,,A,,,6TH AV,,,D,8/30/2024 12:52:40 PM,1/28/2025 11:45:54 AM,,,2,,,,,,,
4377263,24-022344,2,False,0109,5/6/2024 11:45:00 AM,1145,04X,14,109,Oakland,1,True,True,A,HEAD-ON,,Monday,,,M,,False,False,False,,I,FIXED OBJECT,,0,0,A,DAYLIGHT,,,,,,,A,NO PEDESTRIANS INVOLVED,,A,22107,,1,15TH ST,1,,,A,N,40.0,CASTRO ST,F,,D,8/30/2024 12:47:40 PM,1/28/2025 11:45:54 AM,,,2,,,,,,,
4377258,24-023427,2,False,0109,5/12/2024 5:44:00 PM,1744,20X,14,109,Oakland,1,True,True,D,BROADSIDE,,Sunday,,,M,,False,False,False,,C,OTHER MOTOR VEHICLE,,0,0,A,DAYLIGHT,,,,,,,A,NO PEDESTRIANS INVOLVED,,A,21453,,1,FOOTHILL BL,2,,,A,,,28TH AV,,,A,8/30/2024 12:42:39 PM,1/28/2025 11:45:54 AM,,,2,,,,,,,
4377244,24-023304,2,False,0109,5/12/2024 10:30:00 PM,2230,24X,14,109,Oakland,1,True,True,D,BROADSIDE,,Sunday,,,,,False,False,True,,C,OTHER MOTOR VEHICLE,,0,0,C,DARK-STREET LIGHTS,,,,,,,A,NO PEDESTRIANS INVOLVED,,A,22350,,1,35TH AV,2,,,A,,,FOOTHILL BL,,,A,8/30/2024 12:37:39 PM,1/28/2025 11:45:54 AM,,,2,,,,,,,
4377215,24-025353,2,False,0109,5/22/2024 7:10:00 PM,1910,27X,14,109,Oakland,1,True,True,D,BROADSIDE,,Wednesday,,,,,False,False,False,,C,OTHER MOTOR VEHICLE,,0,0,A,DAYLIGHT,,,,,,,A,NO PEDESTRIANS INVOLVED,,A,21802A,,1,55TH AV,2,,,A,,,RUTH AV,,,A,8/30/2024 12:27:39 PM,1/28/2025 11:45:54 AM,,,2,,,,,,,
4377180,9370-2024-02630,1,False,9370,8/16/2024 11:00:00 PM,2300,177,14,109,Oakland,1,True,True,B,SIDE SWIPE,,Friday,NotApplicable,False,M,,False,True,False,ALAMEDA SUPERIOR COURT WILEY W. MANUEL COURTHOUSE,C,OTHER MOTOR VEHICLE,,0,0,D,DARK-NO STREET LIGHTS,37.770987,-122.222805,,,,,A,NO PEDESTRIANS INVOLVED,8/16/2024 11:00:00 PM,A,VC 21658(A),False,1,I-880 S/B,,,8/30/2024 12:10:10 PM,A,N,150.0,HIGH STREET,F,,D,8/30/2024 12:10:13 PM,8/30/2024 12:10:13 PM,False,True,4,,8/16/2024 11:10:00 PM,2310,False,,,True
4377010,24-025481,2,False,0109,5/23/2024 4:02:00 PM,1602,34X,14,109,Oakland,1,True,True,B,SIDE SWIPE,,Thursday,,,,,False,False,False,,E,PARKED MOTOR VEHICLE,,0,0,A,DAYLIGHT,,,,,,,A,NO PEDESTRIANS INVOLVED,,A,22106,,1,BIRCH ST,2,,,A,E,50.0,82ND AV,F,,D,8/30/2024 10:57:37 AM,1/28/2025 11:43:50 AM,,,2,,,,,,,
4376994,24-0251491,2,False,0109,5/21/2024 1:46:00 PM,1346,07X,14,109,Oakland,1,True,True,B,SIDE SWIPE,,Tuesday,,,,,False,False,False,,E,PARKED MOTOR VEHICLE,,0,0,A,DAYLIGHT,,,,,,,A,NO PEDESTRIANS INVOLVED,,A,22107,,1,ADELINE ST,1,,,A,S,100.0,26TH ST,F,,D,8/30/2024 10:52:37 AM,1/28/2025 11:43:49 AM,,,2,,,,,,,
4376897,24-016935,2,False,0109,4/6/2024 1:00:00 PM,1300,25X,14,109,Oakland,1,True,True,B,SIDE SWIPE,,Saturday,,,,,False,False,True,,,,,1,0,A,DAYLIGHT,,,,,,,A,NO PEDESTRIANS INVOLVED,,D,,,,MACARTHUR BL,2,,,A,E,150.0,HIGH ST,F,,B,8/30/2024 10:17:37 AM,1/28/2025 11:48:03 AM,,,2,,,,,,,
4376867,24-021327,2,False,0109,4/30/2024 10:30:00 PM,2230,34X,14,109,Oakland,1,True,True,G,VEHICLE/PEDESTRAIN,,Tuesday,,,M,,False,False,False,,B,PEDESTRIAN,,1,0,C,DARK-STREET LIGHTS,,,,,,,B,CROSSING IN CROSS WALK AT INTERSECTION,,A,21950A,,1,94TH AV,2,,,A,,,CHERRY ST,,,A,8/30/2024 10:02:36 AM,1/28/2025 11:43:30 AM,,,2,,,,,,,
4376487,24-007270,2,False,0109,2/10/2024 9:04:00 AM,904,06X,14,109,Oakland,1,True,True,B,SIDE SWIPE,,Saturday,,,M,,False,False,False,,C,OTHER MOTOR VEHICLE,,1,0,A,DAYLIGHT,,,,,,,A,NO PEDESTRIANS INVOLVED,,A,22107,,1,MARTIN LUTHER KING JR WY,1,,,A,S,250.0,37TH ST,F,,D,8/30/2024 6:52:33 AM,1/28/2025 11:18:08 AM,,,2,,,,,,,
4376010,9370-2024-02708,1,False,9370,8/25/2024 1:17:00 PM,1317,098,14,109,Oakland,1,True,True,B,SIDE SWIPE,,Sunday,NotApplicable,False,M,,False,True,False,ALAMEDA SUPERIOR COURT WILEY W. MANUEL COURTHOUSE,C,OTHER MOTOR VEHICLE,,0,0,A,DAYLIGHT,37.811416,-122.274863,,,,,A,NO PEDESTRIANS INVOLVED,8/25/2024 1:17:00 PM,A,VC 21658(A),False,1,I-980 E/B,,,8/29/2024 6:24:59 PM,A,W,750.0,18TH ST,F,,D,8/29/2024 6:25:01 PM,8/29/2024 6:25:01 PM,False,True,4,,8/25/2024 1:27:00 PM,1327,False,,,True
4375883,9370-2024-02674,1,False,9370,8/22/2024 8:45:00 AM,845,176,14,109,Oakland,1,True,True,C,REAR END,,Thursday,NotApplicable,False,,,False,True,False,ALAMEDA SUPERIOR COURT WILEY W. MANUEL COURTHOUSE,C,OTHER MOTOR VEHICLE,,1,0,A,DAYLIGHT,37.741971,-122.197553,,,,,A,NO PEDESTRIANS INVOLVED,8/22/2024 8:45:00 AM,A,VC 22350,False,1,INTERSTATE 880 NORTHBOUND,,,8/29/2024 3:14:04 PM,A,N,220.0,HEGENBERGER RD,F,,D,8/29/2024 3:14:05 PM,8/29/2024 3:14:05 PM,False,True,4,,8/22/2024 8:50:00 AM,850,False,,,True
4375878,9370-2024-02717,1,False,9370,8/26/2024 7:19:00 AM,719,098,14,109,Oakland,1,True,True,B,SIDE SWIPE,,Monday,NotApplicable,False,M,,False,True,False,ALAMEDA SUPERIOR COURT WILEY W. MANUEL COURTHOUSE,B,PEDESTRIAN,,0,0,A,DAYLIGHT,37.818063,-122.270276,,,,,A,NO PEDESTRIANS INVOLVED,8/26/2024 7:19:00 AM,A,VC 21658(A),False,1,I-980 W/B,,,8/29/2024 3:10:51 PM,A,E,442.0,27TH ST,F,,D,8/29/2024 3:10:54 PM,8/29/2024 3:10:54 PM,False,True,4,,8/26/2024 7:30:00 AM,730,False,,,True
4375858,9370-2024-02687,1,False,9370,8/23/2024 9:40:00 AM,940,008,14,109,Oakland,1,True,True,B,SIDE SWIPE,,Friday,NotApplicable,False,,,False,True,False,ALAMEDA SUPERIOR COURT WILEY W. MANUEL COURTHOUSE,C,OTHER MOTOR VEHICLE,,0,0,A,DAYLIGHT,37.828595,-122.293685,,,,,A,NO PEDESTRIANS INVOLVED,8/23/2024 9:40:00 AM,A,VC 22107,False,1,INTERSTATE 80 WESTBOUND,,,8/29/2024 2:57:08 PM,A,W,1300.0,POWELL ST,F,,D,8/29/2024 2:57:10 PM,8/29/2024 2:57:10 PM,False,True,4,,8/23/2024 9:45:00 AM,945,False,,,True
4375754,24-017470,2,False,0109,4/9/2024 10:00:00 AM,1000,18Y,14,109,Oakland,1,True,True,C,REAR END,,Tuesday,,,,,False,False,False,,E,PARKED MOTOR VEHICLE,,0,0,A,DAYLIGHT,,,,,,,A,NO PEDESTRIANS INVOLVED,,A,22515A,,1,E 24TH ST,1,,,A,E,87.0,17TH AVE,F,,D,8/29/2024 1:59:19 PM,1/28/2025 11:34:02 AM,,,2,,,,,,,
4375589,9335-2024-01953,1,False,9335,8/26/2024 9:40:00 AM,940,082,14,109,Oakland,1,True,True,B,SIDE SWIPE,,Monday,NotApplicable,False,M,,False,True,False,ALAMEDA SUPERIOR COURT ALAMEDA,C,OTHER MOTOR VEHICLE,,0,0,A,DAYLIGHT,37.820787,-122.339048,,,,,A,NO PEDESTRIANS INVOLVED,8/26/2024 9:40:00 AM,A,VC 21658(A),False,1,INTERSTATE 80 WESTBOUND,,,8/29/2024 1:09:51 PM,A,W,0.5,SFOBB TOLL PLAZA,M,,A,8/29/2024 1:09:54 PM,8/29/2024 1:09:54 PM,False,True,4,,8/26/2024 10:00:00 AM,1000,False,,,True
4375507,9370-2024-02711,1,False,9370,8/25/2024 1:16:00 PM,1316,025,14,109,Oakland,1,True,True,C,REAR END,,Sunday,NotApplicable,False,,,False,True,False,EAST COUNTY HALL OF JUSTICE,C,OTHER MOTOR VEHICLE,,2,0,A,DAYLIGHT,37.834365,-122.266354,,,,,A,NO PEDESTRIANS INVOLVED,8/25/2024 1:16:00 PM,A,VC 22350,False,1,SR-24 W/B,,,8/29/2024 12:34:37 PM,A,W,1200.0,52ND ST,F,,D,8/29/2024 12:34:39 PM,8/29/2024 12:34:39 PM,False,True,4,,8/25/2024 1:17:00 PM,1317,False,,,True
4375502,9370-2024-02698,1,False,9370,8/24/2024 12:30:00 PM,1230,008,14,109,Oakland,1,True,True,C,REAR END,,Saturday,NotApplicable,False,,,False,True,False,ALAMEDA SUPERIOR COURT WILEY W. MANUEL COURTHOUSE,C,OTHER MOTOR VEHICLE,,0,0,A,DAYLIGHT,37.825205,-122.306694,,,,,A,NO PEDESTRIANS INVOLVED,8/24/2024 12:30:00 PM,A,VC 22350,False,1,I-80 W/B,,,8/29/2024 12:33:00 PM,A,E,1500.0,SAN FRANCISCO OAKLAND BAY BRIDGE,F,,D,8/29/2024 12:33:03 PM,8/29/2024 12:33:03 PM,False,True,4,,8/24/2024 12:33:00 PM,1233,False,,,True
4375499,9370-2024-02694,1,False,9370,8/24/2024 8:50:00 AM,850,055,14,109,Oakland,1,True,True,B,SIDE SWIPE,,Saturday,NotApplicable,False,,,False,True,False,ALAMEDA SUPERIOR COURT WILEY W. MANUEL COURTHOUSE,C,OTHER MOTOR VEHICLE,,0,0,B,DUSK-DAWN,37.829158,-122.293249,,,,,A,NO PEDESTRIANS INVOLVED,8/24/2024 8:50:00 AM,A,VC 22107,False,1,I-580 W/B TO I-80 E/B,,,8/29/2024 12:31:23 PM,B,W,200.0,BEACH ST,F,,D,8/29/2024 12:31:25 PM,8/29/2024 12:31:25 PM,False,True,4,,8/24/2024 9:13:00 AM,913,False,,,True
4375495,24-008991,2,False,0109,2/20/2024 8:50:00 AM,850,17X,14,109,Oakland,1,True,True,B,SIDE SWIPE,,Tuesday,,,,,False,False,False,,C,OTHER MOTOR VEHICLE,,1,0,A,DAYLIGHT,,,,,,,A,NO PEDESTRIANS INVOLVED,,A,21802A,,1,8TH AV,1,,,A,,,E 19TH ST,,,A,8/29/2024 12:29:15 PM,1/28/2025 11:24:48 AM,,,2,,,,,,,
4375287,9370-2024-02615,1,False,9370,8/17/2024 2:00:00 PM,1400,008,14,109,Oakland,1,True,True,B,SIDE SWIPE,,Saturday,NotApplicable,False,,,False,True,False,ALAMEDA SUPERIOR COURT WILEY W. MANUEL COURTHOUSE,C,OTHER MOTOR VEHICLE,,0,0,A,DAYLIGHT,37.831457,-122.294183,,,,,A,NO PEDESTRIANS INVOLVED,8/17/2024 2:00:00 PM,A,VC 21658(a),False,1,I-80 W/B,,,8/29/2024 10:57:01 AM,A,W,2487.0,POWELL ST,F,,D,8/29/2024 10:57:03 AM,8/29/2024 10:57:03 AM,False,True,4,,8/17/2024 2:19:00 PM,1419,False,,,True
4375001,24-023246,2,False,0109,5/11/2024 3:19:00 PM,1519,33X,14,109,Oakland,1,True,True,D,BROADSIDE,,Saturday,,,,,False,False,False,,C,OTHER MOTOR VEHICLE,,0,0,A,DAYLIGHT,,,,,,,A,NO PEDESTRIANS INVOLVED,,A,21801A,,1,SAN LEANDRO ST,2,,,A,S,10.0,92ND AV,F,,A,8/29/2024 9:14:04 AM,1/28/2025 11:36:53 AM,,,2,,,,,,,
4374723,24-034311,2,False,0109,7/9/2024 9:03:00 PM,2103,16X,14,109,Oakland,1,True,True,A,HEAD-ON,,Tuesday,,,,,False,False,False,,C,OTHER MOTOR VEHICLE,,1,0,C,DARK-STREET LIGHTS,,,,,,,A,NO PEDESTRIANS INVOLVED,,A,23152,,1,EXCELSIOR AV,1,,,A,,,MACARTHUR BL,,,A,8/29/2024 7:33:57 AM,1/28/2025 11:37:25 AM,,,2,,,,,,,
4374714,24-036365,2,False,0109,7/21/2024 11:21:00 PM,2321,25X,14,109,Oakland,1,True,True,C,REAR END,,Sunday,,,,,False,False,False,,C,OTHER MOTOR VEHICLE,,1,0,C,DARK-STREET LIGHTS,,,,,,,A,NO PEDESTRIANS INVOLVED,,A,22350,,1,MACARTHUR BL,2,,,A,,,HIGH ST,,,A,8/29/2024 7:28:57 AM,1/28/2025 11:37:25 AM,,,2,,,,,,,
4374619,9370-2024-02651,1,False,9370,8/20/2024 3:40:00 PM,1540,080,14,109,Oakland,1,True,True,C,REAR END,,Tuesday,NotApplicable,False,,,False,True,False,ALAMEDA SUPERIOR COURT WILEY W. MANUEL COURTHOUSE,C,OTHER MOTOR VEHICLE,,0,0,A,DAYLIGHT,37.838181,-122.296769,,,,,A,NO PEDESTRIANS INVOLVED,8/20/2024 3:40:00 PM,A,VC 22350,False,2,I-80 E/B,,,8/29/2024 6:38:25 AM,A,E,110.0,POWELL ST,F,,D,8/29/2024 6:38:27 AM,8/29/2024 6:38:27 AM,False,True,4,,8/20/2024 3:45:00 PM,1545,False,,,True
4374571,9370-2024-02665,1,False,9370,8/21/2024 5:00:00 PM,1700,054,14,109,Oakland,1,True,True,A,HEAD-ON,,Wednesday,NotApplicable,False,,,False,True,True,ALAMEDA SUPERIOR COURT WILEY W. MANUEL COURTHOUSE,I,FIXED OBJECT,CONCRETE BARRIER,1,0,A,DAYLIGHT,37.810333,-122.248434,,,,,A,NO PEDESTRIANS INVOLVED,8/21/2024 5:00:00 PM,A,VC 22350,False,1,I-580 W/B,,,8/29/2024 6:05:36 AM,A,E,30.0,GRAND AVE,F,,D,8/29/2024 6:05:37 AM,8/29/2024 6:05:37 AM,False,True,4,,8/21/2024 5:10:00 PM,1710,False,,,True
4374518,9335-2024-01876,1,False,9335,8/17/2024 3:36:00 PM,1536,082,14,109,Oakland,1,True,True,B,SIDE SWIPE,,Saturday,NotApplicable,False,,,False,True,False,ALAMEDA SUPERIOR COURT ALAMEDA,C,OTHER MOTOR VEHICLE,,0,0,A,DAYLIGHT,37.824832,-122.314969,,,,,A,NO PEDESTRIANS INVOLVED,8/17/2024 3:36:00 PM,A,VC 21658(A),False,1,I-80 WB,,,8/29/2024 4:32:36 AM,A,W,297.0,TOLL PLAZA,F,,D,8/29/2024 4:32:39 AM,8/29/2024 4:32:39 AM,False,True,4,,8/17/2024 3:49:00 PM,1549,False,,,True
4374180,9370-2024-02564,1,False,9370,8/12/2024 9:08:00 AM,908,053,14,109,Oakland,1,True,True,C,REAR END,,Monday,NotApplicable,False,M,,False,True,False,ALAMEDA SUPERIOR COURT WILEY W. MANUEL COURTHOUSE,C,OTHER MOTOR VEHICLE,,0,0,A,DAYLIGHT,37.799107,-122.219631,,,,,A,NO PEDESTRIANS INVOLVED,8/12/2024 9:08:00 AM,A,VC 22350,False,1,I-580 W/B,,,8/28/2024 4:33:22 PM,A,W,790.0,FRUTVALE AVENUE,F,,D,8/28/2024 4:33:24 PM,8/28/2024 4:33:24 PM,False,True,4,,8/12/2024 10:00:00 AM,1000,False,,,True
4374147,9370-2024-02683,1,False,9370,8/22/2024 6:00:00 PM,1800,024,14,109,Oakland,1,True,True,B,SIDE SWIPE,,Thursday,NotApplicable,False,,,False,True,False,ALAMEDA SUPERIOR COURT WILEY W. MANUEL COURTHOUSE,C,OTHER MOTOR VEHICLE,,0,0,A,DAYLIGHT,37.848866,-122.230817,,,,,A,NO PEDESTRIANS INVOLVED,8/22/2024 6:00:00 PM,A,VC 21658(A),False,1,SR-24 E/B,,,8/28/2024 3:50:36 PM,A,W,770.0,SR-13,F,,D,8/28/2024 3:50:38 PM,8/28/2024 3:50:38 PM,False,True,4,,8/22/2024 6:05:00 PM,1805,False,,,True
4374112,9370-2024-02703,1,False,9370,8/25/2024 8:10:00 AM,810,008,14,109,Oakland,1,True,True,E,HIT OBJECT,,Sunday,NotApplicable,False,,,False,True,True,ALAMEDA SUPERIOR COURT WILEY W. MANUEL COURTHOUSE,I,FIXED OBJECT,METAL IMPACT ATTENUATOR,0,0,A,DAYLIGHT,37.825052,-122.313751,,,,,A,NO PEDESTRIANS INVOLVED,8/25/2024 8:10:00 AM,A,VC 22107,False,1,I-80 W/B,,,8/28/2024 3:21:37 PM,A,W,2000.0,MARITIME STREET,F,,D,8/28/2024 3:21:38 PM,8/28/2024 3:21:38 PM,False,True,4,True,8/25/2024 8:12:00 AM,812,False,,,True
4374098,9370-2024-02697,1,False,9370,8/24/2024 10:20:00 AM,1020,177,14,109,Oakland,1,True,True,E,HIT OBJECT,,Saturday,NotApplicable,False,,,False,True,True,ALAMEDA SUPERIOR COURT WILEY W. MANUEL COURTHOUSE,I,FIXED OBJECT,CENTER MEDIAN WALL,0,0,A,DAYLIGHT,37.802252,-122.2845,,,,,A,NO PEDESTRIANS INVOLVED,8/24/2024 10:20:00 AM,A,VC 22350,False,1,I-880 N/B,,,8/28/2024 3:13:06 PM,B,N,530.0,MARKET AVENUE,F,,D,8/28/2024 3:13:08 PM,8/28/2024 3:13:08 PM,False,True,4,,8/24/2024 10:24:00 AM,1024,False,,,True
4374096,9370-2024-02695,1,False,9370,8/24/2024 10:05:00 AM,1005,098,14,109,Oakland,1,True,True,E,HIT OBJECT,,Saturday,NotApplicable,False,,,False,True,False,ALAMEDA SUPERIOR COURT WILEY W. MANUEL COURTHOUSE,I,FIXED OBJECT,CENTER MEDIAN WALL,1,0,A,DAYLIGHT,37.809436,-122.276294,,,,,A,NO PEDESTRIANS INVOLVED,8/24/2024 10:05:00 AM,A,VC 22350,False,1,I-980 W/B,,,8/28/2024 3:11:21 PM,B,E,123.0,17TH ST OVERCROSSING,F,,D,8/28/2024 3:11:23 PM,8/28/2024 3:11:23 PM,False,True,4,,8/24/2024 10:07:00 AM,1007,False,,,True
4373584,9370-2024-02472,1,False,9370,7/2/2024 5:06:00 PM,1706,177,14,109,Oakland,1,True,True,C,REAR END,,Tuesday,NotApplicable,False,M,,False,True,False,ALAMEDA SUPERIOR COURT WILEY W. MANUEL COURTHOUSE,C,OTHER MOTOR VEHICLE,,0,0,A,DAYLIGHT,37.789153,-122.25434,,,,,A,NO PEDESTRIANS INVOLVED,7/2/2024 5:06:00 PM,A,VC 22350,False,1,I-880 S/B,,,8/28/2024 11:29:48 AM,A,N,2610.0,16TH AVE,F,,D,8/28/2024 11:29:50 AM,8/28/2024 11:29:50 AM,False,True,4,,7/2/2024 5:07:00 PM,1707,False,,,True
4373391,9370-2024-02660,1,False,9370,8/21/2024 3:19:00 PM,1519,179,14,109,Oakland,1,True,True,C,REAR END,,Wednesday,NotApplicable,False,,,False,True,False,ALAMEDA SUPERIOR COURT WILEY W. MANUEL COURTHOUSE,C,OTHER MOTOR VEHICLE,,0,0,A,DAYLIGHT,37.829088,-122.292913,,,,,A,NO PEDESTRIANS INVOLVED,8/21/2024 3:19:00 PM,A,VC 22350,False,1,I-880 N/B TO I-80 E/B,,,8/28/2024 10:26:09 AM,A,N,670.0,BEACH STREET,F,,D,8/28/2024 10:26:10 AM,8/28/2024 10:26:10 AM,False,True,4,,8/21/2024 3:22:00 PM,1522,False,,,True