collision-id,report-number,report-version,is-preliminary,ncic-code,crash-date-time,crash-time-description,beat,city-id,city-code,city-name,county-code,city-is-active,city-is-incorporated,collision-type-code,collision-type-description,collision-type-other-desc,day-of-week,dispatch-notified,has-photographs,hit-run,is-attachments-mailed,is-deleted,is-highway-related,is-tow-away,judicial-district,motor-vehicle-involved-with-code,motor-vehicle-involved-with-desc,motor-vehicle-involved-with-other-desc,number-injured,number-killed,lighting-code,lighting-description,latitude,longitude,milepost-direction,milepost-distance,milepost-marker,milepost-unit-of-measure,pedestrian-action-code,pedestrian-action-desc,prepared-date,primary-collision-factor-code,primary-collision-factor-description,primary-collision-factor-is-cited,primary-collision-party-number,primary-road,reporting-district,reporting-district-code,reviewed-date,roadway-surface-code,secondary-direction,secondary-distance,secondary-road,secondary-unit-of-measure,sketch-desc,traffic-control-device-code,created-date,modified-date,is-county-road,is-freeway,chp-555-version,is-additonal-object-struck,notification-date,notification-time-description,has-digital-media-files,evidence-number,is-location-refer-to-narrative,is-aoi-one-same-as-location
4373362,9370-2024-02657,1,False,9370,8/21/2024 12:18:00 PM,1218,176,14,109,Oakland,1,True,True,C,REAR END,,Wednesday,NotApplicable,False,,,False,True,False,ALAMEDA SUPERIOR COURT WILEY W. MANUEL COURTHOUSE,C,OTHER MOTOR VEHICLE,,0,0,A,DAYLIGHT,37.7269,-122.184158,,,,,A,NO PEDESTRIANS INVOLVED,8/21/2024 12:18:00 PM,A,VC 22350,False,1,I-880 N/B,,,8/28/2024 10:16:14 AM,A,S,0.4,98TH AVE,M,,D,8/28/2024 10:16:15 AM,8/28/2024 10:16:15 AM,False,True,4,,8/21/2024 12:23:00 PM,1223,False,,,True
4373323,9370-2024-02685,1,False,9370,8/21/2024 9:57:00 AM,957,098,14,109,Oakland,1,True,True,E,HIT OBJECT,,Wednesday,NotApplicable,False,,,False,True,False,ALAMEDA SUPERIOR COURT WILEY W. MANUEL COURTHOUSE,J,OTHER OBJECT,BARRICADE,0,0,A,DAYLIGHT,37.818358,-122.270349,,,,,A,NO PEDESTRIANS INVOLVED,8/21/2024 9:57:00 AM,A,VC 22350,False,1,I-980 W/B,,,8/28/2024 10:03:02 AM,A,W,500.0,29TH ST,F,,D,8/28/2024 10:03:03 AM,8/28/2024 10:03:03 AM,False,True,4,,8/21/2024 10:07:00 AM,1007,False,,,True
4373161,24-020006,2,False,0109,4/23/2024 1:57:00 PM,1357,24X,14,109,Oakland,1,True,True,C,REAR END,,Tuesday,,,F,,False,False,True,,C,OTHER MOTOR VEHICLE,,0,0,A,DAYLIGHT,,,,,,,A,NO PEDESTRIANS INVOLVED,,A,22107,,1,34TH AV,2,,,A,,,FRUITVALE AV,,,D,8/28/2024 8:58:20 AM,1/28/2025 11:44:54 AM,,,2,,,,,,,
4373144,24-027676,2,False,0109,6/4/2024 3:08:00 PM,1508,05X,14,109,Oakland,1,True,True,D,BROADSIDE,,Tuesday,,,,,False,False,False,,E,PARKED MOTOR VEHICLE,,0,0,A,DAYLIGHT,,,,,,,A,NO PEDESTRIANS INVOLVED,,A,22107,,1,22ND ST,1,,,A,W,30.0,CURTIS,F,,D,8/28/2024 8:53:19 AM,1/28/2025 11:45:53 AM,,,2,,,,,,,
4373139,24-027408,2,False,0109,6/3/2024 8:41:00 AM,841,31X,14,109,Oakland,1,True,True,D,BROADSIDE,,Monday,,,M,,False,False,False,,E,PARKED MOTOR VEHICLE,,0,0,A,DAYLIGHT,,,,,,,A,NO PEDESTRIANS INVOLVED,,A,22107,,1,BERNHARDT DR,2,,,A,,,HUNTER AV,,,D,8/28/2024 8:53:18 AM,1/28/2025 11:45:53 AM,,,2,,,,,,,
4373084,24-025170,2,False,0109,5/21/2024 8:47:00 PM,2047,28X,14,109,Oakland,1,True,True,B,SIDE SWIPE,,Tuesday,,,M,,False,False,False,,D,MOTOR VEHICLE ON OTHER ROADWAY,,0,0,C,DARK-STREET LIGHTS,,,,,,,A,NO PEDESTRIANS INVOLVED,,A,22107,,1,MACARTHUR BL,2,,,A,E,120.0,MILLSVIEW AV,F,,D,8/28/2024 8:38:18 AM,1/28/2025 11:45:53 AM,,,2,,,,,,,
4373082,24-028397,2,False,0109,6/8/2024 6:50:00 PM,1850,02X,14,109,Oakland,1,True,True,D,BROADSIDE,,Saturday,,,M,,False,False,False,,C,OTHER MOTOR VEHICLE,,0,0,A,DAYLIGHT,,,,,,,A,NO PEDESTRIANS INVOLVED,,A,21801A,,1,7TH ST,1,,,A,,,BRUSH ST,,,A,8/28/2024 8:38:18 AM,1/28/2025 11:45:53 AM,,,2,,,,,,,
4373081,24-027718,2,False,0109,6/4/2024 9:42:00 PM,2142,32X,14,109,Oakland,1,True,True,D,BROADSIDE,,Tuesday,,,M,,False,False,True,,C,OTHER MOTOR VEHICLE,,0,0,C,DARK-STREET LIGHTS,,,,,,,A,NO PEDESTRIANS INVOLVED,,A,216551,,1,INTERNATIONAL BL,2,,,A,,,100TH AV,,,A,8/28/2024 8:38:18 AM,1/28/2025 11:45:53 AM,,,2,,,,,,,
4372893,9370-2024-02638,1,False,9370,8/20/2024 12:39:00 AM,39,053,14,109,Oakland,1,True,True,C,REAR END,,Tuesday,NotApplicable,False,M,,False,True,False,ALAMEDA SUPERIOR COURT WILEY W. MANUEL COURTHOUSE,C,OTHER MOTOR VEHICLE,,0,0,D,DARK-NO STREET LIGHTS,37.80305,-122.231598,,,,,A,NO PEDESTRIANS INVOLVED,8/20/2024 12:39:00 AM,A,VC 22350,False,1,I-580 W/B,,,8/28/2024 7:29:13 AM,A,E,683.0,PARK BLVD,F,,D,8/28/2024 7:29:15 AM,8/28/2024 7:29:15 AM,False,True,4,,8/20/2024 12:42:00 AM,42,False,,,True
4372852,9370-2024-02606,1,False,9370,8/16/2024 9:00:00 AM,900,177,14,109,Oakland,1,True,True,B,SIDE SWIPE,,Friday,NotApplicable,False,,,False,True,False,ALAMEDA SUPERIOR COURT WILEY W. MANUEL COURTHOUSE,C,OTHER MOTOR VEHICLE,,1,0,A,DAYLIGHT,37.789223,-122.253573,,,,,A,NO PEDESTRIANS INVOLVED,8/16/2024 9:00:00 AM,A,VC 21658(a),False,1,I-880 N/B,,,8/28/2024 7:16:25 AM,A,S,1885.0,5TH AVE,F,,D,8/28/2024 7:16:27 AM,8/28/2024 7:16:27 AM,False,True,4,,8/16/2024 9:05:00 AM,905,False,,,True
4372823,9370-2024-02609,1,False,9370,8/16/2024 8:05:00 PM,2005,055,14,109,Oakland,1,True,True,C,REAR END,,Friday,Yes,False,,,False,True,False,ALAMEDA SUPERIOR COURT WILEY W. MANUEL COURTHOUSE,E,PARKED MOTOR VEHICLE,,0,0,C,DARK-STREET LIGHTS,37.831029,-122.266289,,,,,A,NO PEDESTRIANS INVOLVED,8/16/2024 8:05:00 PM,A,VC 23152(a),True,1,I-580 TO SR-24 EB,,,8/28/2024 7:03:11 AM,A,W,90.0,40TH STREET,F,,D,8/28/2024 7:03:14 AM,8/28/2024 7:03:14 AM,False,True,4,,8/16/2024 8:09:00 PM,2009,False,,,True
4372810,24-006058,2,False,0109,2/3/2024 6:30:00 AM,630,33X,14,109,Oakland,1,True,True,F,OVERTURNED,,Saturday,,,,,False,False,False,,E,PARKED MOTOR VEHICLE,,0,0,B,DUSK-DAWN,,,,,,,A,NO PEDESTRIANS INVOLVED,,A,22107,,1,85TH AV,2,,,A,N,200.0,G ST,F,,D,8/28/2024 6:58:10 AM,1/28/2025 11:17:00 AM,,,2,,,,,,,
4372742,9335-2024-01903,1,False,9335,8/20/2024 7:10:00 AM,710,082,14,109,Oakland,1,True,True,B,SIDE SWIPE,,Tuesday,NotApplicable,False,,,False,True,False,ALAMEDA SUPERIOR COURT ALAMEDA,C,OTHER MOTOR VEHICLE,,0,0,A,DAYLIGHT,37.824556,-122.315678,,,,,A,NO PEDESTRIANS INVOLVED,8/20/2024 7:10:00 AM,A,VC 22106,False,1,INTERSTATE 80 WESTBOUND,,,8/28/2024 6:24:55 AM,A,W,0.1,SFO BAY BRIDGE TOLL PLAZA,M,,A,8/28/2024 6:25:00 AM,8/28/2024 6:25:00 AM,False,True,4,,8/20/2024 7:15:00 AM,715,False,,,True
4392433,9335-2024-02031,1,False,9335,9/5/2024 4:15:00 PM,1615,084,14,109,Oakland,1,True,True,E,HIT OBJECT,,Thursday,NotApplicable,False,,,False,True,False,ALAMEDA SUPERIOR COURT ALAMEDA,J,OTHER OBJECT,METAL OBJECT,0,0,A,DAYLIGHT,37.820521,-122.338103,,,,,A,NO PEDESTRIANS INVOLVED,9/5/2024 4:15:00 PM,A,VC 22350,False,1,I-80 E/B,,,9/12/2024 5:47:00 PM,A,E,1.6,YERBA BUENA ISLAND TUNNEL EAST EDGE,M,,D,9/12/2024 5:47:05 PM,9/12/2024 5:47:05 PM,False,True,4,,9/5/2024 4:17:00 PM,1617,True,EMBEDDED,,True
4392423,9370-2024-02870,1,False,9370,9/10/2024 5:40:00 AM,540,024,14,109,Oakland,1,True,True,C,REAR END,,Tuesday,Yes,False,M,,False,True,False,ALAMEDA SUPERIOR COURT WILEY W. MANUEL COURTHOUSE,C,OTHER MOTOR VEHICLE,,0,0,D,DARK-NO STREET LIGHTS,37.828717,-122.267726,,,,,A,NO PEDESTRIANS INVOLVED,9/10/2024 5:40:00 AM,A,VC 22350,False,1,SR-24 W/B TO I-580 W/B,,,9/12/2024 5:23:04 PM,A,W,2402.0,MARTIN LUTHER KING JR WAY,F,,D,9/12/2024 5:23:06 PM,9/12/2024 5:23:06 PM,False,True,4,,9/10/2024 5:43:00 AM,543,False,,,True
4392274,24-010558,2,False,0109,2/29/2024 2:50:00 PM,1450,31X,14,109,Oakland,1,True,True,D,BROADSIDE,,Thursday,,,,,False,False,False,,C,OTHER MOTOR VEHICLE,,0,0,A,DAYLIGHT,,,,,,,A,NO PEDESTRIANS INVOLVED,,C,,,,HEGENBERGER RD,2,,,A,W,10.0,BALDWIN ST,F,,A,9/12/2024 2:34:06 PM,1/28/2025 11:23:25 AM,,,2,,,,,,,
4392139,9390-2024-02178,1,False,9370,9/5/2024 9:04:00 AM,904,052,14,109,Oakland,1,True,True,C,REAR END,,Thursday,NotApplicable,False,,,False,True,True,ALAMEDA SUPERIOR COURT WILEY W. MANUEL COURTHOUSE,C,OTHER MOTOR VEHICLE,,0,0,A,DAYLIGHT,37.775063,-122.161206,,,,,A,NO PEDESTRIANS INVOLVED,9/5/2024 9:04:00 AM,A,VC 22350,False,1,I-580 WESTBOUND,,,9/12/2024 1:28:14 PM,A,W,0.33,KELLER AVENUE,M,,D,9/12/2024 1:28:15 PM,9/12/2024 1:28:15 PM,False,True,4,,9/5/2024 9:08:00 AM,908,False,,,True
4392116,9370-2024-02811,1,False,9370,9/4/2024 11:15:00 AM,1115,054,14,109,Oakland,1,True,True,E,HIT OBJECT,,Wednesday,NotApplicable,False,M,,False,True,False,ALAMEDA SUPERIOR COURT WILEY W. MANUEL COURTHOUSE,I,FIXED OBJECT,CEMENT CENTER DIVIDER,0,0,A,DAYLIGHT,37.811164,-122.249657,,,,,A,NO PEDESTRIANS INVOLVED,9/4/2024 11:15:00 AM,A,VC 22107,False,1,I-580 W/B,,,9/12/2024 1:17:46 PM,A,W,350.0,GRAND AVE,F,,D,9/12/2024 1:17:52 PM,9/12/2024 1:17:52 PM,False,True,4,,9/4/2024 11:17:00 AM,1117,False,,,True
4392029,24-004868,2,False,0109,1/28/2024 11:38:00 AM,1138,13Y,14,109,Oakland,1,True,True,A,HEAD-ON,,Sunday,,,,,False,False,False,,G,BICYCLE,,1,0,A,DAYLIGHT,,,,,,,A,NO PEDESTRIANS INVOLVED,,A,21801A,,1,CLAREMONT AV,1,,,A,,,STONEWALL RD,,,D,9/12/2024 12:39:06 PM,1/28/2025 11:42:44 AM,,,2,,,,,,,
4392020,24-024016,2,False,0109,5/15/2024 6:50:00 PM,1850,12X,14,109,Oakland,1,True,True,H,OTHER,,Wednesday,,,,,False,False,False,,G,BICYCLE,,1,0,A,DAYLIGHT,,,,,,,A,NO PEDESTRIANS INVOLVED,,A,22107,,1,COLLEGE AV,1,,,A,E,40.0,OAK GROVE AV,F,,D,9/12/2024 12:34:06 PM,1/28/2025 11:46:16 AM,,,2,,,,,,,
4392007,9370-2024-02856,1,False,9370,9/6/2024 9:15:00 AM,915,024,14,109,Oakland,1,True,True,C,REAR END,,Friday,No,False,,,False,True,True,ALAMEDA SUPERIOR COURT WILEY W. MANUEL COURTHOUSE,C,OTHER MOTOR VEHICLE,,0,0,A,DAYLIGHT,37.83437,-122.266361,,,,,A,NO PEDESTRIANS INVOLVED,9/6/2024 9:15:00 AM,A,VC 22350,False,1,SR-24 W/B,,,9/12/2024 12:29:09 PM,A,E,1290.0,I-580,F,,D,9/12/2024 12:29:11 PM,9/12/2024 12:29:11 PM,False,True,4,,9/6/2024 9:30:00 AM,930,False,,,True
4391991,9370-2024-02789,1,False,9370,9/1/2024 8:35:00 PM,2035,008,14,109,Oakland,1,True,True,B,SIDE SWIPE,,Sunday,NotApplicable,False,M,,False,True,False,ALAMEDA SUPERIOR COURT WILEY W. MANUEL COURTHOUSE,C,OTHER MOTOR VEHICLE,,0,0,D,DARK-NO STREET LIGHTS,37.826025,-122.300939,,,,,A,NO PEDESTRIANS INVOLVED,9/1/2024 8:35:00 PM,A,VC 22350,False,1,I-80 E/B,,,9/12/2024 12:20:17 PM,A,W,2000.0,POWELL ST,F,,D,9/12/2024 12:20:18 PM,9/12/2024 12:20:18 PM,False,True,4,,9/1/2024 8:40:00 PM,2040,False,,,True
4391984,9370-2024-02878,1,False,9370,9/10/2024 3:05:00 PM,1505,054,14,109,Oakland,1,True,True,C,REAR END,,Tuesday,NotApplicable,False,,,False,True,False,ALAMEDA SUPERIOR COURT WILEY W. MANUEL COURTHOUSE,C,OTHER MOTOR VEHICLE,,1,0,A,DAYLIGHT,37.800804,-122.22709,,,,,A,NO PEDESTRIANS INVOLVED,9/10/2024 3:05:00 PM,A,VC 22350,False,1,I-580 W/B TO 14TH AVE,,,9/12/2024 12:14:40 PM,A,E,495.0,14TH AVE,F,,D,9/12/2024 12:14:42 PM,9/12/2024 12:14:42 PM,False,True,4,,9/10/2024 3:10:00 PM,1510,False,,,True
4391956,9370-2024-02817,1,False,9370,9/4/2024 5:00:00 PM,1700,053,14,109,Oakland,1,True,True,C,REAR END,,Wednesday,NotApplicable,False,,,False,True,False,ALAMEDA SUPERIOR COURT WILEY W. MANUEL COURTHOUSE,C,OTHER MOTOR VEHICLE,,0,0,A,DAYLIGHT,37.788889,-122.2,,,,,A,NO PEDESTRIANS INVOLVED,9/4/2024 5:00:00 PM,A,VC 22350,False,1,I-580 E/B,,,9/12/2024 12:03:58 PM,A,W,180.0,38TH AVE,F,,D,9/12/2024 12:04:03 PM,9/12/2024 12:04:03 PM,False,True,4,,9/4/2024 5:05:00 PM,1705,False,,,True
4391600,9370-2024-02794,1,False,9370,8/31/2024 11:07:00 PM,2307,177,14,109,Oakland,1,True,True,B,SIDE SWIPE,,Saturday,NotApplicable,False,M,,False,True,False,ALAMEDA SUPERIOR COURT WILEY W. MANUEL COURTHOUSE,C,OTHER MOTOR VEHICLE,,0,0,C,DARK-STREET LIGHTS,37.786821,-122.246729,,,,,A,NO PEDESTRIANS INVOLVED,8/31/2024 11:07:00 PM,A,VC 21658(A),False,1,I-880 S/B,,,9/12/2024 9:53:41 AM,A,S,3960.0,5TH AVE,F,,D,9/12/2024 9:53:42 AM,9/12/2024 9:53:42 AM,False,True,4,,8/31/2024 11:09:00 PM,2309,False,,,True
4391596,9320-2024-03024,1,False,9320,9/5/2024 4:47:00 PM,1647,904,14,109,Oakland,1,True,True,C,REAR END,,Thursday,NotApplicable,False,,,False,True,False,ALAMEDA SUPERIOR COURT BERKELEY COURTHOUSE,C,OTHER MOTOR VEHICLE,,1,0,A,DAYLIGHT,37.834746,-122.295384,,,,,A,NO PEDESTRIANS INVOLVED,9/5/2024 4:47:00 PM,A,VC 22350,False,1,I-80 WB,,,9/12/2024 9:50:16 AM,A,E,142.0,I-880,F,,A,9/12/2024 9:50:20 AM,9/12/2024 9:50:20 AM,False,True,4,,9/5/2024 4:48:00 PM,1648,False,,,True
4391471,24-033246,2,False,0109,7/4/2024 12:05:00 PM,1205,03X,14,109,Oakland,1,True,True,D,BROADSIDE,,Thursday,,,,,False,False,True,,C,OTHER MOTOR VEHICLE,,1,0,A,DAYLIGHT,,,,,,,A,NO PEDESTRIANS INVOLVED,,A,21453A,,,14TH ST,1,,,A,,,FRANKLIN ST,,,A,9/12/2024 9:09:02 AM,1/28/2025 11:43:34 AM,,,2,,,,,,,
4391397,24-027594,2,False,0109,6/4/2024 8:20:00 AM,820,05X,14,109,Oakland,1,True,True,A,HEAD-ON,,Tuesday,,,F,,False,False,False,,G,BICYCLE,,1,0,A,DAYLIGHT,,,,,,,A,NO PEDESTRIANS INVOLVED,,D,,,,MARKET ST,1,,,A,S,68.0,22ND ST,F,,A,9/12/2024 8:49:00 AM,1/28/2025 11:46:05 AM,,,2,,,,,,,
4391124,9370-2024-02813,1,False,9370,9/4/2024 10:40:00 AM,1040,008,14,109,Oakland,1,True,True,B,SIDE SWIPE,,Wednesday,No,False,,,False,True,False,ALAMEDA SUPERIOR COURT WILEY W. MANUEL COURTHOUSE,C,OTHER MOTOR VEHICLE,,0,0,A,DAYLIGHT,37.82563,-122.304851,,,,,A,NO PEDESTRIANS INVOLVED,9/4/2024 10:40:00 AM,A,VC 22107,False,1,INTERSTATE 80 WESTBOUND,,,9/12/2024 7:03:47 AM,A,E,740.0,WEST GRAND OVER-CROSSING,F,,D,9/12/2024 7:03:47 AM,9/12/2024 7:03:47 AM,False,True,4,,9/4/2024 10:45:00 AM,1045,False,,,True
4390818,9335-2024-02036,1,False,9335,9/5/2024 7:15:00 PM,1915,082,14,109,Oakland,1,True,True,B,SIDE SWIPE,,Thursday,Yes,False,,,False,True,True,ALAMEDA SUPERIOR COURT ALAMEDA,C,OTHER MOTOR VEHICLE,,3,0,A,DAYLIGHT,37.823911,-122.317509,,,,,A,NO PEDESTRIANS INVOLVED,9/5/2024 7:15:00 PM,A,VC 21658(A),False,1,I-80 W/B,,,9/11/2024 8:43:17 PM,A,W,1090.0,TOLL PLAZA,F,,D,9/11/2024 8:43:22 PM,9/11/2024 8:43:22 PM,False,True,4,True,9/5/2024 7:15:00 PM,1915,False,,,True
4390783,9370-2024-02839,1,False,9370,9/6/2024 5:44:00 PM,1744,054,14,109,Oakland,1,True,True,C,REAR END,,Friday,NotApplicable,False,,,False,True,False,ALAMEDA SUPERIOR COURT WILEY W. MANUEL COURTHOUSE,C,OTHER MOTOR VEHICLE,,0,0,A,DAYLIGHT,37.818582,-122.253459,,,,,A,NO PEDESTRIANS INVOLVED,9/6/2024 5:44:00 PM,A,VC 22350,False,1,I-580 E/B,,,9/11/2024 5:59:27 PM,A,E,120.0,OAKLAND AVE,F,,D,9/11/2024 5:59:29 PM,9/11/2024 5:59:29 PM,False,True,4,,9/6/2024 5:49:00 PM,1749,False,,,True
4390771,24-023080,2,False,0109,5/10/2024 10:33:00 AM,1033,32X,14,109,Oakland,1,True,True,C,REAR END,,Friday,,,M,,False,False,False,,G,BICYCLE,,1,0,A,DAYLIGHT,,,,,,,A,NO PEDESTRIANS INVOLVED,,A,23152,,,BANCROFT AV,2,,,A,E,10.0,100TH AV,F,,D,9/11/2024 5:28:55 PM,1/28/2025 11:36:58 AM,,,2,,,,,,,
4390760,9370-2024-02864,1,False,9370,9/9/2024 2:05:00 PM,1405,053,14,109,Oakland,1,True,True,C,REAR END,,Monday,NotApplicable,False,,,False,True,False,ALAMEDA SUPERIOR COURT WILEY W. MANUEL COURTHOUSE,C,OTHER MOTOR VEHICLE,,0,0,A,DAYLIGHT,37.794217,-122.20603,,,,,A,NO PEDESTRIANS INVOLVED,9/9/2024 2:05:00 PM,A,VC 22350,False,1,I-580 E/B,,,9/11/2024 5:06:37 PM,A,W,1017.0,35TH AVE,F,,D,9/11/2024 5:06:39 PM,9/11/2024 5:06:39 PM,False,True,4,,9/9/2024 2:10:00 PM,1410,False,,,True
4390751,24-032818,2,False,0109,7/2/2024 12:38:00 AM,38,27X,14,109,Oakland,1,True,True,A,HEAD-ON,,Tuesday,,,,,False,False,True,,C,OTHER MOTOR VEHICLE,,1,0,C,DARK-STREET LIGHTS,,,,,,,A,NO PEDESTRIANS INVOLVED,,D,,,1,FOOTHILL BL,2,,,A,E,30.0,VICKSBURG AV,F,,D,9/11/2024 4:53:55 PM,1/28/2025 11:43:33 AM,,,2,,,,,,,
4390490,24-022070,2,False,0109,5/5/2024 1:35:00 PM,1335,33X,14,109,Oakland,1,True,True,A,HEAD-ON,,Sunday,,,,,False,False,True,,C,OTHER MOTOR VEHICLE,,3,0,A,DAYLIGHT,,,,,,,A,NO PEDESTRIANS INVOLVED,,A,21801A,,1,81ST AV,2,,,A,N,280.0,B ST,F,,D,9/11/2024 2:03:53 PM,1/28/2025 11:43:50 AM,,,2,,,,,,,
4390476,24-021159,2,False,0109,4/30/2024 12:09:00 AM,9,25X,14,109,Oakland,1,True,True,A,HEAD-ON,,Tuesday,,,,,False,False,True,,E,PARKED MOTOR VEHICLE,,1,0,C,DARK-STREET LIGHTS,,,,,,,A,NO PEDESTRIANS INVOLVED,,A,22350,,1,TOMPKINS AV,2,,,A,N,82.0,HIGH ST,F,,D,9/11/2024 1:58:53 PM,1/28/2025 11:48:03 AM,,,2,,,,,,,
4390317,9370-2024-02808,1,False,9370,9/2/2024 9:04:00 PM,2104,025,14,109,Oakland,1,True,True,H,OTHER,POTHOLE,Monday,NotApplicable,False,,,False,True,True,ALAMEDA SUPERIOR COURT WILEY W. MANUEL COURTHOUSE,A,NON-COLLISION,,0,0,C,DARK-STREET LIGHTS,37.830735,-122.267362,,,,,A,NO PEDESTRIANS INVOLVED,9/2/2024 9:04:00 PM,A,VC 21651(a),False,1,SR-24 W/B FROM MLK JR. WAY,,,9/11/2024 12:52:05 PM,A,W,170.0,42ND ST,F,,D,9/11/2024 12:52:07 PM,9/11/2024 12:52:07 PM,False,True,4,,9/2/2024 9:09:00 PM,2109,False,,,True
4390192,24-040298,2,False,0109,8/12/2024 5:30:00 PM,1730,26X,14,109,Oakland,1,True,True,D,BROADSIDE,,Monday,,,M,,False,False,True,,C,OTHER MOTOR VEHICLE,,3,0,A,DAYLIGHT,,,,,,,A,NO PEDESTRIANS INVOLVED,,A,21457A,,1,HAMILTON ST,2,,,A,,,HEGENBERGER RD,,,A,9/11/2024 11:48:52 AM,1/28/2025 11:43:36 AM,,,2,,,,,,,
4390182,24-039926,2,False,0109,8/10/2024 1:20:00 PM,1320,20X,14,109,Oakland,1,True,True,C,REAR END,,Saturday,,,M,,False,False,False,,G,BICYCLE,,1,0,A,DAYLIGHT,,,,,,,A,NO PEDESTRIANS INVOLVED,,A,22350,,1,INTERNATIONAL BL,2,,,A,E,30.0,29TH ST,F,,B,9/11/2024 11:43:52 AM,1/28/2025 11:43:36 AM,,,2,,,,,,,
4390176,24-039157,2,False,0109,8/6/2024 5:39:00 PM,1739,17X,14,109,Oakland,1,True,True,D,BROADSIDE,,Tuesday,,,,,False,False,False,,C,OTHER MOTOR VEHICLE,,1,0,A,DAYLIGHT,,,,,,,A,NO PEDESTRIANS INVOLVED,,A,21453A,,1,PARK BL,1,,,A,,,MACARTHUR BL,,,A,9/11/2024 11:38:52 AM,1/28/2025 11:43:36 AM,,,2,,,,,,,
4390161,24-039260,2,False,0109,8/7/2024 10:37:00 AM,1037,26X,14,109,Oakland,1,True,True,C,REAR END,,Wednesday,,,,,False,False,False,,C,OTHER MOTOR VEHICLE,,2,0,A,DAYLIGHT,,,,,,,A,NO PEDESTRIANS INVOLVED,,A,22350,,1,INTERNATIONAL BL,2,,,A,W,1000.0,57TH AV,F,,D,9/11/2024 11:28:52 AM,1/28/2025 11:43:36 AM,,,2,,,,,,,
4390145,24-039462,2,False,0109,8/8/2024 12:25:00 PM,1225,16X,14,109,Oakland,1,True,True,D,BROADSIDE,,Thursday,,,,,False,True,True,,C,OTHER MOTOR VEHICLE,,1,0,A,DAYLIGHT,,,,,,,A,NO PEDESTRIANS INVOLVED,,A,21453A,,1,BEAUMONT AV,1,,,A,,,MACARTHUR BL,,,A,9/11/2024 11:18:52 AM,1/28/2025 11:43:36 AM,,,2,,,,,,,
4389302,9370-2024-02835,1,False,9370,9/6/2024 8:40:00 PM,2040,178,14,109,Oakland,1,True,True,E,HIT OBJECT,,Friday,Yes,False,,,False,True,True,ALAMEDA SUPERIOR COURT WILEY W. MANUEL COURTHOUSE,I,FIXED OBJECT,GUARDRAIL,1,0,C,DARK-STREET LIGHTS,37.805317,-122.303605,,,,,A,NO PEDESTRIANS INVOLVED,9/6/2024 8:40:00 PM,A,VC 22107,False,1,I-880 N/B,,,9/10/2024 5:54:15 PM,A,S,973.0,7TH ST,F,,D,9/10/2024 5:54:18 PM,9/10/2024 5:54:18 PM,False,True,4,,9/6/2024 8:55:00 PM,2055,False,,,True
4389160,9370-2024-02819,2,False,9370,9/4/2024 4:15:00 PM,1615,052,14,109,Oakland,1,True,True,E,HIT OBJECT,,Wednesday,NotApplicable,False,M,,False,True,False,ALAMEDA SUPERIOR COURT WILEY W. MANUEL COURTHOUSE,I,FIXED OBJECT,TREE,0,0,A,DAYLIGHT,37.744039,-122.147099,,,,,A,NO PEDESTRIANS INVOLVED,9/4/2024 4:15:00 PM,A,VC 22350,False,1,INTERSTATE 580 WESTBOUND,,,10/11/2024 11:15:02 AM,A,E,580.0,106TH AVENUE,F,,D,9/10/2024 3:06:45 PM,10/11/2024 11:15:05 AM,False,True,4,,9/4/2024 4:20:00 PM,1620,False,,,True
4389113,9370-2024-02805,1,False,9370,9/3/2024 6:10:00 PM,1810,055,14,109,Oakland,1,True,True,C,REAR END,,Tuesday,NotApplicable,False,,,False,True,False,ALAMEDA SUPERIOR COURT WILEY W. MANUEL COURTHOUSE,C,OTHER MOTOR VEHICLE,,0,0,A,DAYLIGHT,37.824709,-122.270398,,,,,A,NO PEDESTRIANS INVOLVED,9/3/2024 6:10:00 PM,A,VC 22350,False,1,INTERSTATE 580 EASTBOUND,,,9/10/2024 2:37:50 PM,A,W,3000.0,BROADWAY,F,,D,9/10/2024 2:37:53 PM,9/10/2024 2:37:53 PM,False,True,4,,9/3/2024 6:20:00 PM,1820,False,,,True
4389085,9370-2024-02801,1,False,9370,9/3/2024 11:28:00 AM,1128,024,14,109,Oakland,1,True,True,B,SIDE SWIPE,,Tuesday,NotApplicable,False,,,False,True,False,ALAMEDA SUPERIOR COURT WILEY W. MANUEL COURTHOUSE,C,OTHER MOTOR VEHICLE,,0,0,A,DAYLIGHT,37.849689,-122.224095,,,,,A,NO PEDESTRIANS INVOLVED,9/3/2024 11:28:00 AM,A,VC 21658(A),False,1,SR-24 W/B,,,9/10/2024 2:25:45 PM,A,E,750.0,SR-13,F,,D,9/10/2024 2:25:47 PM,9/10/2024 2:25:47 PM,False,True,4,,9/3/2024 11:35:00 AM,1135,False,,,True
4389020,24-038982,2,False,0109,8/5/2024 4:25:00 PM,1625,26X,14,109,Oakland,1,True,True,B,SIDE SWIPE,,Monday,,,M,,False,False,False,,E,PARKED MOTOR VEHICLE,,0,0,A,DAYLIGHT,,,,,,,A,NO PEDESTRIANS INVOLVED,,A,22107,,1,HERBERT GUICE WY,2,,,A,S,50.0,70TH AV,F,,D,9/10/2024 2:03:46 PM,1/28/2025 11:43:42 AM,,,2,,,,,,,
4388987,9370-2024-02829,1,False,9370,9/3/2024 8:15:00 AM,815,053,14,109,Oakland,1,True,True,C,REAR END,,Tuesday,NotApplicable,False,M,,False,True,False,ALAMEDA SUPERIOR COURT WILEY W. MANUEL COURTHOUSE,C,OTHER MOTOR VEHICLE,,0,0,A,DAYLIGHT,37.793456,-122.2044,,,,,A,NO PEDESTRIANS INVOLVED,9/3/2024 8:15:00 AM,A,VC 22350,False,1,I-580 W/B,,,9/10/2024 1:49:19 PM,A,W,400.0,35TH AVENUE,F,,D,9/10/2024 1:49:21 PM,9/10/2024 1:49:21 PM,False,True,4,,9/3/2024 8:20:00 AM,820,False,,,True