collision-id,report-number,report-version,is-preliminary,ncic-code,crash-date-time,crash-time-description,beat,city-id,city-code,city-name,county-code,city-is-active,city-is-incorporated,collision-type-code,collision-type-description,collision-type-other-desc,day-of-week,dispatch-notified,has-photographs,hit-run,is-attachments-mailed,is-deleted,is-highway-related,is-tow-away,judicial-district,motor-vehicle-involved-with-code,motor-vehicle-involved-with-desc,motor-vehicle-involved-with-other-desc,number-injured,number-killed,lighting-code,lighting-description,latitude,longitude,milepost-direction,milepost-distance,milepost-marker,milepost-unit-of-measure,pedestrian-action-code,pedestrian-action-desc,prepared-date,primary-collision-factor-code,primary-collision-factor-description,primary-collision-factor-is-cited,primary-collision-party-number,primary-road,reporting-district,reporting-district-code,reviewed-date,roadway-surface-code,secondary-direction,secondary-distance,secondary-road,secondary-unit-of-measure,sketch-desc,traffic-control-device-code,created-date,modified-date,is-county-road,is-freeway,chp-555-version,is-additonal-object-struck,notification-date,notification-time-description,has-digital-media-files,evidence-number,is-location-refer-to-narrative,is-aoi-one-same-as-location
4388853,24-039418,2,False,0109,8/8/2024 3:30:00 AM,330,33X,14,109,Oakland,1,True,True,C,REAR END,,Thursday,,,M,,False,False,True,,E,PARKED MOTOR VEHICLE,,0,0,C,DARK-STREET LIGHTS,,,,,,,A,NO PEDESTRIANS INVOLVED,,A,22107,,1,INTERNATIONAL BL,2,,,A,E,10.0,94TH AV,F,,A,9/10/2024 1:13:46 PM,1/28/2025 11:43:42 AM,,,2,,,,,,,
4388815,9370-2024-02830,1,False,9370,9/3/2024 6:45:00 AM,645,055,14,109,Oakland,1,True,True,B,SIDE SWIPE,,Tuesday,NotApplicable,False,,,False,True,False,ALAMEDA SUPERIOR COURT WILEY W. MANUEL COURTHOUSE,C,OTHER MOTOR VEHICLE,,0,0,A,DAYLIGHT,37.827257,-122.284966,,,,,A,NO PEDESTRIANS INVOLVED,9/3/2024 6:45:00 AM,A,VC 21658(A),False,1,I-580 W/B,,,9/10/2024 1:01:11 PM,A,W,100.0,HOLLIS ST,F,,D,9/10/2024 1:01:13 PM,9/10/2024 1:01:13 PM,False,True,4,,9/3/2024 8:45:00 AM,845,False,,,True
4388793,24-038924,2,False,0109,8/5/2024 5:00:00 AM,500,31X,14,109,Oakland,1,True,True,B,SIDE SWIPE,,Monday,,,M,,False,False,True,,C,OTHER MOTOR VEHICLE,,0,0,A,DAYLIGHT,,,,,,,A,NO PEDESTRIANS INVOLVED,,A,22107,,1,BIGGIE ST,2,,,A,E,400.0,98TH AV,F,,A,9/10/2024 12:53:46 PM,1/28/2025 11:43:42 AM,,,2,,,,,,,
4388681,9370-2024-02787,1,False,9370,9/1/2024 2:20:00 PM,1420,055,14,109,Oakland,1,True,True,E,HIT OBJECT,,Sunday,NotApplicable,False,,,False,True,False,ALAMEDA SUPERIOR COURT WILEY W. MANUEL COURTHOUSE,I,FIXED OBJECT,CONCRETE BARRIER WALL,0,0,A,DAYLIGHT,37.828748,-122.292985,,,,,A,NO PEDESTRIANS INVOLVED,9/1/2024 2:20:00 PM,A,VC 22107,False,1,I-580 W/B TO I-80 E/B,,,9/10/2024 12:06:30 PM,A,W,600.0,BEACH STREET,F,,D,9/10/2024 12:06:31 PM,9/10/2024 12:06:31 PM,False,True,4,,9/1/2024 2:25:00 PM,1425,False,,,True
4388640,9370-2024-02778,1,False,9370,8/31/2024 11:05:00 PM,2305,177,14,109,Oakland,1,True,True,C,REAR END,,Saturday,NotApplicable,False,,,False,True,True,ALAMEDA SUPERIOR COURT WILEY W. MANUEL COURTHOUSE,C,OTHER MOTOR VEHICLE,,0,0,C,DARK-STREET LIGHTS,37.787138,-122.24757,,,,,A,NO PEDESTRIANS INVOLVED,8/31/2024 11:05:00 PM,A,VC 22350,False,1,I-880 S/B,,,9/10/2024 11:49:39 AM,A,N,1035.0,16TH AVE,F,,D,9/10/2024 11:49:41 AM,9/10/2024 11:49:41 AM,False,True,4,,8/31/2024 11:10:00 PM,2310,False,,,True
4388589,9370-2024-02783,1,False,9370,8/31/2024 7:15:00 PM,1915,176,14,109,Oakland,1,True,True,C,REAR END,,Saturday,NotApplicable,False,,,False,True,False,ALAMEDA SUPERIOR COURT WILEY W. MANUEL COURTHOUSE,C,OTHER MOTOR VEHICLE,,1,0,D,DARK-NO STREET LIGHTS,37.77242,-122.225701,,,,,A,NO PEDESTRIANS INVOLVED,8/31/2024 7:15:00 PM,A,VC 22350,False,1,I-880 S/B,,,9/10/2024 11:24:09 AM,A,N,300.0,HIGH ST,F,,D,9/10/2024 11:24:11 AM,9/10/2024 11:24:11 AM,False,True,4,,8/31/2024 7:18:00 PM,1918,False,,,True
4388562,9370-2024-02775,1,False,9370,8/31/2024 3:15:00 PM,1515,052,14,109,Oakland,1,True,True,C,REAR END,,Saturday,NotApplicable,False,,,False,True,False,ALAMEDA SUPERIOR COURT WILEY W. MANUEL COURTHOUSE,C,OTHER MOTOR VEHICLE,,0,0,A,DAYLIGHT,37.783951,-122.182168,,,,,A,NO PEDESTRIANS INVOLVED,8/31/2024 3:15:00 PM,A,VC 22350,False,1,I-580 E/B,,,9/10/2024 11:15:05 AM,A,W,400.0,CALAVERAS AVENUE,F,,D,9/10/2024 11:15:09 AM,9/10/2024 11:15:09 AM,False,True,4,,8/31/2024 3:20:00 PM,1520,True,EMBEDDED,,True
4388315,24-020309,2,False,0109,4/25/2024 9:03:00 AM,903,24X,14,109,Oakland,1,True,True,C,REAR END,,Thursday,,,,,False,False,False,,E,PARKED MOTOR VEHICLE,,0,0,A,DAYLIGHT,,,,,,,A,NO PEDESTRIANS INVOLVED,,A,,,1,ROSEDALE AV,2,,,A,N,240.0,MERA ST,F,,D,9/10/2024 9:53:42 AM,1/28/2025 11:22:51 AM,,,2,,,,,,,
4388220,9370-2024-02735,1,False,9370,8/27/2024 12:36:00 PM,1236,055,14,109,Oakland,1,True,True,B,SIDE SWIPE,,Tuesday,NotApplicable,False,,,False,True,False,ALAMEDA SUPERIOR COURT WILEY W. MANUEL COURTHOUSE,C,OTHER MOTOR VEHICLE,,0,0,A,DAYLIGHT,37.826601,-122.290485,,,,,A,NO PEDESTRIANS INVOLVED,8/27/2024 12:36:00 PM,A,VC 22107,False,1,I-580 E/B,,,9/10/2024 9:16:42 AM,A,W,230.0,MANDELA PKY,F,,D,9/10/2024 9:16:43 AM,9/10/2024 9:16:43 AM,False,True,4,,8/27/2024 12:47:00 PM,1247,False,,,True
4388171,9370-2024-02772,1,False,9370,8/31/2024 7:45:00 AM,745,177,14,109,Oakland,1,True,True,E,HIT OBJECT,,Saturday,NotApplicable,False,,,False,True,True,ALAMEDA SUPERIOR COURT WILEY W. MANUEL COURTHOUSE,J,OTHER OBJECT,UNKNOWN DEBRIS,0,0,A,DAYLIGHT,37.779234,-122.238114,,,,,A,NO PEDESTRIANS INVOLVED,8/31/2024 7:45:00 AM,C,,,,I-880 S/B,,,9/10/2024 8:55:57 AM,A,S,700.0,16TH AVE,F,,D,9/10/2024 8:55:58 AM,9/10/2024 8:55:58 AM,False,True,4,,8/31/2024 7:50:00 AM,750,False,,,True
4388096,9370-2024-02834,1,False,9370,8/31/2024 4:20:00 AM,420,098,14,109,Oakland,1,True,True,E,HIT OBJECT,,Saturday,NotApplicable,False,,,False,True,False,ALAMEDA SUPERIOR COURT WILEY W. MANUEL COURTHOUSE,I,FIXED OBJECT,FREEWAY SIGN,0,0,C,DARK-STREET LIGHTS,37.805493,-122.278069,,,,,A,NO PEDESTRIANS INVOLVED,8/31/2024 4:20:00 AM,A,VC 22107,False,1,I-980 E/B FROM 12TH STREET,,,9/10/2024 8:28:25 AM,A,E,28.0,12TH STREET,F,,A,9/10/2024 8:28:27 AM,9/10/2024 8:28:27 AM,False,True,4,,8/31/2024 4:22:00 AM,422,False,,,True
4388041,9370-2024-02771,1,False,9370,8/30/2024 10:15:00 PM,2215,053,14,109,Oakland,1,True,True,F,OVERTURNED,,Friday,Yes,False,,,False,True,True,ALAMEDA SUPERIOR COURT WILEY W. MANUEL COURTHOUSE,A,NON-COLLISION,,0,0,C,DARK-STREET LIGHTS,37.802221,-122.230577,,,,,A,NO PEDESTRIANS INVOLVED,8/30/2024 10:15:00 PM,A,VC 23152(a),True,1,I-580 W/B,,,9/10/2024 8:03:13 AM,A,W,615.0,BEAUMONT AVENUE,F,,D,9/10/2024 8:03:16 AM,9/10/2024 8:03:16 AM,False,True,4,False,8/30/2024 10:17:00 PM,2217,False,,,True
4388020,24-019688,2,False,0109,4/21/2024 6:57:00 PM,1857,10X,14,109,Oakland,1,True,True,B,SIDE SWIPE,,Sunday,,,,,False,False,False,,C,OTHER MOTOR VEHICLE,,1,0,A,DAYLIGHT,,,,,,,A,NO PEDESTRIANS INVOLVED,,A,22350,,1,PERKINS ST,1,,,A,,,WEST GRAND AV,,,A,9/10/2024 7:53:41 AM,1/28/2025 11:45:10 AM,,,2,,,,,,,
4387937,24-013496,2,False,0109,3/18/2024 2:03:00 PM,1403,03X,14,109,Oakland,1,True,True,B,SIDE SWIPE,,Monday,,,M,,False,False,False,,C,OTHER MOTOR VEHICLE,,1,0,A,DAYLIGHT,,,,,,,A,NO PEDESTRIANS INVOLVED,,A,22107,,1,8TH ST,1,,,A,,,JACKSON ST,,,A,9/10/2024 7:23:40 AM,1/28/2025 11:40:23 AM,,,2,,,,,,,
4387783,9370-2024-02758,1,False,9370,8/29/2024 9:32:00 PM,2132,177,14,109,Oakland,1,True,True,E,HIT OBJECT,,Thursday,NotApplicable,False,,,False,True,False,ALAMEDA SUPERIOR COURT WILEY W. MANUEL COURTHOUSE,I,FIXED OBJECT,CENTER DIVIDER,1,0,D,DARK-NO STREET LIGHTS,37.788394,-122.250711,,,,,A,NO PEDESTRIANS INVOLVED,8/29/2024 9:32:00 PM,A,VC 22107,False,1,I-880 N/B,,,9/10/2024 5:58:51 AM,A,N,1923.0,16TH AVE,F,,D,9/10/2024 5:58:52 AM,9/10/2024 5:58:52 AM,False,True,4,,8/29/2024 9:35:00 PM,2135,False,,,True
4387319,9370-2024-02807,1,False,9370,9/3/2024 7:00:00 PM,1900,008,14,109,Oakland,1,True,True,B,SIDE SWIPE,,Tuesday,NotApplicable,False,,,False,True,False,ALAMEDA SUPERIOR COURT WILEY W. MANUEL COURTHOUSE,C,OTHER MOTOR VEHICLE,,0,0,A,DAYLIGHT,37.824598,-122.306477,,,,,A,NO PEDESTRIANS INVOLVED,9/3/2024 7:00:00 PM,A,VC 21658(A),False,,I-80 E/B TO I-580 E/B,,,9/9/2024 4:19:25 PM,A,E,1015.0,WEST GRAND AVE,F,,D,9/9/2024 4:19:27 PM,9/9/2024 4:19:27 PM,False,True,4,,9/3/2024 7:05:00 PM,1905,False,,,True
4387318,9370-2024-02803,1,False,9370,9/3/2024 5:40:00 PM,1740,178,14,109,Oakland,1,True,True,C,REAR END,,Tuesday,NotApplicable,False,,,False,True,False,ALAMEDA SUPERIOR COURT WILEY W. MANUEL COURTHOUSE,C,OTHER MOTOR VEHICLE,,0,0,A,DAYLIGHT,37.831939,-122.2936,,,,,A,NO PEDESTRIANS INVOLVED,9/3/2024 5:40:00 PM,A,VC 22350,False,1,I-880 NB TO I-80 EASTBOUND,,,9/9/2024 4:18:26 PM,A,S,1500.0,POWELL ST,F,,D,9/9/2024 4:18:28 PM,9/9/2024 4:18:28 PM,False,True,4,,9/3/2024 5:45:00 PM,1745,False,,,True
4387311,9370-2024-02762,1,False,9370,8/30/2024 3:40:00 PM,1540,176,14,109,Oakland,1,True,True,C,REAR END,,Friday,NotApplicable,False,M,,False,True,True,ALAMEDA SUPERIOR COURT WILEY W. MANUEL COURTHOUSE,C,OTHER MOTOR VEHICLE,,0,0,A,DAYLIGHT,37.747784,-122.202799,,,,,A,NO PEDESTRIANS INVOLVED,8/30/2024 3:40:00 PM,A,VC 22350,False,1,I-880 S/B,,,9/9/2024 4:08:44 PM,A,N,3110.0,HEGENBERGER RD,F,,D,9/9/2024 4:08:46 PM,9/9/2024 4:08:46 PM,False,True,4,,8/30/2024 3:45:00 PM,1545,False,,,True
4387297,24-027779,2,False,0109,6/5/2024 8:25:00 AM,825,21Y,14,109,Oakland,1,True,True,D,BROADSIDE,,Wednesday,,,,,False,False,False,,C,OTHER MOTOR VEHICLE,,2,0,A,DAYLIGHT,,,,,,,A,NO PEDESTRIANS INVOLVED,,A,21453A,,,COOLIDGE AV,2,,,A,,,SCHOOL ST,,,A,9/9/2024 3:48:38 PM,1/28/2025 11:46:06 AM,,,2,,,,,,,
4387235,9370-2024-02738,1,False,9370,8/28/2024 7:25:00 PM,1925,024,14,109,Oakland,1,True,True,E,HIT OBJECT,,Wednesday,NotApplicable,False,,,False,True,True,ALAMEDA SUPERIOR COURT WILEY W. MANUEL COURTHOUSE,J,OTHER OBJECT,DIRT-GRASS EMBANKMENT,1,0,B,DUSK-DAWN,37.863865,-122.208509,,,,,A,NO PEDESTRIANS INVOLVED,8/28/2024 7:25:00 PM,A,VC 22107,False,1,SR-24 E/B TO FISH RANCH ROAD,,,9/9/2024 3:14:10 PM,A,E,1014.0,FISH RANCH ROAD,F,,D,9/9/2024 3:14:13 PM,9/9/2024 3:14:13 PM,False,True,4,,8/28/2024 7:31:00 PM,1931,False,,,True
4387203,9370-2024-02728,1,False,9370,8/26/2024 1:30:00 PM,1330,176,14,109,Oakland,1,True,True,B,SIDE SWIPE,,Monday,NotApplicable,False,,,False,True,False,ALAMEDA SUPERIOR COURT WILEY W. MANUEL COURTHOUSE,C,OTHER MOTOR VEHICLE,,0,0,A,DAYLIGHT,37.776449,-122.235687,,,,,A,NO PEDESTRIANS INVOLVED,8/26/2024 1:30:00 PM,A,VC 21658(A),False,1,I-880 N/B,,,9/9/2024 2:56:41 PM,A,S,700.0,23RD AVE,F,,D,9/9/2024 2:56:43 PM,9/9/2024 2:56:43 PM,False,True,4,,8/26/2024 2:11:00 PM,1411,False,,,True
4387044,24-018089,2,False,0109,4/13/2024 12:54:00 AM,54,29X,14,109,Oakland,1,True,True,D,BROADSIDE,,Saturday,,,,,False,False,True,,C,OTHER MOTOR VEHICLE,,2,0,C,DARK-STREET LIGHTS,,,,,,,A,NO PEDESTRIANS INVOLVED,,A,21453A,,,FOOTHILL BL,1,,,A,,,HAVENSCOURT BL,,,A,9/9/2024 1:43:37 PM,1/28/2025 11:48:03 AM,,,2,,,,,,,
4387022,9370-2024-02653,1,False,9370,8/20/2024 9:40:00 PM,2140,176,14,109,Oakland,1,True,True,C,REAR END,,Tuesday,NotApplicable,False,M,,False,True,False,ALAMEDA SUPERIOR COURT WILEY W. MANUEL COURTHOUSE,C,OTHER MOTOR VEHICLE,,1,0,C,DARK-STREET LIGHTS,37.759538,-122.213175,,,,,A,NO PEDESTRIANS INVOLVED,8/20/2024 9:40:00 PM,A,VC 22350,False,1,I-880 S/B,,,9/9/2024 1:36:45 PM,A,N,2447.0,66TH AVE,F,,D,9/9/2024 1:36:48 PM,9/9/2024 1:36:48 PM,False,True,4,,8/20/2024 9:46:00 PM,2146,False,,,True
4386981,24-015155,2,False,0109,3/26/2024 2:44:00 PM,1444,03X,14,109,Oakland,1,True,True,D,BROADSIDE,,Tuesday,,,,,False,False,True,,C,OTHER MOTOR VEHICLE,,0,0,A,DAYLIGHT,,,,,,,A,NO PEDESTRIANS INVOLVED,,A,,,1,7TH ST,1,,,A,,,BROADWAY,,,A,9/9/2024 1:28:36 PM,1/28/2025 11:22:51 AM,,,2,,,,,,,
4386968,24-008119,2,False,0109,2/15/2024 9:24:00 AM,924,23X,14,109,Oakland,1,True,True,C,REAR END,,Thursday,,,,,False,False,False,,C,OTHER MOTOR VEHICLE,,0,0,A,DAYLIGHT,,,,,,,A,NO PEDESTRIANS INVOLVED,,A,22350,,1,INTERNATIONAL BL,2,,,A,W,66.0,HIGH ST,F,,A,9/9/2024 1:23:36 PM,1/28/2025 11:22:51 AM,,,2,,,,,,,
4386898,24-026746,2,False,0109,5/30/2024 8:56:00 AM,856,26X,14,109,Oakland,1,True,True,B,SIDE SWIPE,,Thursday,,,,,False,False,False,,E,PARKED MOTOR VEHICLE,,0,0,A,DAYLIGHT,,,,,,,A,NO PEDESTRIANS INVOLVED,,A,22107,,1,47TH AV,2,,,A,N,20.0,12TH ST,F,,D,9/9/2024 12:58:36 PM,1/28/2025 11:22:51 AM,,,2,,,,,,,
4386751,9370-2024-02561,1,False,9370,8/9/2024 9:50:00 PM,2150,052,14,109,Oakland,1,True,True,C,REAR END,,Friday,Yes,False,,,False,True,False,ALAMEDA SUPERIOR COURT WILEY W. MANUEL COURTHOUSE,C,OTHER MOTOR VEHICLE,,1,0,B,DUSK-DAWN,37.783102,-122.176676,,,,,A,NO PEDESTRIANS INVOLVED,8/9/2024 9:50:00 PM,A,VC 22350,False,1,I-580 W/B,,,9/9/2024 12:09:26 PM,A,E,532.0,SR-13,F,,D,9/9/2024 12:09:42 PM,9/9/2024 12:09:42 PM,False,True,4,True,8/9/2024 9:53:00 PM,2153,False,,,True
4386629,24-012200,2,False,0109,3/9/2024 5:22:00 PM,1722,26X,14,109,Oakland,1,True,True,G,VEHICLE/PEDESTRAIN,,Saturday,,,M,,False,False,False,,,,,1,0,A,DAYLIGHT,,,,,,,E,IN ROAD - INCLUDES SHOULDER,,A,22107,,1,EASTLAWN ST,2,,,A,,,63RD AVE,,,A,9/9/2024 11:23:35 AM,1/28/2025 11:22:07 AM,,,2,,,,,,,
4386582,9370-2024-02625,1,False,9370,8/18/2024 4:20:00 AM,420,176,14,109,Oakland,1,True,True,B,SIDE SWIPE,,Sunday,Yes,False,,,False,True,False,ALAMEDA SUPERIOR COURT WILEY W. MANUEL COURTHOUSE,C,OTHER MOTOR VEHICLE,,1,0,C,DARK-STREET LIGHTS,37.756218,-122.210257,,,,,A,NO PEDESTRIANS INVOLVED,8/18/2024 4:20:00 AM,A,VC 23152(A),True,1,INTERSTATE 880 SOUTHBOUND,,,9/9/2024 11:07:13 AM,A,N,1000.0,66TH AVENUE,F,,D,9/9/2024 11:07:16 AM,9/9/2024 11:07:16 AM,False,True,4,,8/18/2024 4:26:00 AM,426,False,,,True
4386239,24-027617,2,False,0109,6/4/2024 11:02:00 AM,1102,26Y,14,109,Oakland,1,True,True,A,HEAD-ON,,Tuesday,,,M,,False,False,True,,I,FIXED OBJECT,,0,0,A,DAYLIGHT,,,,,,,A,NO PEDESTRIANS INVOLVED,,A,22107,,1,70TH AV,2,,,A,S,180.0,INTERNATIONAL BL,F,,D,9/9/2024 9:33:31 AM,1/28/2025 11:35:05 AM,,,2,,,,,,,
4386206,9335-2024-02032,1,False,9335,9/5/2024 4:16:00 PM,1616,084,14,109,Oakland,1,True,True,E,HIT OBJECT,,Thursday,NotApplicable,False,,,False,True,False,ALAMEDA SUPERIOR COURT ALAMEDA,J,OTHER OBJECT,METAL OBJECT,0,0,A,DAYLIGHT,37.820521,-122.338103,,,,,A,NO PEDESTRIANS INVOLVED,9/5/2024 4:16:00 PM,C,,,,I-80 E/B,,,9/9/2024 9:24:55 AM,A,E,1.6,YERBA BUENA TUNNEL EAST EDGE,M,,D,9/9/2024 9:25:08 AM,9/9/2024 9:25:08 AM,False,True,4,,9/5/2024 4:18:00 PM,1618,False,,,True
4384713,24023653,2,False,0109,5/13/2024 4:39:00 PM,1639,26X,14,109,Oakland,1,True,True,H,OTHER,,Monday,,,M,,False,False,False,,C,OTHER MOTOR VEHICLE,,0,0,A,DAYLIGHT,,,,,,,A,NO PEDESTRIANS INVOLVED,,A,21453A,,1,HAMILTON ST,2,,,A,E,40.0,HEGENBERGER RD,F,,A,9/6/2024 2:08:21 PM,1/28/2025 11:46:21 AM,,,2,,,,,,,
4384673,24022160,2,False,0109,5/5/2024 10:23:00 PM,2223,24X,14,109,Oakland,1,True,True,E,HIT OBJECT,,Sunday,,,M,,False,False,False,,I,FIXED OBJECT,,0,0,C,DARK-STREET LIGHTS,,,,,,,A,NO PEDESTRIANS INVOLVED,,A,22107,,1,FOOTHILL BL,2,,,A,,,CROSBY AV,,,D,9/6/2024 1:58:21 PM,1/28/2025 11:46:20 AM,,,2,,,,,,,
4384272,9370-2024-02743,1,False,9370,8/25/2024 6:20:00 PM,1820,052,14,109,Oakland,1,True,True,B,SIDE SWIPE,,Sunday,Yes,False,,,False,True,True,ALAMEDA SUPERIOR COURT WILEY W. MANUEL COURTHOUSE,C,OTHER MOTOR VEHICLE,,1,0,A,DAYLIGHT,37.74421,-122.147934,,,,,A,NO PEDESTRIANS INVOLVED,8/25/2024 6:20:00 PM,A,VC 21658(a),False,,I-580 E/B,,,9/6/2024 11:13:38 AM,A,E,390.0,106TH AVE,F,,D,9/6/2024 11:13:40 AM,9/6/2024 11:13:40 AM,False,True,4,,8/25/2024 6:31:00 PM,1831,False,,,True
4384268,24022018,2,False,0109,5/4/2024 9:30:00 AM,930,24X,14,109,Oakland,1,True,True,C,REAR END,,Saturday,,,M,,False,False,False,,E,PARKED MOTOR VEHICLE,,0,0,B,DUSK-DAWN,,,,,,,A,NO PEDESTRIANS INVOLVED,,A,22106,,1,SCHOOL ST,2,,,B,E,100.0,LAUREL AV,F,,D,9/6/2024 11:13:17 AM,1/28/2025 11:46:20 AM,,,2,,,,,,,
4384090,9370-2024-02773,1,False,9370,8/27/2024 12:14:00 PM,1214,176,14,109,Oakland,1,True,True,C,REAR END,,Tuesday,NotApplicable,False,,,False,True,False,ALAMEDA SUPERIOR COURT WILEY W. MANUEL COURTHOUSE,C,OTHER MOTOR VEHICLE,,0,0,A,DAYLIGHT,37.774311,-122.231,,,,,A,NO PEDESTRIANS INVOLVED,8/27/2024 12:14:00 PM,A,VC 22350,False,1,I-880,,,9/6/2024 10:12:02 AM,A,S,300.0,27TH AVE,F,,D,9/6/2024 10:12:03 AM,9/6/2024 10:12:03 AM,False,True,4,,8/27/2024 12:20:00 PM,1220,False,,,True
4384048,9370-2024-02727,1,False,9370,8/27/2024 2:39:00 AM,239,055,14,109,Oakland,1,True,True,E,HIT OBJECT,,Tuesday,NotApplicable,False,M,,False,True,True,ALAMEDA SUPERIOR COURT WILEY W. MANUEL COURTHOUSE,I,FIXED OBJECT,GUARD RAIL,0,0,C,DARK-STREET LIGHTS,37.827078,-122.283943,,,,,A,NO PEDESTRIANS INVOLVED,8/27/2024 2:39:00 AM,A,VC 22107,False,1,I-580 W/B,,,9/6/2024 9:58:43 AM,A,E,153.0,HOLLIS ST,F,,D,9/6/2024 9:58:45 AM,9/6/2024 9:58:45 AM,False,True,4,,8/27/2024 12:00:00 AM,241,False,,,True
4383967,9370-2024-02702,1,False,9370,8/25/2024 2:35:00 AM,235,177,14,109,Oakland,1,True,True,C,REAR END,,Sunday,NotApplicable,False,,,False,True,False,ALAMEDA SUPERIOR COURT WILEY W. MANUEL COURTHOUSE,C,OTHER MOTOR VEHICLE,,0,0,C,DARK-STREET LIGHTS,37.788453,-122.251435,,,,,A,NO PEDESTRIANS INVOLVED,8/25/2024 2:35:00 AM,A,VC 23152(a),True,1,INTERSTATE 880 SOUTHBOUND,,,9/6/2024 9:29:41 AM,A,N,2170.0,16TH AVENUE,F,,D,9/6/2024 9:29:46 AM,9/6/2024 9:29:46 AM,False,True,4,False,8/25/2024 2:40:00 AM,240,False,,,True
4383895,9370-2024-02704,1,False,9370,8/25/2024 12:05:00 PM,1205,176,14,109,Oakland,1,True,True,C,REAR END,,Sunday,NotApplicable,False,,,False,True,False,ALAMEDA SUPERIOR COURT WILEY W. MANUEL COURTHOUSE,C,OTHER MOTOR VEHICLE,,2,0,A,DAYLIGHT,37.725526,-122.183102,,,,,A,NO PEDESTRIANS INVOLVED,8/25/2024 12:05:00 PM,A,VC 22350,False,1,INTERSTATE 880 NORTHBOUND,,,9/6/2024 8:59:00 AM,A,S,1200.0,98TH AVENUE,F,,D,9/6/2024 8:59:26 AM,9/6/2024 8:59:26 AM,False,True,4,,8/25/2024 12:10:00 PM,1210,False,,,True
4383860,9370-2024-02693,2,False,9370,8/24/2024 3:45:00 AM,345,177,14,109,Oakland,1,True,True,B,SIDE SWIPE,,Saturday,NotApplicable,False,,,False,True,False,ALAMEDA SUPERIOR COURT WILEY W. MANUEL COURTHOUSE,C,OTHER MOTOR VEHICLE,,0,0,C,DARK-STREET LIGHTS,37.786492,-122.24596,,,,,A,NO PEDESTRIANS INVOLVED,8/24/2024 3:45:00 AM,A,VC 21658(a),False,3,I-880 S/B,,,9/6/2024 8:52:13 AM,A,N,500.0,16TH AVE,F,,D,9/6/2024 8:49:38 AM,9/6/2024 8:52:19 AM,False,True,4,False,8/24/2024 3:46:00 AM,346,False,,,True
4383800,9370-2024-02721,1,False,9370,8/26/2024 8:05:00 AM,805,901,14,109,Oakland,1,True,True,D,BROADSIDE,,Monday,NotApplicable,False,,,False,False,False,ALAMEDA SUPERIOR COURT WILEY W. MANUEL COURTHOUSE,C,OTHER MOTOR VEHICLE,,0,0,A,DAYLIGHT,37.754185,-122.190975,,,,,A,NO PEDESTRIANS INVOLVED,8/26/2024 8:05:00 AM,A,VC 22107,False,1,73RD AVENUE,,,9/6/2024 8:26:53 AM,A,,,SPENCER ST,,,A,9/6/2024 8:27:28 AM,9/6/2024 8:27:28 AM,True,False,4,,8/26/2024 8:10:00 AM,810,False,,,True
4383696,24-016751,2,False,0109,4/5/2024 8:56:00 AM,856,30X,14,109,Oakland,1,True,True,C,REAR END,,Friday,,,,,False,False,False,,C,OTHER MOTOR VEHICLE,,0,0,A,DAYLIGHT,,,,,,,A,NO PEDESTRIANS INVOLVED,,A,22350,,1,INTERNATIONAL BL,2,,,A,,,74TH AV,,,D,9/6/2024 7:38:13 AM,1/28/2025 11:48:31 AM,,,2,,,,,,,
4383673,24-019857,2,False,0109,4/22/2024 6:01:00 PM,1801,26Y,14,109,Oakland,1,True,True,C,REAR END,,Monday,,,,,False,False,False,,C,OTHER MOTOR VEHICLE,,0,0,A,DAYLIGHT,,,,,,,A,NO PEDESTRIANS INVOLVED,,A,22350,,1,INTERNATIONAL BL,2,,,A,,,70TH AV,,,A,9/6/2024 7:28:13 AM,1/28/2025 11:48:31 AM,,,2,,,,,,,
4383617,24-019609,2,False,0109,4/21/2024 10:30:00 AM,1030,23X,14,109,Oakland,1,True,True,C,REAR END,,Sunday,,,,,False,False,False,,C,OTHER MOTOR VEHICLE,,0,0,A,DAYLIGHT,,,,,,,A,NO PEDESTRIANS INVOLVED,,A,22106,,1,42ND AV,2,,,A,S,10.0,INTERNATIONAL BL,F,,A,9/6/2024 6:58:12 AM,1/28/2025 11:48:31 AM,,,2,,,,,,,
4383610,24-006776,2,False,0109,2/7/2024 9:54:00 AM,954,26X,14,109,Oakland,1,True,True,A,HEAD-ON,,Wednesday,,,M,,False,False,False,,E,PARKED MOTOR VEHICLE,,0,0,A,DAYLIGHT,,,,,,,A,NO PEDESTRIANS INVOLVED,,A,22107,,1,63RD AV,2,,,B,N,40.0,EASTLAWN ST,F,,D,9/6/2024 6:53:12 AM,1/28/2025 11:36:14 AM,,,2,,,,,,,
4383583,24-020872,2,False,0109,4/28/2024 12:37:00 PM,1237,09X,14,109,Oakland,1,True,True,A,HEAD-ON,,Sunday,,,,,False,False,False,,C,OTHER MOTOR VEHICLE,,0,0,A,DAYLIGHT,,,,,,,A,NO PEDESTRIANS INVOLVED,,A,21801A,,1,40TH ST,1,,,A,N,5.0,BROADWAY,F,,A,9/6/2024 6:38:12 AM,1/28/2025 11:48:31 AM,,,2,,,,,,,