collision-id,report-number,report-version,is-preliminary,ncic-code,crash-date-time,crash-time-description,beat,city-id,city-code,city-name,county-code,city-is-active,city-is-incorporated,collision-type-code,collision-type-description,collision-type-other-desc,day-of-week,dispatch-notified,has-photographs,hit-run,is-attachments-mailed,is-deleted,is-highway-related,is-tow-away,judicial-district,motor-vehicle-involved-with-code,motor-vehicle-involved-with-desc,motor-vehicle-involved-with-other-desc,number-injured,number-killed,lighting-code,lighting-description,latitude,longitude,milepost-direction,milepost-distance,milepost-marker,milepost-unit-of-measure,pedestrian-action-code,pedestrian-action-desc,prepared-date,primary-collision-factor-code,primary-collision-factor-description,primary-collision-factor-is-cited,primary-collision-party-number,primary-road,reporting-district,reporting-district-code,reviewed-date,roadway-surface-code,secondary-direction,secondary-distance,secondary-road,secondary-unit-of-measure,sketch-desc,traffic-control-device-code,created-date,modified-date,is-county-road,is-freeway,chp-555-version,is-additonal-object-struck,notification-date,notification-time-description,has-digital-media-files,evidence-number,is-location-refer-to-narrative,is-aoi-one-same-as-location
4383571,24-028498,2,False,0109,6/9/2024 1:05:00 PM,1305,32X,14,109,Oakland,1,True,True,D,BROADSIDE,,Sunday,,,M,,False,False,False,,C,OTHER MOTOR VEHICLE,,0,0,A,DAYLIGHT,,,,,,,A,NO PEDESTRIANS INVOLVED,,A,22450A,,1,103RD AV,2,,,A,,,GRAFFIAN ST,,,A,9/6/2024 6:28:11 AM,1/28/2025 11:45:48 AM,,,2,,,,,,,
4383139,24023154,2,False,0109,5/11/2024 2:35:00 AM,235,19X,14,109,Oakland,1,True,True,A,HEAD-ON,,Saturday,,,M,,False,False,False,,C,OTHER MOTOR VEHICLE,,0,0,C,DARK-STREET LIGHTS,,,,,,,A,NO PEDESTRIANS INVOLVED,,A,21453A,,1,INTERNATIONAL BL,1,,,A,,,5TH AV,,,A,9/5/2024 4:28:09 PM,1/28/2025 11:46:21 AM,,,2,,,,,,,
4382877,24-007857,2,False,0109,2/13/2024 5:00:00 PM,1700,05Y,14,109,Oakland,1,True,True,D,BROADSIDE,,Tuesday,,,,,False,False,False,,C,OTHER MOTOR VEHICLE,,1,0,A,DAYLIGHT,,,,,,,A,NO PEDESTRIANS INVOLVED,,A,21802A,,1,CAMPBELL ST,1,,,A,,,16TH ST,,,D,9/5/2024 1:23:08 PM,1/28/2025 11:40:23 AM,,,2,,,,,,,
4402593,24-042277,2,False,0109,8/23/2024 11:11:00 AM,1111,23X,14,109,Oakland,1,True,True,B,SIDE SWIPE,,Friday,,,F,,False,False,False,,C,OTHER MOTOR VEHICLE,,1,0,A,DAYLIGHT,,,,,,,A,NO PEDESTRIANS INVOLVED,,A,21650,,1,FRUITVALE AV,2,,,A,,,E 8TH ST,,,D,9/20/2024 11:06:28 AM,1/28/2025 11:49:34 AM,,,2,,,,,,,
4402546,9370-2024-02948,1,False,9370,9/16/2024 11:15:00 PM,2315,024,14,109,Oakland,1,True,True,E,HIT OBJECT,,Monday,Yes,False,,,False,True,True,ALAMEDA SUPERIOR COURT WILEY W. MANUEL COURTHOUSE,I,FIXED OBJECT,CENTER MEDIAN GUARD RAIL,1,0,D,DARK-NO STREET LIGHTS,37.849233,-122.24218,,,,,A,NO PEDESTRIANS INVOLVED,9/16/2024 11:15:00 PM,A,VC 23152(A),True,1,SR-24 W/B (GROVE SHAFTER FREEWAY),,,9/20/2024 10:42:25 AM,A,W,730.0,GOLDEN GATE AVENUE,F,,D,9/20/2024 10:42:27 AM,9/20/2024 10:42:27 AM,False,True,4,,9/16/2024 11:19:00 PM,2319,False,,,True
4402487,24-028957,2,False,0109,6/8/2024 7:39:00 AM,739,28X,14,109,Oakland,1,True,True,H,OTHER,,Saturday,,,M,,False,False,True,,E,PARKED MOTOR VEHICLE,,0,0,A,DAYLIGHT,,,,,,,A,NO PEDESTRIANS INVOLVED,,A,22515A,,1,HILLEN DR,2,,,A,,,55TH AV,,,D,9/20/2024 10:11:28 AM,1/28/2025 11:47:13 AM,,,2,,,,,,,
4402478,24-041549,2,False,0109,8/19/2024 7:30:00 AM,730,03Y,14,109,Oakland,1,True,True,B,SIDE SWIPE,,Monday,,,,,False,False,False,,C,OTHER MOTOR VEHICLE,,0,0,A,DAYLIGHT,,,,,,,A,NO PEDESTRIANS INVOLVED,,A,22107,,1,BROADWAY,1,,,A,,,8TH ST,,,A,9/20/2024 10:06:28 AM,1/28/2025 11:47:13 AM,,,2,,,,,,,
4402448,24-039422,2,False,0109,8/8/2024 9:14:00 AM,914,34X,14,109,Oakland,1,True,True,D,BROADSIDE,,Thursday,,,,,False,False,False,,G,BICYCLE,,1,0,A,DAYLIGHT,,,,,,,A,NO PEDESTRIANS INVOLVED,,A,21802A,,1,SCHOOL ST,2,,,A,,,35TH AV,,,A,9/20/2024 9:51:28 AM,1/28/2025 11:47:23 AM,,,2,,,,,,,
4402367,24-040604,2,False,0109,8/14/2024 12:37:00 PM,1237,18X,14,109,Oakland,1,True,True,B,SIDE SWIPE,,Wednesday,,,,,False,False,False,,C,OTHER MOTOR VEHICLE,,2,0,A,DAYLIGHT,,,,,,,A,NO PEDESTRIANS INVOLVED,,A,22106,,1,E 28TH ST,1,,,A,E,200.0,21ST AV,F,,D,9/20/2024 9:06:27 AM,1/28/2025 11:47:23 AM,,,2,,,,,,,
4402354,9370-2024-02965,1,False,9370,9/18/2024 1:35:00 PM,1335,176,14,109,Oakland,1,True,True,B,SIDE SWIPE,,Wednesday,NotApplicable,False,,,False,True,False,ALAMEDA SUPERIOR COURT WILEY W. MANUEL COURTHOUSE,C,OTHER MOTOR VEHICLE,,0,0,A,DAYLIGHT,37.741262,-122.196724,,,,,A,NO PEDESTRIANS INVOLVED,9/18/2024 1:35:00 PM,A,VC 21658(A),False,1,I-880 N/B,,,9/20/2024 9:01:13 AM,A,N,65.0,HEGENBERGER RD,F,,D,9/20/2024 9:01:15 AM,9/20/2024 9:01:15 AM,False,True,4,,9/18/2024 1:45:00 PM,1345,False,,,True
4402345,9370-2024-02967,1,False,9370,9/18/2024 7:20:00 AM,720,008,14,109,Oakland,1,True,True,B,SIDE SWIPE,,Wednesday,NotApplicable,False,,,False,True,False,ALAMEDA SUPERIOR COURT WILEY W. MANUEL COURTHOUSE,C,OTHER MOTOR VEHICLE,,0,0,A,DAYLIGHT,37.824407,-122.316669,,,,,A,NO PEDESTRIANS INVOLVED,9/18/2024 7:20:00 AM,A,VC 21658(A),False,1,I-80 W/B,,,9/20/2024 8:56:39 AM,A,W,3000.0,MARITIME STREET,F,,D,9/20/2024 8:56:41 AM,9/20/2024 8:56:41 AM,False,True,4,,9/18/2024 7:25:00 AM,725,False,,,True
4402335,24-040570,2,False,0109,8/14/2024 9:22:00 AM,922,19X,14,109,Oakland,1,True,True,E,HIT OBJECT,,Wednesday,,,M,,False,False,True,,I,FIXED OBJECT,,0,0,A,DAYLIGHT,,,,,,,A,NO PEDESTRIANS INVOLVED,,A,22107,,1,INTERNATIONAL BL,1,,,A,E,5.0,5TH AV,F,,A,9/20/2024 8:51:27 AM,1/28/2025 11:47:13 AM,,,2,,,,,,,
4402322,24-041778,3,False,0109,8/20/2024 2:43:00 PM,1443,03X,14,109,Oakland,1,True,True,B,SIDE SWIPE,,Tuesday,,,,,False,False,False,,C,OTHER MOTOR VEHICLE,,0,0,A,DAYLIGHT,,,,,,,A,NO PEDESTRIANS INVOLVED,,A,21453A,,,7TH ST,1,,,A,,,OAK ST,,,A,9/20/2024 8:46:27 AM,1/28/2025 11:47:13 AM,,,2,,,,,,,
4402271,24-041986,2,False,0109,8/21/2024 5:54:00 PM,1754,06X,14,109,Oakland,1,True,True,D,BROADSIDE,,Wednesday,,,,,False,False,True,,C,OTHER MOTOR VEHICLE,,0,0,A,DAYLIGHT,,,,,,,A,NO PEDESTRIANS INVOLVED,,A,21801A,,1,MARTIN LUTHER KING JR WY,1,,,A,,,29TH ST,,,D,9/20/2024 8:21:27 AM,1/28/2025 11:47:13 AM,,,2,,,,,,,
4402210,9370-2024-02729,1,False,9370,8/27/2024 3:20:00 PM,1520,177,14,109,Oakland,1,True,True,B,SIDE SWIPE,,Tuesday,NotApplicable,False,,,False,True,True,ALAMEDA SUPERIOR COURT WILEY W. MANUEL COURTHOUSE,C,OTHER MOTOR VEHICLE,,0,0,A,DAYLIGHT,37.797374,-122.272398,,,,,A,NO PEDESTRIANS INVOLVED,8/27/2024 3:20:00 PM,A,VC 23152(A),True,1,I-880 S/B,,,9/20/2024 7:35:56 AM,A,N,1100.0,JACKSON ST,F,,D,9/20/2024 7:35:58 AM,9/20/2024 7:35:58 AM,False,True,4,,8/27/2024 3:25:00 PM,1525,False,,,True
4402208,24-028311,2,False,0109,6/8/2024 10:01:00 PM,2201,34X,14,109,Oakland,1,True,True,B,SIDE SWIPE,,Saturday,,,M,,False,False,True,,C,OTHER MOTOR VEHICLE,,0,0,C,DARK-STREET LIGHTS,,,,,,,A,NO PEDESTRIANS INVOLVED,,A,22107,,1,84TH AV,2,,,A,N,100.0,INTERNATIONAL BL,F,,D,9/20/2024 7:31:27 AM,1/28/2025 11:49:31 AM,,,2,,,,,,,
4402157,9370-2024-02909,1,False,9370,9/12/2024 6:24:00 PM,1824,177,14,109,Oakland,1,True,True,C,REAR END,,Thursday,Yes,False,,,False,True,False,ALAMEDA SUPERIOR COURT WILEY W. MANUEL COURTHOUSE,C,OTHER MOTOR VEHICLE,,1,0,A,DAYLIGHT,37.796259,-122.269354,,,,,A,NO PEDESTRIANS INVOLVED,9/12/2024 6:24:00 PM,A,VC 22350,False,1,I-880 S/B,,,9/20/2024 6:53:08 AM,A,N,116.0,JACKSON ST,F,,D,9/20/2024 6:53:12 AM,9/20/2024 6:53:12 AM,False,True,4,,9/12/2024 6:28:00 PM,1828,False,,,True
4402156,24-029050,2,False,0109,6/11/2024 4:56:00 PM,1656,34X,14,109,Oakland,1,True,True,C,REAR END,,Tuesday,,,M,,False,False,True,,C,OTHER MOTOR VEHICLE,,0,0,A,DAYLIGHT,,,,,,,A,NO PEDESTRIANS INVOLVED,,A,22350,,1,BANCROFT AV,2,,,A,,,86TH AV,,,A,9/20/2024 6:51:27 AM,1/28/2025 11:49:31 AM,,,2,,,,,,,
4400911,9370-2024-02962,1,False,9370,9/18/2024 1:03:00 PM,1303,013,14,109,Oakland,1,True,True,B,SIDE SWIPE,,Wednesday,NotApplicable,False,M,,False,True,True,ALAMEDA SUPERIOR COURT WILEY W. MANUEL COURTHOUSE,I,FIXED OBJECT,CONCRETE BARRIER WALL,0,0,A,DAYLIGHT,37.796343,-122.183522,,,,,A,NO PEDESTRIANS INVOLVED,9/18/2024 1:03:00 PM,A,VC 21658(A),False,2,SR-13 N/B,,,9/19/2024 3:14:49 PM,A,N,1180.0,REDWOOD RD,F,,D,9/19/2024 3:14:50 PM,9/19/2024 3:14:50 PM,False,True,4,,9/18/2024 1:06:00 PM,1306,False,,,True
4400904,9370-2024-02919,1,False,9370,9/12/2024 8:40:00 AM,840,177,14,109,Oakland,1,True,True,C,REAR END,,Thursday,NotApplicable,False,,,False,True,False,ALAMEDA SUPERIOR COURT WILEY W. MANUEL COURTHOUSE,C,OTHER MOTOR VEHICLE,,0,0,A,DAYLIGHT,37.791039,-122.26097,,,,,A,NO PEDESTRIANS INVOLVED,9/12/2024 8:40:00 AM,A,VC 22350,False,1,I-880 S/B,,,9/19/2024 3:09:04 PM,A,N,339.0,5TH AVE,F,,D,9/19/2024 3:09:06 PM,9/19/2024 3:09:06 PM,False,True,4,,9/12/2024 8:43:00 AM,843,False,,,
4400780,9370-2024-02966,1,False,9370,9/16/2024 7:35:00 PM,1935,013,14,109,Oakland,1,True,True,C,REAR END,,Monday,Yes,False,,,False,True,True,ALAMEDA SUPERIOR COURT WILEY W. MANUEL COURTHOUSE,C,OTHER MOTOR VEHICLE,,3,0,A,DAYLIGHT,37.822998,-122.208278,,,,,A,NO PEDESTRIANS INVOLVED,9/16/2024 7:35:00 PM,A,VC 22350,False,1,SR-13 N/B,,,9/19/2024 1:55:44 PM,A,N,525.0,PARK AVE,F,,D,9/19/2024 1:55:47 PM,9/19/2024 1:55:47 PM,False,True,4,,9/16/2024 8:07:00 PM,2007,False,,,True
4400764,9370-2024-02843,1,False,9370,9/7/2024 3:47:00 PM,1547,177,14,109,Oakland,1,True,True,E,HIT OBJECT,,Saturday,Yes,False,,,False,True,True,ALAMEDA SUPERIOR COURT ALAMEDA,I,FIXED OBJECT,CONCRETE BARRIER,2,0,A,DAYLIGHT,37.390136,-122.258369,,,,,A,NO PEDESTRIANS INVOLVED,9/7/2024 3:47:00 PM,A,VC 22350,False,1,I-880 N/B TO EMBARCADERO,,,9/19/2024 1:50:33 PM,A,S,156.0,EMBARCADERO,F,,D,9/19/2024 1:50:34 PM,9/19/2024 1:50:34 PM,False,True,4,,9/7/2024 3:47:00 PM,1547,False,,True,False
4400714,9370-2024-02846,1,False,9370,9/7/2024 8:40:00 PM,2040,177,14,109,Oakland,1,True,True,E,HIT OBJECT,,Saturday,Yes,False,,,False,True,True,ALAMEDA SUPERIOR COURT WILEY W. MANUEL COURTHOUSE,C,OTHER MOTOR VEHICLE,,1,0,C,DARK-STREET LIGHTS,37.790832,-122.260537,,,,,A,NO PEDESTRIANS INVOLVED,9/7/2024 8:40:00 PM,A,VC 22107,False,1,I-880 N/B,,,9/19/2024 1:20:45 PM,A,N,199.0,5TH AVE,F,,D,9/19/2024 1:20:47 PM,9/19/2024 1:20:47 PM,False,True,4,True,9/7/2024 8:51:00 PM,2051,False,,,True
4400664,24-038416,2,False,0109,8/2/2024 1:08:00 AM,108,32Y,14,109,Oakland,1,True,True,D,BROADSIDE,,Friday,,,M,,False,False,False,,C,OTHER MOTOR VEHICLE,,1,0,C,DARK-STREET LIGHTS,,,,,,,A,NO PEDESTRIANS INVOLVED,,A,21453A,,1,MACARTHUR BL,2,,,A,,,106TH AV,,,A,9/19/2024 12:51:24 PM,1/28/2025 11:47:23 AM,,,2,,,,,,,
4400656,24-041997,2,False,0109,8/21/2024 6:00:00 PM,1800,04X,14,109,Oakland,1,True,True,D,BROADSIDE,,Wednesday,,,,,False,False,False,,G,BICYCLE,,1,0,A,DAYLIGHT,,,,,,,A,NO PEDESTRIANS INVOLVED,,A,216501,,1,HARRISON ST,1,,,A,N,276.0,19TH ST,F,,D,9/19/2024 12:46:24 PM,1/28/2025 11:47:23 AM,,,2,,,,,,,
4400586,24-039999,2,False,0109,8/10/2024 9:49:00 PM,2149,08X,14,109,Oakland,1,True,True,B,SIDE SWIPE,,Saturday,,,M,,False,False,False,,D,MOTOR VEHICLE ON OTHER ROADWAY,,1,0,C,DARK-STREET LIGHTS,,,,,,,A,NO PEDESTRIANS INVOLVED,,A,22107,,1,TELEGRAPH AV,1,,,A,,,24TH ST,,,D,9/19/2024 11:51:24 AM,1/28/2025 11:49:30 AM,,,2,,,,,,,
4400555,24-043082,2,False,0109,8/28/2024 12:51:00 PM,1251,26X,14,109,Oakland,1,True,True,A,HEAD-ON,,Wednesday,,,M,,False,False,True,,C,OTHER MOTOR VEHICLE,,1,0,A,DAYLIGHT,,,,,,,A,NO PEDESTRIANS INVOLVED,,A,21460A,,1,HIGH ST,2,,,A,S,15.0,E 12TH ST,F,,D,9/19/2024 11:36:24 AM,1/28/2025 11:49:30 AM,,,2,,,,,,,
4400549,24-042939,3,False,0109,8/27/2024 5:01:00 PM,1701,26X,14,109,Oakland,1,True,True,D,BROADSIDE,,Tuesday,,,,,False,False,True,,C,OTHER MOTOR VEHICLE,,1,0,A,DAYLIGHT,,,,,,,A,NO PEDESTRIANS INVOLVED,,A,22107,,1,SAN LEANDRO ST,2,,,A,E,700.0,SEMINARY AV,F,,B,9/19/2024 11:31:23 AM,1/28/2025 11:49:30 AM,,,2,,,,,,,
4400540,24-041183,2,False,0109,8/16/2024 6:04:00 PM,1804,13Z,14,109,Oakland,1,True,True,A,HEAD-ON,,Friday,,,,,False,False,True,,E,PARKED MOTOR VEHICLE,,1,0,A,DAYLIGHT,,,,,,,A,NO PEDESTRIANS INVOLVED,,A,21460A,,1,LASALLE AV,1,,,A,S,60.0,BRUNS CT,F,,D,9/19/2024 11:26:23 AM,1/28/2025 11:47:24 AM,,,2,,,,,,,
4400509,24-039187,2,False,0109,8/6/2024 10:21:00 PM,2221,24X,14,109,Oakland,1,True,True,D,BROADSIDE,,Tuesday,,,F,,False,False,False,,C,OTHER MOTOR VEHICLE,,1,0,C,DARK-STREET LIGHTS,,,,,,,A,NO PEDESTRIANS INVOLVED,,A,21801A,,1,HIGH ST,2,,,A,,,MACARTHUR BL,,,A,9/19/2024 11:06:23 AM,1/28/2025 11:47:23 AM,,,2,,,,,,,
4400499,24-041113,2,False,0109,8/16/2024 10:26:00 AM,1026,20X,14,109,Oakland,1,True,True,D,BROADSIDE,,Friday,,,,,False,False,False,,B,PEDESTRIAN,,1,0,A,DAYLIGHT,,,,,,,B,CROSSING IN CROSS WALK AT INTERSECTION,,A,21950A,,1,23RD AV,2,,,A,,,15TH ST,,,A,9/19/2024 11:01:23 AM,1/28/2025 11:47:23 AM,,,2,,,,,,,
4400468,24-041910,2,False,0109,8/21/2024 10:28:00 AM,1028,19X,14,109,Oakland,1,True,True,D,BROADSIDE,,Wednesday,,,,,False,False,False,,C,OTHER MOTOR VEHICLE,,0,0,A,DAYLIGHT,,,,,,,A,NO PEDESTRIANS INVOLVED,,A,21453A,,1,E 10T ST,1,,,A,,,5TH AV,,,A,9/19/2024 10:46:23 AM,1/28/2025 11:47:13 AM,,,2,,,,,,,
4400467,24-024470,2,False,0109,5/17/2024 8:36:00 PM,2036,33X,14,109,Oakland,1,True,True,D,BROADSIDE,,Friday,,,M,,False,False,True,,C,OTHER MOTOR VEHICLE,,0,0,C,DARK-STREET LIGHTS,,,,,,,A,NO PEDESTRIANS INVOLVED,,A,21453A,,1,85TH AV,2,,,A,,,SAN LEANDRO ST,,,A,9/19/2024 10:46:23 AM,1/28/2025 11:49:31 AM,,,2,,,,,,,
4400455,24-041878,2,False,0109,8/16/2024 6:17:00 PM,1817,21Y,14,109,Oakland,1,True,True,D,BROADSIDE,,Friday,,,M,,False,False,False,,C,OTHER MOTOR VEHICLE,,1,0,A,DAYLIGHT,,,,,,,A,NO PEDESTRIANS INVOLVED,,A,22450A,,1,HAROLD ST,2,,,A,,,COOLIDGE AV,,,A,9/19/2024 10:41:23 AM,1/28/2025 11:47:23 AM,,,2,,,,,,,
4400433,24-040325,2,False,0109,8/12/2024 9:13:00 PM,2113,05Y,14,109,Oakland,1,True,True,B,SIDE SWIPE,,Monday,,,,,False,False,False,,C,OTHER MOTOR VEHICLE,,0,0,C,DARK-STREET LIGHTS,,,,,,,A,NO PEDESTRIANS INVOLVED,,A,21453B,,1,MANDELA PKWY,1,,,A,S,10.0,W GRAND AV,F,,A,9/19/2024 10:26:23 AM,1/28/2025 11:47:13 AM,,,2,,,,,,,
4400403,24-036961,2,False,0109,7/25/2024 3:42:00 AM,342,27X,14,109,Oakland,1,True,True,B,SIDE SWIPE,,Thursday,,,M,,False,False,False,,E,PARKED MOTOR VEHICLE,,0,0,B,DUSK-DAWN,,,,,,,A,NO PEDESTRIANS INVOLVED,,A,22107,,1,SEMINARY AV,2,,,A,N,140.0,INTERNATIONAL BL,F,,D,9/19/2024 10:06:23 AM,1/28/2025 11:47:19 AM,,,2,,,,,,,
4400396,24-033954,2,False,0109,7/7/2024 11:22:00 PM,2322,19X,14,109,Oakland,1,True,True,B,SIDE SWIPE,,Sunday,,,M,,False,False,False,,C,OTHER MOTOR VEHICLE,,0,0,C,DARK-STREET LIGHTS,,,,,,,A,NO PEDESTRIANS INVOLVED,,A,22517,,1,13TH AV,1,,,A,N,25.0,INTERNATIONAL BL,F,,D,9/19/2024 10:01:23 AM,1/28/2025 11:47:19 AM,,,2,,,,,,,
4400384,24-036674,2,False,0109,7/23/2024 2:55:00 PM,1455,30X,14,109,Oakland,1,True,True,H,OTHER,,Tuesday,,,,,False,False,False,,C,OTHER MOTOR VEHICLE,,0,0,A,DAYLIGHT,,,,,,,A,NO PEDESTRIANS INVOLVED,,A,21802A,,1,ARTHUR ST,2,,,A,,,69TH AV,,,A,9/19/2024 9:56:23 AM,1/28/2025 11:47:19 AM,,,2,,,,,,,
4400379,24-041765,2,False,0109,8/20/2024 1:43:00 PM,1343,34X,14,109,Oakland,1,True,True,C,REAR END,,Tuesday,,,,,False,False,False,,C,OTHER MOTOR VEHICLE,,3,0,A,DAYLIGHT,,,,,,,A,NO PEDESTRIANS INVOLVED,,A,22350,,1,BANCROFT AV,2,,,A,E,40.0,82ND AV,F,,A,9/19/2024 9:51:23 AM,1/28/2025 11:47:24 AM,,,2,,,,,,,
4400352,24-025734,2,False,0109,5/25/2024 8:30:00 AM,830,23X,14,109,Oakland,1,True,True,A,HEAD-ON,,Saturday,,,M,,False,False,False,,C,OTHER MOTOR VEHICLE,,0,0,A,DAYLIGHT,,,,,,,A,NO PEDESTRIANS INVOLVED,,A,22350,,1,SAN LEANDRO ST,2,,,A,E,1.0,HIGH ST,F,,A,9/19/2024 9:41:22 AM,1/28/2025 11:47:14 AM,,,2,,,,,,,
4400311,24-026077,2,False,0109,5/27/2024 9:53:00 PM,2153,33X,14,109,Oakland,1,True,True,B,SIDE SWIPE,,Monday,,,M,,False,False,False,,E,PARKED MOTOR VEHICLE,,0,0,C,DARK-STREET LIGHTS,,,,,,,A,NO PEDESTRIANS INVOLVED,,A,22350,,1,D ST,2,,,A,W,10.0,86TH AV,F,,A,9/19/2024 9:21:22 AM,1/28/2025 11:49:30 AM,,,2,,,,,,,
4400293,24-026771,2,False,0109,5/30/2024 11:39:00 AM,1139,06X,14,109,Oakland,1,True,True,C,REAR END,,Thursday,,,,,False,False,False,,C,OTHER MOTOR VEHICLE,,0,0,A,DAYLIGHT,,,,,,,A,NO PEDESTRIANS INVOLVED,,A,22106,,1,26TH ST,1,,,A,E,50.0,MARKET ST,F,,D,9/19/2024 9:16:22 AM,1/28/2025 11:49:31 AM,,,2,,,,,,,
4400278,24-026024,2,False,0109,5/27/2024 10:37:00 PM,2237,10X,14,109,Oakland,1,True,True,A,HEAD-ON,,Monday,,,M,,False,False,False,,E,PARKED MOTOR VEHICLE,,0,0,C,DARK-STREET LIGHTS,,,,,,,A,NO PEDESTRIANS INVOLVED,,A,22107,,1,57TH ST,1,,,A,E,200.0,ADELINE ST,F,,A,9/19/2024 9:11:22 AM,1/28/2025 11:49:31 AM,,,2,,,,,,,
4400096,24-038721,2,False,0109,8/4/2024 3:05:00 AM,305,02X,14,109,Oakland,1,True,True,D,BROADSIDE,,Sunday,,,,,False,False,True,,C,OTHER MOTOR VEHICLE,,1,0,C,DARK-STREET LIGHTS,,,,,,,A,NO PEDESTRIANS INVOLVED,,A,21657,,1,7TH ST,1,,,A,,,BRUSH ST,,,A,9/19/2024 7:56:21 AM,1/28/2025 11:47:13 AM,,,2,,,,,,,
4399529,24039387,2,False,0109,8/6/2024 11:00:00 PM,2300,22Y,14,109,Oakland,1,True,True,H,OTHER,,Tuesday,,,M,,False,False,False,,C,OTHER MOTOR VEHICLE,,0,0,C,DARK-STREET LIGHTS,,,,,,,A,NO PEDESTRIANS INVOLVED,,A,22106,,1,WISCONSIN ST,2,,,A,W,90.0,35TH AV,F,,D,9/18/2024 2:31:19 PM,1/28/2025 11:49:36 AM,,,2,,,,,,,
4399460,24043008,2,False,0109,8/28/2024 2:51:00 AM,251,20X,14,109,Oakland,1,True,True,C,REAR END,,Wednesday,,,,,False,False,False,,E,PARKED MOTOR VEHICLE,,0,0,C,DARK-STREET LIGHTS,,,,,,,A,NO PEDESTRIANS INVOLVED,,A,22106,,1,27TH AV,2,,,A,N,20.0,INTERNATIONAL BL,F,,D,9/18/2024 1:51:19 PM,1/28/2025 11:49:37 AM,,,2,,,,,,,
4399429,9370-2024-02903,1,False,9370,9/12/2024 7:10:00 AM,710,053,14,109,Oakland,1,True,True,C,REAR END,,Thursday,NotApplicable,False,,,False,True,False,ALAMEDA SUPERIOR COURT WILEY W. MANUEL COURTHOUSE,C,OTHER MOTOR VEHICLE,,1,0,A,DAYLIGHT,37.801165,-122.229554,,,,,A,NO PEDESTRIANS INVOLVED,9/12/2024 7:10:00 AM,A,VC 22350,False,1,I-580 E/B,,,9/18/2024 1:41:27 PM,A,E,1546.0,PARK BOULEVARD,F,,D,9/18/2024 1:41:28 PM,9/18/2024 1:41:28 PM,False,True,4,,9/12/2024 7:15:00 AM,0715,False,,,True
4399378,24041507,2,False,0109,8/18/2024 9:30:00 PM,2130,26X,14,109,Oakland,1,True,True,C,REAR END,,Sunday,,,,,False,False,False,,C,OTHER MOTOR VEHICLE,,0,0,C,DARK-STREET LIGHTS,,,,,,,A,NO PEDESTRIANS INVOLVED,,A,22350,,1,64TH AV,2,,,A,E,30.0,FOOTHILL BL,F,,A,9/18/2024 1:26:19 PM,1/28/2025 11:49:37 AM,,,2,,,,,,,
4399358,24040631,2,False,0109,8/14/2024 3:58:00 PM,1558,12X,14,109,Oakland,1,True,True,C,REAR END,,Wednesday,,,,,False,False,False,,C,OTHER MOTOR VEHICLE,,0,0,A,DAYLIGHT,,,,,,,A,NO PEDESTRIANS INVOLVED,,A,22350,,1,BROADWAY,1,,,A,W,4.0,LAWTON AV,F,,A,9/18/2024 1:16:18 PM,1/28/2025 11:49:37 AM,,,2,,,,,,,
4399250,24-041808,2,False,0109,8/20/2024 5:40:00 PM,1740,23X,14,109,Oakland,1,True,True,B,SIDE SWIPE,,Tuesday,,,M,,False,False,False,,C,OTHER MOTOR VEHICLE,,0,0,A,DAYLIGHT,,,,,,,A,NO PEDESTRIANS INVOLVED,,A,22107,,1,35TH AV,2,,,A,N,75.0,FOOTHILL BL,F,,A,9/18/2024 12:06:18 PM,1/28/2025 11:47:18 AM,,,2,,,,,,,
4399238,24-042225,2,False,0109,8/22/2024 11:08:00 PM,2308,32X,14,109,Oakland,1,True,True,B,SIDE SWIPE,,Thursday,,,M,,False,False,True,,E,PARKED MOTOR VEHICLE,,0,0,C,DARK-STREET LIGHTS,,,,,,,A,NO PEDESTRIANS INVOLVED,,A,22107,,1,E ST,2,,,A,W,50.0,105TH AV,F,,D,9/18/2024 11:56:18 AM,1/28/2025 11:47:18 AM,,,2,,,,,,,
4399159,24-024974,2,False,0109,5/21/2024 8:38:00 PM,2038,20X,14,109,Oakland,1,True,True,C,REAR END,,Tuesday,,,M,,False,False,False,,D,MOTOR VEHICLE ON OTHER ROADWAY,,1,0,B,DUSK-DAWN,,,,,,,A,NO PEDESTRIANS INVOLVED,,A,22350,,1,35TH AV,2,,,A,N,15.0,DELAWARE ST,F,,A,9/18/2024 11:06:18 AM,1/28/2025 11:49:45 AM,,,2,,,,,,,
4399156,24-012155,2,False,0109,3/9/2024 11:46:00 AM,1146,19X,14,109,Oakland,1,True,True,D,BROADSIDE,,Saturday,,,M,,False,False,True,,C,OTHER MOTOR VEHICLE,,0,0,A,DAYLIGHT,,,,,,,A,NO PEDESTRIANS INVOLVED,,A,21651A,,1,14TH AV,1,,,A,S,20.0,FOOTHILL BL,F,,A,9/18/2024 11:06:18 AM,1/28/2025 11:48:45 AM,,,2,,,,,,,
4399141,24-022962,2,False,0109,5/9/2024 11:40:00 PM,2340,34X,14,109,Oakland,1,True,True,A,HEAD-ON,,Thursday,,,,,False,False,True,,C,OTHER MOTOR VEHICLE,,1,0,C,DARK-STREET LIGHTS,,,,,,,A,NO PEDESTRIANS INVOLVED,,A,23152A,,1,88TH AV,2,,,A,S,156.0,BIRCH ST,F,,A,9/18/2024 11:01:17 AM,1/28/2025 11:49:45 AM,,,2,,,,,,,
4399135,9370-2024-02906,1,False,9370,9/12/2024 6:20:00 PM,1820,055,14,109,Oakland,1,True,True,C,REAR END,,Thursday,NotApplicable,False,,,False,True,True,ALAMEDA SUPERIOR COURT WILEY W. MANUEL COURTHOUSE,C,OTHER MOTOR VEHICLE,,1,0,A,DAYLIGHT,37.823091,-122.262019,,,,,A,NO PEDESTRIANS INVOLVED,9/12/2024 6:20:00 PM,A,VC 22107,False,1,I-580 W/B,,,9/18/2024 11:00:08 AM,A,E,20.0,WEBSTER ST,F,,D,9/18/2024 11:00:09 AM,9/18/2024 11:00:09 AM,False,True,4,,9/12/2024 6:22:00 PM,1822,False,,,True