collision-id,report-number,report-version,is-preliminary,ncic-code,crash-date-time,crash-time-description,beat,city-id,city-code,city-name,county-code,city-is-active,city-is-incorporated,collision-type-code,collision-type-description,collision-type-other-desc,day-of-week,dispatch-notified,has-photographs,hit-run,is-attachments-mailed,is-deleted,is-highway-related,is-tow-away,judicial-district,motor-vehicle-involved-with-code,motor-vehicle-involved-with-desc,motor-vehicle-involved-with-other-desc,number-injured,number-killed,lighting-code,lighting-description,latitude,longitude,milepost-direction,milepost-distance,milepost-marker,milepost-unit-of-measure,pedestrian-action-code,pedestrian-action-desc,prepared-date,primary-collision-factor-code,primary-collision-factor-description,primary-collision-factor-is-cited,primary-collision-party-number,primary-road,reporting-district,reporting-district-code,reviewed-date,roadway-surface-code,secondary-direction,secondary-distance,secondary-road,secondary-unit-of-measure,sketch-desc,traffic-control-device-code,created-date,modified-date,is-county-road,is-freeway,chp-555-version,is-additonal-object-struck,notification-date,notification-time-description,has-digital-media-files,evidence-number,is-location-refer-to-narrative,is-aoi-one-same-as-location
4399125,24-025061,2,False,0109,5/21/2024 10:21:00 AM,1021,03X,14,109,Oakland,1,True,True,D,BROADSIDE,,Tuesday,,,,,False,False,True,,C,OTHER MOTOR VEHICLE,,1,0,A,DAYLIGHT,,,,,,,A,NO PEDESTRIANS INVOLVED,,A,21453A,,1,7TH ST,1,,,A,,,OAK ST,,,A,9/18/2024 10:56:17 AM,1/28/2025 11:49:45 AM,,,2,,,,,,,
4399108,24-028581,2,False,0109,6/9/2024 9:55:00 PM,2155,19X,14,109,Oakland,1,True,True,D,BROADSIDE,,Sunday,,,M,,False,False,True,,C,OTHER MOTOR VEHICLE,,1,0,C,DARK-STREET LIGHTS,,,,,,,A,NO PEDESTRIANS INVOLVED,,A,22103,,1,FOOTHILL BL,1,,,A,,,17TH AV,,,A,9/18/2024 10:51:17 AM,1/28/2025 11:49:31 AM,,,2,,,,,,,
4399107,24-025318,2,False,0109,5/22/2024 3:34:00 PM,1534,10X,14,109,Oakland,1,True,True,D,BROADSIDE,,Wednesday,,,,,False,False,False,,C,OTHER MOTOR VEHICLE,,3,0,A,DAYLIGHT,,,,,,,A,NO PEDESTRIANS INVOLVED,,A,21801A,,1,MARKET ST,1,,,A,,,ARLINGTON AV,,,D,9/18/2024 10:51:17 AM,1/28/2025 11:49:45 AM,,,2,,,,,,,
4399074,24-030508,2,False,0109,6/19/2024 2:23:00 PM,1423,19X,14,109,Oakland,1,True,True,A,HEAD-ON,,Wednesday,,,M,,False,False,True,,C,OTHER MOTOR VEHICLE,,1,0,A,DAYLIGHT,,,,,,,A,NO PEDESTRIANS INVOLVED,,A,21453A,,1,E12TH ST,1,,,A,,,23RD AV,,,A,9/18/2024 10:41:17 AM,1/28/2025 11:47:14 AM,,,2,,,,,,,
4399061,24-031817,2,False,0109,6/24/2024 1:30:00 PM,1330,30X,14,109,Oakland,1,True,True,G,VEHICLE/PEDESTRAIN,,Monday,,,F,,False,False,False,,B,PEDESTRIAN,,1,0,A,DAYLIGHT,,,,,,,C,CROSSING IN CROSS WALK - NOT AT INTERSECTION,,A,21950A,,1,BANCROFT AV,2,,,A,,,RITCHIE ST,,,A,9/18/2024 10:36:17 AM,1/28/2025 11:47:14 AM,,,2,,,,,,,
4399054,9370-2024-02806,1,False,9370,9/3/2024 5:35:00 PM,1735,053,14,109,Oakland,1,True,True,B,SIDE SWIPE,,Tuesday,NotApplicable,False,,,False,True,False,ALAMEDA SUPERIOR COURT WILEY W. MANUEL COURTHOUSE,C,OTHER MOTOR VEHICLE,,0,0,A,DAYLIGHT,37.796779,-122.211415,,,,,A,NO PEDESTRIANS INVOLVED,9/3/2024 5:35:00 PM,A,VC 21658(a),False,1,INTERSTATE 580 EASTBOUND,,,9/18/2024 10:33:20 AM,A,E,1654.0,FRUITVALE AVENUE,F,,D,9/18/2024 10:33:21 AM,9/18/2024 10:33:21 AM,False,True,4,,9/3/2024 5:40:00 PM,1740,False,,,True
4399016,24-041572,2,False,0109,8/19/2024 10:15:00 AM,1015,03X,14,109,Oakland,1,True,True,D,BROADSIDE,,Monday,,,,,False,False,False,,C,OTHER MOTOR VEHICLE,,0,0,A,DAYLIGHT,,,,,,,A,NO PEDESTRIANS INVOLVED,,A,21453A,,1,WEBSTER ST,1,,,A,,,11TH ST,,,A,9/18/2024 10:16:17 AM,1/28/2025 11:47:18 AM,,,2,,,,,,,
4399008,24-040735,2,False,0109,8/15/2024 9:10:00 AM,910,34X,14,109,Oakland,1,True,True,D,BROADSIDE,,Thursday,,,,,False,False,True,,C,OTHER MOTOR VEHICLE,,0,0,A,DAYLIGHT,,,,,,,A,NO PEDESTRIANS INVOLVED,,A,21453A,,1,BANCROFT AV,2,,,A,,,94TH AV,,,A,9/18/2024 10:11:17 AM,1/28/2025 11:47:18 AM,,,2,,,,,,,
4398996,24-041981,2,False,0109,8/21/2024 5:27:00 PM,1727,30X,14,109,Oakland,1,True,True,B,SIDE SWIPE,,Wednesday,,,,,False,False,False,,C,OTHER MOTOR VEHICLE,,0,0,A,DAYLIGHT,,,,,,,A,NO PEDESTRIANS INVOLVED,,A,22107,,1,73RD AV,2,,,A,N,100.0,INTERNATIONAL BL,F,,A,9/18/2024 10:06:17 AM,1/28/2025 11:47:18 AM,,,2,,,,,,,
4398975,24-038340,2,False,0109,8/1/2024 3:42:00 PM,1542,26Y,14,109,Oakland,1,True,True,C,REAR END,,Thursday,,,,,False,False,True,,C,OTHER MOTOR VEHICLE,,1,0,A,DAYLIGHT,,,,,,,A,NO PEDESTRIANS INVOLVED,,A,22350,,1,HEGENBERGER RD,2,,,A,S,5.0,HAMILTON ST,F,,A,9/18/2024 9:56:17 AM,1/28/2025 11:49:34 AM,,,2,,,,,,,
4398946,24-041955,2,False,0109,8/21/2024 2:12:00 PM,1412,25,14,109,Oakland,1,True,True,H,OTHER,,Wednesday,,,F,,False,False,False,,A,NON-COLLISION,,1,0,A,DAYLIGHT,,,,,,,A,NO PEDESTRIANS INVOLVED,,A,21802A,,1,MOUNTAIN BL,2,,,A,W,28.0,SHONE AV,F,,A,9/18/2024 9:46:17 AM,1/28/2025 11:49:34 AM,,,2,,,,,,,
4398940,24-025257,2,False,0109,5/22/2024 10:16:00 AM,1016,30Y,14,109,Oakland,1,True,True,,,,Wednesday,,,F,,False,False,True,,C,OTHER MOTOR VEHICLE,,0,0,A,DAYLIGHT,,,,,,,A,NO PEDESTRIANS INVOLVED,,A,21453A,,1,68TH AV,2,,,A,,,FOOTHILL BL,,,A,9/18/2024 9:46:16 AM,1/28/2025 11:47:21 AM,,,2,,,,,,,
4398924,24-030409,2,False,0109,6/18/2024 10:48:00 PM,2248,23X,14,109,Oakland,1,True,True,D,BROADSIDE,,Tuesday,,,,,False,False,False,,C,OTHER MOTOR VEHICLE,,0,0,C,DARK-STREET LIGHTS,,,,,,,A,NO PEDESTRIANS INVOLVED,,A,21453A,,1,INTERNATIONAL BL,2,,,A,,,HIGH ST,,,A,9/18/2024 9:41:16 AM,1/28/2025 11:43:30 AM,,,2,,,,,,,
4398923,24-025458,2,False,0109,5/23/2024 1:32:00 PM,1332,27X,14,109,Oakland,1,True,True,C,REAR END,,Thursday,,,,,False,False,False,,C,OTHER MOTOR VEHICLE,,0,0,A,DAYLIGHT,,,,,,,A,NO PEDESTRIANS INVOLVED,,A,23152A,,1,FOOTHILL BL,2,,,A,W,100.0,50TH AV,F,,D,9/18/2024 9:41:16 AM,1/28/2025 11:47:21 AM,,,2,,,,,,,
4398901,24-025745,2,False,0109,5/25/2024 9:37:00 AM,937,34X,14,109,Oakland,1,True,True,C,REAR END,,Saturday,,,,,False,False,False,,C,OTHER MOTOR VEHICLE,,0,0,A,DAYLIGHT,,,,,,,A,NO PEDESTRIANS INVOLVED,,A,22350,,1,BANCROFT AV,2,,,A,W,10.0,94TH AV,F,,A,9/18/2024 9:36:16 AM,1/28/2025 11:47:21 AM,,,2,,,,,,,
4398812,24-024330,2,False,0109,5/17/2024 2:00:00 AM,200,15X,14,109,Oakland,1,True,True,D,BROADSIDE,,Friday,,,M,,False,False,False,,C,OTHER MOTOR VEHICLE,,0,0,C,DARK-STREET LIGHTS,,,,,,,A,NO PEDESTRIANS INVOLVED,,A,21651B,,1,2ND AV,1,,,A,,,E 12TH ST,,,A,9/18/2024 9:06:15 AM,1/28/2025 11:47:21 AM,,,2,,,,,,,
4398764,24-021851,2,False,0109,5/4/2024 1:59:00 AM,159,26X,14,109,Oakland,1,True,True,E,HIT OBJECT,,Saturday,,,,,False,False,False,,I,FIXED OBJECT,,0,0,C,DARK-STREET LIGHTS,,,,,,,A,NO PEDESTRIANS INVOLVED,,A,22107,,1,INTERNATIONAL BL,2,,,A,W,15.0,74TH AV,F,,D,9/18/2024 8:46:15 AM,1/28/2025 11:47:21 AM,,,2,,,,,,,
4398675,24-033554,2,False,0109,7/6/2024 6:01:00 AM,601,18X,14,109,Oakland,1,True,True,A,HEAD-ON,,Saturday,,,M,,False,False,False,,C,OTHER MOTOR VEHICLE,,0,0,A,DAYLIGHT,,,,,,,A,NO PEDESTRIANS INVOLVED,,A,22450A,,1,22ND AV,1,,,A,,,E 19TH ST,,,A,9/18/2024 8:06:14 AM,1/28/2025 11:47:19 AM,,,2,,,,,,,
4398674,24-029644,2,False,0109,6/14/2024 6:05:00 PM,1805,12X,14,109,Oakland,1,True,True,B,SIDE SWIPE,,Friday,,,,,False,False,False,,C,OTHER MOTOR VEHICLE,,0,0,A,DAYLIGHT,,,,,,,A,NO PEDESTRIANS INVOLVED,,A,22107,,1,TELEGRAPH AV,1,,,A,S,20.0,48TH  ST,F,,D,9/18/2024 8:06:14 AM,1/28/2025 11:49:53 AM,,,2,,,,,,,
4398664,24-032207,2,False,0109,6/28/2024 12:09:00 PM,1209,06X,14,109,Oakland,1,True,True,D,BROADSIDE,,Friday,,,,,False,False,True,,C,OTHER MOTOR VEHICLE,,0,0,A,DAYLIGHT,,,,,,,A,NO PEDESTRIANS INVOLVED,,A,21802A,,1,MARTIN LUTHER KING JR WY,1,,,A,,,30TH ST,,,A,9/18/2024 8:01:15 AM,1/28/2025 11:49:53 AM,,,2,,,,,,,
4398629,24-035589,2,False,0109,7/16/2024 6:00:00 PM,1800,03X,14,109,Oakland,1,True,True,B,SIDE SWIPE,,Tuesday,,,M,,False,False,False,,E,PARKED MOTOR VEHICLE,,0,0,A,DAYLIGHT,,,,,,,A,NO PEDESTRIANS INVOLVED,,A,22107,,1,MADISON ST,1,,,A,N,30.0,7TH ST,F,,D,9/18/2024 7:51:14 AM,1/28/2025 11:47:19 AM,,,2,,,,,,,
4398619,24-001423,1,False,3300,8/26/2024 8:45:00 AM,845,A10,14,109,Oakland,1,True,True,D,BROADSIDE,,Monday,Yes,True,M,,False,False,True,RENE C. DAVIDSON COURTHOUSE,C,OTHER MOTOR VEHICLE,,0,0,A,DAYLIGHT,,,,,,,A,NO PEDESTRIANS INVOLVED,,A,unknown,False,1,4500 BANCROFT AV,27X,,,A,,,45TH AVE AND BANCROFT AVE,,,A,9/18/2024 7:46:46 AM,9/18/2024 7:46:46 AM,,,4,,,,,,,
4398617,24-020223,2,False,0109,4/24/2024 6:04:00 PM,1804,27X,14,109,Oakland,1,True,True,A,HEAD-ON,,Wednesday,,,F,,False,False,False,,C,OTHER MOTOR VEHICLE,,1,0,A,DAYLIGHT,,,,,,,A,NO PEDESTRIANS INVOLVED,,A,21453A,,1,INTERNATIONAL BL,2,,,A,E,20.0,50TH AV,F,,A,9/18/2024 7:46:14 AM,1/28/2025 11:50:07 AM,,,2,,,,,,,
4398613,24-001526,1,False,3300,9/16/2024 2:20:00 PM,1420,A13,14,109,Oakland,1,True,True,C,REAR END,,Monday,Yes,True,M,,False,False,False,RENE C. DAVIDSON COURTHOUSE,E,PARKED MOTOR VEHICLE,,0,0,A,DAYLIGHT,37.8074,-122.29003,,,,,A,NO PEDESTRIANS INVOLVED,,A,Driver error,False,1,1300 12TH ST,08X,,,A,,,1200 KIRKHAM ST,,,D,9/18/2024 7:45:41 AM,9/18/2024 7:45:41 AM,,,4,,,,,,,
4398598,24-031071,2,False,0109,6/22/2024 6:02:00 PM,1802,13Y,14,109,Oakland,1,True,True,C,REAR END,,Saturday,,,M,,False,False,False,,C,OTHER MOTOR VEHICLE,,0,0,A,DAYLIGHT,,,,,,,A,NO PEDESTRIANS INVOLVED,,A,22350,,1,GLENWOOD GLADE,1,,,A,E,500.0,BROADWAY TR,F,,D,9/18/2024 7:36:14 AM,1/28/2025 11:49:53 AM,,,2,,,,,,,
4398544,24-026163,2,False,0109,6/24/2024 6:34:00 PM,1834,03X,14,109,Oakland,1,True,True,D,BROADSIDE,,Monday,,,,,False,False,False,,C,OTHER MOTOR VEHICLE,,0,0,A,DAYLIGHT,,,,,,,A,NO PEDESTRIANS INVOLVED,,A,21453A,,,6TH ST,1,,,A,,,OAK ST,,,A,9/18/2024 7:11:13 AM,1/28/2025 11:49:52 AM,,,2,,,,,,,
4398534,24-028996,2,False,0109,6/11/2024 10:42:00 AM,1042,31X,14,109,Oakland,1,True,True,C,REAR END,,Tuesday,,,M,,False,False,True,,E,PARKED MOTOR VEHICLE,,0,0,A,DAYLIGHT,,,,,,,A,NO PEDESTRIANS INVOLVED,,A,22515A,,1,ELDRIDGE AV,2,,,A,E,75.0,DARIEN AV,F,,A,9/18/2024 7:06:13 AM,1/28/2025 11:49:52 AM,,,2,,,,,,,
4398525,9345-2024-03296,1,False,9370,9/6/2024 1:40:00 AM,140,178,14,109,Oakland,1,True,True,C,REAR END,,Friday,NotApplicable,False,M,,False,True,False,ALAMEDA SUPERIOR COURT WILEY W. MANUEL COURTHOUSE,C,OTHER MOTOR VEHICLE,,0,0,C,DARK-STREET LIGHTS,37.825759,-122.291284,,,,,A,NO PEDESTRIANS INVOLVED,9/6/2024 1:40:00 AM,A,VC 22107,False,1,I-880 S/B FROM I-80 W/B,,,9/18/2024 7:01:57 AM,A,S,0.13,I-580 OVER CROSSING,M,,D,9/18/2024 7:01:59 AM,9/18/2024 7:01:59 AM,False,True,4,,9/6/2024 1:45:00 AM,0145,False,,,True
4398513,24-029933,2,False,0109,6/16/2024 2:14:00 PM,1414,25X,14,109,Oakland,1,True,True,D,BROADSIDE,,Sunday,,,,,False,False,False,,C,OTHER MOTOR VEHICLE,,1,0,A,DAYLIGHT,,,,,,,A,NO PEDESTRIANS INVOLVED,,A,22450A,,1,BUELL ST,2,,,A,,,CALAVARAS AV,,,D,9/18/2024 6:51:13 AM,1/28/2025 11:49:45 AM,,,2,,,,,,,
4398508,24-029619,2,False,0109,6/14/2024 3:20:00 PM,1520,31Z,14,109,Oakland,1,True,True,B,SIDE SWIPE,,Friday,,,M,,False,False,False,,C,OTHER MOTOR VEHICLE,,0,0,A,DAYLIGHT,,,,,,,A,NO PEDESTRIANS INVOLVED,,A,22107,,1,EDES AV,2,,,A,W,10.0,105TH AVE,F,,A,9/18/2024 6:46:13 AM,1/28/2025 11:49:52 AM,,,2,,,,,,,
4398474,9370-2024-02865,1,False,9370,9/9/2024 8:17:00 PM,2017,177,14,109,Oakland,1,True,True,B,SIDE SWIPE,,Monday,Yes,False,,,False,True,True,ALAMEDA SUPERIOR COURT WILEY W. MANUEL COURTHOUSE,C,OTHER MOTOR VEHICLE,,0,0,C,DARK-STREET LIGHTS,37.787919,-122.249614,,,,,A,NO PEDESTRIANS INVOLVED,9/9/2024 8:17:00 PM,A,VC 23152(a),True,1,I-880 S/B,,,9/18/2024 6:13:02 AM,A,N,1150.0,16TH ST,F,,D,9/18/2024 6:13:03 AM,9/18/2024 6:13:03 AM,False,True,4,,9/9/2024 8:17:00 PM,2017,False,,,True
4398453,9370-2024-02872,1,False,9370,9/10/2024 8:15:00 AM,815,053,14,109,Oakland,1,True,True,C,REAR END,,Tuesday,Yes,False,,,False,True,False,ALAMEDA SUPERIOR COURT WILEY W. MANUEL COURTHOUSE,C,OTHER MOTOR VEHICLE,,1,0,A,DAYLIGHT,37.791937,-122.202985,,,,,A,NO PEDESTRIANS INVOLVED,9/10/2024 8:15:00 AM,A,VC 22350,False,1,I-580 W/B,,,9/18/2024 5:44:20 AM,A,E,109.0,35TH AVE,F,,D,9/18/2024 5:44:23 AM,9/18/2024 5:44:23 AM,False,True,4,,9/10/2024 8:20:00 AM,0820,False,,,True
4398072,9370-2024-02929,1,False,9370,9/13/2024 4:15:00 PM,1615,024,14,109,Oakland,1,True,True,C,REAR END,,Friday,NotApplicable,False,,,False,True,True,ALAMEDA SUPERIOR COURT WILEY W. MANUEL COURTHOUSE,C,OTHER MOTOR VEHICLE,,1,0,A,DAYLIGHT,37.841771,-122.260874,,,,,A,NO PEDESTRIANS INVOLVED,9/13/2024 4:15:00 PM,A,VC 22350,False,1,SR-24 W/B,,,9/17/2024 4:57:05 PM,A,E,181.0,TELEGRAPH AVE,F,,D,9/17/2024 4:57:08 PM,9/17/2024 4:57:08 PM,False,True,4,,9/13/2024 4:29:00 PM,1629,False,,,True
4398060,24034449,2,False,0109,7/10/2024 3:19:00 PM,1519,23X,14,109,Oakland,1,True,True,H,OTHER,,Wednesday,,,M,,False,False,False,,C,OTHER MOTOR VEHICLE,,0,0,A,DAYLIGHT,,,,,,,A,NO PEDESTRIANS INVOLVED,,A,22106,,1,E 12TH ST,2,,,A,W,5.0,34TH AV,F,,D,9/17/2024 4:41:11 PM,1/28/2025 11:51:44 AM,,,2,,,,,,,
4398059,24037758,2,False,0109,7/28/2024 9:15:00 PM,2115,05Y,14,109,Oakland,1,True,True,B,SIDE SWIPE,,Sunday,,,M,,False,False,False,,C,OTHER MOTOR VEHICLE,,0,0,C,DARK-STREET LIGHTS,,,,,,,A,NO PEDESTRIANS INVOLVED,,A,22107,,1,12TH ST,1,,,A,,,BROADWAY,,,A,9/17/2024 4:41:11 PM,1/28/2025 11:51:44 AM,,,2,,,,,,,
4398046,9370-2024-02905,1,False,9370,9/12/2024 6:50:00 PM,1850,176,14,109,Oakland,1,True,True,C,REAR END,,Thursday,NotApplicable,False,,,False,True,False,ALAMEDA SUPERIOR COURT WILEY W. MANUEL COURTHOUSE,C,OTHER MOTOR VEHICLE,,0,0,C,DARK-STREET LIGHTS,37.731343,-122.190106,,,,,A,NO PEDESTRIANS INVOLVED,9/12/2024 6:50:00 PM,A,VC 22350,False,1,I-880 S/B TO 98TH AVENUE,,,9/17/2024 4:31:00 PM,A,N,62.0,98TH AVENUE,F,,A,9/17/2024 4:31:02 PM,9/17/2024 4:31:02 PM,False,True,4,,9/12/2024 6:58:00 PM,1858,False,,,True
4398042,9370-2024-02910,2,False,9370,9/12/2024 6:37:00 PM,1837,055,14,109,Oakland,1,True,True,B,SIDE SWIPE,,Thursday,NotApplicable,False,,,False,True,False,ALAMEDA SUPERIOR COURT WILEY W. MANUEL COURTHOUSE,C,OTHER MOTOR VEHICLE,,0,0,A,DAYLIGHT,37.822081,-122.259012,,,,,A,NO PEDESTRIANS INVOLVED,9/12/2024 6:37:00 PM,A,VC 21658(A),False,1,I-580 W/B,,,11/26/2024 4:17:15 PM,A,E,250.0,BROADWAY,F,,D,9/17/2024 4:26:30 PM,11/26/2024 4:17:17 PM,False,True,4,,9/12/2024 6:38:00 PM,1838,False,,,True
4398038,24033361,2,False,0109,7/5/2024 3:55:00 AM,355,34X,14,109,Oakland,1,True,True,D,BROADSIDE,,Friday,,,M,,False,False,True,,C,OTHER MOTOR VEHICLE,,0,0,C,DARK-STREET LIGHTS,,,,,,,A,NO PEDESTRIANS INVOLVED,,A,21453A,,1,98TH AV,2,,,A,,,INTERNATIONAL BL,,,A,9/17/2024 4:21:11 PM,1/28/2025 11:51:44 AM,,,2,,,,,,,
4398019,9370-2024-02876,1,False,9370,9/10/2024 4:50:00 PM,1650,055,14,109,Oakland,1,True,True,B,SIDE SWIPE,,Tuesday,NotApplicable,False,M,,False,True,False,ALAMEDA SUPERIOR COURT WILEY W. MANUEL COURTHOUSE,C,OTHER MOTOR VEHICLE,,0,0,A,DAYLIGHT,37.797713,-122.214902,,,,,A,NO PEDESTRIANS INVOLVED,9/10/2024 4:50:00 PM,A,VC 21658(a),False,1,INTERSTATE 580 EASTBOUND,,,9/17/2024 4:05:22 PM,A,E,610.0,FRUITVALE,F,,D,9/17/2024 4:05:23 PM,9/17/2024 4:05:23 PM,False,True,4,,9/10/2024 5:00:00 PM,1700,False,,,True
4398017,9370-2024-02881,1,False,9370,9/11/2024 4:50:00 AM,450,024,14,109,Oakland,1,True,True,F,OVERTURNED,,Wednesday,NotApplicable,False,,,False,True,False,ALAMEDA SUPERIOR COURT WILEY W. MANUEL COURTHOUSE,A,NON-COLLISION,,1,0,C,DARK-STREET LIGHTS,37.848712,-122.226594,,,,,A,NO PEDESTRIANS INVOLVED,9/11/2024 4:50:00 AM,A,VC 22350,False,1,SR 24 W/B,,,9/17/2024 4:03:51 PM,A,W,1758.0,CALDECOTT LN,F,,D,9/17/2024 4:03:53 PM,9/17/2024 4:03:53 PM,False,True,4,,9/11/2024 4:54:00 AM,0454,False,,,True
4397967,24-024503,2,False,0109,5/18/2024 1:24:00 AM,124,19X,14,109,Oakland,1,True,True,H,OTHER,,Saturday,,,M,,False,False,False,,C,OTHER MOTOR VEHICLE,,0,0,C,DARK-STREET LIGHTS,,,,,,,A,NO PEDESTRIANS INVOLVED,,D,,,,FOOTHILL BL,1,,,A,W,15.0,4TH AV,F,,D,9/17/2024 3:16:11 PM,1/28/2025 11:47:21 AM,,,2,,,,,,,
4397957,24-024664,2,False,0109,5/19/2024 5:20:00 AM,520,28X,14,109,Oakland,1,True,True,B,SIDE SWIPE,,Sunday,,,M,,False,False,False,,E,PARKED MOTOR VEHICLE,,0,0,C,DARK-STREET LIGHTS,,,,,,,A,NO PEDESTRIANS INVOLVED,,A,22350,,1,FLEMMING AV,2,,,A,E,20.0,MODESTO AV,F,,D,9/17/2024 3:11:11 PM,1/28/2025 11:47:21 AM,,,2,,,,,,,
4397956,24-024061,2,False,0109,5/16/2024 12:34:00 AM,34,19X,14,109,Oakland,1,True,True,D,BROADSIDE,,Thursday,,,F,,False,False,False,,E,PARKED MOTOR VEHICLE,,0,0,C,DARK-STREET LIGHTS,,,,,,,A,NO PEDESTRIANS INVOLVED,,A,22350,,1,6TH AV,1,,,A,,,FOOTHILL BL,,,D,9/17/2024 3:11:11 PM,1/28/2025 11:47:21 AM,,,2,,,,,,,
4397949,24-024384,2,False,0109,5/17/2024 10:00:00 AM,1000,25X,14,109,Oakland,1,True,True,B,SIDE SWIPE,,Friday,,,M,,False,False,True,,E,PARKED MOTOR VEHICLE,,0,0,A,DAYLIGHT,,,,,,,A,NO PEDESTRIANS INVOLVED,,A,22106,,1,DREYER PL,2,,,A,,,SKYLINE BL,,,D,9/17/2024 3:06:11 PM,1/28/2025 11:47:21 AM,,,2,,,,,,,
4397943,24-025347,2,False,0109,5/22/2024 6:58:00 PM,1858,19X,14,109,Oakland,1,True,True,D,BROADSIDE,,Wednesday,,,M,,False,False,False,,C,OTHER MOTOR VEHICLE,,0,0,B,DUSK-DAWN,,,,,,,A,NO PEDESTRIANS INVOLVED,,A,22450A,,1,17TH AV,1,,,A,,,E 12TH ST,,,D,9/17/2024 3:01:11 PM,1/28/2025 11:47:21 AM,,,2,,,,,,,
4397931,24-024682,2,False,0109,5/19/2024 8:59:00 AM,859,25X,14,109,Oakland,1,True,True,B,SIDE SWIPE,,Sunday,,,,,False,False,False,,E,PARKED MOTOR VEHICLE,,0,0,A,DAYLIGHT,,,,,,,A,NO PEDESTRIANS INVOLVED,,A,22107,,1,KANSAS ST,2,,,A,W,30.0,PATTERSON AV,F,,D,9/17/2024 2:56:11 PM,1/28/2025 11:47:21 AM,,,2,,,,,,,
4397924,9335-2024-02126,1,False,9335,9/11/2024 7:55:00 AM,755,081,14,109,Oakland,1,True,True,C,REAR END,,Wednesday,NotApplicable,False,M,,False,True,False,ALAMEDA SUPERIOR COURT WILEY W. MANUEL COURTHOUSE,C,OTHER MOTOR VEHICLE,,0,0,A,DAYLIGHT,37.824396,-122.316999,,,,,A,NO PEDESTRIANS INVOLVED,9/11/2024 7:55:00 AM,A,VC 22350,False,1,I-80 W/B,,,9/17/2024 2:51:48 PM,A,E,117.0,METERING LIGHTS,F,,D,9/17/2024 2:51:49 PM,9/17/2024 2:51:49 PM,False,True,4,,9/11/2024 8:21:00 AM,0821,False,,,True
4397913,24-026876,2,False,0109,5/30/2024 9:58:00 PM,2158,25X,14,109,Oakland,1,True,True,D,BROADSIDE,,Thursday,,,M,,False,False,False,,E,PARKED MOTOR VEHICLE,,1,0,A,DAYLIGHT,,,,,,,A,NO PEDESTRIANS INVOLVED,,A,22350,,1,LOMA VISTA AV,2,,,A,,,MACARTHUR BL,,,A,9/17/2024 2:46:11 PM,1/28/2025 11:49:46 AM,,,2,,,,,,,
4397911,24-024765,2,False,0109,5/19/2024 6:16:00 PM,1816,13X,14,109,Oakland,1,True,True,B,SIDE SWIPE,,Sunday,,,,,False,False,False,,C,OTHER MOTOR VEHICLE,,1,0,A,DAYLIGHT,,,,,,,A,NO PEDESTRIANS INVOLVED,,A,21460A,,1,GRIZZLY PEAK BL,1,,,A,E,0.4,SKYLINE BL,M,,D,9/17/2024 2:46:11 PM,1/28/2025 11:49:46 AM,,,2,,,,,,,
4397904,24-026983,2,False,0109,5/17/2024 9:08:00 AM,908,04X,14,109,Oakland,1,True,True,C,REAR END,,Friday,,,,,False,False,False,,C,OTHER MOTOR VEHICLE,,1,0,A,DAYLIGHT,,,,,,,A,NO PEDESTRIANS INVOLVED,,A,22107,,1,17TH ST,1,,,A,E,200.0,ALICE ST,F,,D,9/17/2024 2:41:11 PM,1/28/2025 11:49:46 AM,,,2,,,,,,,
4397899,24-021951,2,False,0109,5/4/2024 4:39:00 PM,1639,33X,14,109,Oakland,1,True,True,G,VEHICLE/PEDESTRAIN,,Saturday,,,,,False,False,False,,B,PEDESTRIAN,,1,0,A,DAYLIGHT,,,,,,,D,CROSSING - NOT IN CROSSWALK,,A,21954A,,1,82ND AV,2,,,A,E,5.0,INTERNATIONAL BL,F,,D,9/17/2024 2:36:11 PM,1/28/2025 11:49:46 AM,,,2,,,,,,,
4397879,24-029212,2,False,0109,6/12/2024 12:50:00 PM,1250,12Y,14,109,Oakland,1,True,True,A,HEAD-ON,,Wednesday,,,M,,False,False,False,,E,PARKED MOTOR VEHICLE,,0,0,A,DAYLIGHT,,,,,,,A,NO PEDESTRIANS INVOLVED,,A,22107,,1,CLIFTON ST,1,,,A,W,25.0,COLLEGE AV,F,,A,9/17/2024 2:26:11 PM,1/28/2025 11:49:52 AM,,,2,,,,,,,
4397794,24-023311,2,False,0109,5/11/2024 10:50:00 PM,2250,23X,14,109,Oakland,1,True,True,C,REAR END,,Saturday,,,M,,False,False,False,,C,OTHER MOTOR VEHICLE,,2,0,C,DARK-STREET LIGHTS,,,,,,,A,NO PEDESTRIANS INVOLVED,,A,22350,,1,FOOTHILL BL,2,,,A,W,10.0,42ND AV,F,,A,9/17/2024 1:56:09 PM,1/28/2025 11:45:45 AM,,,2,,,,,,,
4397750,24037667,2,False,0109,7/28/2024 11:26:00 AM,1126,34X,14,109,Oakland,1,True,True,C,REAR END,,Sunday,,,,,False,False,False,,C,OTHER MOTOR VEHICLE,,0,0,A,DAYLIGHT,,,,,,,A,NO PEDESTRIANS INVOLVED,,A,22350,,1,90TH AV,2,,,A,,,HOLLY ST,,,D,9/17/2024 1:46:09 PM,1/28/2025 11:51:44 AM,,,2,,,,,,,
4397679,24-014178,2,False,0109,3/20/2024 6:25:00 PM,1825,19X,14,109,Oakland,1,True,True,B,SIDE SWIPE,,Wednesday,,,,,False,False,True,,C,OTHER MOTOR VEHICLE,,1,0,A,DAYLIGHT,,,,,,,A,NO PEDESTRIANS INVOLVED,,B,,,1,BROOKLYN BASIN WAY,1,,,A,E,93.0,8TH ST,F,,D,9/17/2024 1:26:08 PM,1/28/2025 11:45:30 AM,,,2,,,,,,,
4397676,24-023179,2,False,0109,5/11/2024 1:00:00 AM,100,26Y,14,109,Oakland,1,True,True,C,REAR END,,Saturday,,,,,False,False,False,,C,OTHER MOTOR VEHICLE,,1,0,C,DARK-STREET LIGHTS,,,,,,,A,NO PEDESTRIANS INVOLVED,,A,23152A,,1,INTERNATIONAL BL,2,,,A,,,57TH AV,,,A,9/17/2024 1:26:07 PM,1/28/2025 11:45:49 AM,,,2,,,,,,,