collision-id,report-number,report-version,is-preliminary,ncic-code,crash-date-time,crash-time-description,beat,city-id,city-code,city-name,county-code,city-is-active,city-is-incorporated,collision-type-code,collision-type-description,collision-type-other-desc,day-of-week,dispatch-notified,has-photographs,hit-run,is-attachments-mailed,is-deleted,is-highway-related,is-tow-away,judicial-district,motor-vehicle-involved-with-code,motor-vehicle-involved-with-desc,motor-vehicle-involved-with-other-desc,number-injured,number-killed,lighting-code,lighting-description,latitude,longitude,milepost-direction,milepost-distance,milepost-marker,milepost-unit-of-measure,pedestrian-action-code,pedestrian-action-desc,prepared-date,primary-collision-factor-code,primary-collision-factor-description,primary-collision-factor-is-cited,primary-collision-party-number,primary-road,reporting-district,reporting-district-code,reviewed-date,roadway-surface-code,secondary-direction,secondary-distance,secondary-road,secondary-unit-of-measure,sketch-desc,traffic-control-device-code,created-date,modified-date,is-county-road,is-freeway,chp-555-version,is-additonal-object-struck,notification-date,notification-time-description,has-digital-media-files,evidence-number,is-location-refer-to-narrative,is-aoi-one-same-as-location
4394796,24-015005,2,False,0109,3/25/2024 4:05:00 PM,1605,05X,14,109,Oakland,1,True,True,D,BROADSIDE,,Monday,,,,,False,False,True,,C,OTHER MOTOR VEHICLE,,0,0,A,DAYLIGHT,,,,,,,A,NO PEDESTRIANS INVOLVED,,A,21453A,,,BRUSH ST,1,,,A,,,18TH ST,,,A,9/16/2024 6:40:53 AM,1/28/2025 11:15:13 AM,,,2,,,,,,,
4394744,9370-2024-02866,1,False,9370,8/28/2024 6:42:00 AM,642,055,14,109,Oakland,1,True,True,B,SIDE SWIPE,,Wednesday,NotApplicable,False,,,False,True,False,ALAMEDA SUPERIOR COURT WILEY W. MANUEL COURTHOUSE,C,OTHER MOTOR VEHICLE,,0,0,A,DAYLIGHT,37.827634,-122.295476,,,,,A,NO PEDESTRIANS INVOLVED,8/28/2024 6:42:00 AM,A,VC 22107,False,1,I-580 W/B TO I-80 W/B,,,9/16/2024 6:07:44 AM,A,E,1707.0,MANDELA PARKWAY,F,,D,9/16/2024 6:07:48 AM,9/16/2024 6:07:48 AM,False,True,4,,9/3/2024 6:00:00 AM,0600,False,,,True
4394347,9370-2024-02639,1,False,9370,8/19/2024 11:00:00 PM,2300,025,14,109,Oakland,1,True,True,B,SIDE SWIPE,,Monday,NotApplicable,False,,,False,True,False,ALAMEDA SUPERIOR COURT WILEY W. MANUEL COURTHOUSE,C,OTHER MOTOR VEHICLE,,0,0,C,DARK-STREET LIGHTS,37.845138,-122.249721,,,,,A,NO PEDESTRIANS INVOLVED,8/19/2024 11:00:00 PM,A,VC 22350,False,1,SR 24 E/B,,,9/14/2024 9:31:49 PM,A,W,1534.0,BROADWAY,F,,D,9/14/2024 9:31:51 PM,9/14/2024 9:31:51 PM,False,True,4,,8/19/2024 11:05:00 PM,2305,True,AREA / EMBEDDED,,True
4394002,9370-2024-02851,1,False,9370,8/31/2024 10:35:00 PM,2235,052,14,109,Oakland,1,True,True,E,HIT OBJECT,,Saturday,Yes,False,,,False,True,False,ALAMEDA SUPERIOR COURT WILEY W. MANUEL COURTHOUSE,J,OTHER OBJECT,CONCRETE CURB,1,0,D,DARK-NO STREET LIGHTS,37.752042,-122.152095,,,,,A,NO PEDESTRIANS INVOLVED,8/31/2024 10:35:00 PM,A,VC 22107,False,1,I-580 E/B,,,9/13/2024 9:30:13 PM,A,E,325.0,98TH AVENUE,F,,D,9/13/2024 9:30:16 PM,9/13/2024 9:30:16 PM,False,True,4,,8/31/2024 10:40:00 PM,2240,False,,,True
4393742,24-017339,2,False,0109,4/9/2024 7:57:00 AM,757,26Y,14,109,Oakland,1,True,True,D,BROADSIDE,,Tuesday,,,,,False,False,True,,C,OTHER MOTOR VEHICLE,,0,0,A,DAYLIGHT,,,,,,,A,NO PEDESTRIANS INVOLVED,,A,21453A,,,HAMILTON ST,1,,,A,S,15.0,HEGENBERGER RD,F,,A,9/13/2024 2:05:45 PM,1/28/2025 11:25:21 AM,,,2,,,,,,,
4392979,9335-2024-02039,1,False,9335,9/4/2024 5:35:00 AM,535,082,14,109,Oakland,1,True,True,B,SIDE SWIPE,,Wednesday,NotApplicable,False,,,False,True,False,ALAMEDA SUPERIOR COURT ADMINISTRATION BUILDING,C,OTHER MOTOR VEHICLE,,0,0,B,DUSK-DAWN,37.823764,-122.318444,,,,,A,NO PEDESTRIANS INVOLVED,9/4/2024 5:35:00 AM,B,UNSAFE MERGE,,,I-80 W/B,,,9/13/2024 8:26:49 AM,A,W,330.0,SFOBB TOLL PLAZA METERING LIGHTS,F,,D,9/13/2024 8:26:52 AM,9/13/2024 8:26:52 AM,False,True,4,,9/4/2024 5:40:00 AM,0540,False,,,True
4412911,9335-2024-02177,1,False,9335,9/22/2024 12:10:00 PM,1210,084,14,109,Oakland,1,True,True,B,SIDE SWIPE,,Sunday,NotApplicable,False,M,,False,True,False,ALAMEDA SUPERIOR COURT ALAMEDA,C,OTHER MOTOR VEHICLE,,0,0,A,DAYLIGHT,37.820458,-122.338327,,,,,A,NO PEDESTRIANS INVOLVED,9/22/2024 12:10:00 PM,A,VC 21658(a),False,1,I-80 E/B,,,9/30/2024 11:08:53 AM,A,E,1.36,NORTH GATE ROAD,M,,D,9/30/2024 11:08:57 AM,9/30/2024 11:08:57 AM,False,True,4,,9/22/2024 12:14:00 PM,1214,True,AREA / EMBEDDED,,True
4412887,24032233,2,False,0109,6/28/2024 4:26:00 PM,1626,31Y,14,109,Oakland,1,True,True,B,SIDE SWIPE,,Friday,,,M,,False,False,False,,C,OTHER MOTOR VEHICLE,,0,0,A,DAYLIGHT,,,,,,,A,NO PEDESTRIANS INVOLVED,,A,22350,,1,DOUGLAS AV,2,,,A,,,EDES AV,,,A,9/30/2024 10:59:41 AM,1/28/2025 11:52:27 AM,,,2,,,,,,,
4412846,24030490,2,False,0109,6/19/2024 1:20:00 PM,1320,35X,14,109,Oakland,1,True,True,D,BROADSIDE,,Wednesday,,,,,False,False,False,,C,OTHER MOTOR VEHICLE,,0,0,A,DAYLIGHT,,,,,,,A,NO PEDESTRIANS INVOLVED,,A,21453A,,1,LAWLOR ST,2,,,A,,,98TH AV,,,A,9/30/2024 10:49:41 AM,1/28/2025 11:52:26 AM,,,2,,,,,,,
4412828,24032609,2,False,0109,6/30/2024 10:27:00 PM,2227,27X,14,109,Oakland,1,True,True,D,BROADSIDE,,Sunday,,,M,,False,False,False,,C,OTHER MOTOR VEHICLE,,0,0,C,DARK-STREET LIGHTS,,,,,,,A,NO PEDESTRIANS INVOLVED,,A,22350,,1,44TH AV,2,,,A,S,0.1,INTERNATIONAL BL,M,,D,9/30/2024 10:44:40 AM,1/28/2025 11:52:26 AM,,,2,,,,,,,
4412747,24030556,2,False,0109,6/19/2024 7:09:00 PM,1909,12Y,14,109,Oakland,1,True,True,B,SIDE SWIPE,,Wednesday,,,,,False,False,False,,C,OTHER MOTOR VEHICLE,,0,0,A,DAYLIGHT,,,,,,,A,NO PEDESTRIANS INVOLVED,,A,22107,,1,CLAREMONT AV,1,,,A,,,CLIFTON ST,,,A,9/30/2024 10:24:39 AM,1/28/2025 11:52:26 AM,,,2,,,,,,,
4412483,9370-2024-03014,1,False,9370,9/23/2024 5:58:00 AM,558,008,14,109,Oakland,1,True,True,B,SIDE SWIPE,,Monday,NotApplicable,False,,,False,True,False,ALAMEDA SUPERIOR COURT WILEY W. MANUEL COURTHOUSE,C,OTHER MOTOR VEHICLE,,0,0,B,DUSK-DAWN,37.825081,-122.30473,,,,,A,NO PEDESTRIANS INVOLVED,9/23/2024 5:58:00 AM,A,VC 22107,False,1,I-80 W/B,,,9/30/2024 8:58:28 AM,A,E,800.0,WEST GRAND OVER CORSSING,F,,D,9/30/2024 8:58:31 AM,9/30/2024 8:58:31 AM,False,True,4,,9/23/2024 5:59:00 AM,0559,False,,,True
4412164,24-028831,2,False,0109,6/10/2024 1:17:00 PM,1317,33S,14,109,Oakland,1,True,True,B,SIDE SWIPE,,Monday,,,M,,False,False,False,,I,FIXED OBJECT,,0,0,A,DAYLIGHT,,,,,,,A,NO PEDESTRIANS INVOLVED,,A,22107,,1,92ND AV,2,,,A,S,50.0,ELLINGTON WY,F,,D,9/30/2024 6:19:36 AM,1/28/2025 11:52:31 AM,,,2,,,,,,,
4412156,9370-2024-03042,1,False,9370,9/25/2024 1:30:00 PM,1330,176,14,109,Oakland,1,True,True,C,REAR END,,Wednesday,NotApplicable,False,M,,False,True,False,ALAMEDA SUPERIOR COURT WILEY W. MANUEL COURTHOUSE,C,OTHER MOTOR VEHICLE,,0,0,A,DAYLIGHT,37.729075,-122.186213,,,,,A,NO PEDESTRIANS INVOLVED,9/25/2024 1:30:00 PM,A,VC 22350,False,1,I-880 N/B,,,9/30/2024 6:15:35 AM,A,S,130.0,98TH AVENUE,F,,D,9/30/2024 6:15:37 AM,9/30/2024 6:15:37 AM,False,True,4,,9/25/2024 1:35:00 PM,1335,False,,,True
4412143,9370-2024-03000,1,False,9370,9/21/2024 4:45:00 PM,1645,024,14,109,Oakland,1,True,True,F,OVERTURNED,,Saturday,NotApplicable,False,M,,False,True,True,ALAMEDA SUPERIOR COURT WILEY W. MANUEL COURTHOUSE,A,NON-COLLISION,,1,0,A,DAYLIGHT,37.854654,-122.217561,,,,,A,NO PEDESTRIANS INVOLVED,9/21/2024 4:45:00 PM,A,VC 21658(a),False,2,SR-24 E/B,,,9/30/2024 6:02:20 AM,A,W,225.0,CALDECOTT TUNL,F,,D,9/30/2024 6:02:23 AM,9/30/2024 6:02:23 AM,False,True,4,,9/21/2024 4:49:00 PM,1649,False,,,True
4411969,9335-2024-02175,1,False,9335,9/21/2024 7:54:00 PM,1954,082,14,109,Oakland,1,True,True,B,SIDE SWIPE,,Saturday,NotApplicable,False,M,,False,True,False,ALAMEDA SUPERIOR COURT ALAMEDA,C,OTHER MOTOR VEHICLE,,1,0,C,DARK-STREET LIGHTS,37.82176,-122.332096,,,,,A,NO PEDESTRIANS INVOLVED,9/21/2024 7:54:00 PM,A,VC 21658(A),False,1,I-80 W/B,,,9/29/2024 10:29:44 AM,A,W,0.82,SAN FRANCISCO/OAKLAND BAY BRIGDE METERING LIGHTS,M,,D,9/29/2024 10:29:47 AM,9/29/2024 10:29:47 AM,False,True,4,,9/21/2024 8:28:00 PM,2028,True,AREA / EMBEDDED,,True
4411439,9370-2024-02858,1,False,9370,8/8/2024 9:06:00 PM,2106,008,14,109,Oakland,1,True,True,B,SIDE SWIPE,,Thursday,NotApplicable,False,M,,False,True,False,ALAMEDA SUPERIOR COURT WILEY W. MANUEL COURTHOUSE,C,OTHER MOTOR VEHICLE,,0,0,C,DARK-STREET LIGHTS,37.825146,-122.308592,,,,,A,NO PEDESTRIANS INVOLVED,8/8/2024 9:06:00 PM,A,VC 21658(A),False,1,INTERSTATE 80 WESTBOUND,,,9/27/2024 3:14:41 PM,A,E,1500.0,SFOBB TOLL PLAZA,F,,D,9/27/2024 3:14:45 PM,9/27/2024 3:14:45 PM,False,True,4,,8/16/2024 2:07:00 PM,1407,False,,,True
4411379,24-026625,2,False,0109,5/29/2024 3:10:00 PM,1510,02X,14,109,Oakland,1,True,True,B,SIDE SWIPE,,Wednesday,,,,,False,False,True,,C,OTHER MOTOR VEHICLE,,1,0,A,DAYLIGHT,,,,,,,A,NO PEDESTRIANS INVOLVED,,A,21453A,,1,MARKET ST,2,,,A,,,6TH ST,,,A,9/27/2024 2:14:29 PM,1/28/2025 11:52:31 AM,,,2,,,,,,,
4411371,24-025160,2,False,0109,5/21/2024 7:07:00 PM,1907,04X,14,109,Oakland,1,True,True,D,BROADSIDE,,Tuesday,,,M,,False,False,False,,C,OTHER MOTOR VEHICLE,,1,0,A,DAYLIGHT,,,,,,,A,NO PEDESTRIANS INVOLVED,,A,21453A,,1,HARRISON ST,1,,,A,,,14TH ST,,,A,9/27/2024 2:04:29 PM,1/28/2025 11:52:54 AM,,,2,,,,,,,
4411357,24-026092,3,False,0109,5/27/2024 10:00:00 AM,1000,32X,14,109,Oakland,1,True,True,D,BROADSIDE,,Monday,,,F,,False,False,False,,C,OTHER MOTOR VEHICLE,,2,0,A,DAYLIGHT,,,,,,,A,NO PEDESTRIANS INVOLVED,,A,21453A,,1,MACARTHUR BL,2,,,A,,,106TH AV,,,A,9/27/2024 1:54:29 PM,1/28/2025 11:52:53 AM,,,2,,,,,,,
4411246,9370-2024-03034,2,False,9370,9/24/2024 7:50:00 PM,1950,176,14,109,Oakland,1,True,True,D,BROADSIDE,,Tuesday,Yes,False,,,False,True,False,ALAMEDA SUPERIOR COURT WILEY W. MANUEL COURTHOUSE,C,OTHER MOTOR VEHICLE,,1,0,C,DARK-STREET LIGHTS,37.772022,-122.224311,,,,,A,NO PEDESTRIANS INVOLVED,9/24/2024 7:50:00 PM,A,VC 21658(a),False,1,INTERSTATE 880 NORTHBOUND,,,10/1/2024 7:44:57 AM,A,N,1700.0,HIGH ST,F,,D,9/27/2024 12:54:42 PM,10/1/2024 7:44:58 AM,False,True,4,,9/24/2024 7:55:00 PM,1955,False,,,True
4411107,9370-2024-02938,1,False,9370,9/15/2024 3:30:00 AM,330,025,14,109,Oakland,1,True,True,A,HEAD-ON,,Sunday,NotApplicable,False,,,False,True,False,ALAMEDA SUPERIOR COURT WILEY W. MANUEL COURTHOUSE,I,FIXED OBJECT,CONCRETE BARRIER WALL,0,0,D,DARK-NO STREET LIGHTS,37.839422,-122.264395,,,,,A,NO PEDESTRIANS INVOLVED,9/15/2024 3:30:00 AM,A,VC 23152(a),True,1,SR-24 E/B,,,9/27/2024 11:33:36 AM,A,W,565.0,CLAREMONT AVE,F,,D,9/27/2024 11:33:38 AM,9/27/2024 11:33:38 AM,False,True,4,,9/15/2024 3:38:00 AM,0338,True,AREA PHOTO FILE,,True
4410914,24-038705,2,False,0109,8/3/2024 11:55:00 PM,2355,23X,14,109,Oakland,1,True,True,H,OTHER,,Saturday,,,,,False,False,False,,C,OTHER MOTOR VEHICLE,,0,0,C,DARK-STREET LIGHTS,,,,,,,A,NO PEDESTRIANS INVOLVED,,A,23152A,,1,40TH AV,2,,,A,N,50.0,E 12TH ST,F,,D,9/27/2024 9:54:26 AM,1/28/2025 11:52:22 AM,,,2,,,,,,,
4410820,24-029409,3,False,0109,6/13/2024 12:45:00 PM,1245,19X,14,109,Oakland,1,True,True,B,SIDE SWIPE,,Thursday,,,,,False,False,False,,C,OTHER MOTOR VEHICLE,,0,0,A,DAYLIGHT,,,,,,,A,NO PEDESTRIANS INVOLVED,,A,22100B,,1,E 12TH ST,1,,,A,,,22ND AV,,,A,9/27/2024 9:14:24 AM,1/28/2025 11:49:30 AM,,,2,,,,,,,
4410774,24-038775,2,False,0109,8/4/2024 12:50:00 PM,1250,08X,14,109,Oakland,1,True,True,E,HIT OBJECT,,Sunday,,,,,False,False,False,,I,FIXED OBJECT,,0,0,A,DAYLIGHT,,,,,,,A,NO PEDESTRIANS INVOLVED,,A,23152,,1,PARK BL,1,,,A,S,0.5,MONTEREY BL,M,,D,9/27/2024 8:49:26 AM,1/28/2025 11:52:22 AM,,,2,,,,,,,
4410670,24-029901,2,False,0109,6/16/2024 10:27:00 AM,1027,34X,14,109,Oakland,1,True,True,D,BROADSIDE,,Sunday,,,,,False,False,False,,C,OTHER MOTOR VEHICLE,,1,0,A,DAYLIGHT,,,,,,,A,NO PEDESTRIANS INVOLVED,,A,22450A,,1,90TH AV,2,,,A,,,HOLLY ST,,,A,9/27/2024 8:09:25 AM,1/28/2025 11:50:25 AM,,,2,,,,,,,
4410654,24-029604,2,False,0109,6/14/2024 12:57:00 PM,1257,35Y,14,109,Oakland,1,True,True,F,OVERTURNED,,Friday,,,,,False,False,False,,E,PARKED MOTOR VEHICLE,,1,0,A,DAYLIGHT,,,,,,,A,NO PEDESTRIANS INVOLVED,,B,,,1,TURNLEY AV,2,,,A,,,TURNELY AV 3930,,,D,9/27/2024 7:59:25 AM,1/28/2025 11:50:24 AM,,,2,,,,,,,
4410602,24-031627,2,False,0109,6/25/2024 5:18:00 AM,518,26X,14,109,Oakland,1,True,True,H,OTHER,,Tuesday,,,,,False,False,False,,C,OTHER MOTOR VEHICLE,,1,0,B,DUSK-DAWN,,,,,,,A,NO PEDESTRIANS INVOLVED,,A,21802A,,1,70TH AV,2,,,A,,,HERBERT GUICE WY,,,A,9/27/2024 7:24:25 AM,1/28/2025 11:50:25 AM,,,2,,,,,,,
4410594,24-029402,2,False,0109,6/13/2024 11:45:00 AM,1145,08X,14,109,Oakland,1,True,True,B,SIDE SWIPE,,Thursday,,,M,,False,False,False,,C,OTHER MOTOR VEHICLE,,0,0,A,DAYLIGHT,,,,,,,A,NO PEDESTRIANS INVOLVED,,A,22107,,1,BROADWAY,1,,,A,,,23RD ST,,,D,9/27/2024 7:19:25 AM,1/28/2025 11:52:40 AM,,,2,,,,,,,
4410593,24-028173,2,False,0109,6/7/2024 11:42:00 AM,1142,20X,14,109,Oakland,1,True,True,D,BROADSIDE,,Friday,,,,,False,False,False,,G,BICYCLE,,2,0,A,DAYLIGHT,,,,,,,A,NO PEDESTRIANS INVOLVED,,A,216501,,1,E 10TH ST,2,,,A,,,29TH AV,,,A,9/27/2024 7:19:25 AM,1/28/2025 11:50:25 AM,,,2,,,,,,,
4410528,24-028055,2,False,0109,6/6/2024 4:50:00 PM,1650,26X,14,109,Oakland,1,True,True,A,HEAD-ON,,Thursday,,,,,False,False,False,,C,OTHER MOTOR VEHICLE,,0,0,A,DAYLIGHT,,,,,,,A,NO PEDESTRIANS INVOLVED,,A,21460A,,1,SEMINARY AV,2,,,A,S,100.0,INTERNATIONAL BL,F,,D,9/27/2024 6:34:24 AM,1/28/2025 11:52:40 AM,,,2,,,,,,,
4410527,24-028227,2,False,0109,6/7/2024 4:42:00 PM,1642,35X,14,109,Oakland,1,True,True,C,REAR END,,Friday,,,,,False,False,True,,I,FIXED OBJECT,,0,0,A,DAYLIGHT,,,,,,,A,NO PEDESTRIANS INVOLVED,,A,22107,,1,MACARTHUR BL,2,,,A,W,10.0,90TH AV,F,,A,9/27/2024 6:34:24 AM,1/28/2025 11:52:31 AM,,,2,,,,,,,
4410517,24-028076,2,False,0109,6/6/2024 7:02:00 PM,1902,26X,14,109,Oakland,1,True,True,D,BROADSIDE,,Thursday,,,M,,False,False,False,,C,OTHER MOTOR VEHICLE,,0,0,A,DAYLIGHT,,,,,,,A,NO PEDESTRIANS INVOLVED,,A,21453A,,1,SAN LEANDRO ST,2,,,A,,,50TH AV,,,A,9/27/2024 6:24:24 AM,1/28/2025 11:52:31 AM,,,2,,,,,,,
4410514,24-029474,2,False,0109,6/13/2024 7:04:00 PM,1904,33X,14,109,Oakland,1,True,True,B,SIDE SWIPE,,Thursday,,,,,False,False,False,,C,OTHER MOTOR VEHICLE,,0,0,A,DAYLIGHT,,,,,,,A,NO PEDESTRIANS INVOLVED,,A,21650,,1,86TH AV,2,,,A,N,40.0,D ST,F,,D,9/27/2024 6:24:24 AM,1/28/2025 11:52:31 AM,,,2,,,,,,,
4410503,24-030927,2,False,0109,6/22/2024 11:33:00 PM,2333,20X,14,109,Oakland,1,True,True,B,SIDE SWIPE,,Saturday,,,M,,False,False,False,,C,OTHER MOTOR VEHICLE,,0,0,C,DARK-STREET LIGHTS,,,,,,,A,NO PEDESTRIANS INVOLVED,,A,22107,,1,INTERNATIONAL BL,2,,,A,E,10.0,23RD AV,F,,A,9/27/2024 6:19:24 AM,1/28/2025 11:52:31 AM,,,2,,,,,,,
4409984,9370-2024-02842,2,False,9370,9/6/2024 10:47:00 PM,2247,901,14,109,Oakland,1,True,True,C,REAR END,,Friday,No,False,M,,False,False,False,ALAMEDA SUPERIOR COURT WILEY W. MANUEL COURTHOUSE,C,OTHER MOTOR VEHICLE,,0,0,C,DARK-STREET LIGHTS,37.772848,-122.219235,,,,,A,NO PEDESTRIANS INVOLVED,9/6/2024 10:47:00 PM,B,UNSAFE SPEED,,1,E 12TH STREET (3900 BLOCK),,,9/27/2024 12:05:40 PM,A,W,35.0,40TH AVENUE,F,,A,9/26/2024 3:36:28 PM,9/27/2024 12:05:40 PM,False,False,4,,9/6/2024 10:50:00 PM,2250,False,,,True
4409878,24-035835,2,False,0109,7/8/2024 4:45:00 PM,1645,14X,14,109,Oakland,1,True,True,D,BROADSIDE,,Monday,,,M,,False,False,False,,G,BICYCLE,,1,0,A,DAYLIGHT,,,,,,,A,NO PEDESTRIANS INVOLVED,,A,22107,,1,GRAND AV,1,,,A,,,MCARTHUR BL,,,A,9/26/2024 2:27:54 PM,1/28/2025 11:52:32 AM,,,2,,,,,,,
4409863,24-027878,3,False,0109,6/5/2024 6:25:00 PM,1825,23X,14,109,Oakland,1,True,True,D,BROADSIDE,,Wednesday,,,,,False,False,False,,C,OTHER MOTOR VEHICLE,,1,0,A,DAYLIGHT,,,,,,,A,NO PEDESTRIANS INVOLVED,,A,21804A,,1,40TH AV,2,,,A,N,166.0,INTERNATIONAL BL,F,,D,9/26/2024 2:22:54 PM,1/28/2025 11:50:24 AM,,,2,,,,,,,
4409840,24-030913,2,False,0109,6/21/2024 7:55:00 PM,1955,10X,14,109,Oakland,1,True,True,D,BROADSIDE,,Friday,,,,,False,False,False,,C,OTHER MOTOR VEHICLE,,1,0,A,DAYLIGHT,,,,,,,A,NO PEDESTRIANS INVOLVED,,A,21453A,,1,MARTIN LUTHER KINGS JR WY,1,,,A,E,10.0,52ND ST,F,,A,9/26/2024 2:17:53 PM,1/28/2025 11:50:25 AM,,,2,,,,,,,
4409773,24-027533,2,False,0109,6/3/2024 8:11:00 PM,2011,23X,14,109,Oakland,1,True,True,D,BROADSIDE,,Monday,,,,,False,False,False,,C,OTHER MOTOR VEHICLE,,1,0,B,DUSK-DAWN,,,,,,,A,NO PEDESTRIANS INVOLVED,,A,23152A,,1,42ND AV,2,,,A,,,BOND ST,,,A,9/26/2024 1:47:53 PM,1/28/2025 11:50:24 AM,,,2,,,,,,,
4409753,24-028319,2,False,0109,6/4/2024 3:50:00 PM,1550,27X,14,109,Oakland,1,True,True,C,REAR END,,Tuesday,,,F,,False,False,False,,C,OTHER MOTOR VEHICLE,,1,0,A,DAYLIGHT,,,,,,,A,NO PEDESTRIANS INVOLVED,,A,22350,,1,FOOTHILL BL,2,,,A,,,55TH AV,,,A,9/26/2024 1:37:53 PM,1/28/2025 11:50:25 AM,,,2,,,,,,,
4409729,24-030883,2,False,0109,6/21/2024 4:25:00 PM,1625,17X,14,109,Oakland,1,True,True,A,HEAD-ON,,Friday,,,F,,False,False,False,,C,OTHER MOTOR VEHICLE,,1,0,A,DAYLIGHT,,,,,,,A,NO PEDESTRIANS INVOLVED,,A,22450A,,1,13TH AV,1,,,A,,,22ND ST,,,A,9/26/2024 1:32:53 PM,1/28/2025 11:50:25 AM,,,2,,,,,,,
4409510,9370-2024-02882,1,False,9370,9/10/2024 5:58:00 AM,558,008,14,109,Oakland,1,True,True,B,SIDE SWIPE,,Tuesday,NotApplicable,False,M,,False,True,False,ALAMEDA SUPERIOR COURT WILEY W. MANUEL COURTHOUSE,C,OTHER MOTOR VEHICLE,,0,0,B,DUSK-DAWN,37.825061,-122.313667,,,,,A,NO PEDESTRIANS INVOLVED,9/10/2024 5:58:00 AM,A,VC 21658(A),False,1,I-80 W/B,,,9/26/2024 12:05:09 PM,A,E,42.0,SAN FRANCISCO-OAKLAND BAY BRIDGE TOLL PLAZA,F,,A,9/26/2024 12:05:11 PM,9/26/2024 12:05:11 PM,False,True,4,,9/10/2024 6:00:00 AM,0600,False,,,True
4409485,24-028295,2,False,0109,6/10/2024 5:09:00 AM,509,06X,14,109,Oakland,1,True,True,B,SIDE SWIPE,,Monday,,,,,False,False,False,,C,OTHER MOTOR VEHICLE,,1,0,A,DAYLIGHT,,,,,,,A,NO PEDESTRIANS INVOLVED,,A,21453A,,1,27TH ST,1,,,A,,,NORTHGATE AV,,,A,9/26/2024 11:52:52 AM,1/28/2025 11:50:25 AM,,,2,,,,,,,
4409478,24-028279,2,False,0109,6/8/2024 2:15:00 AM,215,19X,14,109,Oakland,1,True,True,D,BROADSIDE,,Saturday,,,F,,False,False,False,,C,OTHER MOTOR VEHICLE,,1,0,C,DARK-STREET LIGHTS,,,,,,,A,NO PEDESTRIANS INVOLVED,,A,21453A,,1,22ND AV,1,,,A,,,INTERNATIONAL BL,,,D,9/26/2024 11:47:52 AM,1/28/2025 11:50:25 AM,,,2,,,,,,,
4409460,24-030834,2,False,0109,6/21/2024 12:00:00 PM,1200,34X,14,109,Oakland,1,True,True,B,SIDE SWIPE,,Friday,,,,,False,False,False,,C,OTHER MOTOR VEHICLE,,2,0,A,DAYLIGHT,,,,,,,A,NO PEDESTRIANS INVOLVED,,A,22107,,1,INTERNATIONAL,2,,,A,,,90TH AV,,,A,9/26/2024 11:37:51 AM,1/28/2025 11:50:25 AM,,,2,,,,,,,
4409452,24-030583,2,False,0109,6/19/2024 10:55:00 PM,2255,19X,14,109,Oakland,1,True,True,D,BROADSIDE,,Wednesday,,,F,,False,False,False,,C,OTHER MOTOR VEHICLE,,1,0,C,DARK-STREET LIGHTS,,,,,,,A,NO PEDESTRIANS INVOLVED,,A,21453A,,1,LAKE MERRITT BL,1,,,A,,,E 12TH ST,,,A,9/26/2024 11:32:51 AM,1/28/2025 11:50:24 AM,,,2,,,,,,,
4409421,9370-2024-02992,1,False,9370,9/20/2024 4:37:00 PM,1637,053,14,109,Oakland,1,True,True,C,REAR END,,Friday,NotApplicable,False,,,False,True,False,ALAMEDA SUPERIOR COURT WILEY W. MANUEL COURTHOUSE,C,OTHER MOTOR VEHICLE,,1,0,A,DAYLIGHT,37.795163,-122.207141,,,,,A,NO PEDESTRIANS INVOLVED,9/20/2024 4:37:00 PM,A,VC 22350,False,1,I-580 W/B TO COOLIDGE AVENUE,,,9/26/2024 11:18:54 AM,A,E,1170.0,COOLIDGE AVE,F,,D,9/26/2024 11:18:56 AM,9/26/2024 11:18:56 AM,False,True,4,,9/20/2024 4:40:00 PM,1640,False,,,True
4409391,24-026714,2,False,0109,5/30/2024 12:40:00 AM,40,05X,14,109,Oakland,1,True,True,H,OTHER,,Thursday,,,M,,False,False,False,,E,PARKED MOTOR VEHICLE,,0,0,C,DARK-STREET LIGHTS,,,,,,,A,NO PEDESTRIANS INVOLVED,,A,22107,,1,21ST ST,1,,,A,W,20.0,MARKET ST,F,,D,9/26/2024 11:07:50 AM,1/28/2025 11:52:31 AM,,,2,,,,,,,
4409380,24-026215,2,False,0109,5/28/2024 7:10:00 AM,710,17X,14,109,Oakland,1,True,True,H,OTHER,,Tuesday,,,,,False,False,False,,C,OTHER MOTOR VEHICLE,,0,0,A,DAYLIGHT,,,,,,,A,NO PEDESTRIANS INVOLVED,,A,22107,,1,14TH AV,1,,,A,S,10.0,E 32ND ST,F,,D,9/26/2024 11:02:50 AM,1/28/2025 11:52:31 AM,,,2,,,,,,,
4409315,24-026133,2,False,0109,5/27/2024 12:30:00 PM,1230,28X,14,109,Oakland,1,True,True,B,SIDE SWIPE,,Monday,,,,,False,False,False,,E,PARKED MOTOR VEHICLE,,0,0,A,DAYLIGHT,,,,,,,A,NO PEDESTRIANS INVOLVED,,A,22350,,1,SUNNYMERE AV,2,,,A,W,250.0,VAN MOURIK AV,F,,D,9/26/2024 10:42:49 AM,1/28/2025 11:52:40 AM,,,2,,,,,,,
4409300,24-025412,2,False,0109,5/23/2024 8:18:00 AM,818,02X,14,109,Oakland,1,True,True,B,SIDE SWIPE,,Thursday,,,,,False,False,False,,C,OTHER MOTOR VEHICLE,,0,0,A,DAYLIGHT,,,,,,,A,NO PEDESTRIANS INVOLVED,,A,22107,,1,12TH ST,1,,,A,S,5.0,UNION ST,F,,A,9/26/2024 10:37:49 AM,1/28/2025 11:52:40 AM,,,2,,,,,,,
4409245,24-026401,2,False,0109,5/28/2024 10:56:00 PM,2256,26X,14,109,Oakland,1,True,True,D,BROADSIDE,,Tuesday,,,M,,False,False,False,,C,OTHER MOTOR VEHICLE,,0,0,C,DARK-STREET LIGHTS,,,,,,,A,NO PEDESTRIANS INVOLVED,,A,21453A,,1,75TH AV,2,,,A,,,SAN LEANDRO ST,,,A,9/26/2024 10:12:48 AM,1/28/2025 11:52:40 AM,,,2,,,,,,,