collision-id,report-number,report-version,is-preliminary,ncic-code,crash-date-time,crash-time-description,beat,city-id,city-code,city-name,county-code,city-is-active,city-is-incorporated,collision-type-code,collision-type-description,collision-type-other-desc,day-of-week,dispatch-notified,has-photographs,hit-run,is-attachments-mailed,is-deleted,is-highway-related,is-tow-away,judicial-district,motor-vehicle-involved-with-code,motor-vehicle-involved-with-desc,motor-vehicle-involved-with-other-desc,number-injured,number-killed,lighting-code,lighting-description,latitude,longitude,milepost-direction,milepost-distance,milepost-marker,milepost-unit-of-measure,pedestrian-action-code,pedestrian-action-desc,prepared-date,primary-collision-factor-code,primary-collision-factor-description,primary-collision-factor-is-cited,primary-collision-party-number,primary-road,reporting-district,reporting-district-code,reviewed-date,roadway-surface-code,secondary-direction,secondary-distance,secondary-road,secondary-unit-of-measure,sketch-desc,traffic-control-device-code,created-date,modified-date,is-county-road,is-freeway,chp-555-version,is-additonal-object-struck,notification-date,notification-time-description,has-digital-media-files,evidence-number,is-location-refer-to-narrative,is-aoi-one-same-as-location
4405830,9370-2024-02990,1,False,9370,9/20/2024 2:30:00 PM,1430,024,14,109,Oakland,1,True,True,C,REAR END,,Friday,NotApplicable,False,,,False,True,False,ALAMEDA SUPERIOR COURT WILEY W. MANUEL COURTHOUSE,C,OTHER MOTOR VEHICLE,,0,0,A,DAYLIGHT,37.856058,-122.214622,,,,,A,NO PEDESTRIANS INVOLVED,9/20/2024 2:30:00 PM,A,VC 21658(a),False,1,SR-24 E/B (CALDECOTT TUNNEL- BORE #1),,,9/24/2024 8:41:54 AM,A,E,1500.0,EAST TUNNEL #1 BORE EDGE,F,,D,9/24/2024 8:41:56 AM,9/24/2024 8:41:56 AM,False,True,4,,9/20/2024 5:50:00 PM,1750,False,,,True
4405725,9370-2024-02976,1,False,9370,9/18/2024 9:00:00 PM,2100,013,14,109,Oakland,1,True,True,H,OTHER,ANIMAL,Wednesday,NotApplicable,False,,,False,True,False,ALAMEDA SUPERIOR COURT WILEY W. MANUEL COURTHOUSE,H,ANIMAL,DEER,0,0,D,DARK-NO STREET LIGHTS,37.812516,-122.199996,,,,,A,NO PEDESTRIANS INVOLVED,9/18/2024 9:00:00 PM,C,,,,SR-13 S/B,,,9/24/2024 7:51:09 AM,A,S,300.0,JOAQUIN MILLER RD,F,,D,9/24/2024 7:51:10 AM,9/24/2024 7:51:10 AM,False,True,4,,9/18/2024 9:09:00 PM,2109,False,,,True
4405642,9370-2024-02867,1,False,9370,9/9/2024 10:19:00 PM,2219,008,14,109,Oakland,1,True,True,A,HEAD-ON,,Monday,Yes,False,,,False,True,True,ALAMEDA SUPERIOR COURT WILEY W. MANUEL COURTHOUSE,C,OTHER MOTOR VEHICLE,,2,0,C,DARK-STREET LIGHTS,37.828492,-122.293589,,,,,A,NO PEDESTRIANS INVOLVED,9/9/2024 10:19:00 PM,A,VC 23152(a),True,1,I-80 W/B TO I-580 E/B/I-880 S/B,,,9/24/2024 7:19:44 AM,A,E,200.0,I-580 W/B TO I-80 W/B OVERCROSSING,F,,D,9/24/2024 7:19:47 AM,9/24/2024 7:19:47 AM,False,True,4,,9/9/2024 10:21:00 PM,2221,False,,,True
4405592,24-039313,2,False,0109,8/7/2024 2:07:00 PM,1407,15X,14,109,Oakland,1,True,True,D,BROADSIDE,,Wednesday,,,,,False,False,False,,C,OTHER MOTOR VEHICLE,,1,0,A,DAYLIGHT,,,,,,,A,NO PEDESTRIANS INVOLVED,,A,21453A,,,PARK BL,1,,,A,,,CHATHAM RD,,,A,9/24/2024 6:56:52 AM,1/28/2025 11:43:36 AM,,,2,,,,,,,
4405517,24-019504,2,False,0109,4/20/2024 2:51:00 PM,1451,31X,14,109,Oakland,1,True,True,E,HIT OBJECT,,Saturday,,,,,False,False,False,,I,FIXED OBJECT,,0,0,A,DAYLIGHT,,,,,,,A,NO PEDESTRIANS INVOLVED,,B,,,1,HEGENBERGER LOOP,2,,,A,E,15.0,HEGENBERGER RD,F,,D,9/24/2024 6:26:51 AM,1/28/2025 11:34:32 AM,,,2,,,,,,,
4405201,9370-2024-02987,1,False,9370,9/19/2024 5:50:00 PM,1750,053,14,109,Oakland,1,True,True,C,REAR END,,Thursday,NotApplicable,False,,,False,True,False,ALAMEDA SUPERIOR COURT WILEY W. MANUEL COURTHOUSE,C,OTHER MOTOR VEHICLE,,1,0,A,DAYLIGHT,37.794821,-122.206522,,,,,A,NO PEDESTRIANS INVOLVED,9/19/2024 5:50:00 PM,A,VC 22350,False,1,I-580 W/B,,,9/23/2024 6:39:34 PM,A,E,203.0,MAPLE AVE,F,,D,9/23/2024 6:39:37 PM,9/23/2024 6:39:37 PM,False,True,4,,9/19/2024 6:04:00 PM,1804,False,,,True
4405187,9370-2024-02961,1,False,9370,9/18/2024 9:20:00 AM,920,055,14,109,Oakland,1,True,True,B,SIDE SWIPE,,Wednesday,NotApplicable,False,,,False,True,False,ALAMEDA SUPERIOR COURT WILEY W. MANUEL COURTHOUSE,C,OTHER MOTOR VEHICLE,,0,0,A,DAYLIGHT,37.827105,-122.285355,,,,,A,NO PEDESTRIANS INVOLVED,9/18/2024 9:20:00 AM,A,VC 21658(A),False,1,I-580 W/B,,,9/23/2024 5:47:54 PM,A,E,1272.0,MANDELA PARKWAY,F,,D,9/23/2024 5:47:59 PM,9/23/2024 5:47:59 PM,False,True,4,,9/18/2024 9:32:00 AM,0932,False,,,True
4405179,9370-2024-02947,1,False,9370,9/16/2024 4:32:00 PM,1632,176,14,109,Oakland,1,True,True,C,REAR END,,Monday,NotApplicable,False,,,False,True,False,ALAMEDA SUPERIOR COURT WILEY W. MANUEL COURTHOUSE,C,OTHER MOTOR VEHICLE,,1,0,A,DAYLIGHT,37.730788,-122.188275,,,,,A,NO PEDESTRIANS INVOLVED,9/16/2024 4:32:00 PM,A,VC 22350,False,1,I-880 S/B FROM 98TH AVENUE,,,9/23/2024 5:18:50 PM,A,S,250.0,98TH AVE,F,,A,9/23/2024 5:18:52 PM,9/23/2024 5:18:52 PM,False,True,4,,9/16/2024 4:37:00 PM,1637,False,,,True
4405176,9370-2024-02930,1,False,9370,9/13/2024 7:59:00 PM,1959,098,14,109,Oakland,1,True,True,E,HIT OBJECT,,Friday,NotApplicable,False,M,,False,True,False,ALAMEDA SUPERIOR COURT WILEY W. MANUEL COURTHOUSE,J,OTHER OBJECT,FIXED METAL LIGHT POST,0,0,B,DUSK-DAWN,37.81032,-122.275208,,,,,A,NO PEDESTRIANS INVOLVED,9/13/2024 7:59:00 PM,A,VC 22107,False,1,I-980 E/B,,,9/23/2024 5:14:58 PM,A,W,80.0,18TH ST,F,,D,9/23/2024 5:14:59 PM,9/23/2024 5:14:59 PM,False,True,4,,9/13/2024 8:01:00 PM,2001,False,,,True
4404911,24000762,2,False,0109,1/5/2024 5:24:00 PM,1724,26X,14,109,Oakland,1,True,True,B,SIDE SWIPE,,Friday,,,F,,False,False,False,,C,OTHER MOTOR VEHICLE,,0,0,B,DUSK-DAWN,,,,,,,A,NO PEDESTRIANS INVOLVED,,A,22107,,1,44TH AV,2,,,A,,,INTERNATIONAL BL,,,D,9/23/2024 2:06:48 PM,1/28/2025 11:51:49 AM,,,2,,,,,,,
4404725,24002275,2,False,0109,1/16/2024 9:05:00 AM,905,15X,14,109,Oakland,1,True,True,D,BROADSIDE,,Tuesday,,,,,False,False,False,,C,OTHER MOTOR VEHICLE,,0,0,A,DAYLIGHT,,,,,,,A,NO PEDESTRIANS INVOLVED,,A,21802A,,1,BROOKLYN AV,1,,,A,,,MERRITT AV,,,C,9/23/2024 1:11:45 PM,1/28/2025 11:51:49 AM,,,2,,,,,,,
4404633,24-014288,2,False,0109,3/21/2024 12:32:00 PM,1232,17X,14,109,Oakland,1,True,True,G,VEHICLE/PEDESTRAIN,,Thursday,,,,,False,False,False,,B,PEDESTRIAN,,1,0,A,DAYLIGHT,,,,,,,D,CROSSING - NOT IN CROSSWALK,,A,21460A,,1,E 18TH ST,1,,,A,W,26.0,10TH AV,F,,A,9/23/2024 12:36:45 PM,1/28/2025 11:49:31 AM,,,2,,,,,,,
4404483,9370-2024-02922,1,False,9370,9/13/2024 4:50:00 PM,1650,024,14,109,Oakland,1,True,True,C,REAR END,,Friday,NotApplicable,False,,,False,True,True,ALAMEDA SUPERIOR COURT WILEY W. MANUEL COURTHOUSE,C,OTHER MOTOR VEHICLE,,0,0,A,DAYLIGHT,37.84553,-122.249875,,,,,A,NO PEDESTRIANS INVOLVED,9/13/2024 4:50:00 PM,A,VC 22350,False,1,SR-24 W/B,,,9/23/2024 11:20:37 AM,A,E,600.0,COLLEGE AVENUE,F,,D,9/23/2024 11:20:38 AM,9/23/2024 11:20:38 AM,False,True,4,,9/13/2024 4:55:00 PM,1655,False,,,True
4404454,24-027557,2,False,0109,6/4/2024 5:44:00 PM,1744,19X,14,109,Oakland,1,True,True,C,REAR END,,Tuesday,,,M,,False,False,False,,D,MOTOR VEHICLE ON OTHER ROADWAY,,0,0,A,DAYLIGHT,,,,,,,A,NO PEDESTRIANS INVOLVED,,A,22350,,1,INTERNATIONAL BL,2,,,A,E,10.0,23RD AV,M,,A,9/23/2024 11:11:44 AM,1/28/2025 11:51:49 AM,,,2,,,,,,,
4404436,24-027524,2,False,0109,6/4/2024 7:01:00 PM,1901,05X,14,109,Oakland,1,True,True,B,SIDE SWIPE,,Tuesday,,,,,False,False,False,,E,PARKED MOTOR VEHICLE,,0,0,A,DAYLIGHT,,,,,,,A,NO PEDESTRIANS INVOLVED,,A,23152A,,1,WEST GRAND AV,1,,,A,W,15.0,FILBERT ST,F,,D,9/23/2024 11:06:43 AM,1/28/2025 11:51:49 AM,,,2,,,,,,,
4404421,9370-2024-02795,1,False,9370,9/2/2024 2:14:00 AM,214,176,14,109,Oakland,1,True,True,E,HIT OBJECT,,Monday,NotApplicable,False,M,,False,True,True,ALAMEDA SUPERIOR COURT WILEY W. MANUEL COURTHOUSE,I,FIXED OBJECT,CENTER MEDIAN,1,0,C,DARK-STREET LIGHTS,37.73719,-122.193377,,,,,A,NO PEDESTRIANS INVOLVED,9/2/2024 2:14:00 AM,A,VC 22107,False,1,I-880 N/B,,,9/23/2024 11:02:26 AM,A,S,1575.0,HEGENBERGER RD,F,,D,9/23/2024 11:02:29 AM,9/23/2024 11:02:29 AM,False,True,4,,9/2/2024 12:00:00 AM,0216,False,,,False
4404413,24-029043,2,False,0109,6/11/2024 4:08:00 PM,1608,04X,14,109,Oakland,1,True,True,C,REAR END,,Tuesday,,,,,False,False,False,,C,OTHER MOTOR VEHICLE,,0,0,A,DAYLIGHT,,,,,,,A,NO PEDESTRIANS INVOLVED,,A,22350,,1,CASTRO ST,1,,,A,,,17TH ST,,,A,9/23/2024 11:01:43 AM,1/28/2025 11:51:49 AM,,,2,,,,,,,
4404411,24041946,2,False,0109,8/21/2024 1:32:00 PM,1332,23X,14,109,Oakland,1,True,True,B,SIDE SWIPE,,Wednesday,,,F,,False,False,False,,C,OTHER MOTOR VEHICLE,,1,0,A,DAYLIGHT,,,,,,,A,NO PEDESTRIANS INVOLVED,,A,22107,,1,INTERNATIONAL BL,2,,,A,,,40TH AV,,,D,9/23/2024 11:01:43 AM,1/28/2025 11:47:14 AM,,,2,,,,,,,
4404391,24-031005,2,False,0109,6/22/2024 11:33:00 AM,1133,30X,14,109,Oakland,1,True,True,E,HIT OBJECT,,Saturday,,,F,,False,False,False,,I,FIXED OBJECT,,0,0,A,DAYLIGHT,,,,,,,A,NO PEDESTRIANS INVOLVED,,A,22107,,1,HILLMONT DR,1,,,A,W,25.0,DELMONT AV,F,,D,9/23/2024 10:56:43 AM,1/28/2025 11:51:49 AM,,,2,,,,,,,
4404379,9370-2024-02932,1,False,9370,9/13/2024 11:04:00 PM,2304,052,14,109,Oakland,1,True,True,C,REAR END,,Friday,Yes,False,,,False,True,True,ALAMEDA SUPERIOR COURT WILEY W. MANUEL COURTHOUSE,C,OTHER MOTOR VEHICLE,,0,0,C,DARK-STREET LIGHTS,37.758591,-122.147708,,,,,A,NO PEDESTRIANS INVOLVED,9/13/2024 11:04:00 PM,A,VC 23152(a),True,1,I-580 W/B,,,9/23/2024 10:53:39 AM,A,W,2000.0,GOLF LINKS ROAD,F,,D,9/23/2024 10:53:40 AM,9/23/2024 10:53:40 AM,False,True,4,,9/13/2024 11:06:00 PM,2306,False,,,True
4404371,24-028247,2,False,0109,6/7/2024 8:41:00 PM,2041,24X,14,109,Oakland,1,True,True,B,SIDE SWIPE,,Friday,,,F,,False,False,False,,C,OTHER MOTOR VEHICLE,,0,0,C,DARK-STREET LIGHTS,,,,,,,A,NO PEDESTRIANS INVOLVED,,A,21659,,1,HIGH ST,2,,,A,,,LYON ST,,,D,9/23/2024 10:51:42 AM,1/28/2025 11:51:49 AM,,,2,,,,,,,
4404361,9370-2024-02941,1,False,9370,9/15/2024 10:20:00 PM,2220,176,14,109,Oakland,1,True,True,B,SIDE SWIPE,,Sunday,NotApplicable,False,M,,False,True,False,ALAMEDA SUPERIOR COURT WILEY W. MANUEL COURTHOUSE,C,OTHER MOTOR VEHICLE,,0,0,C,DARK-STREET LIGHTS,37.743553,-122.199199,,,,,A,NO PEDESTRIANS INVOLVED,9/15/2024 10:20:00 PM,A,VC 21658(A),False,1,I-880 S/B,,,9/23/2024 10:50:22 AM,A,N,1278.0,HEGENBERGER RD,F,,D,9/23/2024 10:50:24 AM,9/23/2024 10:50:24 AM,False,True,4,,9/15/2024 10:43:00 PM,2243,False,,,True
4404350,24-029698,2,False,0109,6/15/2024 1:30:00 AM,130,34X,14,109,Oakland,1,True,True,D,BROADSIDE,,Saturday,,,M,,False,False,False,,C,OTHER MOTOR VEHICLE,,0,0,C,DARK-STREET LIGHTS,,,,,,,A,NO PEDESTRIANS INVOLVED,,A,21453A,,1,98TH AV,2,,,A,,,SAN LEANDRO ST,,,A,9/23/2024 10:46:42 AM,1/28/2025 11:51:49 AM,,,2,,,,,,,
4404290,9370-2024-02838,1,False,9370,9/6/2024 7:30:00 PM,1930,055,14,109,Oakland,1,True,True,B,SIDE SWIPE,,Friday,Yes,False,,,False,True,False,ALAMEDA SUPERIOR COURT WILEY W. MANUEL COURTHOUSE,C,OTHER MOTOR VEHICLE,,2,0,C,DARK-STREET LIGHTS,37.828822,-122.293104,,,,,A,NO PEDESTRIANS INVOLVED,9/6/2024 7:30:00 PM,A,VC 21658(A),False,1,I-580 W/B TO I-80 E/B,,,9/23/2024 10:29:56 AM,A,W,850.0,BEACH STREET,F,,D,9/23/2024 10:29:59 AM,9/23/2024 10:29:59 AM,False,True,4,,9/6/2024 7:38:00 PM,1938,False,,,True
4404254,24-025379,2,False,0109,5/22/2024 10:13:00 PM,2213,27X,14,109,Oakland,1,True,True,D,BROADSIDE,,Wednesday,,,,,False,False,False,,C,OTHER MOTOR VEHICLE,,0,0,C,DARK-STREET LIGHTS,,,,,,,A,NO PEDESTRIANS INVOLVED,,A,21802A,,1,BANCROFT AV,2,,,A,,,COLE ST,,,A,9/23/2024 10:16:41 AM,1/28/2025 11:51:47 AM,,,2,,,,,,,
4404215,24-025184,2,False,0109,5/21/2024 10:20:00 PM,2220,23X,14,109,Oakland,1,True,True,A,HEAD-ON,,Tuesday,,,M,,False,False,False,,C,OTHER MOTOR VEHICLE,,0,0,C,DARK-STREET LIGHTS,,,,,,,A,NO PEDESTRIANS INVOLVED,,A,21801A,,1,FOOTHILL BL,2,,,A,,,HIGH ST,,,A,9/23/2024 10:01:41 AM,1/28/2025 11:51:47 AM,,,2,,,,,,,
4404181,24-025888,3,False,0109,5/27/2024 6:00:00 PM,1800,25X,14,109,Oakland,1,True,True,B,SIDE SWIPE,,Monday,,,M,,False,False,True,,C,OTHER MOTOR VEHICLE,,0,0,A,DAYLIGHT,,,,,,,A,NO PEDESTRIANS INVOLVED,,A,22107,,1,MOUNTAIN BL,2,,,A,,,KELLER AV,,,A,9/23/2024 9:51:41 AM,1/28/2025 11:51:48 AM,,,2,,,,,,,
4404175,24-025892,2,False,0109,5/26/2024 8:34:00 AM,834,32X,14,109,Oakland,1,True,True,D,BROADSIDE,,Sunday,,,M,,False,False,True,,C,OTHER MOTOR VEHICLE,,0,0,A,DAYLIGHT,,,,,,,A,NO PEDESTRIANS INVOLVED,,A,21453A,,1,SAN LEANDRO ST,2,,,A,,,98TH AV,,,A,9/23/2024 9:51:40 AM,1/28/2025 11:51:47 AM,,,2,,,,,,,
4404161,24-025001,2,False,0109,5/21/2024 1:20:00 AM,120,10X,14,109,Oakland,1,True,True,D,BROADSIDE,,Tuesday,,,,,False,False,False,,C,OTHER MOTOR VEHICLE,,0,0,C,DARK-STREET LIGHTS,,,,,,,A,NO PEDESTRIANS INVOLVED,,A,21453A,,1,52ND ST,1,,,A,,,MARTIN LUTHER KING JR WY,,,A,9/23/2024 9:46:40 AM,1/28/2025 11:51:48 AM,,,2,,,,,,,
4404135,24-023706,2,False,0109,5/14/2024 1:31:00 AM,131,31X,14,109,Oakland,1,True,True,B,SIDE SWIPE,,Tuesday,,,M,,False,False,False,,E,PARKED MOTOR VEHICLE,,0,0,C,DARK-STREET LIGHTS,,,,,,,A,NO PEDESTRIANS INVOLVED,,A,22107,,1,MCCLARY AV,2,,,A,S,300.0,BALDWIN ST,F,,D,9/23/2024 9:36:40 AM,1/28/2025 11:51:48 AM,,,2,,,,,,,
4404097,24-027020,2,False,0109,5/31/2024 3:58:00 PM,1558,26X,14,109,Oakland,1,True,True,C,REAR END,,Friday,,,,,False,False,True,,C,OTHER MOTOR VEHICLE,,1,0,A,DAYLIGHT,,,,,,,A,NO PEDESTRIANS INVOLVED,,A,21802A,,1,54TH AV,2,,,A,,,SAN LEANDRO ST,,,A,9/23/2024 9:26:40 AM,1/28/2025 11:47:14 AM,,,2,,,,,,,
4404095,24-026341,2,False,0109,5/28/2024 3:01:00 PM,1501,08X,14,109,Oakland,1,True,True,E,HIT OBJECT,,Tuesday,,,,,False,False,False,,I,FIXED OBJECT,,0,0,A,DAYLIGHT,,,,,,,A,NO PEDESTRIANS INVOLVED,,A,22107,,1,WEBSTER ST,1,,,A,S,30.0,HAWTHORNE AV,F,,D,9/23/2024 9:26:40 AM,1/28/2025 11:51:47 AM,,,2,,,,,,,
4403990,9370-2024-02937,1,False,9370,9/14/2024 8:29:00 PM,2029,177,14,109,Oakland,1,True,True,H,OTHER,UNKNOWN DEBRIS,Saturday,NotApplicable,False,,,False,True,False,ALAMEDA SUPERIOR COURT WILEY W. MANUEL COURTHOUSE,A,NON-COLLISION,,0,0,C,DARK-STREET LIGHTS,37.782473,-122.23937,,,,,A,NO PEDESTRIANS INVOLVED,9/14/2024 8:29:00 PM,C,,,,I-880 S/B,,,9/23/2024 8:48:05 AM,A,N,1800.0,23RD AVE,F,,D,9/23/2024 8:48:07 AM,9/23/2024 8:48:07 AM,False,True,4,,9/14/2024 8:33:00 PM,2033,False,,,True
4403847,9370-2024-02928,1,False,9370,9/13/2024 11:06:00 AM,1106,052,14,109,Oakland,1,True,True,E,HIT OBJECT,,Friday,Yes,False,,,False,True,False,ALAMEDA SUPERIOR COURT WILEY W. MANUEL COURTHOUSE,I,FIXED OBJECT,CONCRETE WALL,0,0,D,DARK-NO STREET LIGHTS,37.75738,-122.147865,,,,,A,NO PEDESTRIANS INVOLVED,9/13/2024 11:06:00 AM,A,VC 23152(a),True,1,I-580 W/B,,,9/23/2024 7:57:39 AM,A,W,1623.0,GOLF LINKS RD,F,,D,9/23/2024 7:57:42 AM,9/23/2024 7:57:42 AM,False,True,4,,9/13/2024 11:11:00 AM,1111,False,,,True
4403819,9370-2024-02924,1,False,9370,9/13/2024 8:55:00 AM,855,052,14,109,Oakland,1,True,True,C,REAR END,,Friday,Yes,False,,,False,True,False,ALAMEDA SUPERIOR COURT WILEY W. MANUEL COURTHOUSE,C,OTHER MOTOR VEHICLE,,1,0,A,DAYLIGHT,37.780229,-122.172025,,,,,A,NO PEDESTRIANS INVOLVED,9/13/2024 8:55:00 AM,A,VC 22350,False,1,INTERSTATE 580 WESTBOUND,,,9/23/2024 7:42:34 AM,A,E,500.0,KUHLNE AVENUE,F,,D,9/23/2024 7:42:35 AM,9/23/2024 7:42:35 AM,False,True,4,,9/13/2024 9:01:00 AM,0901,False,,,True
4403778,24-026941,2,False,0109,5/31/2024 8:41:00 AM,841,26X,14,109,Oakland,1,True,True,C,REAR END,,Friday,,,,,False,False,False,,C,OTHER MOTOR VEHICLE,,2,0,A,DAYLIGHT,,,,,,,A,NO PEDESTRIANS INVOLVED,,A,22350,,1,HEGENBERGER RD,2,,,A,,,HAMILTON ST,,,A,9/23/2024 7:21:39 AM,1/28/2025 11:49:30 AM,,,2,,,,,,,
4403745,9370-2024-02918,1,False,9370,9/13/2024 7:14:00 AM,714,178,14,109,Oakland,1,True,True,B,SIDE SWIPE,,Friday,NotApplicable,False,M,,False,True,False,ALAMEDA SUPERIOR COURT WILEY W. MANUEL COURTHOUSE,C,OTHER MOTOR VEHICLE,,0,0,A,DAYLIGHT,37.802885,-122.300259,,,,,A,NO PEDESTRIANS INVOLVED,9/13/2024 7:14:00 AM,A,VC 21658(A),False,1,I-880 N/B,,,9/23/2024 7:03:45 AM,A,S,2000.0,7TH ST,F,,D,9/23/2024 7:03:51 AM,9/23/2024 7:03:51 AM,False,True,4,True,9/13/2024 7:15:00 AM,0715,False,,,True
4403679,24-024851,2,False,0109,5/20/2024 10:20:00 AM,1020,12Y,14,109,Oakland,1,True,True,G,VEHICLE/PEDESTRAIN,,Monday,,,,,False,False,False,,B,PEDESTRIAN,,1,0,A,DAYLIGHT,,,,,,,E,IN ROAD - INCLUDES SHOULDER,,A,22107,,1,MILES AV,1,,,A,S,200.0,COLLEGE AV,F,,D,9/23/2024 6:26:37 AM,1/28/2025 11:49:31 AM,,,2,,,,,,,
4403663,24-025900,2,False,0109,5/26/2024 11:24:00 AM,1124,,14,109,Oakland,1,True,True,B,SIDE SWIPE,,Sunday,,,F,,False,False,False,,C,OTHER MOTOR VEHICLE,,2,0,A,DAYLIGHT,,,,,,,A,NO PEDESTRIANS INVOLVED,,A,22450A,,1,34TH ST,1,,,A,,,HOLLIS ST,,,A,9/23/2024 6:11:37 AM,1/28/2025 11:49:30 AM,,,2,,,,,,,
4403651,9370-2024-02927,1,False,9370,9/13/2024 10:40:00 PM,2240,055,14,109,Oakland,1,True,True,E,HIT OBJECT,,Friday,NotApplicable,False,,,False,True,False,ALAMEDA SUPERIOR COURT WILEY W. MANUEL COURTHOUSE,J,OTHER OBJECT,CONCRETE BARRIER WALL,1,0,D,DARK-NO STREET LIGHTS,37.826987,-122.285576,,,,,A,NO PEDESTRIANS INVOLVED,9/13/2024 10:40:00 PM,A,VC 22107,False,1,I-580 W/B,,,9/23/2024 5:51:28 AM,A,E,331.0,HOLLIS ST,F,,D,9/23/2024 5:51:32 AM,9/23/2024 5:51:32 AM,False,True,4,,9/13/2024 10:45:00 PM,2245,False,,,True
4403641,9370-2024-02869,1,False,9370,9/10/2024 7:50:00 AM,750,176,14,109,Oakland,1,True,True,C,REAR END,,Tuesday,NotApplicable,False,,,False,True,False,ALAMEDA SUPERIOR COURT WILEY W. MANUEL COURTHOUSE,C,OTHER MOTOR VEHICLE,,0,0,A,DAYLIGHT,37.788291,-122.250476,,,,,A,NO PEDESTRIANS INVOLVED,9/10/2024 7:50:00 AM,A,VC 22350,False,1,INTERSTATE 880 SOUTHBOUND,,,9/23/2024 5:24:00 AM,A,N,1650.0,16TH AVENUE OVER-CROSSING,F,,D,9/23/2024 5:24:03 AM,9/23/2024 5:24:03 AM,False,True,4,,9/10/2024 7:55:00 AM,0755,False,,,True
4403636,9370-2024-00853,1,False,9370,3/15/2024 3:20:00 PM,1520,177,14,109,Oakland,1,True,True,B,SIDE SWIPE,,Friday,NotApplicable,False,M,,False,True,True,ALAMEDA SUPERIOR COURT WILEY W. MANUEL COURTHOUSE,C,OTHER MOTOR VEHICLE,,2,0,A,DAYLIGHT,37.783285,-122.239916,,,,,A,NO PEDESTRIANS INVOLVED,3/15/2024 3:20:00 PM,A,VC 21658(a),False,1,I-880 N/B,,,9/23/2024 5:13:19 AM,A,S,1700.0,16TH AVE,F,,D,9/23/2024 5:13:24 AM,9/23/2024 5:13:24 AM,False,True,4,True,3/15/2024 3:25:00 PM,1525,True,AREA PHOTO FILE,,True
4402901,24-025053,2,False,0109,5/21/2024 9:39:00 AM,939,25X,14,109,Oakland,1,True,True,A,HEAD-ON,,Tuesday,,,F,,False,False,True,,C,OTHER MOTOR VEHICLE,,1,0,A,DAYLIGHT,,,,,,,A,NO PEDESTRIANS INVOLVED,,A,22450A,,1,CARSON ST,1,,,A,,,ALISO AV,,,D,9/20/2024 1:56:30 PM,1/28/2025 11:47:14 AM,,,2,,,,,,,
4423046,24-038776,2,False,0109,8/4/2024 1:11:00 PM,1311,23X,14,109,Oakland,1,True,True,B,SIDE SWIPE,,Sunday,,,,,False,False,False,,C,OTHER MOTOR VEHICLE,,3,0,A,DAYLIGHT,,,,,,,A,NO PEDESTRIANS INVOLVED,,A,21802A,,1,E 12TH ST,2,,,A,,,40TH AV,,,D,10/8/2024 11:24:42 AM,1/28/2025 11:55:11 AM,,,2,,,,,,,
4422997,24-032588,2,False,0109,6/30/2024 6:47:00 PM,1847,19X,14,109,Oakland,1,True,True,B,SIDE SWIPE,,Sunday,,,,,False,False,False,,C,OTHER MOTOR VEHICLE,,0,0,A,DAYLIGHT,,,,,,,A,NO PEDESTRIANS INVOLVED,,A,22107,,1,16TH AV,1,,,A,S,50.0,12TH ST,F,,A,10/8/2024 11:04:41 AM,1/28/2025 11:54:31 AM,,,2,,,,,,,
4422992,9370-2024-03145,1,False,9370,10/4/2024 5:51:00 AM,551,008,14,109,Oakland,1,True,True,C,REAR END,,Friday,Yes,False,,,False,True,True,ALAMEDA SUPERIOR COURT WILEY W. MANUEL COURTHOUSE,C,OTHER MOTOR VEHICLE,,2,0,C,DARK-STREET LIGHTS,37.824935,-122.312231,,,,,A,NO PEDESTRIANS INVOLVED,10/4/2024 5:51:00 AM,A,VC 22350,True,1,I-80 W/B,,,10/8/2024 11:02:23 AM,A,E,455.0,SAN FRANCISCO-OAKLAND BAY BRIDGE TOLL PLAZA,F,,D,10/8/2024 11:02:43 AM,10/8/2024 11:02:43 AM,False,True,4,,10/4/2024 6:02:00 AM,0602,True,AREA / EMBEDDED,,True
4422707,24-031540,2,False,0109,6/24/2024 3:59:00 PM,1559,33X,14,109,Oakland,1,True,True,B,SIDE SWIPE,,Monday,,,M,,False,False,False,,E,PARKED MOTOR VEHICLE,,0,0,A,DAYLIGHT,,,,,,,A,NO PEDESTRIANS INVOLVED,,A,22107,,1,A ST,2,,,A,E,10.0,88TH AV,F,,A,10/8/2024 9:09:39 AM,1/28/2025 11:55:05 AM,,,2,,,,,,,
4422703,24-031269,2,False,0109,6/24/2024 12:29:00 AM,29,23X,14,109,Oakland,1,True,True,D,BROADSIDE,,Monday,,,F,,False,False,False,,C,OTHER MOTOR VEHICLE,,0,0,C,DARK-STREET LIGHTS,,,,,,,A,NO PEDESTRIANS INVOLVED,,A,21453A,,1,FRUITVALE AV,2,,,A,,,INTERNATIONAL BL,,,A,10/8/2024 9:09:39 AM,1/28/2025 11:55:05 AM,,,2,,,,,,,
4422688,24-031292,2,False,0109,6/24/2024 5:41:00 AM,541,08X,14,109,Oakland,1,True,True,B,SIDE SWIPE,,Monday,,,M,,False,False,False,,C,OTHER MOTOR VEHICLE,,0,0,A,DAYLIGHT,,,,,,,A,NO PEDESTRIANS INVOLVED,,A,22107,,1,VALDEZ ST,1,,,A,S,80.0,26TH ST,F,,D,10/8/2024 9:04:38 AM,1/28/2025 11:55:05 AM,,,2,,,,,,,