collision-id,report-number,report-version,is-preliminary,ncic-code,crash-date-time,crash-time-description,beat,city-id,city-code,city-name,county-code,city-is-active,city-is-incorporated,collision-type-code,collision-type-description,collision-type-other-desc,day-of-week,dispatch-notified,has-photographs,hit-run,is-attachments-mailed,is-deleted,is-highway-related,is-tow-away,judicial-district,motor-vehicle-involved-with-code,motor-vehicle-involved-with-desc,motor-vehicle-involved-with-other-desc,number-injured,number-killed,lighting-code,lighting-description,latitude,longitude,milepost-direction,milepost-distance,milepost-marker,milepost-unit-of-measure,pedestrian-action-code,pedestrian-action-desc,prepared-date,primary-collision-factor-code,primary-collision-factor-description,primary-collision-factor-is-cited,primary-collision-party-number,primary-road,reporting-district,reporting-district-code,reviewed-date,roadway-surface-code,secondary-direction,secondary-distance,secondary-road,secondary-unit-of-measure,sketch-desc,traffic-control-device-code,created-date,modified-date,is-county-road,is-freeway,chp-555-version,is-additonal-object-struck,notification-date,notification-time-description,has-digital-media-files,evidence-number,is-location-refer-to-narrative,is-aoi-one-same-as-location
4422674,24-031595,2,False,0109,6/24/2024 9:02:00 PM,2102,33X,14,109,Oakland,1,True,True,B,SIDE SWIPE,,Monday,,,M,,False,False,True,,E,PARKED MOTOR VEHICLE,,0,0,B,DUSK-DAWN,,,,,,,A,NO PEDESTRIANS INVOLVED,,A,22107,,1,86TH AV,2,,,A,S,20.0,OLIVE,F,,D,10/8/2024 8:59:38 AM,1/28/2025 11:55:05 AM,,,2,,,,,,,
4422673,24-031131,2,False,0109,6/23/2024 3:29:00 AM,329,19X,14,109,Oakland,1,True,True,B,SIDE SWIPE,,Sunday,,,M,,False,False,False,,C,OTHER MOTOR VEHICLE,,0,0,C,DARK-STREET LIGHTS,,,,,,,A,NO PEDESTRIANS INVOLVED,,A,22350,,1,INTERNATIONAL BL,1,,,A,,,17TH AV,,,D,10/8/2024 8:59:38 AM,1/28/2025 11:55:05 AM,,,2,,,,,,,
4422594,9370-2024-03024,1,False,9370,9/23/2024 12:25:00 PM,1225,177,14,109,Oakland,1,True,True,C,REAR END,,Monday,NotApplicable,False,,,False,True,True,ALAMEDA SUPERIOR COURT WILEY W. MANUEL COURTHOUSE,C,OTHER MOTOR VEHICLE,,0,0,A,DAYLIGHT,37.791902,-122.261735,,,,,A,NO PEDESTRIANS INVOLVED,9/23/2024 12:25:00 PM,A,VC 22350,False,1,I-880 N/B (NIMITZ FREEWAY),,,10/8/2024 8:27:46 AM,A,S,600.0,OAK STREET,F,,D,10/8/2024 8:27:55 AM,10/8/2024 8:27:55 AM,False,True,4,,9/23/2024 12:30:00 PM,1230,False,,,True
4422536,24-037018,2,False,0109,7/25/2024 10:35:00 AM,1035,05X,14,109,Oakland,1,True,True,E,HIT OBJECT,,Thursday,,,,,False,False,False,,I,FIXED OBJECT,,1,0,A,DAYLIGHT,,,,,,,A,NO PEDESTRIANS INVOLVED,,A,22107,,1,MARKET ST,1,,,A,S,3.0,17TH ST,F,,D,10/8/2024 7:44:37 AM,1/28/2025 11:56:03 AM,,,2,,,,,,,
4422525,24-032627,2,False,0109,7/1/2024 1:29:00 AM,129,27X,14,109,Oakland,1,True,True,A,HEAD-ON,,Monday,,,,,False,False,False,,J,OTHER OBJECT,,1,0,C,DARK-STREET LIGHTS,,,,,,,A,NO PEDESTRIANS INVOLVED,,C,,,,73RD AV,2,,,A,S,100.0,INTERNATIONAL BL,F,,A,10/8/2024 7:39:37 AM,1/28/2025 11:56:04 AM,,,2,,,,,,,
4422519,24-038725,2,False,0109,8/4/2024 3:36:00 AM,336,27Y,14,109,Oakland,1,True,True,A,HEAD-ON,,Sunday,,,,,False,False,False,,E,PARKED MOTOR VEHICLE,,0,0,C,DARK-STREET LIGHTS,,,,,,,A,NO PEDESTRIANS INVOLVED,,A,23152A,,1,FOOTHILL BLVD,2,,,A,E,0.1,COLE ST,M,,D,10/8/2024 7:34:36 AM,1/28/2025 11:54:42 AM,,,2,,,,,,,
4422507,9370-2024-03102,1,False,9370,10/1/2024 9:45:00 AM,945,176,14,109,Oakland,1,True,True,E,HIT OBJECT,,Tuesday,NotApplicable,False,,,False,True,False,ALAMEDA SUPERIOR COURT WILEY W. MANUEL COURTHOUSE,I,FIXED OBJECT,CONCRETE BARRIER WALL,0,0,D,DARK-NO STREET LIGHTS,37.772255,-122.225121,,,,,A,NO PEDESTRIANS INVOLVED,10/1/2024 9:45:00 AM,A,VC 22107,False,1,I-880 S/B,,,10/8/2024 7:28:06 AM,A,N,1478.0,HIGH STREET,F,,D,10/8/2024 7:28:09 AM,10/8/2024 7:28:09 AM,False,True,4,,10/1/2024 9:49:00 AM,0949,False,,,True
4422461,9370-2024-03136,1,False,9370,9/29/2024 8:37:00 PM,2037,176,14,109,Oakland,1,True,True,C,REAR END,,Sunday,Yes,False,,,False,True,True,ALAMEDA SUPERIOR COURT WILEY W. MANUEL COURTHOUSE,C,OTHER MOTOR VEHICLE,,1,0,C,DARK-STREET LIGHTS,37.745897,-122.201002,,,,,A,NO PEDESTRIANS INVOLVED,9/29/2024 8:37:00 PM,A,VC 23152(A),True,1,I-880 N/B,,,10/8/2024 6:56:37 AM,A,N,2200.0,HEGENBERGER RD,F,,D,10/8/2024 6:56:45 AM,10/8/2024 6:56:45 AM,False,True,4,,9/29/2024 8:42:00 PM,2042,False,,,True
4422421,9370-2024-03055,1,False,9370,9/27/2024 3:27:00 AM,327,055,14,109,Oakland,1,True,True,E,HIT OBJECT,,Friday,Yes,False,,,False,True,False,ALAMEDA SUPERIOR COURT WILEY W. MANUEL COURTHOUSE,I,FIXED OBJECT,CONCRETE WALL,1,0,C,DARK-STREET LIGHTS,37.82735,-122.296154,,,,,A,NO PEDESTRIANS INVOLVED,9/27/2024 3:27:00 AM,A,VC 23152(a),True,1,I-580 W/B TRANSITION TO I-80 W/B,,,10/8/2024 5:44:45 AM,A,W,913.0,I-880 NB TO I-80 EB,F,,D,10/8/2024 5:44:51 AM,10/8/2024 5:44:51 AM,False,True,4,False,9/27/2024 3:32:00 AM,0332,False,,,True
4422420,9370-2024-03124,1,False,9370,9/26/2024 1:00:00 PM,1300,177,14,109,Oakland,1,True,True,B,SIDE SWIPE,,Thursday,Yes,False,,,False,True,False,ALAMEDA SUPERIOR COURT WILEY W. MANUEL COURTHOUSE,C,OTHER MOTOR VEHICLE,,1,0,A,DAYLIGHT,37.798374,-122.274264,,,,,A,NO PEDESTRIANS INVOLVED,9/26/2024 1:00:00 PM,A,VC 21658(a),False,1,I-880 N/B,,,10/8/2024 5:41:36 AM,A,S,100.0,BROADWAY,F,,D,10/8/2024 5:41:42 AM,10/8/2024 5:41:42 AM,False,True,4,,9/26/2024 1:10:00 PM,1310,False,,,True
4422144,9370-2024-03098,1,False,9370,10/1/2024 5:45:00 PM,1745,055,14,109,Oakland,1,True,True,B,SIDE SWIPE,,Tuesday,NotApplicable,False,,,False,True,False,ALAMEDA SUPERIOR COURT WILEY W. MANUEL COURTHOUSE,C,OTHER MOTOR VEHICLE,,0,0,A,DAYLIGHT,37.823903,-122.265669,,,,,A,NO PEDESTRIANS INVOLVED,10/1/2024 5:45:00 PM,A,VC 21658(a),False,1,I-580 W/B TO SR-24 E/B,,,10/7/2024 6:29:22 PM,A,E,40.0,TELEGRAPH AVENUE,F,,D,10/7/2024 6:29:29 PM,10/7/2024 6:29:29 PM,False,True,4,,10/1/2024 5:48:00 PM,1748,False,,,True
4422134,9370-2024-03105,1,False,9370,9/29/2024 11:27:00 AM,1127,025,14,109,Oakland,1,True,True,C,REAR END,,Sunday,NotApplicable,False,,,False,True,False,ALAMEDA SUPERIOR COURT WILEY W. MANUEL COURTHOUSE,C,OTHER MOTOR VEHICLE,,0,0,A,DAYLIGHT,37.829162,-122.267659,,,,,A,NO PEDESTRIANS INVOLVED,9/29/2024 11:27:00 AM,A,VC 22350,False,1,SR-24 W/B,,,10/7/2024 5:17:27 PM,A,E,761.0,MACARTHUR BLVD,F,,D,10/7/2024 5:17:45 PM,10/7/2024 5:17:45 PM,False,True,4,,9/29/2024 11:32:00 AM,1132,False,,False,True
4422036,9370-2024-02799,1,False,9370,7/6/2024 7:30:00 PM,1930,177,14,109,Oakland,1,True,True,C,REAR END,,Saturday,NotApplicable,False,,,False,True,False,ALAMEDA SUPERIOR COURT WILEY W. MANUEL COURTHOUSE,C,OTHER MOTOR VEHICLE,,0,0,A,DAYLIGHT,37.778994,-122.237763,,,,,A,NO PEDESTRIANS INVOLVED,7/6/2024 7:30:00 PM,A,VC 21658(A),False,1,I-880 N/B,,,10/7/2024 3:00:33 PM,A,N,406.0,23RD AVE,F,,D,10/7/2024 3:00:43 PM,10/7/2024 3:00:43 PM,False,True,4,,7/29/2024 5:00:00 AM,0500,False,,,True
4421684,9370-2024-02933,1,False,9370,9/14/2024 8:07:00 AM,807,008,14,109,Oakland,1,True,True,B,SIDE SWIPE,,Saturday,Yes,False,M,,False,True,False,ALAMEDA SUPERIOR COURT WILEY W. MANUEL COURTHOUSE,C,OTHER MOTOR VEHICLE,,1,0,A,DAYLIGHT,37.827125,-122.295724,,,,,A,NO PEDESTRIANS INVOLVED,9/14/2024 8:07:00 AM,A,VC 21658(A),False,1,I-80 E/B TO I-580 E/B,,,10/7/2024 12:17:09 PM,A,W,1114.0,BEACH ST,F,,D,10/7/2024 12:17:14 PM,10/7/2024 12:17:14 PM,False,True,4,,9/14/2024 8:09:00 AM,0809,False,,,True
4421608,9370-2024-03067,1,False,9370,9/27/2024 11:00:00 PM,2300,904,14,109,Oakland,1,True,True,B,SIDE SWIPE,,Friday,NotApplicable,False,,,False,True,False,ALAMEDA SUPERIOR COURT WILEY W. MANUEL COURTHOUSE,D,MOTOR VEHICLE ON OTHER ROADWAY,,0,0,C,DARK-STREET LIGHTS,37.823267,-122.319936,,,,,A,NO PEDESTRIANS INVOLVED,9/27/2024 11:00:00 PM,A,VC 21658(A),True,1,I-80 W/B,,,10/7/2024 11:29:19 AM,A,W,151.0,SAN FRANCISCO OAKLAND BAY BRIDGE TOLL PLAZA,F,,D,10/7/2024 11:29:28 AM,10/7/2024 11:29:28 AM,False,True,4,,9/27/2024 11:00:00 PM,2300,False,,,True
4421561,9370-2024-03084,1,False,9370,9/29/2024 7:40:00 PM,1940,055,14,109,Oakland,1,True,True,C,REAR END,,Sunday,NotApplicable,False,M,,False,True,False,ALAMEDA SUPERIOR COURT WILEY W. MANUEL COURTHOUSE,C,OTHER MOTOR VEHICLE,,0,0,B,DUSK-DAWN,37.826793,-122.286933,,,,,A,NO PEDESTRIANS INVOLVED,9/29/2024 7:40:00 PM,A,VC 22107,False,1,I-580 W/B TO I-80 E/B,,,10/7/2024 11:08:11 AM,A,W,690.0,HOLLIS STREET,F,,D,10/7/2024 11:08:17 AM,10/7/2024 11:08:17 AM,False,True,4,,9/29/2024 7:45:00 PM,1945,False,,,True
4421469,9370-2024-03080,1,False,9370,9/29/2024 12:00:00 PM,1200,177,14,109,Oakland,1,True,True,C,REAR END,,Sunday,NotApplicable,False,M,,False,True,False,ALAMEDA SUPERIOR COURT WILEY W. MANUEL COURTHOUSE,C,OTHER MOTOR VEHICLE,,0,0,A,DAYLIGHT,37.792998,-122.263042,,,,,A,NO PEDESTRIANS INVOLVED,9/29/2024 12:00:00 PM,A,VC 22350,False,1,I-880 N/B (NIMITZ FREEWAY),,,10/7/2024 10:42:16 AM,A,S,500.0,OAK STREET,F,,D,10/7/2024 10:42:20 AM,10/7/2024 10:42:20 AM,False,True,4,,9/29/2024 12:40:00 PM,1240,False,,,
4421437,9370-2024-03115,2,False,9370,9/28/2024 7:00:00 PM,1900,178,14,109,Oakland,1,True,True,B,SIDE SWIPE,,Saturday,NotApplicable,False,,,False,True,False,ALAMEDA SUPERIOR COURT WILEY W. MANUEL COURTHOUSE,C,OTHER MOTOR VEHICLE,,1,0,D,DARK-NO STREET LIGHTS,37.824987,-122.291209,,,,,A,NO PEDESTRIANS INVOLVED,9/28/2024 7:00:00 PM,A,VC 21658(A),False,1,I-880 S/B,,,10/15/2024 12:01:19 PM,A,N,2220.0,WEST GRAND AVENUE,F,,D,10/7/2024 10:33:51 AM,10/15/2024 12:01:22 PM,False,True,4,,9/28/2024 7:09:00 PM,1909,False,,,True
4421090,9370-2024-03069,1,False,9370,9/28/2024 9:00:00 AM,900,098,14,109,Oakland,1,True,True,F,OVERTURNED,,Saturday,NotApplicable,False,,,False,True,True,ALAMEDA SUPERIOR COURT WILEY W. MANUEL COURTHOUSE,A,NON-COLLISION,,0,0,A,DAYLIGHT,37.803417,-122.279664,,,,,A,NO PEDESTRIANS INVOLVED,9/28/2024 9:00:00 AM,A,VC 22350,False,1,I-980 E/B,,,10/7/2024 8:35:17 AM,A,W,300.0,17TH ST,F,,D,10/7/2024 8:35:22 AM,10/7/2024 8:35:22 AM,False,True,4,True,9/28/2024 9:05:00 AM,0905,False,,,True
4420818,9370-2024-02597,1,False,9370,8/15/2024 4:35:00 PM,1635,053,14,109,Oakland,1,True,True,A,HEAD-ON,,Thursday,Yes,False,,,False,True,False,ALAMEDA SUPERIOR COURT WILEY W. MANUEL COURTHOUSE,I,FIXED OBJECT,EMBANKMENT,1,0,A,DAYLIGHT,37.793107,-122.204738,,,,,A,NO PEDESTRIANS INVOLVED,8/15/2024 4:35:00 PM,A,VC 23152(F),False,1,I-580 E/B,,,10/7/2024 5:20:27 AM,A,W,465.0,35TH AVE,F,,D,10/7/2024 5:20:33 AM,10/7/2024 5:20:33 AM,False,True,4,,8/15/2024 4:38:00 PM,1638,False,,,True
4420218,24-039627,2,False,0109,8/8/2024 7:22:00 PM,1922,18X,14,109,Oakland,1,True,True,D,BROADSIDE,,Thursday,,,,,False,False,True,,C,OTHER MOTOR VEHICLE,,0,0,A,DAYLIGHT,,,,,,,A,NO PEDESTRIANS INVOLVED,,A,22450A,,,E 21ST ST,1,,,A,,,21ST AV,,,A,10/4/2024 5:49:19 PM,1/28/2025 11:43:42 AM,,,2,,,,,,,
4419914,24-010038,2,False,0109,2/26/2024 4:22:00 PM,1622,11X,14,109,Oakland,1,True,True,D,BROADSIDE,,Monday,,,,,False,False,False,,G,BICYCLE,,1,0,A,DAYLIGHT,,,,,,,A,NO PEDESTRIANS INVOLVED,,A,21801,,1,TELEGRAPH AV,1,,,A,,,62ND ST,,,D,10/4/2024 1:19:19 PM,1/28/2025 11:24:48 AM,,,2,,,,,,,
4419834,9370-2024-03043,1,False,9370,9/25/2024 4:30:00 PM,1630,054,14,109,Oakland,1,True,True,C,REAR END,,Wednesday,NotApplicable,False,M,,False,True,False,ALAMEDA SUPERIOR COURT WILEY W. MANUEL COURTHOUSE,C,OTHER MOTOR VEHICLE,,0,0,A,DAYLIGHT,37.806733,-122.238251,,,,,A,NO PEDESTRIANS INVOLVED,9/25/2024 4:30:00 PM,A,VC 22350,False,1,I-580 E/B,,,10/4/2024 12:35:14 PM,A,W,1260.0,PARK BLVD,F,,D,10/4/2024 12:35:27 PM,10/4/2024 12:35:27 PM,False,True,4,,9/25/2024 4:48:00 PM,1648,False,,,True
4419705,24-017878,2,False,0109,4/11/2024 6:55:00 PM,1855,27X,14,109,Oakland,1,True,True,D,BROADSIDE,,Thursday,,,,,False,False,False,,C,OTHER MOTOR VEHICLE,,3,0,D,DARK-NO STREET LIGHTS,,,,,,,A,NO PEDESTRIANS INVOLVED,,A,21453A,,,BANCROFT AV,2,,,A,,,VICKSBURG AV,,,A,10/4/2024 11:24:17 AM,1/28/2025 11:53:40 AM,,,2,,,,,,,
4419666,24029872,2,False,0109,6/16/2024 4:00:00 AM,400,19X,14,109,Oakland,1,True,True,B,SIDE SWIPE,,Sunday,,,M,,False,False,False,,E,PARKED MOTOR VEHICLE,,0,0,B,DUSK-DAWN,,,,,,,A,NO PEDESTRIANS INVOLVED,,A,,,1,FOOTHILL BL,1,,,A,E,200.0,23RD AV,F,,D,10/4/2024 11:09:17 AM,1/28/2025 11:52:26 AM,,,2,,,,,,,
4419325,24-040242,2,False,0109,8/12/2024 11:18:00 AM,1118,22X,14,109,Oakland,1,True,True,B,SIDE SWIPE,,Monday,,,,,False,False,False,,D,MOTOR VEHICLE ON OTHER ROADWAY,,1,0,A,DAYLIGHT,,,,,,,A,NO PEDESTRIANS INVOLVED,,A,23152A,,1,JOAQUIN MILLER RD,2,,,A,,,BUTTERS DR,,,D,10/4/2024 8:59:14 AM,1/28/2025 11:54:42 AM,,,2,,,,,,,
4419281,24-038139,2,False,0109,7/31/2024 8:50:00 AM,850,23X,14,109,Oakland,1,True,True,D,BROADSIDE,,Wednesday,,,,,False,False,True,,C,OTHER MOTOR VEHICLE,,1,0,A,DAYLIGHT,,,,,,,A,NO PEDESTRIANS INVOLVED,,A,22450A,,1,SAN LEANDRO ST,2,,,A,,,39TH AV,,,A,10/4/2024 8:39:13 AM,1/28/2025 11:54:31 AM,,,2,,,,,,,
4419259,9370-2024-03142,1,False,9370,10/4/2024 12:40:00 AM,40,177,14,109,Oakland,1,True,True,E,HIT OBJECT,,Friday,NotApplicable,False,,,False,True,False,ALAMEDA SUPERIOR COURT WILEY W. MANUEL COURTHOUSE,J,OTHER OBJECT,VEHICLE DEBRIS,0,0,D,DARK-NO STREET LIGHTS,37.802367,-122.298547,,,,,A,NO PEDESTRIANS INVOLVED,10/4/2024 12:40:00 AM,C,,,,I-880 N/B,,,10/4/2024 8:25:26 AM,A,S,650.0,7TH ST,F,,D,10/4/2024 8:25:33 AM,10/4/2024 8:25:33 AM,False,True,4,,10/4/2024 12:41:00 AM,0041,False,,,True
4419169,9370-2024-03092,1,False,9370,9/30/2024 4:15:00 PM,1615,025,14,109,Oakland,1,True,True,B,SIDE SWIPE,,Monday,NotApplicable,False,,,False,True,False,ALAMEDA SUPERIOR COURT WILEY W. MANUEL COURTHOUSE,C,OTHER MOTOR VEHICLE,,0,0,A,DAYLIGHT,37.828485,-122.26779,,,,,A,NO PEDESTRIANS INVOLVED,9/30/2024 4:15:00 PM,A,VC 21658(a),False,1,SR-24 W/B TO I-580,,,10/4/2024 7:39:51 AM,A,W,400.0,40TH STREET,F,,D,10/4/2024 7:39:56 AM,10/4/2024 7:39:56 AM,False,True,4,,9/30/2024 4:20:00 PM,1620,False,,,True
4419152,9370-2024-03077,1,False,9370,9/27/2024 1:55:00 PM,1355,748,14,109,Oakland,1,True,True,H,OTHER,BACKING,Friday,NotApplicable,False,M,,False,False,False,ALAMEDA SUPERIOR COURT WILEY W. MANUEL COURTHOUSE,C,OTHER MOTOR VEHICLE,,0,0,A,DAYLIGHT,37.840008,-122.259406,,,,,A,NO PEDESTRIANS INVOLVED,9/27/2024 1:55:00 PM,A,VC 22106,False,1,5300 CLAREMONT AVENUE (DMV PARKING LOT),,,10/4/2024 7:30:47 AM,A,E,85.0,CLAREMONT AVE,F,,D,10/4/2024 7:30:52 AM,10/4/2024 7:30:52 AM,True,False,4,,9/27/2024 2:08:00 PM,1408,False,,,True
4419115,9370-2024-03035,1,False,9370,9/24/2024 3:49:00 PM,1549,053,14,109,Oakland,1,True,True,B,SIDE SWIPE,,Tuesday,NotApplicable,False,M,,False,True,False,ALAMEDA SUPERIOR COURT WILEY W. MANUEL COURTHOUSE,C,OTHER MOTOR VEHICLE,,0,0,A,DAYLIGHT,37.799851,-122.223372,,,,,A,NO PEDESTRIANS INVOLVED,9/24/2024 3:49:00 PM,A,VC 21658(a),False,1,I-580 W/B,,,10/4/2024 7:08:15 AM,A,E,1590.0,14TH AVE,F,,D,10/4/2024 7:08:18 AM,10/4/2024 7:08:18 AM,False,True,4,,9/24/2024 3:51:00 PM,1551,False,,,True
4418597,9370-2024-03070,1,False,9370,9/20/2024 6:30:00 PM,1830,176,14,109,Oakland,1,True,True,C,REAR END,,Friday,NotApplicable,False,M,,False,True,False,ALAMEDA SUPERIOR COURT WILEY W. MANUEL COURTHOUSE,C,OTHER MOTOR VEHICLE,,0,0,A,DAYLIGHT,37.773828,-122.229546,,,,,A,NO PEDESTRIANS INVOLVED,9/20/2024 6:30:00 PM,A,VC 22350,False,1,I-880 N/B,,,10/3/2024 3:35:31 PM,A,S,1175.0,29TH AVE,F,,D,10/3/2024 3:35:31 PM,10/3/2024 3:35:31 PM,False,True,4,,9/20/2024 9:00:00 PM,2100,False,,,True
4418576,9370-2024-03075,1,False,9370,9/28/2024 1:44:00 PM,1344,176,14,109,Oakland,1,True,True,C,REAR END,,Saturday,NotApplicable,False,,,False,True,True,ALAMEDA SUPERIOR COURT WILEY W. MANUEL COURTHOUSE,C,OTHER MOTOR VEHICLE,,0,0,A,DAYLIGHT,37.730923,-122.187759,,,,,A,NO PEDESTRIANS INVOLVED,9/28/2024 1:44:00 PM,A,VC 22350,False,1,I-880 N/B,,,10/3/2024 3:13:58 PM,A,S,330.0,98TH AVENUE,F,,D,10/3/2024 3:14:00 PM,10/3/2024 3:14:00 PM,False,True,4,,9/28/2024 1:49:00 PM,1349,False,,,True
4418454,24-032418,2,False,0109,6/29/2024 7:26:00 PM,1926,03X,14,109,Oakland,1,True,True,C,REAR END,,Saturday,,,M,,False,False,False,,C,OTHER MOTOR VEHICLE,,1,0,A,DAYLIGHT,,,,,,,A,NO PEDESTRIANS INVOLVED,,A,22107,,1,12TH ST,1,,,A,,,LAKE MERRITT,,,A,10/3/2024 2:09:10 PM,1/28/2025 11:49:51 AM,,,2,,,,,,,
4418273,24-042137,2,False,0109,8/22/2024 2:28:00 PM,1428,07X,14,109,Oakland,1,True,True,G,VEHICLE/PEDESTRAIN,,Thursday,,,M,,False,False,False,,B,PEDESTRIAN,,1,0,A,DAYLIGHT,,,,,,,B,CROSSING IN CROSS WALK AT INTERSECTION,,A,22450A,,1,LINDEN ST,1,,,A,,,32ND ST,,,D,10/3/2024 1:14:10 PM,1/28/2025 11:54:40 AM,,,2,,,,,,,
4418254,24-043461,2,False,0109,8/30/2024 4:11:00 PM,1611,22X,14,109,Oakland,1,True,True,C,REAR END,,Friday,,,,,False,False,False,,C,OTHER MOTOR VEHICLE,,1,0,A,DAYLIGHT,,,,,,,A,NO PEDESTRIANS INVOLVED,,A,21703,,1,MACARTHUR BL,2,,,A,W,90.0,MIDVALE AV,F,,D,10/3/2024 1:09:10 PM,1/28/2025 11:54:40 AM,,,2,,,,,,,
4418213,24-047109,2,False,0109,8/31/2024 3:00:00 AM,300,24X,14,109,Oakland,1,True,True,D,BROADSIDE,,Saturday,,,M,,False,False,False,,C,OTHER MOTOR VEHICLE,,1,0,A,DAYLIGHT,,,,,,,A,NO PEDESTRIANS INVOLVED,,A,22350,,1,INTERNATIONAL BL,2,,,A,,,85TH AV,,,A,10/3/2024 12:49:09 PM,1/28/2025 11:54:40 AM,,,2,,,,,,,
4418037,9370-2024-02820,1,False,9370,9/4/2024 6:10:00 PM,1810,053,14,109,Oakland,1,True,True,C,REAR END,,Wednesday,NotApplicable,False,M,,False,True,False,ALAMEDA SUPERIOR COURT WILEY W. MANUEL COURTHOUSE,C,OTHER MOTOR VEHICLE,,0,0,A,DAYLIGHT,37.799234,-122.221537,,,,,A,NO PEDESTRIANS INVOLVED,9/4/2024 6:10:00 PM,A,VC 22350,False,1,INTERSTATE 580 EASTBOUND,,,10/3/2024 11:17:38 AM,A,W,1300.0,FRUITVALE AVE,F,,D,10/3/2024 11:17:44 AM,10/3/2024 11:17:44 AM,False,True,4,,9/4/2024 6:20:00 PM,1820,False,,,True
4417828,24-035057,2,False,0109,7/14/2024 7:28:00 AM,728,32X,14,109,Oakland,1,True,True,B,SIDE SWIPE,,Sunday,,,M,,False,False,False,,E,PARKED MOTOR VEHICLE,,0,0,A,DAYLIGHT,,,,,,,A,NO PEDESTRIANS INVOLVED,,A,22107,,1,BURR ST,2,,,A,E,100.0,98TH AV,F,,D,10/3/2024 9:34:08 AM,1/28/2025 11:54:42 AM,,,2,,,,,,,
4417794,24-032618,2,False,0109,7/1/2024 12:00:00 AM,0,30X,14,109,Oakland,1,True,True,E,HIT OBJECT,,Monday,,,M,,False,False,False,,I,FIXED OBJECT,,0,0,C,DARK-STREET LIGHTS,,,,,,,A,NO PEDESTRIANS INVOLVED,,A,22107,,1,73RD AV,2,,,A,S,100.0,ORRAL ST,F,,D,10/3/2024 9:24:07 AM,1/28/2025 11:54:43 AM,,,2,,,,,,,
4417527,9370-2024-03030,1,False,9370,9/24/2024 6:15:00 AM,615,178,14,109,Oakland,1,True,True,B,SIDE SWIPE,,Tuesday,NotApplicable,False,,,False,True,False,ALAMEDA SUPERIOR COURT WILEY W. MANUEL COURTHOUSE,E,PARKED MOTOR VEHICLE,,0,0,A,DAYLIGHT,37.812057,-122.303221,,,,,A,NO PEDESTRIANS INVOLVED,9/24/2024 6:15:00 AM,A,VC 22107,False,1,I-880 N/B (NIMITZ FREEWAY),,,10/3/2024 7:34:38 AM,A,S,600.0,WEST GRAND AVENUE,F,,D,10/3/2024 7:34:39 AM,10/3/2024 7:34:39 AM,False,True,4,,9/24/2024 6:20:00 AM,0620,False,,,True
4417411,9370-2024-03100,1,False,9370,10/1/2024 6:30:00 PM,1830,176,14,109,Oakland,1,True,True,C,REAR END,,Tuesday,NotApplicable,False,M,,False,True,False,ALAMEDA SUPERIOR COURT WILEY W. MANUEL COURTHOUSE,C,OTHER MOTOR VEHICLE,,0,0,A,DAYLIGHT,37.74208,-122.197219,,,,,A,NO PEDESTRIANS INVOLVED,10/1/2024 6:30:00 PM,A,VC 22350,False,1,I-880 N/B FROM HEGENBERGER RD,,,10/3/2024 5:59:00 AM,A,N,331.0,HEGENBERGER RD,F,,A,10/3/2024 5:59:05 AM,10/3/2024 5:59:05 AM,False,True,4,,10/1/2024 6:32:00 PM,1832,False,,,True
4417199,9370-2024-02740,1,False,9370,8/28/2024 5:54:00 PM,1754,177,14,109,Oakland,1,True,True,C,REAR END,,Wednesday,NotApplicable,False,F,,False,True,False,ALAMEDA SUPERIOR COURT WILEY W. MANUEL COURTHOUSE,C,OTHER MOTOR VEHICLE,,1,0,A,DAYLIGHT,37.799135,-122.27693,,,,,A,NO PEDESTRIANS INVOLVED,8/28/2024 5:54:00 PM,A,VC 22107,False,1,I-880 S/B,,,10/2/2024 5:40:33 PM,A,N,220.0,WASHINGTON ST,F,,D,10/2/2024 5:40:34 PM,10/2/2024 5:40:34 PM,False,True,4,,8/28/2024 5:58:00 PM,1758,True,AREA PHOTO FILE,,True
4417066,9370-2024-03039,1,False,9370,9/25/2024 7:45:00 AM,745,178,14,109,Oakland,1,True,True,B,SIDE SWIPE,,Wednesday,NotApplicable,False,,,False,True,False,ALAMEDA SUPERIOR COURT WILEY W. MANUEL COURTHOUSE,C,OTHER MOTOR VEHICLE,,0,0,A,DAYLIGHT,37.825248,-122.305812,,,,,A,NO PEDESTRIANS INVOLVED,9/25/2024 7:45:00 AM,A,VC 21658(A),False,1,I-880 N/B TO I-80 W/B,,,10/2/2024 2:57:13 PM,A,N,0.3,SFOBB TOLL PLAZA,M,,D,10/2/2024 2:57:15 PM,10/2/2024 2:57:15 PM,False,True,4,,9/25/2024 7:50:00 AM,0750,True,EMBEDDED,True,
4417064,9370-2024-03113,1,False,9370,10/2/2024 11:10:00 AM,1110,098,14,109,Oakland,1,True,True,B,SIDE SWIPE,,Wednesday,NotApplicable,False,M,,False,True,False,ALAMEDA SUPERIOR COURT WILEY W. MANUEL COURTHOUSE,C,OTHER MOTOR VEHICLE,,0,0,A,DAYLIGHT,37.803972,-122.279847,,,,,A,NO PEDESTRIANS INVOLVED,10/2/2024 11:10:00 AM,A,VC 21658(A),False,1,I-980 W/B,,,10/2/2024 2:56:20 PM,A,W,400.0,11TH STREET,F,,D,10/2/2024 2:56:21 PM,10/2/2024 2:56:21 PM,False,True,4,,10/2/2024 11:16:00 AM,1116,False,,,True