collision-id,report-number,report-version,is-preliminary,ncic-code,crash-date-time,crash-time-description,beat,city-id,city-code,city-name,county-code,city-is-active,city-is-incorporated,collision-type-code,collision-type-description,collision-type-other-desc,day-of-week,dispatch-notified,has-photographs,hit-run,is-attachments-mailed,is-deleted,is-highway-related,is-tow-away,judicial-district,motor-vehicle-involved-with-code,motor-vehicle-involved-with-desc,motor-vehicle-involved-with-other-desc,number-injured,number-killed,lighting-code,lighting-description,latitude,longitude,milepost-direction,milepost-distance,milepost-marker,milepost-unit-of-measure,pedestrian-action-code,pedestrian-action-desc,prepared-date,primary-collision-factor-code,primary-collision-factor-description,primary-collision-factor-is-cited,primary-collision-party-number,primary-road,reporting-district,reporting-district-code,reviewed-date,roadway-surface-code,secondary-direction,secondary-distance,secondary-road,secondary-unit-of-measure,sketch-desc,traffic-control-device-code,created-date,modified-date,is-county-road,is-freeway,chp-555-version,is-additonal-object-struck,notification-date,notification-time-description,has-digital-media-files,evidence-number,is-location-refer-to-narrative,is-aoi-one-same-as-location
4413002,24031713,2,False,0109,6/25/2024 4:02:00 PM,1602,23X,14,109,Oakland,1,True,True,C,REAR END,,Tuesday,,,M,,False,False,False,,C,OTHER MOTOR VEHICLE,,0,0,A,DAYLIGHT,,,,,,,A,NO PEDESTRIANS INVOLVED,,A,22107,,1,INTERNATIONAL BL,2,,,A,E,30.0,38TH AV,F,,A,9/30/2024 11:44:41 AM,1/28/2025 11:52:27 AM,,,2,,,,,,,
4412978,24031186,2,False,0109,6/24/2024 12:28:00 PM,1228,32X,14,109,Oakland,1,True,True,E,HIT OBJECT,,Monday,,,M,,False,False,True,,I,FIXED OBJECT,,0,0,A,DAYLIGHT,,,,,,,A,NO PEDESTRIANS INVOLVED,,A,22107,,1,MACARTHUR BL,2,,,A,E,40.0,106TH AV,F,,D,9/30/2024 11:34:41 AM,1/28/2025 11:52:27 AM,,,2,,,,,,,
4412922,9370-2024-02931,1,False,9370,9/14/2024 11:35:00 AM,1135,177,14,109,Oakland,1,True,True,B,SIDE SWIPE,,Saturday,NotApplicable,False,M,,False,True,False,ALAMEDA SUPERIOR COURT WILEY W. MANUEL COURTHOUSE,C,OTHER MOTOR VEHICLE,,0,0,A,DAYLIGHT,37.796891,-122.270102,,,,,A,NO PEDESTRIANS INVOLVED,9/14/2024 11:35:00 AM,A,VC 21658(A),False,1,I-880 N/B FROM JACKSON STREET,,,9/30/2024 11:12:17 AM,A,N,50.0,JACKSON ST,F,,D,9/30/2024 11:12:22 AM,9/30/2024 11:12:22 AM,False,True,4,,9/14/2024 3:30:00 PM,1530,True,EMBEDDED,,True
4433066,24-032053,2,False,0109,6/27/2024 3:03:00 PM,1503,19X,14,109,Oakland,1,True,True,B,SIDE SWIPE,,Thursday,,,F,,False,False,False,,C,OTHER MOTOR VEHICLE,,1,0,A,DAYLIGHT,,,,,,,A,NO PEDESTRIANS INVOLVED,,A,22107,,1,E 12TH ST,1,,,A,S,50.0,23RD AV,F,,D,10/16/2024 9:40:32 AM,1/28/2025 11:56:29 AM,,,2,,,,,,,
4432908,9370-2024-03172,1,False,9370,10/7/2024 9:20:00 AM,920,008,14,109,Oakland,1,True,True,B,SIDE SWIPE,,Monday,NotApplicable,False,,,False,True,False,ALAMEDA SUPERIOR COURT WILEY W. MANUEL COURTHOUSE,C,OTHER MOTOR VEHICLE,,0,0,A,DAYLIGHT,37.824878,-122.310588,,,,,A,NO PEDESTRIANS INVOLVED,10/7/2024 9:20:00 AM,A,VC 21658(A),False,1,I-80 W/B,,,10/16/2024 8:26:15 AM,A,E,950.0,SAN FRANCISCO OAKLAND BAY BRIDGE TOLL PLAZA,F,,D,10/16/2024 8:26:19 AM,10/16/2024 8:26:19 AM,False,True,4,,10/7/2024 9:25:00 AM,0925,True,EMBEDDED,,True
4432819,24-031146,2,False,0109,6/23/2024 4:43:00 AM,443,33X,14,109,Oakland,1,True,True,A,HEAD-ON,,Sunday,,,M,,False,False,False,,I,FIXED OBJECT,,0,0,C,DARK-STREET LIGHTS,,,,,,,A,NO PEDESTRIANS INVOLVED,,A,22350,,1,92ND AV,2,,,A,,,E ST,,,A,10/16/2024 7:50:32 AM,1/28/2025 11:56:31 AM,,,2,,,,,,,
4432805,24-034367,2,False,0109,7/10/2024 9:44:00 AM,944,15X,14,109,Oakland,1,True,True,B,SIDE SWIPE,,Wednesday,,,,,False,False,False,,C,OTHER MOTOR VEHICLE,,1,0,A,DAYLIGHT,,,,,,,A,NO PEDESTRIANS INVOLVED,,A,22107,,1,LAKESHORE AV,1,,,A,N,60.0,BROOKLYN AV,F,,D,10/16/2024 7:40:31 AM,1/28/2025 11:55:02 AM,,,2,,,,,,,
4432796,24-037995,2,False,0109,7/30/2024 9:33:00 AM,933,04X,14,109,Oakland,1,True,True,B,SIDE SWIPE,,Tuesday,,,,,False,False,False,,J,OTHER OBJECT,,0,0,A,DAYLIGHT,,,,,,,A,NO PEDESTRIANS INVOLVED,,A,22107,,,19TH ST,1,,,A,E,2.0,BRUSH ST,F,,D,10/16/2024 7:35:31 AM,1/28/2025 11:55:05 AM,,,2,,,,,,,
4432749,9370-2024-03227,1,False,9370,10/11/2024 9:25:00 PM,2125,053,14,109,Oakland,1,True,True,C,REAR END,,Friday,NotApplicable,False,,,False,True,False,ALAMEDA SUPERIOR COURT WILEY W. MANUEL COURTHOUSE,C,OTHER MOTOR VEHICLE,,0,0,D,DARK-NO STREET LIGHTS,37.7998,-122.223212,,,,,A,NO PEDESTRIANS INVOLVED,10/11/2024 9:25:00 PM,A,VC 22350,False,1,I-580 W/B,,,10/16/2024 7:19:59 AM,A,W,337.0,ARDLEY AVENUE,F,,D,10/16/2024 7:20:01 AM,10/16/2024 7:20:01 AM,False,True,4,,10/11/2024 9:30:00 PM,2130,False,,,True
4432733,9370-2024-03224,1,False,9370,10/11/2024 6:58:00 PM,1858,025,14,109,Oakland,1,True,True,B,SIDE SWIPE,,Friday,NotApplicable,False,,,False,True,False,ALAMEDA SUPERIOR COURT WILEY W. MANUEL COURTHOUSE,C,OTHER MOTOR VEHICLE,,0,0,C,DARK-STREET LIGHTS,37.818272,-122.270612,,,,,A,NO PEDESTRIANS INVOLVED,10/11/2024 6:58:00 PM,A,VC 21658(A),False,1,I-580 / SR-24 WB TO 27TH STREET,,,10/16/2024 7:11:07 AM,A,E,353.0,27TH STREET,F,,D,10/16/2024 7:11:10 AM,10/16/2024 7:11:10 AM,False,True,4,,10/11/2024 6:58:00 PM,1858,False,,,True
4432628,9370-2024-03225,1,False,9370,10/11/2024 5:48:00 PM,1748,025,14,109,Oakland,1,True,True,C,REAR END,,Friday,NotApplicable,False,,,False,True,False,ALAMEDA SUPERIOR COURT WILEY W. MANUEL COURTHOUSE,C,OTHER MOTOR VEHICLE,,0,0,A,DAYLIGHT,37.842053,-122.259814,,,,,A,NO PEDESTRIANS INVOLVED,10/11/2024 5:48:00 PM,A,VC 22350,False,1,SR-24 W/B,,,10/16/2024 6:24:01 AM,A,E,530.0,TELEGRAPH AVE,F,,D,10/16/2024 6:24:04 AM,10/16/2024 6:24:04 AM,False,True,4,,10/11/2024 5:50:00 PM,1750,False,,,True
4432611,9370-2024-03217,1,False,9370,10/11/2024 9:10:00 AM,910,025,14,109,Oakland,1,True,True,C,REAR END,,Friday,NotApplicable,False,,,False,True,False,ALAMEDA SUPERIOR COURT WILEY W. MANUEL COURTHOUSE,C,OTHER MOTOR VEHICLE,,0,0,A,DAYLIGHT,37.828492,-122.267779,,,,,A,NO PEDESTRIANS INVOLVED,10/11/2024 9:10:00 AM,A,VC 22350,False,1,SR-24 W/B TO I-580,,,10/16/2024 5:58:43 AM,A,E,519.0,MACARTHUR BLVD,F,,D,10/16/2024 5:58:45 AM,10/16/2024 5:58:45 AM,False,True,4,,10/11/2024 9:15:00 AM,0915,False,,,True
4432600,9370-2024-03183,1,False,9370,10/7/2024 10:09:00 PM,2209,024,14,109,Oakland,1,True,True,B,SIDE SWIPE,,Monday,NotApplicable,False,,,False,True,False,ALAMEDA SUPERIOR COURT WILEY W. MANUEL COURTHOUSE,C,OTHER MOTOR VEHICLE,,0,0,C,DARK-STREET LIGHTS,37.849507,-122.223746,,,,,A,NO PEDESTRIANS INVOLVED,10/7/2024 10:09:00 PM,D,,,,SR 24 E/B,,,10/16/2024 5:18:03 AM,A,E,1216.0,SR 13,F,,D,10/16/2024 5:18:06 AM,10/16/2024 5:18:06 AM,False,True,4,,10/7/2024 10:14:00 PM,2214,True,EMBEDDED,,True
4432365,9370-2024-03209,1,False,9370,10/10/2024 1:50:00 PM,1350,055,14,109,Oakland,1,True,True,C,REAR END,,Thursday,NotApplicable,False,,,False,True,False,ALAMEDA SUPERIOR COURT WILEY W. MANUEL COURTHOUSE,C,OTHER MOTOR VEHICLE,,0,0,A,DAYLIGHT,37.828457,-122.292869,,,,,A,NO PEDESTRIANS INVOLVED,10/10/2024 1:50:00 PM,A,VC 22350,False,1,I-580 W/B TO I-80 E/B,,,10/15/2024 5:37:57 PM,A,E,3628.0,POWELL ST,F,,D,10/15/2024 5:38:00 PM,10/15/2024 5:38:00 PM,False,True,4,,10/10/2024 1:51:00 PM,1351,False,,,True
4432280,24012322,2,False,0109,3/10/2024 2:29:00 PM,1429,30X,14,109,Oakland,1,True,True,D,BROADSIDE,,Sunday,,,,,False,False,False,,C,OTHER MOTOR VEHICLE,,1,0,A,DAYLIGHT,,,,,,,A,NO PEDESTRIANS INVOLVED,,A,21651B,,1,73RD AV,2,,,A,,,KRAUSE AV,,,D,10/15/2024 4:05:30 PM,1/28/2025 11:56:46 AM,,,2,,,,,,,
4432210,9370-2024-03167,1,False,9370,10/6/2024 2:10:00 PM,1410,177,14,109,Oakland,1,True,True,B,SIDE SWIPE,,Sunday,NotApplicable,False,M,,False,True,False,ALAMEDA SUPERIOR COURT WILEY W. MANUEL COURTHOUSE,C,OTHER MOTOR VEHICLE,,2,0,A,DAYLIGHT,37.798261,-122.273971,,,,,A,NO PEDESTRIANS INVOLVED,10/6/2024 2:10:00 PM,A,VC 21658(a),False,1,I-880 N/B,,,10/15/2024 3:18:03 PM,A,S,240.0,BROADWAY STREET,F,,D,10/15/2024 3:18:04 PM,10/15/2024 3:18:04 PM,False,True,4,,10/6/2024 2:20:00 PM,1420,False,,,True
4432021,9370-2024-03222,1,False,9370,10/6/2024 3:05:00 AM,305,054,14,109,Oakland,1,True,True,C,REAR END,,Sunday,Yes,False,,,False,True,False,ALAMEDA SUPERIOR COURT WILEY W. MANUEL COURTHOUSE,C,OTHER MOTOR VEHICLE,,0,0,C,DARK-STREET LIGHTS,37.815173,-122.251094,,,,,A,NO PEDESTRIANS INVOLVED,10/6/2024 3:05:00 AM,A,VC 23152(A),True,1,I-580 W/B,,,10/15/2024 1:42:04 PM,A,E,1863.0,HARRISON ST,F,,D,10/15/2024 1:42:06 PM,10/15/2024 1:42:06 PM,False,True,4,,10/6/2024 3:10:00 AM,0310,False,,,True
4431941,9370-2024-03194,2,False,9370,10/7/2024 7:45:00 PM,1945,053,14,109,Oakland,1,True,True,B,SIDE SWIPE,,Monday,NotApplicable,False,M,,False,True,False,ALAMEDA SUPERIOR COURT WILEY W. MANUEL COURTHOUSE,C,OTHER MOTOR VEHICLE,,1,0,D,DARK-NO STREET LIGHTS,37.798128,-122.216792,,,,,A,NO PEDESTRIANS INVOLVED,10/7/2024 7:45:00 PM,A,VC 21658(A),False,1,I-580 E/B,,,11/7/2024 4:03:09 PM,A,E,100.0,FRUITVALE AVE,F,,D,10/15/2024 1:10:43 PM,11/7/2024 4:03:12 PM,False,True,4,,10/7/2024 7:50:00 PM,1950,False,,,True
4431889,9370-2024-03176,1,False,9370,10/7/2024 4:00:00 PM,1600,053,14,109,Oakland,1,True,True,B,SIDE SWIPE,,Monday,NotApplicable,False,M,,False,True,False,ALAMEDA SUPERIOR COURT WILEY W. MANUEL COURTHOUSE,C,OTHER MOTOR VEHICLE,,0,0,A,DAYLIGHT,37.800148,-122.22513,,,,,A,NO PEDESTRIANS INVOLVED,10/7/2024 4:00:00 PM,A,VC 22107,False,1,I-580 W/B,,,10/15/2024 12:50:23 PM,A,E,1113.0,PARK BLVD,F,,D,10/15/2024 12:50:26 PM,10/15/2024 12:50:26 PM,False,True,4,,10/7/2024 4:02:00 PM,1602,False,,,True
4431880,9370-2024-03199,1,False,9370,9/18/2024 6:00:00 AM,600,008,14,109,Oakland,1,True,True,B,SIDE SWIPE,,Wednesday,NotApplicable,False,M,,False,True,False,ALAMEDA SUPERIOR COURT WILEY W. MANUEL COURTHOUSE,C,OTHER MOTOR VEHICLE,,0,0,C,DARK-STREET LIGHTS,37.824805,-122.313487,,,,,A,NO PEDESTRIANS INVOLVED,9/18/2024 6:00:00 AM,A,VC 21658(A),False,1,I-80 W/B,,,10/15/2024 12:44:49 PM,A,E,85.0,BAY BRIDGE TOLL PLAZA,F,,D,10/15/2024 12:44:52 PM,10/15/2024 12:44:52 PM,False,True,4,,10/8/2024 9:00:00 PM,2100,False,,,True
4431879,9370-2024-02736,1,False,9370,8/28/2024 9:50:00 AM,950,025,14,109,Oakland,1,True,True,C,REAR END,,Wednesday,NotApplicable,False,M,,False,True,False,ALAMEDA SUPERIOR COURT WILEY W. MANUEL COURTHOUSE,C,OTHER MOTOR VEHICLE,,0,0,A,DAYLIGHT,37.831817,-122.266961,,,,,A,NO PEDESTRIANS INVOLVED,8/28/2024 9:50:00 AM,A,VC 22350,False,1,SR-24 W/B,,,10/15/2024 12:43:50 PM,A,E,40.0,42ND ST,F,,D,10/15/2024 12:43:53 PM,10/15/2024 12:43:53 PM,False,True,4,,8/28/2024 9:57:00 AM,0957,False,,,True
4431727,9370-2024-03053,1,False,9370,9/26/2024 11:40:00 PM,2340,008,14,109,Oakland,1,True,True,B,SIDE SWIPE,,Thursday,NotApplicable,False,,,False,True,False,ALAMEDA SUPERIOR COURT WILEY W. MANUEL COURTHOUSE,C,OTHER MOTOR VEHICLE,,0,0,D,DARK-NO STREET LIGHTS,37.828966,-122.293884,,,,,A,NO PEDESTRIANS INVOLVED,9/26/2024 11:40:00 PM,A,VC 21658(A),False,1,I-80 WB TO I-580 EB / I-880 SB,,,10/15/2024 11:28:01 AM,A,W,3294.0,POWELL ST,F,,D,10/15/2024 11:28:04 AM,10/15/2024 11:28:04 AM,False,True,4,,9/26/2024 11:45:00 PM,2345,False,,False,True
4431721,24025560,2,False,0109,5/27/2024 5:00:00 AM,500,27Y,14,109,Oakland,1,True,True,D,BROADSIDE,,Monday,,,,,False,False,False,,C,OTHER MOTOR VEHICLE,,1,0,B,DUSK-DAWN,,,,,,,A,NO PEDESTRIANS INVOLVED,,A,21802,,1,BANCROFT AV,2,,,A,,,60TH AV,,,D,10/15/2024 11:25:28 AM,1/28/2025 11:56:45 AM,,,2,,,,,,,
4431479,9370-2024-03129,1,False,9370,10/3/2024 6:50:00 AM,650,178,14,109,Oakland,1,True,True,C,REAR END,,Thursday,NotApplicable,False,,,False,True,False,ALAMEDA SUPERIOR COURT WILEY W. MANUEL COURTHOUSE,C,OTHER MOTOR VEHICLE,,0,0,A,DAYLIGHT,37.825513,-122.306511,,,,,A,NO PEDESTRIANS INVOLVED,10/3/2024 6:50:00 AM,A,VC 22350,False,1,I-880 N/B TO I-80 W/B,,,10/15/2024 9:53:10 AM,A,S,0.3,SFOBB TOLL PLAZA,M,,D,10/15/2024 9:53:16 AM,10/15/2024 9:53:16 AM,False,True,4,,10/3/2024 6:50:00 AM,0650,False,,,True
4431081,9370-2024-03025,1,False,9370,9/23/2024 10:14:00 AM,1014,176,14,109,Oakland,1,True,True,C,REAR END,,Monday,NotApplicable,False,M,,False,True,False,ALAMEDA SUPERIOR COURT WILEY W. MANUEL COURTHOUSE,C,OTHER MOTOR VEHICLE,,0,0,A,DAYLIGHT,37.754843,-122.209099,,,,,A,NO PEDESTRIANS INVOLVED,9/23/2024 10:14:00 AM,A,VC 22350,False,1,I-880 S/B,,,10/15/2024 7:20:23 AM,A,N,400.0,66TH AVE,F,,D,10/15/2024 7:20:25 AM,10/15/2024 7:20:25 AM,False,True,4,,9/23/2024 10:15:00 AM,1015,False,,,True
4431051,9370-2024-03130,1,False,9370,10/3/2024 12:45:00 PM,1245,098,14,109,Oakland,1,True,True,C,REAR END,,Thursday,NotApplicable,False,,,False,True,True,ALAMEDA SUPERIOR COURT WILEY W. MANUEL COURTHOUSE,C,OTHER MOTOR VEHICLE,,2,0,A,DAYLIGHT,37.819084,-122.269307,,,,,E,IN ROAD - INCLUDES SHOULDER,10/3/2024 12:45:00 PM,A,VC 22350,False,1,I-980 E/B,,,10/15/2024 7:05:38 AM,A,W,50.0,30TH STREET,F,,D,10/15/2024 7:05:44 AM,10/15/2024 7:05:44 AM,False,True,4,False,10/3/2024 12:50:00 PM,1250,False,,,True
4430499,9370-2024-03104,1,False,9370,10/2/2024 9:00:00 AM,900,054,14,109,Oakland,1,True,True,C,REAR END,,Wednesday,NotApplicable,False,,,False,True,False,ALAMEDA SUPERIOR COURT WILEY W. MANUEL COURTHOUSE,C,OTHER MOTOR VEHICLE,,0,0,A,DAYLIGHT,37.813418,-122.250612,,,,,A,NO PEDESTRIANS INVOLVED,10/2/2024 9:00:00 AM,A,VC 22350,False,1,I-580 W/B,,,10/14/2024 3:57:44 PM,A,E,0.2,CHETWOOD ST,M,,D,10/14/2024 3:58:15 PM,10/14/2024 3:58:15 PM,False,True,4,,10/2/2024 9:05:00 AM,0905,False,,,True
4430319,9335-2024-02273,1,False,9335,10/1/2024 6:20:00 PM,1820,082,14,109,Oakland,1,True,True,C,REAR END,,Tuesday,NotApplicable,False,,,False,True,False,ALAMEDA SUPERIOR COURT FREMONT HALL OF JUSTICE,C,OTHER MOTOR VEHICLE,,0,0,B,DUSK-DAWN,37.823131,-122.317268,,,,,A,NO PEDESTRIANS INVOLVED,10/1/2024 6:20:00 PM,A,VC 22350,False,1,I-80 E/B,,,10/14/2024 1:58:41 PM,A,W,2000.0,THE TOLL PLAZA,F,,D,10/14/2024 1:58:43 PM,10/14/2024 1:58:43 PM,False,True,4,,10/1/2024 6:25:00 PM,1825,False,,,True
4430128,9370-2024-03200,1,False,9370,10/9/2024 3:31:00 PM,1531,098,14,109,Oakland,1,True,True,B,SIDE SWIPE,,Wednesday,NotApplicable,False,M,,False,True,False,ALAMEDA SUPERIOR COURT WILEY W. MANUEL COURTHOUSE,C,OTHER MOTOR VEHICLE,,0,0,A,DAYLIGHT,37.803463,-122.2801,,,,,A,NO PEDESTRIANS INVOLVED,10/9/2024 3:31:00 PM,A,VC 21658(A),False,1,I-980 W/B,,,10/14/2024 12:55:57 PM,A,W,525.0,11 STREET,F,,D,10/14/2024 12:55:57 PM,10/14/2024 12:55:57 PM,False,True,4,,10/9/2024 3:33:00 PM,1533,False,,,True
4430127,9370-2024-03203,1,False,9370,10/10/2024 10:55:00 AM,1055,176,14,109,Oakland,1,True,True,C,REAR END,,Thursday,Yes,False,,,False,True,True,ALAMEDA SUPERIOR COURT WILEY W. MANUEL COURTHOUSE,C,OTHER MOTOR VEHICLE,,2,0,A,DAYLIGHT,37.751659,-122.206305,,,,,A,NO PEDESTRIANS INVOLVED,10/10/2024 10:55:00 AM,A,VC 22350,False,1,I-880 S/B,,,10/14/2024 12:55:29 PM,A,S,950.0,66TH AVE,F,,D,10/14/2024 12:55:30 PM,10/14/2024 12:55:30 PM,False,True,4,,10/10/2024 11:00:00 AM,1100,False,,,True
4430115,9370-2024-03202,1,False,9370,10/10/2024 10:50:00 AM,1050,176,14,109,Oakland,1,True,True,B,SIDE SWIPE,,Thursday,NotApplicable,False,M,,False,True,False,ALAMEDA SUPERIOR COURT WILEY W. MANUEL COURTHOUSE,C,OTHER MOTOR VEHICLE,,0,0,A,DAYLIGHT,37.751442,-122.205874,,,,,A,NO PEDESTRIANS INVOLVED,10/10/2024 10:50:00 AM,A,VC 21658(a),False,1,I-880 N/B,,,10/14/2024 12:52:38 PM,A,S,1100.0,66TH AVE,F,,D,10/14/2024 12:52:39 PM,10/14/2024 12:52:39 PM,False,True,4,,10/10/2024 10:55:00 AM,1055,False,,,True
4430108,9370-2024-03054,1,False,9370,9/27/2024 6:30:00 AM,630,024,14,109,Oakland,1,True,True,B,SIDE SWIPE,,Friday,NotApplicable,False,,,False,True,False,ALAMEDA SUPERIOR COURT WILEY W. MANUEL COURTHOUSE,C,OTHER MOTOR VEHICLE,,0,0,A,DAYLIGHT,37.849933,-122.240422,,,,,A,NO PEDESTRIANS INVOLVED,9/27/2024 6:30:00 AM,A,VC 22350,True,1,STATE ROUTE 24 WESTBOUND,,,10/14/2024 12:49:41 PM,A,E,1025.0,BROADWAY,F,,D,10/14/2024 12:49:43 PM,10/14/2024 12:49:43 PM,False,True,4,,9/27/2024 6:35:00 AM,0635,True,EMBEDDED,,True
4430102,9370-2024-03046,1,False,9370,9/23/2024 2:25:00 PM,1425,177,14,109,Oakland,1,True,True,B,SIDE SWIPE,,Monday,NotApplicable,False,M,,False,True,False,ALAMEDA SUPERIOR COURT WILEY W. MANUEL COURTHOUSE,C,OTHER MOTOR VEHICLE,,0,0,A,DAYLIGHT,37.807976,-122.304895,,,,,A,NO PEDESTRIANS INVOLVED,9/23/2024 2:25:00 PM,A,VC 21658(a),False,1,I-880 S/B,,,10/14/2024 12:46:25 PM,A,N,75.0,7TH ST,F,,D,10/14/2024 12:46:26 PM,10/14/2024 12:46:26 PM,False,True,4,,9/26/2024 12:00:00 AM,1130,False,,,True
4430078,9370-2024-03064,1,False,9370,9/27/2024 6:35:00 PM,1835,053,14,109,Oakland,1,True,True,B,SIDE SWIPE,,Friday,Yes,False,,,False,True,True,ALAMEDA SUPERIOR COURT WILEY W. MANUEL COURTHOUSE,C,OTHER MOTOR VEHICLE,,1,0,A,DAYLIGHT,37.798152,-122.216241,,,,,A,NO PEDESTRIANS INVOLVED,9/27/2024 6:35:00 PM,A,VC 22350,False,1,I-580 W/B,,,10/14/2024 12:40:37 PM,A,E,198.0,FRUITVALE,F,,D,10/14/2024 12:40:37 PM,10/14/2024 12:40:37 PM,False,True,4,,9/27/2024 6:44:00 PM,1844,False,,,True
4430068,9370-2024-03137,1,False,9370,10/3/2024 3:30:00 PM,1530,052,14,109,Oakland,1,True,True,B,SIDE SWIPE,,Thursday,Yes,False,,,False,True,True,ALAMEDA SUPERIOR COURT WILEY W. MANUEL COURTHOUSE,C,OTHER MOTOR VEHICLE,,1,0,A,DAYLIGHT,37.778153,-122.168106,,,,,A,NO PEDESTRIANS INVOLVED,10/3/2024 3:30:00 PM,A,VC 22107,False,1,I-580 E/B,,,10/14/2024 12:38:07 PM,A,W,1310.0,EDWARDS AVE,F,,D,10/14/2024 12:38:08 PM,10/14/2024 12:38:08 PM,False,True,4,,10/3/2024 3:38:00 PM,1538,False,,,True
4429705,24-032252,2,False,0109,6/28/2024 6:40:00 PM,1840,14X,14,109,Oakland,1,True,True,B,SIDE SWIPE,,Friday,,,,,False,False,False,,E,PARKED MOTOR VEHICLE,,0,0,A,DAYLIGHT,,,,,,,A,NO PEDESTRIANS INVOLVED,,A,22350,,1,WELDON AV,1,,,A,W,15.0,VERMONT ST,F,,A,10/14/2024 10:15:15 AM,1/28/2025 11:56:31 AM,,,2,,,,,,,
4429695,24-032289,2,False,0109,6/29/2024 1:42:00 AM,142,24Y,14,109,Oakland,1,True,True,C,REAR END,,Saturday,,,M,,False,False,False,,E,PARKED MOTOR VEHICLE,,0,0,C,DARK-STREET LIGHTS,,,,,,,A,NO PEDESTRIANS INVOLVED,,A,22107,,1,SUTER ST,2,,,A,E,25.0,LOMA VISTA WY,F,,A,10/14/2024 10:10:15 AM,1/28/2025 11:56:31 AM,,,2,,,,,,,
4429693,24-032477,2,False,0109,6/30/2024 1:03:00 AM,103,03X,14,109,Oakland,1,True,True,C,REAR END,,Sunday,,,M,,False,False,False,,E,PARKED MOTOR VEHICLE,,0,0,C,DARK-STREET LIGHTS,,,,,,,A,NO PEDESTRIANS INVOLVED,,A,22107,,1,7TH ST,2,,,A,E,10.0,OAK ST,F,,D,10/14/2024 10:10:15 AM,1/28/2025 11:56:31 AM,,,2,,,,,,,
4429677,24-032534,2,False,0109,6/30/2024 12:30:00 PM,1230,31X,14,109,Oakland,1,True,True,B,SIDE SWIPE,,Sunday,,,M,,False,False,False,,C,OTHER MOTOR VEHICLE,,0,0,A,DAYLIGHT,,,,,,,A,NO PEDESTRIANS INVOLVED,,A,21750,,1,98TH AV,2,,,A,S,20.0,SAN LEANDRO ST,F,,A,10/14/2024 10:05:16 AM,1/28/2025 11:56:31 AM,,,2,,,,,,,
4429586,24-013033,2,False,0109,3/14/2024 4:05:00 PM,1605,30Y,14,109,Oakland,1,True,True,B,SIDE SWIPE,,Thursday,,,M,,False,False,False,,C,OTHER MOTOR VEHICLE,,0,0,A,DAYLIGHT,,,,,,,A,NO PEDESTRIANS INVOLVED,,A,21804A,,1,MACARTHUR BL,2,,,A,E,0.6,79TH AV,M,,A,10/14/2024 9:30:16 AM,1/28/2025 11:52:32 AM,,,2,,,,,,,
4429536,24-032079,2,False,0109,6/27/2024 6:30:00 PM,1830,29X,14,109,Oakland,1,True,True,C,REAR END,,Thursday,,,M,,False,False,False,,A,NON-COLLISION,,0,0,A,DAYLIGHT,,,,,,,,,,A,22350,,1,SEMINARY AV,2,,,A,N,100.0,OVERDALE AV,F,,C,10/14/2024 9:10:16 AM,1/28/2025 11:56:31 AM,,,2,,,,,,,
4429475,24-030698,2,False,0109,6/20/2024 5:05:00 PM,1705,08X,14,109,Oakland,1,True,True,C,REAR END,,Thursday,,,,,False,False,True,,C,OTHER MOTOR VEHICLE,,1,0,A,DAYLIGHT,,,,,,,A,NO PEDESTRIANS INVOLVED,,A,21453A,,1,27TH ST,1,,,A,E,25.0,NORTHGATE AV,F,,A,10/14/2024 8:50:16 AM,1/28/2025 11:55:14 AM,,,2,,,,,,,
4429314,24-034135,2,False,0109,7/9/2024 2:50:00 AM,250,15X,14,109,Oakland,1,True,True,E,HIT OBJECT,,Tuesday,,,M,,False,False,False,,I,FIXED OBJECT,,0,0,C,DARK-STREET LIGHTS,,,,,,,A,NO PEDESTRIANS INVOLVED,,A,22107,,1,LAKESHORE AV,1,,,A,N,10.0,WESLEY AV,F,,D,10/14/2024 7:40:15 AM,1/28/2025 11:42:09 AM,,,2,,,,,,,
4429241,9370-2024-03123,1,False,9370,10/3/2024 4:00:00 AM,400,053,14,109,Oakland,1,True,True,C,REAR END,,Thursday,Yes,False,F,,False,True,True,ALAMEDA SUPERIOR COURT WILEY W. MANUEL COURTHOUSE,C,OTHER MOTOR VEHICLE,,1,0,C,DARK-STREET LIGHTS,37.791369,-122.20282,,,,,A,NO PEDESTRIANS INVOLVED,10/3/2024 4:00:00 AM,A,VC 22350 UNSAFE SPEED,False,1,I-580 E/B,,,10/14/2024 7:05:33 AM,A,E,180.0,35TH AVE,F,,D,10/14/2024 7:05:35 AM,10/14/2024 7:05:35 AM,False,True,4,,10/3/2024 4:04:00 AM,0404,False,,,True