collision-id,report-number,report-version,is-preliminary,ncic-code,crash-date-time,crash-time-description,beat,city-id,city-code,city-name,county-code,city-is-active,city-is-incorporated,collision-type-code,collision-type-description,collision-type-other-desc,day-of-week,dispatch-notified,has-photographs,hit-run,is-attachments-mailed,is-deleted,is-highway-related,is-tow-away,judicial-district,motor-vehicle-involved-with-code,motor-vehicle-involved-with-desc,motor-vehicle-involved-with-other-desc,number-injured,number-killed,lighting-code,lighting-description,latitude,longitude,milepost-direction,milepost-distance,milepost-marker,milepost-unit-of-measure,pedestrian-action-code,pedestrian-action-desc,prepared-date,primary-collision-factor-code,primary-collision-factor-description,primary-collision-factor-is-cited,primary-collision-party-number,primary-road,reporting-district,reporting-district-code,reviewed-date,roadway-surface-code,secondary-direction,secondary-distance,secondary-road,secondary-unit-of-measure,sketch-desc,traffic-control-device-code,created-date,modified-date,is-county-road,is-freeway,chp-555-version,is-additonal-object-struck,notification-date,notification-time-description,has-digital-media-files,evidence-number,is-location-refer-to-narrative,is-aoi-one-same-as-location
4429174,9370-2024-03150,1,False,9370,10/4/2024 5:10:00 AM,510,008,14,109,Oakland,1,True,True,C,REAR END,,Friday,NotApplicable,False,,,False,True,True,ALAMEDA SUPERIOR COURT WILEY W. MANUEL COURTHOUSE,C,OTHER MOTOR VEHICLE,,1,0,A,DAYLIGHT,37.824491,-122.309345,,,,,A,NO PEDESTRIANS INVOLVED,10/4/2024 5:10:00 AM,A,VC 22350,False,1,I-80 E/B,,,10/14/2024 6:33:47 AM,A,E,26.0,MARITIME STREET,F,,D,10/14/2024 6:33:47 AM,10/14/2024 6:33:47 AM,False,True,4,,10/4/2024 5:14:00 AM,0514,False,,,True
4429172,9370-2024-03147,1,False,9370,10/4/2024 11:14:00 AM,1114,176,14,109,Oakland,1,True,True,C,REAR END,,Friday,Yes,False,,,False,True,True,ALAMEDA SUPERIOR COURT WILEY W. MANUEL COURTHOUSE,C,OTHER MOTOR VEHICLE,,1,0,A,DAYLIGHT,37.734503,-122.19119,,,,,A,NO PEDESTRIANS INVOLVED,10/4/2024 11:14:00 AM,A,VC 22350,False,1,I-880 S/B,,,10/14/2024 6:32:41 AM,A,N,1200.0,98TH STREET,F,,D,10/14/2024 6:32:42 AM,10/14/2024 6:32:42 AM,False,True,4,,10/4/2024 11:20:00 AM,1120,False,,,True
4429161,9370-2024-03074,1,False,9370,9/28/2024 2:00:00 PM,1400,054,14,109,Oakland,1,True,True,B,SIDE SWIPE,,Saturday,Yes,False,M,,False,True,True,ALAMEDA SUPERIOR COURT WILEY W. MANUEL COURTHOUSE,C,OTHER MOTOR VEHICLE,,0,0,A,DAYLIGHT,37.811572,-122.249922,,,,,A,NO PEDESTRIANS INVOLVED,9/28/2024 2:00:00 PM,A,VC 23152(F),False,1,I-580 W/B,,,10/14/2024 6:27:39 AM,A,W,469.0,GRAND AVE,F,,D,10/14/2024 6:27:39 AM,10/14/2024 6:27:39 AM,False,True,4,,9/28/2024 2:15:00 PM,1415,False,,,True
4429140,9370-2024-03085,1,False,9370,9/30/2024 1:05:00 AM,105,176,14,109,Oakland,1,True,True,B,SIDE SWIPE,,Monday,Yes,False,,,False,True,False,ALAMEDA SUPERIOR COURT WILEY W. MANUEL COURTHOUSE,C,OTHER MOTOR VEHICLE,,0,0,D,DARK-NO STREET LIGHTS,37.728901,-122.185931,,,,,A,NO PEDESTRIANS INVOLVED,9/30/2024 1:05:00 AM,A,VC 23152(a),True,1,I-880 N/B,,,10/14/2024 6:11:19 AM,A,S,423.0,98TH AVENUE,F,,D,10/14/2024 6:11:19 AM,10/14/2024 6:11:19 AM,False,True,4,,9/30/2024 1:09:00 AM,0109,True,AREA / EMBEDDED,,True
4429129,9370-2024-03057,1,False,9370,9/27/2024 10:28:00 AM,1028,053,14,109,Oakland,1,True,True,C,REAR END,,Friday,NotApplicable,False,,,False,True,False,ALAMEDA SUPERIOR COURT WILEY W. MANUEL COURTHOUSE,C,OTHER MOTOR VEHICLE,,0,0,A,DAYLIGHT,37.794289,-122.205748,,,,,A,NO PEDESTRIANS INVOLVED,9/27/2024 10:28:00 AM,A,VC 22350,True,1,INTERSTATE 580 WB E/O COOLIDGE,,,10/14/2024 5:50:56 AM,A,E,1500.0,COOLIDGE AVE,F,,D,10/14/2024 5:50:58 AM,10/14/2024 5:50:58 AM,False,True,4,,9/27/2024 10:30:00 AM,1030,False,,,True
4429114,9370-2024-02926,1,False,9370,9/14/2024 1:32:00 AM,132,055,14,109,Oakland,1,True,True,E,HIT OBJECT,,Saturday,Yes,False,,,False,True,False,ALAMEDA SUPERIOR COURT WILEY W. MANUEL COURTHOUSE,I,FIXED OBJECT,CONCRETE BARRIER WALL,0,0,D,DARK-NO STREET LIGHTS,37.824848,-122.271837,,,,,A,NO PEDESTRIANS INVOLVED,9/14/2024 1:32:00 AM,A,VC 22350,False,1,I-580 E/B TO SR-24 E/B,,,10/14/2024 5:12:17 AM,A,E,214.0,WEST STREET,F,,D,10/14/2024 5:12:18 AM,10/14/2024 5:12:18 AM,False,True,4,,9/14/2024 1:32:00 AM,0132,False,,,True
4429112,9370-2024-03041,1,False,9370,9/24/2024 5:25:00 PM,1725,901,14,109,Oakland,1,True,True,A,HEAD-ON,,Tuesday,NotApplicable,False,,,False,False,False,ALAMEDA SUPERIOR COURT WILEY W. MANUEL COURTHOUSE,I,FIXED OBJECT,RAISED CONCRETE CURB,0,0,A,DAYLIGHT,37.789664,-122.258525,,,,,A,NO PEDESTRIANS INVOLVED,9/24/2024 5:25:00 PM,B,UNSAFE OPERATION,,1,EMBARCADERO (600 BLOCK),,,10/14/2024 5:07:53 AM,A,,,I-880 NORTHBOUND TO EMBARCADERO,,,A,10/14/2024 5:07:55 AM,10/14/2024 5:07:55 AM,True,False,4,,9/24/2024 5:35:00 PM,1735,False,,,True
4428513,9370-2024-03151,1,False,9370,10/5/2024 7:03:00 AM,703,081,14,109,Oakland,1,True,True,C,REAR END,,Saturday,NotApplicable,False,M,,False,True,True,ALAMEDA SUPERIOR COURT WILEY W. MANUEL COURTHOUSE,C,OTHER MOTOR VEHICLE,,1,0,A,DAYLIGHT,37.867024,-122.304063,,,,,A,NO PEDESTRIANS INVOLVED,10/5/2024 7:03:00 AM,A,VC 22350,False,2,I-80 W/B,,,10/11/2024 4:43:28 PM,A,E,78.0,UNIVERSITY AVE,F,,D,10/11/2024 4:43:31 PM,10/11/2024 4:43:31 PM,False,True,4,,10/5/2024 7:04:00 AM,0704,False,,,True
4428503,9370-2024-03132,1,False,9370,10/3/2024 4:48:00 PM,1648,901,14,109,Oakland,1,True,True,D,BROADSIDE,,Thursday,Yes,False,,,False,False,False,ALAMEDA SUPERIOR COURT WILEY W. MANUEL COURTHOUSE,C,OTHER MOTOR VEHICLE,,3,0,A,DAYLIGHT,37.809808,-122.276633,,,,,A,NO PEDESTRIANS INVOLVED,10/3/2024 4:48:00 PM,A,VC 21453(a),False,1,BRUSH STREET,,,10/11/2024 4:25:28 PM,A,,,18TH STREET,,,A,10/11/2024 4:25:30 PM,10/11/2024 4:25:30 PM,False,False,4,,10/3/2024 4:49:00 PM,1649,False,,,True
4428475,9370-2024-03118,1,False,9370,10/2/2024 5:30:00 PM,1730,008,14,109,Oakland,1,True,True,B,SIDE SWIPE,,Wednesday,NotApplicable,False,,,False,True,False,ALAMEDA SUPERIOR COURT WILEY W. MANUEL COURTHOUSE,C,OTHER MOTOR VEHICLE,,0,0,A,DAYLIGHT,37.824898,-122.313544,,,,,A,NO PEDESTRIANS INVOLVED,10/2/2024 5:30:00 PM,A,VC 21658(A),False,1,I-80 W/B,,,10/11/2024 3:39:41 PM,A,E,70.0,SAN FRANCISCO OAKLAND BAY BRIDGE,F,,D,10/11/2024 3:39:44 PM,10/11/2024 3:39:44 PM,False,True,4,,10/2/2024 5:32:00 PM,1732,False,,,True
4428393,9370-2024-03165,1,False,9370,10/6/2024 12:30:00 PM,1230,177,14,109,Oakland,1,True,True,B,SIDE SWIPE,,Sunday,NotApplicable,False,M,,False,True,False,ALAMEDA SUPERIOR COURT WILEY W. MANUEL COURTHOUSE,C,OTHER MOTOR VEHICLE,,0,0,A,DAYLIGHT,37.776252,-122.235533,,,,,A,NO PEDESTRIANS INVOLVED,10/6/2024 12:30:00 PM,A,VC 21658(A),False,1,I-880 N/B,,,10/11/2024 2:41:05 PM,A,S,700.0,23RD AVE,F,,D,10/11/2024 2:41:09 PM,10/11/2024 2:41:09 PM,False,True,4,,10/6/2024 12:35:00 PM,1235,False,,,True
4428335,24-028508,2,False,0109,6/9/2024 3:00:00 PM,1500,05X,14,109,Oakland,1,True,True,D,BROADSIDE,,Sunday,,,,,False,False,False,,C,OTHER MOTOR VEHICLE,,3,0,A,DAYLIGHT,,,,,,,A,NO PEDESTRIANS INVOLVED,,A,21453A,,,18TH ST,1,,,A,,,BRUSH ST,,,A,10/11/2024 2:15:07 PM,1/28/2025 11:50:25 AM,,,2,,,,,,,
4428323,24-033277,2,False,0109,7/4/2024 4:53:00 PM,1653,26X,14,109,Oakland,1,True,True,D,BROADSIDE,,Thursday,,,M,,False,False,False,,C,OTHER MOTOR VEHICLE,,1,0,A,DAYLIGHT,,,,,,,A,NO PEDESTRIANS INVOLVED,,A,22350,,1,OAKPORT ST,2,,,A,,,LESSER ST,,,D,10/11/2024 2:10:07 PM,1/28/2025 11:55:02 AM,,,2,,,,,,,
4428307,24-036324,2,False,0109,7/21/2024 5:16:00 PM,1716,35X,14,109,Oakland,1,True,True,D,BROADSIDE,,Sunday,,,,,False,False,False,,C,OTHER MOTOR VEHICLE,,1,0,A,DAYLIGHT,,,,,,,A,NO PEDESTRIANS INVOLVED,,A,21453A,,,BANCROFT AV,2,,,A,,,82ND AV,,,A,10/11/2024 2:05:07 PM,1/28/2025 11:55:13 AM,,,2,,,,,,,
4428282,24-034751,2,False,0109,7/12/2024 10:50:00 AM,1050,23X,14,109,Oakland,1,True,True,H,OTHER,,Friday,,,,,False,False,False,,E,PARKED MOTOR VEHICLE,,0,0,A,DAYLIGHT,,,,,,,A,NO PEDESTRIANS INVOLVED,,A,22106,,1,INTERNATIONAL BL,2,,,A,E,36.0,39TH AV,M,,A,10/11/2024 1:55:07 PM,1/28/2025 11:34:39 AM,,,2,,,,,,,
4428245,24-033376,3,False,0109,7/5/2024 6:19:00 AM,619,31X,14,109,Oakland,1,True,True,D,BROADSIDE,,Friday,,,,,False,True,False,,C,OTHER MOTOR VEHICLE,,1,0,A,DAYLIGHT,,,,,,,A,NO PEDESTRIANS INVOLVED,,A,21453A,,1,98TH AV,2,,,A,,,RT 880,,,A,10/11/2024 1:45:06 PM,1/28/2025 11:55:02 AM,,,2,,,,,,,
4428198,24-033070,2,False,0109,7/3/2024 11:16:00 AM,1116,04X,14,109,Oakland,1,True,True,D,BROADSIDE,,Wednesday,,,,,False,False,True,,C,OTHER MOTOR VEHICLE,,1,0,A,DAYLIGHT,,,,,,,A,NO PEDESTRIANS INVOLVED,,A,,,1,HARRISON ST,1,,,A,,,GRAND AV,,,A,10/11/2024 1:25:06 PM,1/28/2025 11:34:36 AM,,,2,,,,,,,
4428186,24-030143,2,False,0109,6/17/2024 3:46:00 PM,1546,17Y,14,109,Oakland,1,True,True,B,SIDE SWIPE,,Monday,,,,,False,False,False,,C,OTHER MOTOR VEHICLE,,1,0,A,DAYLIGHT,,,,,,,A,NO PEDESTRIANS INVOLVED,,A,22107,,1,PARK BL,1,,,A,N,20.0,CLEVELAND,F,,D,10/11/2024 1:20:05 PM,1/28/2025 11:34:36 AM,,,2,,,,,,,
4428156,24-029696,2,False,0109,6/15/2024 1:45:00 AM,145,27X,14,109,Oakland,1,True,True,B,SIDE SWIPE,,Saturday,,,M,,False,False,False,,C,OTHER MOTOR VEHICLE,,0,0,C,DARK-STREET LIGHTS,,,,,,,B,CROSSING IN CROSS WALK AT INTERSECTION,,A,22107,,1,50TH AV,2,,,A,N,25.0,INTERNATIONAL BL,F,,D,10/11/2024 1:05:05 PM,1/28/2025 11:34:36 AM,,,2,,,,,,,
4428147,24-032413,2,False,0109,6/29/2024 6:45:00 PM,1845,31X,14,109,Oakland,1,True,True,C,REAR END,,Saturday,,,,,False,False,False,,C,OTHER MOTOR VEHICLE,,0,0,A,DAYLIGHT,,,,,,,A,NO PEDESTRIANS INVOLVED,,A,22350,,1,HEGENBERGER RD,2,,,A,N,35.0,PARDEE DR,F,,D,10/11/2024 1:00:05 PM,1/28/2025 11:34:36 AM,,,2,,,,,,,
4428141,24-026824,2,False,0109,5/30/2024 4:18:00 PM,1618,19X,14,109,Oakland,1,True,True,D,BROADSIDE,,Thursday,,,,,False,False,False,,C,OTHER MOTOR VEHICLE,,0,0,A,DAYLIGHT,,,,,,,A,NO PEDESTRIANS INVOLVED,,A,21802A,,1,15TH AV,1,,,A,,,INTERNATIONAL BL,,,A,10/11/2024 12:55:05 PM,1/28/2025 11:34:36 AM,,,2,,,,,,,
4428124,24-030001,2,False,0109,6/16/2024 10:19:00 PM,2219,30X,14,109,Oakland,1,True,True,B,SIDE SWIPE,,Sunday,,,M,,False,False,True,,C,OTHER MOTOR VEHICLE,,0,0,C,DARK-STREET LIGHTS,,,,,,,A,NO PEDESTRIANS INVOLVED,,A,23152A,,1,78TH AV,2,,,A,S,60.0,WELD ST,F,,D,10/11/2024 12:45:05 PM,1/28/2025 11:34:36 AM,,,2,,,,,,,
4428116,24-014829,2,False,0109,3/24/2024 10:16:00 PM,2216,30X,14,109,Oakland,1,True,True,C,REAR END,,Sunday,,,,,False,False,True,,C,OTHER MOTOR VEHICLE,,0,0,C,DARK-STREET LIGHTS,,,,,,,A,NO PEDESTRIANS INVOLVED,,A,23152A,,1,73RD AV,2,,,A,N,15.0,GARFIELD AV,F,,A,10/11/2024 12:40:05 PM,1/28/2025 11:34:36 AM,,,2,,,,,,,
4427974,24-032537,2,False,0109,6/30/2024 12:28:00 PM,1228,32X,14,109,Oakland,1,True,True,B,SIDE SWIPE,,Sunday,,,M,,False,False,False,,C,OTHER MOTOR VEHICLE,,3,0,A,DAYLIGHT,,,,,,,A,NO PEDESTRIANS INVOLVED,,A,22107,,1,BANCROFT AV,2,,,A,,,108TH AV,,,A,10/11/2024 11:20:05 AM,1/28/2025 11:56:29 AM,,,2,,,,,,,
4427971,9370-2024-03086,1,False,9370,9/30/2024 2:20:00 AM,220,176,14,109,Oakland,1,True,True,C,REAR END,,Monday,Yes,False,,,False,True,False,ALAMEDA SUPERIOR COURT WILEY W. MANUEL COURTHOUSE,C,OTHER MOTOR VEHICLE,,1,0,C,DARK-STREET LIGHTS,37.735534,-122.19215,,,,,A,NO PEDESTRIANS INVOLVED,9/30/2024 2:20:00 AM,A,VC 23152(a),True,1,I-880 S/B,,,10/11/2024 11:19:20 AM,A,N,1500.0,98TH AVENUE,F,,D,10/11/2024 11:19:24 AM,10/11/2024 11:19:24 AM,False,True,4,,9/30/2024 2:21:00 AM,0221,False,,,True
4427963,24-030840,2,False,0109,6/21/2024 12:41:00 PM,1241,08X,14,109,Oakland,1,True,True,D,BROADSIDE,,Friday,,,,,False,False,False,,C,OTHER MOTOR VEHICLE,,1,0,A,DAYLIGHT,,,,,,,A,NO PEDESTRIANS INVOLVED,,A,21802A,,1,29TH ST,1,,,A,W,95.0,TELEGRAPH AV,F,,D,10/11/2024 11:10:04 AM,1/28/2025 11:56:29 AM,,,2,,,,,,,
4427953,24-031097,2,False,0109,6/22/2024 8:40:00 PM,2040,10X,14,109,Oakland,1,True,True,A,HEAD-ON,,Saturday,,,,,False,False,False,,G,BICYCLE,,1,0,D,DARK-NO STREET LIGHTS,,,,,,,A,NO PEDESTRIANS INVOLVED,,A,21801,,1,61ST ST,1,,,A,,,SAN PABLO AV,,,D,10/11/2024 11:05:04 AM,1/28/2025 11:56:29 AM,,,2,,,,,,,
4427636,24-038106,2,False,0109,7/30/2024 11:35:00 AM,1135,32X,14,109,Oakland,1,True,True,A,HEAD-ON,,Tuesday,,,M,,False,False,False,,E,PARKED MOTOR VEHICLE,,0,0,A,DAYLIGHT,,,,,,,A,NO PEDESTRIANS INVOLVED,,A,22106,,1,101ST AV,2,,,A,S,80.0,ROYAL ANN ST,F,,D,10/11/2024 8:50:02 AM,1/28/2025 11:55:03 AM,,,2,,,,,,,
4427618,24-037635,2,False,0109,7/28/2024 6:17:00 AM,617,10X,14,109,Oakland,1,True,True,C,REAR END,,Sunday,,,,,False,False,False,,E,PARKED MOTOR VEHICLE,,0,0,B,DUSK-DAWN,,,,,,,A,NO PEDESTRIANS INVOLVED,,A,21658A,,1,ARLINGTON AV,1,,,A,E,50.0,LOS ANGELES ST,F,,A,10/11/2024 8:45:02 AM,1/28/2025 11:55:03 AM,,,2,,,,,,,
4427601,24-033795,2,False,0109,7/6/2024 10:31:00 PM,2231,18Y`,14,109,Oakland,1,True,True,C,REAR END,,Saturday,,,M,,False,False,False,,E,PARKED MOTOR VEHICLE,,0,0,C,DARK-STREET LIGHTS,,,,,,,A,NO PEDESTRIANS INVOLVED,,A,22107,,1,21ST AV,1,,,A,S,30.0,E 24TH ST,F,,D,10/11/2024 8:40:02 AM,1/28/2025 11:55:04 AM,,,2,,,,,,,
4427599,24-033861,2,False,0109,7/7/2024 11:21:00 AM,1121,29X,14,109,Oakland,1,True,True,D,BROADSIDE,,Sunday,,,,,False,False,False,,C,OTHER MOTOR VEHICLE,,0,0,A,DAYLIGHT,,,,,,,A,NO PEDESTRIANS INVOLVED,,A,22450A,,1,BRANN ST,2,,,A,,,SEMINARY AV,,,C,10/11/2024 8:40:02 AM,1/28/2025 11:55:04 AM,,,2,,,,,,,
4427581,24-033330,2,False,0109,7/4/2024 11:46:00 PM,2346,07X,14,109,Oakland,1,True,True,C,REAR END,,Thursday,,,F,,False,False,False,,C,OTHER MOTOR VEHICLE,,0,0,C,DARK-STREET LIGHTS,,,,,,,A,NO PEDESTRIANS INVOLVED,,A,22107,,1,ADELINE ST,1,,,A,,,34TH ST,,,D,10/11/2024 8:35:02 AM,1/28/2025 11:55:04 AM,,,2,,,,,,,
4427568,24-034699,2,False,0109,7/12/2024 12:28:00 AM,28,04X,14,109,Oakland,1,True,True,A,HEAD-ON,,Friday,,,,,False,False,False,,C,OTHER MOTOR VEHICLE,,0,0,C,DARK-STREET LIGHTS,,,,,,,A,NO PEDESTRIANS INVOLVED,,A,21651B,,1,18TH ST,1,,,A,,,CASTRO ST,,,A,10/11/2024 8:30:02 AM,1/28/2025 11:55:04 AM,,,2,,,,,,,
4427548,24-034262,2,False,0109,7/9/2024 5:29:00 PM,1729,24X,14,109,Oakland,1,True,True,C,REAR END,,Tuesday,,,M,,False,False,False,,E,PARKED MOTOR VEHICLE,,0,0,A,DAYLIGHT,,,,,,,A,NO PEDESTRIANS INVOLVED,,A,22107,,1,38TH AV,2,,,A,S,5.0,PENNIMAN AV,F,,A,10/11/2024 8:25:02 AM,1/28/2025 11:55:04 AM,,,2,,,,,,,
4427534,24-034145,2,False,0109,7/9/2024 5:35:00 AM,535,02X,14,109,Oakland,1,True,True,D,BROADSIDE,,Tuesday,,,M,,False,False,False,,C,OTHER MOTOR VEHICLE,,0,0,A,DAYLIGHT,,,,,,,A,NO PEDESTRIANS INVOLVED,,A,21453A,,1,MARKET ST,1,,,A,,,6TH ST,,,A,10/11/2024 8:20:02 AM,1/28/2025 11:55:04 AM,,,2,,,,,,,
4427522,24-030992,2,False,0109,6/21/2024 10:10:00 PM,2210,10Y,14,109,Oakland,1,True,True,B,SIDE SWIPE,,Friday,,,M,,False,False,True,,E,PARKED MOTOR VEHICLE,,0,0,B,DUSK-DAWN,,,,,,,A,NO PEDESTRIANS INVOLVED,,A,22107,,1,45TH ST,1,,,A,W,155.0,MARTIN LUTHER KING JR,F,,D,10/11/2024 8:15:02 AM,1/28/2025 11:56:31 AM,,,2,,,,,,,
4427501,24-031143,2,False,0109,6/23/2024 6:55:00 AM,655,34X,14,109,Oakland,1,True,True,B,SIDE SWIPE,,Sunday,,,M,,False,False,False,,E,PARKED MOTOR VEHICLE,,0,0,A,DAYLIGHT,,,,,,,A,NO PEDESTRIANS INVOLVED,,A,22107,,1,BANCROFT AV,2,,,A,W,77.0,94TH AV,F,,D,10/11/2024 8:05:02 AM,1/28/2025 11:56:31 AM,,,2,,,,,,,
4427492,24-032602,2,False,0109,6/30/2024 9:12:00 PM,2112,03X,14,109,Oakland,1,True,True,D,BROADSIDE,,Sunday,,,,,False,False,False,,C,OTHER MOTOR VEHICLE,,0,0,A,DAYLIGHT,,,,,,,A,NO PEDESTRIANS INVOLVED,,A,21801A,,1,12TH ST,1,,,A,,,MARTIN LUTHER KING JR WY,,,A,10/11/2024 8:00:02 AM,1/28/2025 11:56:31 AM,,,2,,,,,,,
4427481,24-033967,2,False,0109,7/8/2024 12:21:00 AM,21,04X,14,109,Oakland,1,True,True,A,HEAD-ON,,Monday,,,,,False,False,False,,C,OTHER MOTOR VEHICLE,,0,0,C,DARK-STREET LIGHTS,,,,,,,A,NO PEDESTRIANS INVOLVED,,A,21453A,,1,17TH ST,1,,,A,,,BRUSH ST,,,A,10/11/2024 7:55:02 AM,1/28/2025 11:55:04 AM,,,2,,,,,,,
4427471,24-036395,2,False,0109,7/22/2024 7:00:00 AM,700,05X,14,109,Oakland,1,True,True,F,OVERTURNED,,Monday,,,,,False,False,True,,A,NON-COLLISION,,0,0,A,DAYLIGHT,,,,,,,A,NO PEDESTRIANS INVOLVED,,A,21750,,1,36TH ST,1,,,A,W,50.0,MARKET ST,F,,D,10/11/2024 7:50:01 AM,1/28/2025 11:55:04 AM,,,2,,,,,,,
4427461,24-035904,2,False,0109,7/18/2024 8:50:00 PM,2050,12X,14,109,Oakland,1,True,True,H,OTHER,,Thursday,,,,,False,False,False,,C,OTHER MOTOR VEHICLE,,0,0,B,DUSK-DAWN,,,,,,,A,NO PEDESTRIANS INVOLVED,,A,21801A,,1,52ND ST,1,,,A,,,DOVER ST,,,D,10/11/2024 7:45:01 AM,1/28/2025 11:55:04 AM,,,2,,,,,,,
4427447,24-035637,2,False,0109,7/17/2024 5:20:00 AM,520,34X,14,109,Oakland,1,True,True,A,HEAD-ON,,Wednesday,,,M,,False,False,True,,C,OTHER MOTOR VEHICLE,,0,0,A,DAYLIGHT,,,,,,,A,NO PEDESTRIANS INVOLVED,,A,22450A,,1,87TH AV,2,,,A,S,15.0,HOLLY ST,F,,D,10/11/2024 7:40:01 AM,1/28/2025 11:55:04 AM,,,2,,,,,,,
4427444,24-035163,2,False,0109,7/14/2024 9:06:00 PM,2106,19X,14,109,Oakland,1,True,True,B,SIDE SWIPE,,Sunday,,,,,False,False,True,,C,OTHER MOTOR VEHICLE,,0,0,C,DARK-STREET LIGHTS,,,,,,,A,NO PEDESTRIANS INVOLVED,,A,22450A,,1,15TH ST,1,,,A,,,3RD AV,,,A,10/11/2024 7:35:01 AM,1/28/2025 11:55:04 AM,,,2,,,,,,,
4427442,24-033364,2,False,0109,7/5/2024 5:00:00 AM,500,06X,14,109,Oakland,1,True,True,E,HIT OBJECT,,Friday,,,F,,False,False,False,,I,FIXED OBJECT,,0,0,C,DARK-STREET LIGHTS,,,,,,,A,NO PEDESTRIANS INVOLVED,,A,22107,,1,MACARTHUR BL,1,,,A,,,MARKET ST,,,D,10/11/2024 7:35:01 AM,1/28/2025 11:55:04 AM,,,2,,,,,,,
4427389,24-032657,2,False,0109,7/1/2024 2:00:00 PM,1400,07X,14,109,Oakland,1,True,True,D,BROADSIDE,,Monday,,,M,,False,False,False,,E,PARKED MOTOR VEHICLE,,0,0,C,DARK-STREET LIGHTS,,,,,,,A,NO PEDESTRIANS INVOLVED,,A,22350,,1,ADELINE ST,1,,,A,N,100.0,32ND ST,F,,C,10/11/2024 7:00:01 AM,1/28/2025 11:55:04 AM,,,2,,,,,,,
4427368,24-036107,2,False,0109,7/20/2024 11:53:00 AM,1153,15X,14,109,Oakland,1,True,True,D,BROADSIDE,,Saturday,,,,,False,False,True,,D,MOTOR VEHICLE ON OTHER ROADWAY,,0,0,A,DAYLIGHT,,,,,,,A,NO PEDESTRIANS INVOLVED,,A,21801A,,1,E 18TH ST,1,,,A,,,PARK BL,,,A,10/11/2024 6:55:01 AM,1/28/2025 11:55:04 AM,,,2,,,,,,,
4427361,24-036215,2,False,0109,7/20/2024 11:28:00 PM,2328,19X,14,109,Oakland,1,True,True,A,HEAD-ON,,Saturday,,,,,False,False,False,,I,FIXED OBJECT,,0,0,C,DARK-STREET LIGHTS,,,,,,,A,NO PEDESTRIANS INVOLVED,,A,22350,,1,KENNEDY ST,1,,,A,E,20.0,FREDERICK ST,F,,D,10/11/2024 6:50:01 AM,1/28/2025 11:55:04 AM,,,2,,,,,,,
4427359,24-033723,3,False,0109,7/6/2024 2:49:00 PM,1449,23X,14,109,Oakland,1,True,True,B,SIDE SWIPE,,Saturday,,,M,,False,False,False,,C,OTHER MOTOR VEHICLE,,1,0,A,DAYLIGHT,,,,,,,A,NO PEDESTRIANS INVOLVED,,A,221005,,1,FRUITVALE AV,2,,,A,N,60.0,INTERNATIONAL BL,F,,A,10/11/2024 6:50:01 AM,1/28/2025 11:55:04 AM,,,2,,,,,,,
4427352,24-033351,2,False,0109,7/5/2024 4:33:00 AM,433,26X,14,109,Oakland,1,True,True,A,HEAD-ON,,Friday,,,M,,False,False,False,,E,PARKED MOTOR VEHICLE,,0,0,B,DUSK-DAWN,,,,,,,A,NO PEDESTRIANS INVOLVED,,A,22107,,1,45TH AV,2,,,A,S,0.0,12TH ST,F,,D,10/11/2024 6:45:01 AM,1/28/2025 11:55:05 AM,,,2,,,,,,,
4427341,24-033581,2,False,0109,7/6/2024 10:00:00 AM,1000,32X,14,109,Oakland,1,True,True,B,SIDE SWIPE,,Saturday,,,M,,False,False,False,,D,MOTOR VEHICLE ON OTHER ROADWAY,,0,0,A,DAYLIGHT,,,,,,,A,NO PEDESTRIANS INVOLVED,,A,21453A,,1,MACARTHUR BL,2,,,A,,,106TH AV,,,A,10/11/2024 6:40:01 AM,1/28/2025 11:55:04 AM,,,2,,,,,,,
4427336,24-033522,2,False,0109,7/6/2024 12:36:00 AM,36,27X,14,109,Oakland,1,True,True,A,HEAD-ON,,Saturday,,,M,,False,False,False,,C,OTHER MOTOR VEHICLE,,0,0,B,DUSK-DAWN,,,,,,,A,NO PEDESTRIANS INVOLVED,,A,21453,,1,HAVENSCOURT BL,2,,,A,,,INTERNATIONAL BL,,,A,10/11/2024 6:40:01 AM,1/28/2025 11:55:04 AM,,,2,,,,,,,
4427328,24-038253,2,False,0109,7/31/2024 8:00:00 AM,800,33X,14,109,Oakland,1,True,True,C,REAR END,,Wednesday,,,M,,False,False,False,,E,PARKED MOTOR VEHICLE,,0,0,A,DAYLIGHT,,,,,,,A,NO PEDESTRIANS INVOLVED,,A,22106,,1,97TH AV,2,,,,N,100.0,A ST,F,,D,10/11/2024 6:35:00 AM,1/28/2025 11:55:05 AM,,,2,,,,,,,
4426972,9370-2024-03188,1,False,9370,10/8/2024 5:22:00 PM,1722,055,14,109,Oakland,1,True,True,B,SIDE SWIPE,,Tuesday,NotApplicable,False,,,False,True,False,ALAMEDA SUPERIOR COURT WILEY W. MANUEL COURTHOUSE,C,OTHER MOTOR VEHICLE,,0,0,A,DAYLIGHT,37.826753,-122.288031,,,,,A,NO PEDESTRIANS INVOLVED,10/8/2024 5:22:00 PM,B,UNSAFE MERGE,,1,I-580 WB TO I-80 EB,,,10/10/2024 5:18:04 PM,A,E,417.0,MANDELA PKY,F,,D,10/10/2024 5:18:06 PM,10/10/2024 5:18:06 PM,False,True,4,,10/8/2024 5:24:00 PM,1724,False,,,True
4426930,9370-2024-03180,1,False,9370,10/7/2024 12:40:00 PM,1240,176,14,109,Oakland,1,True,True,C,REAR END,,Monday,NotApplicable,False,,,False,True,False,ALAMEDA SUPERIOR COURT WILEY W. MANUEL COURTHOUSE,C,OTHER MOTOR VEHICLE,,0,0,A,DAYLIGHT,37.729119,-122.186097,,,,,A,NO PEDESTRIANS INVOLVED,10/7/2024 12:40:00 PM,A,VC 22350,False,1,I-880 N/B,,,10/10/2024 4:29:17 PM,A,S,1100.0,98TH AVENUE,F,,D,10/10/2024 4:29:20 PM,10/10/2024 4:29:20 PM,False,True,4,,10/7/2024 12:50:00 PM,1250,False,,,True