collision-id,report-number,report-version,is-preliminary,ncic-code,crash-date-time,crash-time-description,beat,city-id,city-code,city-name,county-code,city-is-active,city-is-incorporated,collision-type-code,collision-type-description,collision-type-other-desc,day-of-week,dispatch-notified,has-photographs,hit-run,is-attachments-mailed,is-deleted,is-highway-related,is-tow-away,judicial-district,motor-vehicle-involved-with-code,motor-vehicle-involved-with-desc,motor-vehicle-involved-with-other-desc,number-injured,number-killed,lighting-code,lighting-description,latitude,longitude,milepost-direction,milepost-distance,milepost-marker,milepost-unit-of-measure,pedestrian-action-code,pedestrian-action-desc,prepared-date,primary-collision-factor-code,primary-collision-factor-description,primary-collision-factor-is-cited,primary-collision-party-number,primary-road,reporting-district,reporting-district-code,reviewed-date,roadway-surface-code,secondary-direction,secondary-distance,secondary-road,secondary-unit-of-measure,sketch-desc,traffic-control-device-code,created-date,modified-date,is-county-road,is-freeway,chp-555-version,is-additonal-object-struck,notification-date,notification-time-description,has-digital-media-files,evidence-number,is-location-refer-to-narrative,is-aoi-one-same-as-location
4426927,9370-2024-03173,1,False,9370,10/7/2024 7:45:00 AM,745,176,14,109,Oakland,1,True,True,C,REAR END,,Monday,NotApplicable,False,,,False,True,True,ALAMEDA SUPERIOR COURT WILEY W. MANUEL COURTHOUSE,C,OTHER MOTOR VEHICLE,,1,0,A,DAYLIGHT,37.728865,-122.186032,,,,,A,NO PEDESTRIANS INVOLVED,10/7/2024 7:45:00 AM,A,VC 22350,False,1,I-880 N/B,,,10/10/2024 4:25:40 PM,A,S,1200.0,98TH AVENUE,F,,D,10/10/2024 4:25:44 PM,10/10/2024 4:25:44 PM,False,True,4,,10/7/2024 7:50:00 AM,0750,False,,,True
4426918,9370-2024-03193,1,False,9370,10/9/2024 7:20:00 AM,720,055,14,109,Oakland,1,True,True,F,OVERTURNED,,Wednesday,NotApplicable,False,,,False,True,False,ALAMEDA SUPERIOR COURT WILEY W. MANUEL COURTHOUSE,I,FIXED OBJECT,CONCRETE WALL,0,0,A,DAYLIGHT,37.824517,-122.266768,,,,,A,NO PEDESTRIANS INVOLVED,10/9/2024 7:20:00 AM,A,VC 22350,False,1,INTERSTATE 580 WESTBOUND TO SR-24 EASTBOUND,,,10/10/2024 4:17:55 PM,A,W,200.0,TELEGRAPH AVE,F,,D,10/10/2024 4:17:56 PM,10/10/2024 4:17:56 PM,False,True,4,,10/9/2024 7:25:00 AM,0725,False,,,True
4426914,9370-2024-03186,1,False,9370,10/8/2024 8:10:00 AM,810,177,14,109,Oakland,1,True,True,C,REAR END,,Tuesday,NotApplicable,False,,,False,True,False,ALAMEDA SUPERIOR COURT WILEY W. MANUEL COURTHOUSE,C,OTHER MOTOR VEHICLE,,0,0,A,DAYLIGHT,37.787742,-122.248878,,,,,A,NO PEDESTRIANS INVOLVED,10/8/2024 8:10:00 AM,A,VC 22350,False,1,INTERSTATE 880 SOUTHBOUND,,,10/10/2024 4:16:21 PM,A,N,1390.0,16TH AVE,F,,D,10/10/2024 4:16:22 PM,10/10/2024 4:16:22 PM,False,True,4,,10/8/2024 8:15:00 AM,0815,False,,,True
4426843,9370-2024-03131,1,False,9370,10/3/2024 7:21:00 AM,721,055,14,109,Oakland,1,True,True,B,SIDE SWIPE,,Thursday,NotApplicable,False,,,False,True,False,ALAMEDA SUPERIOR COURT ALAMEDA,C,OTHER MOTOR VEHICLE,,0,0,A,DAYLIGHT,37.827295,-122.296344,,,,,A,NO PEDESTRIANS INVOLVED,10/3/2024 7:21:00 AM,A,VC 21658(A),True,1,I-580 W/B,,,10/10/2024 3:22:25 PM,A,W,510.0,I-80 E/B U/C,F,,D,10/10/2024 3:22:26 PM,10/10/2024 3:22:26 PM,False,True,4,,10/3/2024 7:30:00 AM,0730,False,,True,
4426700,24-036817,2,False,0109,7/24/2024 9:42:00 AM,942,08X,14,109,Oakland,1,True,True,D,BROADSIDE,,Wednesday,,,,,False,False,False,,G,BICYCLE,,1,0,A,DAYLIGHT,,,,,,,,,,A,21453A,,1,27TH ST,1,,,A,,,NORTHGATE AV,,,A,10/10/2024 1:44:58 PM,1/28/2025 11:56:04 AM,,,2,,,,,,,
4426595,9370-2024-02675,1,False,9370,8/21/2024 6:07:00 PM,1807,053,14,109,Oakland,1,True,True,E,HIT OBJECT,,Wednesday,Yes,False,,,False,True,True,ALAMEDA SUPERIOR COURT WILEY W. MANUEL COURTHOUSE,I,FIXED OBJECT,CONCRETE BARRIER,1,0,A,DAYLIGHT,37.798928,-122.21951,,,,,A,NO PEDESTRIANS INVOLVED,8/21/2024 6:07:00 PM,A,VC 23152(a),True,1,I-580 W/B,,,10/10/2024 12:55:01 PM,A,W,700.0,FRUITVALE AVENUE,F,,D,10/10/2024 12:55:02 PM,10/10/2024 12:55:02 PM,False,True,4,,8/21/2024 6:17:00 PM,1817,False,,,True
4426274,24-038798,2,False,0109,8/4/2024 2:00:00 PM,1400,06X,14,109,Oakland,1,True,True,D,BROADSIDE,,Sunday,,,M,,False,False,False,,E,PARKED MOTOR VEHICLE,,0,0,A,DAYLIGHT,,,,,,,A,NO PEDESTRIANS INVOLVED,,A,22106,,1,APGAR ST,1,,,A,W,120.0,WEST MACARTHUR BL,F,,D,10/10/2024 10:19:56 AM,1/28/2025 11:55:02 AM,,,2,,,,,,,
4426037,9370-2024-03127,1,False,9370,10/3/2024 10:05:00 AM,1005,025,14,109,Oakland,1,True,True,B,SIDE SWIPE,,Thursday,Yes,False,,,False,True,False,ALAMEDA SUPERIOR COURT WILEY W. MANUEL COURTHOUSE,C,OTHER MOTOR VEHICLE,,0,0,A,DAYLIGHT,37.829995,-122.267381,,,,,A,NO PEDESTRIANS INVOLVED,10/3/2024 10:05:00 AM,A,VC 22107,False,1,STATE ROUTE 24 WESTBOUND,,,10/10/2024 8:43:40 AM,A,E,90.0,40TH ST,F,,D,10/10/2024 8:43:47 AM,10/10/2024 8:43:47 AM,False,True,4,,10/3/2024 10:10:00 AM,1010,False,,,True
4425908,9370-2024-03126,1,False,9370,10/3/2024 9:17:00 AM,917,052,14,109,Oakland,1,True,True,C,REAR END,,Thursday,NotApplicable,False,,,False,True,False,ALAMEDA SUPERIOR COURT WILEY W. MANUEL COURTHOUSE,C,OTHER MOTOR VEHICLE,,0,0,A,DAYLIGHT,37.778726,-122.16888,,,,,A,NO PEDESTRIANS INVOLVED,10/3/2024 9:17:00 AM,A,VC 22350,False,1,I-580 W/B,,,10/10/2024 7:42:35 AM,A,E,1625.0,SEMINARY AVE,F,,D,10/10/2024 7:42:37 AM,10/10/2024 7:42:37 AM,False,True,4,,10/3/2024 9:22:00 AM,0922,False,,,True
4425864,9370-2024-03121,1,False,9370,10/2/2024 9:50:00 AM,950,055,14,109,Oakland,1,True,True,B,SIDE SWIPE,,Wednesday,NotApplicable,False,,,False,True,False,ALAMEDA SUPERIOR COURT WILEY W. MANUEL COURTHOUSE,C,OTHER MOTOR VEHICLE,,0,0,C,DARK-STREET LIGHTS,37.825522,-122.274241,,,,,A,NO PEDESTRIANS INVOLVED,10/2/2024 9:50:00 AM,A,VC 21658(A),False,1,I-580 E/B,,,10/10/2024 7:14:11 AM,A,W,647.0,WEST ST,F,,D,10/10/2024 7:14:15 AM,10/10/2024 7:14:15 AM,False,True,4,,10/2/2024 9:52:00 AM,0952,False,,,True
4425830,9370-2024-03096,1,False,9370,10/1/2024 10:55:00 AM,1055,008,14,109,Oakland,1,True,True,B,SIDE SWIPE,,Tuesday,NotApplicable,False,,,False,True,False,ALAMEDA SUPERIOR COURT WILEY W. MANUEL COURTHOUSE,C,OTHER MOTOR VEHICLE,,1,0,A,DAYLIGHT,37.824881,-122.309942,,,,,A,NO PEDESTRIANS INVOLVED,10/1/2024 10:55:00 AM,A,VC 22350,False,1,I-80 W/B (EASTSHORE FREEWAY),,,10/10/2024 6:51:19 AM,A,E,1000.0,SFOBB TOLL PLAZA,F,,D,10/10/2024 6:51:21 AM,10/10/2024 6:51:21 AM,False,True,4,,10/1/2024 10:55:00 AM,1055,False,,,True
4425790,9370-2024-03088,1,False,9370,9/30/2024 6:50:00 AM,650,008,14,109,Oakland,1,True,True,C,REAR END,,Monday,NotApplicable,False,,,False,True,True,ALAMEDA SUPERIOR COURT WILEY W. MANUEL COURTHOUSE,C,OTHER MOTOR VEHICLE,,0,0,A,DAYLIGHT,37.826744,-122.299237,,,,,A,NO PEDESTRIANS INVOLVED,9/30/2024 6:50:00 AM,A,VC 22350,False,1,I-80 W/B,,,10/10/2024 6:20:06 AM,A,E,0.38,I-880 N/B,M,,D,10/10/2024 6:20:08 AM,10/10/2024 6:20:08 AM,False,True,4,,9/30/2024 6:50:00 AM,0650,False,,,True
4425777,9370-2024-03087,1,False,9370,9/29/2024 9:25:00 PM,2125,177,14,109,Oakland,1,True,True,F,OVERTURNED,,Sunday,Yes,False,,,False,True,True,ALAMEDA SUPERIOR COURT WILEY W. MANUEL COURTHOUSE,A,NON-COLLISION,,0,0,C,DARK-STREET LIGHTS,37.78632,-122.245941,,,,,A,NO PEDESTRIANS INVOLVED,9/29/2024 9:25:00 PM,A,VC 23152(a),True,1,I-880 S/B TO 16TH AVENUE,,,10/10/2024 5:50:52 AM,A,N,383.0,16TH AVENUE,F,,D,10/10/2024 5:50:56 AM,10/10/2024 5:50:56 AM,False,True,4,True,9/29/2024 9:26:00 PM,2126,True,AREA / EMBEDDED,,True
4425190,9335-2024-02270,1,False,9335,10/1/2024 6:15:00 PM,1815,084,14,109,Oakland,1,True,True,C,REAR END,,Tuesday,NotApplicable,False,,,False,True,True,ALAMEDA SUPERIOR COURT WILEY W. MANUEL COURTHOUSE,C,OTHER MOTOR VEHICLE,,0,0,B,DUSK-DAWN,37.822422,-122.321711,,,,,A,NO PEDESTRIANS INVOLVED,10/1/2024 6:15:00 PM,A,VC 22350,False,1,I-80 E/B,,,10/9/2024 1:58:32 PM,A,W,0.5,OAKLAND BAY BRIDGE TOLL PLAZA,M,,D,10/9/2024 1:58:40 PM,10/9/2024 1:58:40 PM,False,True,4,,10/1/2024 6:20:00 PM,1820,False,,,True
4425024,24017275,2,False,0109,4/8/2024 6:00:00 PM,1800,05Z,14,109,Oakland,1,True,True,B,SIDE SWIPE,,Monday,,,M,,False,False,False,,E,PARKED MOTOR VEHICLE,,0,0,A,DAYLIGHT,,,,,,,A,NO PEDESTRIANS INVOLVED,,A,22107,,1,UNION ST,1,,,A,S,100.0,21ST ST,F,,D,10/9/2024 12:59:51 PM,1/28/2025 11:52:31 AM,,,2,,,,,,,
4424871,9335-2024-02186,1,False,9335,8/27/2024 6:40:00 AM,640,081,14,109,Oakland,1,True,True,B,SIDE SWIPE,,Tuesday,NotApplicable,False,,,False,True,False,ALAMEDA SUPERIOR COURT ALAMEDA,C,OTHER MOTOR VEHICLE,,0,0,A,DAYLIGHT,37.824401,-122.314986,,,,,A,NO PEDESTRIANS INVOLVED,8/27/2024 6:40:00 AM,A,VC 21658(A),False,1,I-80 WB,,,10/9/2024 11:46:54 AM,A,W,335.0,TOLL PLAZA,F,,D,10/9/2024 11:47:04 AM,10/9/2024 11:47:04 AM,False,True,4,,9/23/2024 5:30:00 AM,0530,True,EMBEDDED,,True
4424845,24-035498,2,False,0109,7/16/2024 12:22:00 PM,1222,27Y,14,109,Oakland,1,True,True,B,SIDE SWIPE,,Tuesday,,,,,False,False,False,,C,OTHER MOTOR VEHICLE,,0,0,A,DAYLIGHT,,,,,,,A,NO PEDESTRIANS INVOLVED,,A,22107,,1,69TH AV,2,,,A,N,15.0,INTERNATIONAL BL,F,,D,10/9/2024 11:34:51 AM,1/28/2025 11:55:02 AM,,,2,,,,,,,
4424838,24-037620,2,False,0109,7/28/2024 4:53:00 AM,453,20X,14,109,Oakland,1,True,True,B,SIDE SWIPE,,Sunday,,,M,,False,False,False,,E,PARKED MOTOR VEHICLE,,0,0,C,DARK-STREET LIGHTS,,,,,,,A,NO PEDESTRIANS INVOLVED,,A,22107,,1,16TH ST,2,,,A,E,45.0,28TH AV,F,,D,10/9/2024 11:29:51 AM,1/28/2025 11:55:06 AM,,,2,,,,,,,
4424824,24-038717,2,False,0109,8/4/2024 2:37:00 AM,237,10Y,14,109,Oakland,1,True,True,C,REAR END,,Sunday,,,M,,False,False,True,,E,PARKED MOTOR VEHICLE,,0,0,C,DARK-STREET LIGHTS,,,,,,,A,NO PEDESTRIANS INVOLVED,,A,21658A,,1,WEST ST,1,,,A,N,50.0,45TH ST,F,,A,10/9/2024 11:24:50 AM,1/28/2025 11:55:02 AM,,,2,,,,,,,
4424821,24-033835,2,False,0109,7/7/2024 5:00:00 AM,500,32X,14,109,Oakland,1,True,True,C,REAR END,,Sunday,,,M,,False,False,False,,E,PARKED MOTOR VEHICLE,,0,0,A,DAYLIGHT,,,,,,,A,NO PEDESTRIANS INVOLVED,,A,22107,,1,INTERNATIONAL BL,2,,,A,E,50.0,99TH AV,F,,D,10/9/2024 11:24:50 AM,1/28/2025 11:55:02 AM,,,2,,,,,,,
4424790,24-038757,2,False,0109,8/4/2024 5:06:00 AM,506,32X,14,109,Oakland,1,True,True,D,BROADSIDE,,Sunday,,,M,,False,False,False,,E,PARKED MOTOR VEHICLE,,0,0,B,DUSK-DAWN,,,,,,,A,NO PEDESTRIANS INVOLVED,,A,22107,,1,105TH AVE,2,,,A,,,E ST,,,A,10/9/2024 11:14:50 AM,1/28/2025 11:55:02 AM,,,2,,,,,,,
4424502,24-033335,2,False,0109,7/4/2024 11:22:00 PM,2322,26Y,14,109,Oakland,1,True,True,G,VEHICLE/PEDESTRAIN,,Thursday,,,F,,False,False,False,,B,PEDESTRIAN,,1,0,D,DARK-NO STREET LIGHTS,,,,,,,C,CROSSING IN CROSS WALK - NOT AT INTERSECTION,,A,22107,,1,INTERNATIONAL BL,2,,,A,E,1.0,SEMINARY AV,M,,D,10/9/2024 9:24:48 AM,1/28/2025 11:55:14 AM,,,2,,,,,,,
4424457,24-033594,2,False,0109,7/6/2024 12:04:00 PM,1204,26X,14,109,Oakland,1,True,True,D,BROADSIDE,,Saturday,,,,,False,False,False,,C,OTHER MOTOR VEHICLE,,2,0,A,DAYLIGHT,,,,,,,A,NO PEDESTRIANS INVOLVED,,A,21800D,,1,INTERNATIONAL BL,2,,,A,,,46TH AV,,,B,10/9/2024 9:04:48 AM,1/28/2025 11:55:13 AM,,,2,,,,,,,
4424370,24-033302,2,False,0109,7/4/2024 8:54:00 PM,2054,27X,14,109,Oakland,1,True,True,A,HEAD-ON,,Thursday,,,,,False,False,False,,C,OTHER MOTOR VEHICLE,,2,0,C,DARK-STREET LIGHTS,,,,,,,A,NO PEDESTRIANS INVOLVED,,A,21802A,,1,BOND ST,2,,,A,,,46TH AV,,,A,10/9/2024 8:29:48 AM,1/28/2025 11:55:13 AM,,,2,,,,,,,
4424361,24-033506,2,False,0109,7/5/2024 9:03:00 PM,2103,23X,14,109,Oakland,1,True,True,A,HEAD-ON,,Friday,,,,,False,False,False,,C,OTHER MOTOR VEHICLE,,2,0,C,DARK-STREET LIGHTS,,,,,,,A,NO PEDESTRIANS INVOLVED,,A,21801A,,1,HIGH ST,2,,,A,,,SAN LEANDRO ST,,,A,10/9/2024 8:24:47 AM,1/28/2025 11:55:13 AM,,,2,,,,,,,
4424350,24-030151,2,False,0109,6/17/2024 4:15:00 PM,1615,12X,14,109,Oakland,1,True,True,H,OTHER,,Monday,,,,,False,False,False,,G,BICYCLE,,1,0,A,DAYLIGHT,,,,,,,A,NO PEDESTRIANS INVOLVED,,A,22107,,1,52ND ST,1,,,A,,,SHATTUCK AV,,,A,10/9/2024 8:19:47 AM,1/28/2025 11:55:14 AM,,,2,,,,,,,
4424346,24-033359,2,False,0109,7/5/2024 3:07:00 AM,307,06X,14,109,Oakland,1,True,True,G,VEHICLE/PEDESTRAIN,,Friday,,,F,,False,False,False,,B,PEDESTRIAN,,1,0,A,DAYLIGHT,,,,,,,E,IN ROAD - INCLUDES SHOULDER,,A,22107,,1,W MACARTHUR BL,1,,,A,,,MARKET ST,,,A,10/9/2024 8:14:48 AM,1/28/2025 11:55:13 AM,,,2,,,,,,,
4424344,24-027682,2,False,0109,6/4/2024 4:43:00 PM,1643,02X,14,109,Oakland,1,True,True,D,BROADSIDE,,Tuesday,,,,,False,False,False,,C,OTHER MOTOR VEHICLE,,2,0,A,DAYLIGHT,,,,,,,A,NO PEDESTRIANS INVOLVED,,A,21453A,,1,5TH ST,1,,,A,,,BRUSH ST,,,A,10/9/2024 8:14:47 AM,1/28/2025 11:55:15 AM,,,2,,,,,,,
4424331,24-034767,2,False,0109,7/12/2024 12:02:00 PM,1202,12Y,14,109,Oakland,1,True,True,A,HEAD-ON,,Friday,,,,,False,False,False,,C,OTHER MOTOR VEHICLE,,1,0,A,DAYLIGHT,,,,,,,A,NO PEDESTRIANS INVOLVED,,A,21801A,,1,26TH ST,1,,,A,,,SAN PABLO AV,,,D,10/9/2024 8:09:48 AM,1/28/2025 11:55:13 AM,,,2,,,,,,,
4424323,9370-2024-03170,1,False,9370,10/6/2024 7:38:00 PM,1938,055,14,109,Oakland,1,True,True,C,REAR END,,Sunday,NotApplicable,False,,,False,True,True,ALAMEDA SUPERIOR COURT WILEY W. MANUEL COURTHOUSE,C,OTHER MOTOR VEHICLE,,1,0,C,DARK-STREET LIGHTS,37.826468,-122.287524,,,,,A,NO PEDESTRIANS INVOLVED,10/6/2024 7:38:00 PM,A,VC 22350,False,1,I-580 E/B,,,10/9/2024 8:07:08 AM,A,E,450.0,MANDELA PARKWAY,F,,D,10/9/2024 8:07:13 AM,10/9/2024 8:07:13 AM,False,True,4,,10/6/2024 7:38:00 PM,1938,False,,,True
4424320,24-034233,2,False,0109,7/9/2024 3:18:00 PM,1518,04X,14,109,Oakland,1,True,True,D,BROADSIDE,,Tuesday,,,,,False,False,False,,C,OTHER MOTOR VEHICLE,,1,0,A,DAYLIGHT,,,,,,,A,NO PEDESTRIANS INVOLVED,,A,21453A,,1,21ST ST,1,,,A,,,WEBSTER ST,,,A,10/9/2024 8:04:48 AM,1/28/2025 11:55:13 AM,,,2,,,,,,,
4424307,24-033500,2,False,0109,7/5/2024 8:48:00 PM,2048,05X,14,109,Oakland,1,True,True,D,BROADSIDE,,Friday,,,,,False,False,False,,C,OTHER MOTOR VEHICLE,,1,0,B,DUSK-DAWN,,,,,,,A,NO PEDESTRIANS INVOLVED,,A,21453A,,1,18TH ST,1,,,A,,,BRUSH ST,,,A,10/9/2024 7:59:47 AM,1/28/2025 11:55:13 AM,,,2,,,,,,,
4424290,24-033708,2,False,0109,7/6/2024 1:25:00 PM,1325,,14,109,Oakland,1,True,True,A,HEAD-ON,,Saturday,,,,,False,False,False,,I,FIXED OBJECT,,1,0,A,DAYLIGHT,,,,,,,A,NO PEDESTRIANS INVOLVED,,A,22107,,1,ENTERPRISE WY,2,,,A,E,50.0,EDES AV,F,,D,10/9/2024 7:54:47 AM,1/28/2025 11:55:13 AM,,,2,,,,,,,
4424223,24-035494,2,False,0109,7/16/2024 12:00:00 PM,1200,21X,14,109,Oakland,1,True,True,D,BROADSIDE,,Tuesday,,,,,False,False,False,,C,OTHER MOTOR VEHICLE,,1,0,A,DAYLIGHT,,,,,,,A,NO PEDESTRIANS INVOLVED,,A,22450A,,1,23RD AV,2,,,A,,,E 26TH ST,,,A,10/9/2024 7:19:46 AM,1/28/2025 11:55:13 AM,,,2,,,,,,,
4424219,24-035647,2,False,0109,7/17/2024 8:52:00 AM,852,06X,14,109,Oakland,1,True,True,D,BROADSIDE,,Wednesday,,,,,False,False,False,,C,OTHER MOTOR VEHICLE,,3,0,A,DAYLIGHT,,,,,,,A,NO PEDESTRIANS INVOLVED,,A,21453A,,1,36TH ST,1,,,A,,,WEST ST,,,A,10/9/2024 7:14:46 AM,1/28/2025 11:55:13 AM,,,2,,,,,,,
4424198,24-035164,2,False,0109,7/14/2024 9:02:00 PM,2102,33X,14,109,Oakland,1,True,True,D,BROADSIDE,,Sunday,,,M,,False,False,False,,C,OTHER MOTOR VEHICLE,,3,0,C,DARK-STREET LIGHTS,,,,,,,A,NO PEDESTRIANS INVOLVED,,A,22450A,,1,INTERNATIONAL BL,2,,,A,,,91ST AV,,,D,10/9/2024 7:04:46 AM,1/28/2025 11:55:13 AM,,,2,,,,,,,
4424195,9370-2024-03143,1,False,9370,10/4/2024 12:40:00 AM,40,178,14,109,Oakland,1,True,True,E,HIT OBJECT,,Friday,NotApplicable,False,,,False,True,False,ALAMEDA SUPERIOR COURT WILEY W. MANUEL COURTHOUSE,J,OTHER OBJECT,TIRE TREAD,0,0,D,DARK-NO STREET LIGHTS,37.802281,-122.297925,,,,,A,NO PEDESTRIANS INVOLVED,10/4/2024 12:40:00 AM,C,,,,I-880 N/B (NIMITZ FREEWAY),,,10/9/2024 7:03:20 AM,A,N,1400.0,MANDELA PARKWAY,F,,D,10/9/2024 7:03:29 AM,10/9/2024 7:03:29 AM,False,True,4,,10/4/2024 12:45:00 AM,0045,False,,,True
4424188,9370-2024-03144,1,False,9370,10/4/2024 12:35:00 AM,35,177,14,109,Oakland,1,True,True,E,HIT OBJECT,,Friday,NotApplicable,False,,,False,True,False,ALAMEDA SUPERIOR COURT WILEY W. MANUEL COURTHOUSE,J,OTHER OBJECT,DARK OBJECT DEBRIS,0,0,C,DARK-STREET LIGHTS,37.802944,-122.300248,,,,,A,NO PEDESTRIANS INVOLVED,10/4/2024 12:35:00 AM,C,,,,I-880 N/B (NIMITZ FREEWAY),,,10/9/2024 6:55:03 AM,A,S,2100.0,7TH STREET,F,,D,10/9/2024 6:55:06 AM,10/9/2024 6:55:06 AM,False,True,4,,10/4/2024 12:38:00 AM,0038,False,,,True
4424183,24-035859,2,False,0109,7/18/2024 1:39:00 PM,1339,04X,14,109,Oakland,1,True,True,C,REAR END,,Thursday,,,M,,False,False,False,,C,OTHER MOTOR VEHICLE,,1,0,A,DAYLIGHT,,,,,,,A,NO PEDESTRIANS INVOLVED,,A,21801A,,1,BROADWAY AV,1,,,A,,,20TH ST,,,D,10/9/2024 6:49:46 AM,1/28/2025 11:55:13 AM,,,2,,,,,,,
4424171,24-036026,2,False,0109,7/19/2024 9:36:00 PM,2136,29X,14,109,Oakland,1,True,True,D,BROADSIDE,,Friday,,,,,False,False,False,,C,OTHER MOTOR VEHICLE,,1,0,C,DARK-STREET LIGHTS,,,,,,,A,NO PEDESTRIANS INVOLVED,,A,21802A,,1,OVERDALE AV,2,,,A,,,SEMINARY AV,,,A,10/9/2024 6:34:46 AM,1/28/2025 11:55:13 AM,,,2,,,,,,,
4424161,24-029958,2,False,0109,6/16/2024 5:07:00 PM,1707,18Y,14,109,Oakland,1,True,True,G,VEHICLE/PEDESTRAIN,,Sunday,,,M,,False,False,False,,B,PEDESTRIAN,,1,0,A,DAYLIGHT,,,,,,,C,CROSSING IN CROSS WALK - NOT AT INTERSECTION,,A,21950A,,1,E 22ND ST,1,,,A,,,23RD AV,,,D,10/9/2024 6:29:46 AM,1/28/2025 11:55:14 AM,,,2,,,,,,,
4424148,24-36673,2,False,0109,7/23/2024 3:12:00 PM,1512,30X,14,109,Oakland,1,True,True,C,REAR END,,Tuesday,,,M,,False,False,False,,C,OTHER MOTOR VEHICLE,,1,0,A,DAYLIGHT,,,,,,,A,NO PEDESTRIANS INVOLVED,,A,22107,,1,BANCROFT AV,2,,,A,,,73RD AV,,,A,10/9/2024 6:19:45 AM,1/28/2025 11:55:12 AM,,,2,,,,,,,
4424143,24-030141,2,False,0109,6/17/2024 3:45:00 PM,1545,33X,14,109,Oakland,1,True,True,D,BROADSIDE,,Monday,,,F,,False,False,False,,C,OTHER MOTOR VEHICLE,,1,0,A,DAYLIGHT,,,,,,,A,NO PEDESTRIANS INVOLVED,,A,22450A,,1,98TH AV,2,,,A,S,5.0,C ST,F,,D,10/9/2024 6:14:45 AM,1/28/2025 11:55:14 AM,,,2,,,,,,,
4424139,24-035868,2,False,0109,7/18/2024 3:06:00 PM,1506,03X,14,109,Oakland,1,True,True,D,BROADSIDE,,Thursday,,,,,False,False,False,,C,OTHER MOTOR VEHICLE,,1,0,A,DAYLIGHT,,,,,,,A,NO PEDESTRIANS INVOLVED,,A,21453A,,1,14TH ST,1,,,A,,,FRANKLIN ST,,,A,10/9/2024 6:09:45 AM,1/28/2025 11:55:12 AM,,,2,,,,,,,
4424131,24-034605,2,False,0109,7/11/2024 11:15:00 AM,1115,31Y,14,109,Oakland,1,True,True,H,OTHER,,Thursday,,,F,,False,False,False,,G,BICYCLE,,1,0,A,DAYLIGHT,,,,,,,B,CROSSING IN CROSS WALK AT INTERSECTION,,A,22107,,1,HEGENBERGER RD,2,,,A,,,HEGENBERGER LOOP,,,A,10/9/2024 5:59:45 AM,1/28/2025 11:55:12 AM,,,2,,,,,,,
4423769,9370-2024-03133,1,False,9370,10/3/2024 6:00:00 PM,1800,013,14,109,Oakland,1,True,True,C,REAR END,,Thursday,NotApplicable,False,,,False,True,False,ALAMEDA SUPERIOR COURT WILEY W. MANUEL COURTHOUSE,C,OTHER MOTOR VEHICLE,,0,0,A,DAYLIGHT,37.782951,-122.17754,,,,,A,NO PEDESTRIANS INVOLVED,10/3/2024 6:00:00 PM,A,VC 22350,False,1,SR-13 S/B TO I-580 E/B,,,10/8/2024 7:54:27 PM,A,N,1087.0,SEMINARY AVE,F,,D,10/8/2024 7:54:31 PM,10/8/2024 7:54:31 PM,False,True,4,False,10/3/2024 6:07:00 PM,1807,False,,,True
4423768,9370-2024-03109,1,False,9370,10/2/2024 6:15:00 AM,615,053,14,109,Oakland,1,True,True,D,BROADSIDE,,Wednesday,Yes,False,,,False,True,True,ALAMEDA SUPERIOR COURT WILEY W. MANUEL COURTHOUSE,B,PEDESTRIAN,,2,0,D,DARK-NO STREET LIGHTS,37.799601,-122.223262,,,,,E,IN ROAD - INCLUDES SHOULDER,10/2/2024 6:15:00 AM,C,,,,INTERSTATE 580 EASTBOUND,,,10/8/2024 7:52:43 PM,A,W,1840.0,FRUITVALW AVE,F,,D,10/8/2024 7:52:48 PM,10/8/2024 7:52:48 PM,False,True,4,,10/2/2024 6:20:00 AM,0620,False,,,True
4423763,9335-2024-02271,2,False,9335,10/2/2024 7:25:00 AM,725,081,14,109,Oakland,1,True,True,C,REAR END,,Wednesday,NotApplicable,False,M,,False,True,False,ALAMEDA SUPERIOR COURT WILEY W. MANUEL COURTHOUSE,C,OTHER MOTOR VEHICLE,,0,0,A,DAYLIGHT,37.824183,-122.316436,,,,,A,NO PEDESTRIANS INVOLVED,10/2/2024 7:25:00 AM,A,VC 22350,False,1,I-80 W/B,,,10/25/2024 7:24:55 AM,A,W,758.0,TOLL PLAZA BOOTHS,F,,D,10/8/2024 7:35:00 PM,10/25/2024 7:24:57 AM,False,True,4,,10/2/2024 7:26:00 AM,0726,True,20240438,,True
4423727,9370-2024-03134,1,False,9370,10/3/2024 7:47:00 PM,1947,013,14,109,Oakland,1,True,True,B,SIDE SWIPE,,Thursday,NotApplicable,False,M,,False,True,False,ALAMEDA SUPERIOR COURT WILEY W. MANUEL COURTHOUSE,C,OTHER MOTOR VEHICLE,,0,0,A,DAYLIGHT,37.790506,-122.181232,,,,,A,NO PEDESTRIANS INVOLVED,10/3/2024 7:47:00 PM,A,VC 21658(a),False,1,SR-13 S/B,,,10/8/2024 6:17:11 PM,A,S,1218.0,CARSON ST,F,,D,10/8/2024 6:17:16 PM,10/8/2024 6:17:16 PM,False,True,4,,10/3/2024 7:48:00 PM,1948,False,,,True
4423721,9370-2024-03112,2,False,9370,10/2/2024 7:40:00 AM,740,052,14,109,Oakland,1,True,True,B,SIDE SWIPE,,Wednesday,NotApplicable,False,,,False,True,False,ALAMEDA SUPERIOR COURT WILEY W. MANUEL COURTHOUSE,C,OTHER MOTOR VEHICLE,,0,0,A,DAYLIGHT,37.749778,-122.151196,,,,,A,NO PEDESTRIANS INVOLVED,10/2/2024 7:40:00 AM,A,VC 22350,False,1,INTERSTATE 580 WESTBOUND,,,10/10/2024 4:09:48 PM,A,E,1300.0,GOLF LINKS RD,F,,D,10/8/2024 5:58:12 PM,10/10/2024 4:09:50 PM,False,True,4,,10/2/2024 7:45:00 AM,0745,False,,,True