collision-id,report-number,report-version,is-preliminary,ncic-code,crash-date-time,crash-time-description,beat,city-id,city-code,city-name,county-code,city-is-active,city-is-incorporated,collision-type-code,collision-type-description,collision-type-other-desc,day-of-week,dispatch-notified,has-photographs,hit-run,is-attachments-mailed,is-deleted,is-highway-related,is-tow-away,judicial-district,motor-vehicle-involved-with-code,motor-vehicle-involved-with-desc,motor-vehicle-involved-with-other-desc,number-injured,number-killed,lighting-code,lighting-description,latitude,longitude,milepost-direction,milepost-distance,milepost-marker,milepost-unit-of-measure,pedestrian-action-code,pedestrian-action-desc,prepared-date,primary-collision-factor-code,primary-collision-factor-description,primary-collision-factor-is-cited,primary-collision-party-number,primary-road,reporting-district,reporting-district-code,reviewed-date,roadway-surface-code,secondary-direction,secondary-distance,secondary-road,secondary-unit-of-measure,sketch-desc,traffic-control-device-code,created-date,modified-date,is-county-road,is-freeway,chp-555-version,is-additonal-object-struck,notification-date,notification-time-description,has-digital-media-files,evidence-number,is-location-refer-to-narrative,is-aoi-one-same-as-location
4440801,24-041835,2,False,0109,8/20/2024 8:31:00 PM,2031,31Y,14,109,Oakland,1,True,True,A,HEAD-ON,,Tuesday,,,M,,False,False,True,,E,PARKED MOTOR VEHICLE,,0,0,C,DARK-STREET LIGHTS,,,,,,,A,NO PEDESTRIANS INVOLVED,,A,22107,,1,LOUVAINE AV,2,,,A,N,50.0,BERNHARDT DR,F,,D,10/22/2024 1:11:17 PM,1/28/2025 11:59:29 AM,,,2,,,,,,,
4440769,24-039195,2,False,0109,8/7/2024 12:01:00 AM,1,20X,14,109,Oakland,1,True,True,C,REAR END,,Wednesday,,,,,False,False,False,,C,OTHER MOTOR VEHICLE,,0,0,C,DARK-STREET LIGHTS,,,,,,,A,NO PEDESTRIANS INVOLVED,,A,22350,,1,INTERNATIONAL BL,2,,,A,,,28TH AV,,,A,10/22/2024 12:56:17 PM,1/28/2025 11:59:29 AM,,,2,,,,,,,
4440758,24-039236,2,False,0109,8/7/2024 8:40:00 AM,840,08X,14,109,Oakland,1,True,True,D,BROADSIDE,,Wednesday,,,,,False,False,False,,C,OTHER MOTOR VEHICLE,,0,0,A,DAYLIGHT,,,,,,,A,NO PEDESTRIANS INVOLVED,,A,21453A,,1,WEBSTER ST,1,,,A,,,WEST MACARTHUR BL,,,A,10/22/2024 12:51:17 PM,1/28/2025 11:59:29 AM,,,2,,,,,,,
4440746,24-042387,2,False,0109,8/24/2024 3:45:00 AM,345,29X,14,109,Oakland,1,True,True,B,SIDE SWIPE,,Saturday,,,,,False,False,False,,I,FIXED OBJECT,,0,0,C,DARK-STREET LIGHTS,,,,,,,A,NO PEDESTRIANS INVOLVED,,A,22107,,1,EDWARDS AV,2,,,B,N,150.0,MOUNTAIN BL,F,,A,10/22/2024 12:46:17 PM,1/28/2025 11:59:29 AM,,,2,,,,,,,
4440735,24-041875,2,False,0109,8/21/2024 7:47:00 AM,747,01X,14,109,Oakland,1,True,True,C,REAR END,,Wednesday,,,,,False,False,False,,C,OTHER MOTOR VEHICLE,,0,0,A,DAYLIGHT,,,,,,,A,NO PEDESTRIANS INVOLVED,,A,22350,,1,6TH ST,1,,,A,S,6.0,BROADWAY,F,,A,10/22/2024 12:41:17 PM,1/28/2025 11:59:29 AM,,,2,,,,,,,
4440695,24-034057,2,False,0109,7/8/2024 1:38:00 PM,1338,34X,14,109,Oakland,1,True,True,B,SIDE SWIPE,,Monday,,,,,False,False,False,,C,OTHER MOTOR VEHICLE,,4,0,A,DAYLIGHT,,,,,,,A,NO PEDESTRIANS INVOLVED,,A,22107,,1,85TH AV,2,,,A,,,INTERNATIONAL BL,,,A,10/22/2024 12:26:17 PM,1/28/2025 11:59:33 AM,,,2,,,,,,,
4440679,24-036493,2,False,0109,7/22/2024 5:00:00 PM,1700,12X,14,109,Oakland,1,True,True,C,REAR END,,Monday,,,,,False,False,False,,C,OTHER MOTOR VEHICLE,,1,0,A,DAYLIGHT,,,,,,,A,NO PEDESTRIANS INVOLVED,,A,22350,,1,CLAREMONT AV,1,,,A,S,10.0,FOREST ST,F,,A,10/22/2024 12:21:17 PM,1/28/2025 11:59:33 AM,,,2,,,,,,,
4440612,9370-2024-03281,1,False,9370,10/16/2024 7:15:00 AM,715,176,14,109,Oakland,1,True,True,C,REAR END,,Wednesday,NotApplicable,False,,,False,True,False,ALAMEDA SUPERIOR COURT WILEY W. MANUEL COURTHOUSE,C,OTHER MOTOR VEHICLE,,1,0,B,DUSK-DAWN,37.774246,-122.231018,,,,,A,NO PEDESTRIANS INVOLVED,10/16/2024 7:15:00 AM,A,VC 22350,False,1,I-880 N/B,,,10/22/2024 11:45:24 AM,A,S,800.0,29TH AVE O/C,F,,D,10/22/2024 11:45:27 AM,10/22/2024 11:45:27 AM,False,True,4,,10/16/2024 7:18:00 AM,0718,False,,,True
4440583,9370-2024-03280,1,False,9370,10/16/2024 6:55:00 AM,655,008,14,109,Oakland,1,True,True,C,REAR END,,Wednesday,NotApplicable,False,,,False,True,False,ALAMEDA SUPERIOR COURT WILEY W. MANUEL COURTHOUSE,C,OTHER MOTOR VEHICLE,,0,0,A,DAYLIGHT,37.824611,-122.307831,,,,,A,NO PEDESTRIANS INVOLVED,10/16/2024 6:55:00 AM,A,VC 22350,False,1,I-80 W/B,,,10/22/2024 11:34:00 AM,A,E,300.0,WEST GRAND AVE,F,,D,10/22/2024 11:34:03 AM,10/22/2024 11:34:03 AM,False,True,4,,10/16/2024 7:00:00 AM,0700,False,,,True
4440523,9370-2024-03264,1,False,9370,10/15/2024 9:45:00 AM,945,176,14,109,Oakland,1,True,True,C,REAR END,,Tuesday,NotApplicable,False,,,False,True,True,ALAMEDA SUPERIOR COURT WILEY W. MANUEL COURTHOUSE,C,OTHER MOTOR VEHICLE,,1,0,A,DAYLIGHT,37.76435,-122.216997,,,,,A,NO PEDESTRIANS INVOLVED,10/15/2024 9:45:00 AM,A,VC 22350,False,1,I-880 N/B TO HIGH STREET,,,10/22/2024 11:09:04 AM,A,S,1600.0,HIGH STREET,F,,D,10/22/2024 11:09:06 AM,10/22/2024 11:09:06 AM,False,True,4,,10/15/2024 9:50:00 AM,0950,False,,,True
4440513,24-035551,2,False,0109,7/16/2024 5:30:00 PM,1730,30X,14,109,Oakland,1,True,True,D,BROADSIDE,,Tuesday,,,,,False,False,False,,C,OTHER MOTOR VEHICLE,,2,0,A,DAYLIGHT,,,,,,,A,NO PEDESTRIANS INVOLVED,,A,21802A,,1,BANCROFT AV,2,,,A,,,81ST AV,,,A,10/22/2024 11:06:16 AM,1/28/2025 11:59:33 AM,,,2,,,,,,,
4440505,9370-2024-02877,1,False,9370,9/10/2024 12:55:00 PM,1255,052,14,109,Oakland,1,True,True,E,HIT OBJECT,,Tuesday,Yes,False,,,False,True,True,ALAMEDA SUPERIOR COURT WILEY W. MANUEL COURTHOUSE,I,FIXED OBJECT,GUARDRAIL,0,1,A,DAYLIGHT,37.783851,-122.182674,,,,,A,NO PEDESTRIANS INVOLVED,9/10/2024 12:55:00 PM,A,VC 23152(F),False,1,INTERSTATE 580 EASTBOUND,,,10/22/2024 11:04:08 AM,A,W,1225.0,STATE ROUTE 13 OVERCROSSING,F,,D,10/22/2024 11:04:10 AM,10/22/2024 11:04:10 AM,False,True,4,,9/10/2024 1:00:00 PM,1300,True,AREA PHOTO FILE,,True
4440498,24-035759,2,False,0109,7/17/2024 9:32:00 PM,2132,28X,14,109,Oakland,1,True,True,A,HEAD-ON,,Wednesday,,,,,False,False,False,,C,OTHER MOTOR VEHICLE,,2,0,C,DARK-STREET LIGHTS,,,,,,,A,NO PEDESTRIANS INVOLVED,,A,21802A,,1,HIGH ST,2,,,A,,,ALLENDALE AV,,,D,10/22/2024 11:01:16 AM,1/28/2025 11:59:33 AM,,,2,,,,,,,
4440486,24-037527,2,False,0109,7/27/2024 11:42:00 AM,1142,10Y,14,109,Oakland,1,True,True,D,BROADSIDE,,Saturday,,,,,False,False,False,,C,OTHER MOTOR VEHICLE,,1,0,A,DAYLIGHT,,,,,,,A,NO PEDESTRIANS INVOLVED,,A,21802A,,1,MARKET ST,1,,,A,,,43RD ST,,,A,10/22/2024 10:56:16 AM,1/28/2025 11:59:33 AM,,,2,,,,,,,
4440470,24-036214,2,False,0109,7/21/2024 10:50:00 PM,2250,06X,14,109,Oakland,1,True,True,D,BROADSIDE,,Sunday,,,F,,False,False,False,,C,OTHER MOTOR VEHICLE,,1,0,C,DARK-STREET LIGHTS,,,,,,,A,NO PEDESTRIANS INVOLVED,,A,21453A,,1,27TH ST,1,,,A,N,10.0,NORTHGATE AV,F,,A,10/22/2024 10:51:16 AM,1/28/2025 11:59:33 AM,,,2,,,,,,,
4440445,24-037674,2,False,0109,7/28/2024 12:14:00 PM,1214,02X,14,109,Oakland,1,True,True,D,BROADSIDE,,Sunday,,,,,False,False,False,,C,OTHER MOTOR VEHICLE,,1,0,A,DAYLIGHT,,,,,,,A,NO PEDESTRIANS INVOLVED,,A,21802A,,1,3RD ST,1,,,A,,,BRUSH ST,,,A,10/22/2024 10:41:16 AM,1/28/2025 11:59:33 AM,,,2,,,,,,,
4440432,24-037084,2,False,0109,7/25/2024 4:29:00 PM,1629,19X,14,109,Oakland,1,True,True,G,VEHICLE/PEDESTRAIN,,Thursday,,,M,,False,False,False,,B,PEDESTRIAN,,1,0,A,DAYLIGHT,,,,,,,B,CROSSING IN CROSS WALK AT INTERSECTION,,A,21950A,,1,19TH AV,1,,,A,,,INTERNATIONAL BL,,,A,10/22/2024 10:36:16 AM,1/28/2025 11:59:33 AM,,,2,,,,,,,
4440369,24-036384,2,False,0109,7/22/2024 3:23:00 AM,323,15X,14,109,Oakland,1,True,True,C,REAR END,,Monday,,,,,False,False,False,,C,OTHER MOTOR VEHICLE,,1,0,C,DARK-STREET LIGHTS,,,,,,,A,NO PEDESTRIANS INVOLVED,,A,22107,,1,LAKESHORE AV,1,,,A,S,35.0,WESLEY AV,F,,A,10/22/2024 10:16:16 AM,1/28/2025 11:59:33 AM,,,2,,,,,,,
4440333,9370-2024-03246,1,False,9370,10/12/2024 11:20:00 PM,2320,024,14,109,Oakland,1,True,True,E,HIT OBJECT,,Saturday,Yes,False,,,False,True,False,ALAMEDA SUPERIOR COURT WILEY W. MANUEL COURTHOUSE,I,FIXED OBJECT,CONCRETE BARRIER WALL,1,0,C,DARK-STREET LIGHTS,37.849695,-122.232008,,,,,A,NO PEDESTRIANS INVOLVED,10/12/2024 11:20:00 PM,A,VC 23152(A),True,1,SR-24 W/B TO SR-13 S/B,,,10/22/2024 10:03:34 AM,A,N,2977.0,BROADWAY TERRACE,F,,D,10/22/2024 10:03:35 AM,10/22/2024 10:03:35 AM,False,True,4,,10/12/2024 11:25:00 PM,2325,False,,,True
4439948,9370-2024-02999,1,False,9370,9/21/2024 12:00:00 PM,1200,176,14,109,Oakland,1,True,True,B,SIDE SWIPE,,Saturday,NotApplicable,False,M,,False,True,False,ALAMEDA SUPERIOR COURT WILEY W. MANUEL COURTHOUSE,C,OTHER MOTOR VEHICLE,,0,0,A,DAYLIGHT,37.772277,-122.225334,,,,,A,NO PEDESTRIANS INVOLVED,9/21/2024 12:00:00 PM,A,VC 21658(A),False,1,I-880 S/B,,,10/22/2024 7:38:01 AM,A,N,400.0,HIGH ST,F,,D,10/22/2024 7:38:02 AM,10/22/2024 7:38:02 AM,False,True,4,,9/21/2024 12:05:00 PM,1205,False,,,True
4439927,9370-2024-03153,1,False,9370,10/5/2024 2:45:00 PM,1445,176,14,109,Oakland,1,True,True,B,SIDE SWIPE,,Saturday,NotApplicable,False,M,,False,True,False,ALAMEDA SUPERIOR COURT WILEY W. MANUEL COURTHOUSE,C,OTHER MOTOR VEHICLE,,0,0,A,DAYLIGHT,37.763381,-122.216168,,,,,A,NO PEDESTRIANS INVOLVED,10/5/2024 2:45:00 PM,A,VC 21658(A),False,2,I-880 N/B,,,10/22/2024 7:28:20 AM,A,S,500.0,HIGH ST,F,,D,10/22/2024 7:28:22 AM,10/22/2024 7:28:22 AM,False,True,4,,10/5/2024 2:50:00 PM,1450,False,,,True
4439919,24-038951,2,False,0109,8/2/2024 12:45:00 PM,1245,08X,14,109,Oakland,1,True,True,B,SIDE SWIPE,,Friday,,,,,False,False,False,,,,,1,0,A,DAYLIGHT,,,,,,,A,NO PEDESTRIANS INVOLVED,,A,21801A,,1,BROADWAY,1,,,A,,,23RD ST,,,A,10/22/2024 7:26:14 AM,1/28/2025 11:56:46 AM,,,2,,,,,,,
4439890,9370-2024-03255,1,False,9370,10/10/2024 9:40:00 PM,2140,054,14,109,Oakland,1,True,True,B,SIDE SWIPE,,Thursday,NotApplicable,False,,,False,True,True,ALAMEDA SUPERIOR COURT WILEY W. MANUEL COURTHOUSE,C,OTHER MOTOR VEHICLE,,2,0,C,DARK-STREET LIGHTS,37.810998,-122.249266,,,,,A,NO PEDESTRIANS INVOLVED,10/10/2024 9:40:00 PM,A,VC 21658(A),False,1,I-580 W/B,,,10/22/2024 7:10:38 AM,A,W,200.0,GRAND AVENUE,F,,D,10/22/2024 7:10:41 AM,10/22/2024 7:10:41 AM,False,True,4,,10/10/2024 9:45:00 PM,2145,False,,,True
4439508,9335-2024-02386,1,False,9335,10/14/2024 4:45:00 PM,1645,082,14,109,Oakland,1,True,True,C,REAR END,,Monday,NotApplicable,False,,,False,True,False,ALAMEDA SUPERIOR COURT FREMONT HALL OF JUSTICE,C,OTHER MOTOR VEHICLE,,0,0,A,DAYLIGHT,37.821472,-122.334721,,,,,A,NO PEDESTRIANS INVOLVED,10/14/2024 4:45:00 PM,A,VC 22350,False,1,I-80 W/B,,,10/21/2024 7:51:50 PM,A,W,4000.0,CALTRANS TOLL PLAZA,F,,D,10/21/2024 7:51:54 PM,10/21/2024 7:51:54 PM,False,True,4,,10/14/2024 4:50:00 PM,1650,False,,,True
4439501,9370-2024-03223,1,False,9370,10/11/2024 2:20:00 PM,1420,013,14,109,Oakland,1,True,True,B,SIDE SWIPE,,Friday,NotApplicable,False,M,,False,True,False,ALAMEDA SUPERIOR COURT WILEY W. MANUEL COURTHOUSE,C,OTHER MOTOR VEHICLE,,0,0,A,DAYLIGHT,37.785655,-122.179358,,,,,A,NO PEDESTRIANS INVOLVED,10/11/2024 2:20:00 PM,D,,,,SR-13 S/B,,,10/21/2024 7:25:22 PM,A,N,626.0,I-580 WESTBOUND OVERCROSSING,F,,D,10/21/2024 7:25:25 PM,10/21/2024 7:25:25 PM,False,True,4,,10/11/2024 2:21:00 PM,1421,False,,,True
4439496,9370-2024-03241,1,False,9370,10/13/2024 2:00:00 PM,1400,053,14,109,Oakland,1,True,True,B,SIDE SWIPE,,Sunday,NotApplicable,False,M,,False,True,False,ALAMEDA SUPERIOR COURT WILEY W. MANUEL COURTHOUSE,C,OTHER MOTOR VEHICLE,,0,0,A,DAYLIGHT,37.79032,-122.201826,,,,,A,NO PEDESTRIANS INVOLVED,10/13/2024 2:00:00 PM,A,VC 22107,False,1,I-580 EASTBOUND,,,10/21/2024 7:04:27 PM,A,W,500.0,38TH AVENUE,F,,D,10/21/2024 7:04:31 PM,10/21/2024 7:04:31 PM,False,True,4,,10/13/2024 2:00:00 PM,1400,False,,,True
4439481,9370-2024-03236,1,False,9370,10/13/2024 12:12:00 AM,12,054,14,109,Oakland,1,True,True,B,SIDE SWIPE,,Sunday,NotApplicable,False,M,,False,True,False,ALAMEDA SUPERIOR COURT WILEY W. MANUEL COURTHOUSE,C,OTHER MOTOR VEHICLE,,0,0,C,DARK-STREET LIGHTS,37.819913,-122.255082,,,,,A,NO PEDESTRIANS INVOLVED,10/13/2024 12:12:00 AM,A,VC 21658(A),False,1,I-580 W/B,,,10/21/2024 5:49:02 PM,A,E,200.0,HARRISON ST,F,,D,10/21/2024 5:49:04 PM,10/21/2024 5:49:04 PM,False,True,4,,10/13/2024 12:15:00 AM,0015,False,,,True
4439480,9335-2024-02357,1,False,9335,10/10/2024 9:40:00 AM,940,084,14,109,Oakland,1,True,True,B,SIDE SWIPE,,Thursday,NotApplicable,False,,,False,True,False,ALAMEDA SUPERIOR COURT WILEY W. MANUEL COURTHOUSE,C,OTHER MOTOR VEHICLE,,0,0,A,DAYLIGHT,37.823902,-122.318331,,,,,A,NO PEDESTRIANS INVOLVED,10/10/2024 9:40:00 AM,D,,,,I-80 W/B,,,10/21/2024 5:48:18 PM,A,W,290.0,SAN FRANCISCO/OAKLAND BAY BRIDGE METERING LIGHTS,F,,A,10/21/2024 5:48:21 PM,10/21/2024 5:48:21 PM,False,True,4,,10/10/2024 9:45:00 AM,0945,False,,,True
4439478,9370-2024-03233,1,False,9370,10/11/2024 8:36:00 PM,2036,176,14,109,Oakland,1,True,True,E,HIT OBJECT,,Friday,Yes,False,M,,False,True,True,ALAMEDA SUPERIOR COURT WILEY W. MANUEL COURTHOUSE,I,FIXED OBJECT,WOOD/METAL GUARDRAIL,0,0,C,DARK-STREET LIGHTS,37.754444,-122.207699,,,,,A,NO PEDESTRIANS INVOLVED,10/11/2024 8:36:00 PM,A,VC 22350,False,1,I-880 N/B FROM 66TH AVENUE,,,10/21/2024 5:41:22 PM,A,N,85.0,ZHONE WAY OVERCROSSING,F,,D,10/21/2024 5:41:24 PM,10/21/2024 5:41:24 PM,False,True,4,,10/11/2024 8:36:00 PM,2036,False,,,
4439476,9370-2024-03238,1,False,9370,10/9/2024 10:40:00 AM,1040,008,14,109,Oakland,1,True,True,B,SIDE SWIPE,,Wednesday,NotApplicable,False,,,False,True,False,ALAMEDA SUPERIOR COURT WILEY W. MANUEL COURTHOUSE,C,OTHER MOTOR VEHICLE,,0,0,A,DAYLIGHT,37.823698,-122.301903,,,,,A,NO PEDESTRIANS INVOLVED,10/9/2024 10:40:00 AM,A,VC 21658(A),False,1,I-80 W/B,,,10/21/2024 5:36:18 PM,A,W,488.0,WEST GRAND AVENUE,F,,D,10/21/2024 5:36:22 PM,10/21/2024 5:36:22 PM,False,True,4,,10/9/2024 10:45:00 AM,1045,False,,,True
4439290,24-038949,2,False,0109,8/5/2024 4:21:00 AM,421,34X,14,109,Oakland,1,True,True,B,SIDE SWIPE,,Monday,,,M,,False,False,True,,E,PARKED MOTOR VEHICLE,,0,0,C,DARK-STREET LIGHTS,,,,,,,A,NO PEDESTRIANS INVOLVED,,A,22107,,1,WALNUT ST,2,,,A,E,100.0,90TH AV,F,,D,10/21/2024 2:11:12 PM,1/28/2025 11:56:46 AM,,,2,,,,,,,
4439237,9370-2024-03272,1,False,9370,10/15/2024 3:25:00 PM,1525,024,14,109,Oakland,1,True,True,B,SIDE SWIPE,,Tuesday,NotApplicable,False,,,False,True,False,ALAMEDA SUPERIOR COURT WILEY W. MANUEL COURTHOUSE,C,OTHER MOTOR VEHICLE,,0,0,A,DAYLIGHT,37.854412,-122.219411,,,,,A,NO PEDESTRIANS INVOLVED,10/15/2024 3:25:00 PM,D,,,,SR-24 E/B,,,10/21/2024 1:52:46 PM,A,E,640.0,TUNNEL RD,F,,D,10/21/2024 1:52:49 PM,10/21/2024 1:52:49 PM,False,True,4,,10/15/2024 3:30:00 PM,1530,False,,,True
4439029,9370-2024-03265,1,False,9370,10/15/2024 8:00:00 AM,800,053,14,109,Oakland,1,True,True,C,REAR END,,Tuesday,NotApplicable,False,,,False,True,False,ALAMEDA SUPERIOR COURT WILEY W. MANUEL COURTHOUSE,C,OTHER MOTOR VEHICLE,,0,0,A,DAYLIGHT,37.799163,-122.21987,,,,,A,NO PEDESTRIANS INVOLVED,10/15/2024 8:00:00 AM,A,VC 22350,False,1,I-580 W/B,,,10/21/2024 12:17:30 PM,A,W,850.0,FRUITVALE AVE.,F,,D,10/21/2024 12:17:31 PM,10/21/2024 12:17:31 PM,False,True,4,,10/15/2024 8:05:00 AM,0805,False,,,True
4438670,24-016984,2,False,0109,4/6/2024 8:01:00 PM,2001,15X,14,109,Oakland,1,True,True,D,BROADSIDE,,Saturday,,,,,False,False,True,,C,OTHER MOTOR VEHICLE,,2,0,B,DUSK-DAWN,,,,,,,A,NO PEDESTRIANS INVOLVED,,A,21453A,,,CHATHAM RD,1,,,A,,,PARK BL,,,A,10/21/2024 10:01:06 AM,1/28/2025 11:58:32 AM,,,2,,,,,,,
4438637,24-041953,2,False,0109,8/21/2024 2:00:00 PM,1400,04X,14,109,Oakland,1,True,True,D,BROADSIDE,,Wednesday,,,,,False,False,False,,,,,0,0,A,DAYLIGHT,,,,,,,A,NO PEDESTRIANS INVOLVED,,A,21453A,,,15TH ST,1,,,A,,,FRANKLIN ST,,,A,10/21/2024 9:46:06 AM,1/28/2025 11:56:50 AM,,,2,,,,,,,
4438518,24-039069,2,False,0109,8/6/2024 8:50:00 AM,850,23X,14,109,Oakland,1,True,True,G,VEHICLE/PEDESTRAIN,,Tuesday,,,,,False,False,False,,B,PEDESTRIAN,,1,0,A,DAYLIGHT,,,,,,,B,CROSSING IN CROSS WALK AT INTERSECTION,,A,21950A,,1,FOOTHILL BL,2,,,A,,,33RD AV,,,D,10/21/2024 9:11:05 AM,1/28/2025 11:58:21 AM,,,2,,,,,,,
4438485,24-018192,2,False,0109,4/13/2024 7:00:00 PM,1900,02X,14,109,Oakland,1,True,True,D,BROADSIDE,,Saturday,,,,,False,False,False,,C,OTHER MOTOR VEHICLE,,0,0,A,DAYLIGHT,,,,,,,A,NO PEDESTRIANS INVOLVED,,A,21453A,,,JACKSON ST,1,,,B,,,7TH AV,,,A,10/21/2024 9:01:04 AM,1/28/2025 11:58:31 AM,,,2,,,,,,,
4438399,24-029823,2,False,0109,6/15/2024 6:56:00 PM,1856,06X,14,109,Oakland,1,True,True,D,BROADSIDE,,Saturday,,,,,False,False,False,,C,OTHER MOTOR VEHICLE,,3,0,A,DAYLIGHT,,,,,,,A,NO PEDESTRIANS INVOLVED,,A,22350,,1,30TH ST,1,,,A,,,MARTIN LUTHER KING JR WY,,,A,10/21/2024 8:31:04 AM,1/28/2025 11:58:42 AM,,,2,,,,,,,
4438386,24-032458,2,False,0109,6/30/2024 3:40:00 AM,340,12X,14,109,Oakland,1,True,True,A,HEAD-ON,,Sunday,,,,,False,False,False,,C,OTHER MOTOR VEHICLE,,1,0,C,DARK-STREET LIGHTS,,,,,,,A,NO PEDESTRIANS INVOLVED,,A,21801A,,1,CLAREMONT AV,1,,,A,,,HUDSON ST,,,A,10/21/2024 8:26:04 AM,1/28/2025 11:58:42 AM,,,2,,,,,,,
4438273,24-039702,2,False,0109,8/9/2024 6:29:00 AM,629,22X,14,109,Oakland,1,True,True,B,SIDE SWIPE,,Friday,,,M,,False,False,True,,E,PARKED MOTOR VEHICLE,,0,0,A,DAYLIGHT,,,,,,,A,NO PEDESTRIANS INVOLVED,,A,22107,,1,RISHELL DR,2,,,A,E,200.0,KIMBERLIN HEIGHTS DR,F,,D,10/21/2024 7:36:04 AM,1/28/2025 11:58:21 AM,,,2,,,,,,,
4437092,24032300,2,False,0109,6/29/2024 3:15:00 AM,315,30X,14,109,Oakland,1,True,True,D,BROADSIDE,,Saturday,,,M,,False,False,False,,E,PARKED MOTOR VEHICLE,,0,0,C,DARK-STREET LIGHTS,,,,,,,A,NO PEDESTRIANS INVOLVED,,A,22107,,1,HOLLY ST,2,,,A,W,0.1,73RD AV,M,,D,10/18/2024 3:30:54 PM,1/28/2025 11:58:42 AM,,,2,,,,,,,
4437066,24032296,2,False,0109,6/29/2024 2:03:00 AM,203,35X,14,109,Oakland,1,True,True,B,SIDE SWIPE,,Saturday,,,,,False,False,True,,E,PARKED MOTOR VEHICLE,,0,0,C,DARK-STREET LIGHTS,,,,,,,A,NO PEDESTRIANS INVOLVED,,A,22107,,1,GOLF LINKS RD,2,,,A,W,80.0,CASTLEWOOD ST,F,,D,10/18/2024 3:05:54 PM,1/28/2025 11:58:42 AM,,,2,,,,,,,
4437059,9335-2024-02348,1,False,9335,10/9/2024 6:40:00 AM,640,082,14,109,Oakland,1,True,True,C,REAR END,,Wednesday,NotApplicable,False,,,False,True,False,ALAMEDA SUPERIOR COURT ALAMEDA,C,OTHER MOTOR VEHICLE,,0,0,B,DUSK-DAWN,37.824229,-122.317813,,,,,A,NO PEDESTRIANS INVOLVED,10/9/2024 6:40:00 AM,A,VC 22350,False,1,I-80 WB,,,10/18/2024 3:00:21 PM,A,W,120.0,METERING LIGHTS,F,,A,10/18/2024 3:00:25 PM,10/18/2024 3:00:25 PM,False,True,4,,10/9/2024 7:00:00 AM,0700,True,EMBEDDED,,True
4437029,24032831,2,False,0109,6/30/2024 5:40:00 AM,540,32X,14,109,Oakland,1,True,True,B,SIDE SWIPE,,Sunday,,,M,,False,False,True,,C,OTHER MOTOR VEHICLE,,0,0,A,DAYLIGHT,,,,,,,A,NO PEDESTRIANS INVOLVED,,A,22107,,1,98TH AV,2,,,A,N,20.0,A ST,F,,D,10/18/2024 2:35:54 PM,1/28/2025 11:58:42 AM,,,2,,,,,,,
4437016,24032579,2,False,0109,6/30/2024 6:22:00 PM,1822,18X,14,109,Oakland,1,True,True,H,OTHER,,Sunday,,,M,,False,False,False,,E,PARKED MOTOR VEHICLE,,0,0,A,DAYLIGHT,,,,,,,A,NO PEDESTRIANS INVOLVED,,A,22107,,1,18TH AV,1,,,A,,,E 19TH AV,,,D,10/18/2024 2:25:54 PM,1/28/2025 11:58:42 AM,,,2,,,,,,,
4436988,24032245,2,False,0109,6/28/2024 4:01:00 PM,1601,32X,14,109,Oakland,1,True,True,C,REAR END,,Friday,,,M,,False,False,False,,E,PARKED MOTOR VEHICLE,,0,0,A,DAYLIGHT,,,,,,,A,NO PEDESTRIANS INVOLVED,,A,22350,,1,E ST,2,,,A,E,150.0,105TH AV,F,,D,10/18/2024 2:10:54 PM,1/28/2025 11:58:42 AM,,,2,,,,,,,
4436984,24032393,2,False,0109,6/29/2024 3:42:00 PM,1542,26X,14,109,Oakland,1,True,True,C,REAR END,,Saturday,,,M,,False,False,True,,E,PARKED MOTOR VEHICLE,,0,0,A,DAYLIGHT,,,,,,,A,NO PEDESTRIANS INVOLVED,,A,22350,,1,MORKEN ST,2,,,A,E,5.0,70TH AV,F,,D,10/18/2024 2:05:54 PM,1/28/2025 11:58:42 AM,,,2,,,,,,,
4436968,24032591,2,False,0109,6/30/2024 7:30:00 PM,1930,30X,14,109,Oakland,1,True,True,C,REAR END,,Sunday,,,,,False,False,False,,C,OTHER MOTOR VEHICLE,,0,0,A,DAYLIGHT,,,,,,,B,CROSSING IN CROSS WALK AT INTERSECTION,,A,22350,,1,INTERNATIONAL BL,2,,,A,N,5.0,78TH AV,F,,A,10/18/2024 2:00:54 PM,1/28/2025 11:58:42 AM,,,2,,,,,,,
4436955,24032499,2,False,0109,6/30/2024 9:31:00 AM,931,27X,14,109,Oakland,1,True,True,C,REAR END,,Sunday,,,M,,False,False,False,,C,OTHER MOTOR VEHICLE,,0,0,A,DAYLIGHT,,,,,,,A,NO PEDESTRIANS INVOLVED,,A,22350,,1,416TH AV,2,,,A,,,INTERNATIONAL BL,,,D,10/18/2024 1:55:54 PM,1/28/2025 11:58:42 AM,,,2,,,,,,,
4436851,24038533,2,False,0109,8/2/2024 7:22:00 PM,1922,28X,14,109,Oakland,1,True,True,A,HEAD-ON,,Friday,,,M,,False,False,False,,I,FIXED OBJECT,,0,0,A,DAYLIGHT,,,,,,,A,NO PEDESTRIANS INVOLVED,,A,22107,,1,SEMINARY AV,2,,,A,N,75.0,LAIRD AV,F,,B,10/18/2024 12:50:53 PM,1/28/2025 11:58:28 AM,,,2,,,,,,,
4436822,24038559,2,False,0109,8/3/2024 12:29:00 AM,29,21Y,14,109,Oakland,1,True,True,C,REAR END,,Saturday,,,M,,False,False,False,,E,PARKED MOTOR VEHICLE,,0,0,C,DARK-STREET LIGHTS,,,,,,,A,NO PEDESTRIANS INVOLVED,,A,22107,,1,E 22ND ST,2,,,A,N,30.0,COOLIDGE AV,F,,D,10/18/2024 12:35:53 PM,1/28/2025 11:58:29 AM,,,2,,,,,,,