collision-id,report-number,report-version,is-preliminary,ncic-code,crash-date-time,crash-time-description,beat,city-id,city-code,city-name,county-code,city-is-active,city-is-incorporated,collision-type-code,collision-type-description,collision-type-other-desc,day-of-week,dispatch-notified,has-photographs,hit-run,is-attachments-mailed,is-deleted,is-highway-related,is-tow-away,judicial-district,motor-vehicle-involved-with-code,motor-vehicle-involved-with-desc,motor-vehicle-involved-with-other-desc,number-injured,number-killed,lighting-code,lighting-description,latitude,longitude,milepost-direction,milepost-distance,milepost-marker,milepost-unit-of-measure,pedestrian-action-code,pedestrian-action-desc,prepared-date,primary-collision-factor-code,primary-collision-factor-description,primary-collision-factor-is-cited,primary-collision-party-number,primary-road,reporting-district,reporting-district-code,reviewed-date,roadway-surface-code,secondary-direction,secondary-distance,secondary-road,secondary-unit-of-measure,sketch-desc,traffic-control-device-code,created-date,modified-date,is-county-road,is-freeway,chp-555-version,is-additonal-object-struck,notification-date,notification-time-description,has-digital-media-files,evidence-number,is-location-refer-to-narrative,is-aoi-one-same-as-location
4436810,24038722,2,False,0109,8/4/2024 3:12:00 AM,312,01X,14,109,Oakland,1,True,True,D,BROADSIDE,,Sunday,,,M,,False,False,False,,C,OTHER MOTOR VEHICLE,,0,0,C,DARK-STREET LIGHTS,,,,,,,A,NO PEDESTRIANS INVOLVED,,A,21453A,,1,BROADWAY,1,,,A,,,5TH ST,,,A,10/18/2024 12:25:53 PM,1/28/2025 11:58:28 AM,,,2,,,,,,,
4436801,24040001,2,False,0109,8/10/2024 9:59:00 PM,2159,25X,14,109,Oakland,1,True,True,B,SIDE SWIPE,,Saturday,,,,,False,False,False,,C,OTHER MOTOR VEHICLE,,0,0,B,DUSK-DAWN,,,,,,,A,NO PEDESTRIANS INVOLVED,,A,22107,,,MATERSON ST,2,,,A,W,30.0,39TH AV,F,,D,10/18/2024 12:15:53 PM,1/28/2025 11:58:28 AM,,,2,,,,,,,
4436794,24039793,2,False,0109,8/8/2024 11:30:00 PM,2330,18X,14,109,Oakland,1,True,True,B,SIDE SWIPE,,Thursday,,,M,,False,False,False,,E,PARKED MOTOR VEHICLE,,0,0,C,DARK-STREET LIGHTS,,,,,,,A,NO PEDESTRIANS INVOLVED,,A,22106,,1,E 25TH ST,1,,,A,W,300.0,19TH AV,F,,D,10/18/2024 12:05:53 PM,1/28/2025 11:58:28 AM,,,2,,,,,,,
4436789,24039712,2,False,0109,8/9/2024 9:46:00 AM,946,06X,14,109,Oakland,1,True,True,B,SIDE SWIPE,,Friday,,,M,,False,False,False,,E,PARKED MOTOR VEHICLE,,0,0,A,DAYLIGHT,,,,,,,A,NO PEDESTRIANS INVOLVED,,A,22107,,1,SYCAMORE ST,1,,,A,W,10.0,MARTIN LUTHER KING JR WY,F,,D,10/18/2024 12:00:53 PM,1/28/2025 11:58:28 AM,,,2,,,,,,,
4436785,24038279,2,False,0109,8/1/2024 8:36:00 AM,836,02X,14,109,Oakland,1,True,True,B,SIDE SWIPE,,Thursday,,,M,,False,False,False,,E,PARKED MOTOR VEHICLE,,0,0,A,DAYLIGHT,,,,,,,A,NO PEDESTRIANS INVOLVED,,A,22107,,1,WOOD ST,1,,,A,S,20.0,13TH ST,F,,D,10/18/2024 11:55:53 AM,1/28/2025 11:58:28 AM,,,2,,,,,,,
4436763,24038919,2,False,0109,8/5/2024 10:00:00 AM,1000,32X,14,109,Oakland,1,True,True,E,HIT OBJECT,,Monday,,,,,False,False,False,,I,FIXED OBJECT,,0,0,A,DAYLIGHT,,,,,,,A,NO PEDESTRIANS INVOLVED,,A,22107,,1,VOLTAIRE AV,2,,,A,,,VOLTAIRE AV 10020,,,D,10/18/2024 11:35:53 AM,1/28/2025 11:58:28 AM,,,2,,,,,,,
4436762,24038998,2,False,0109,8/6/2024 5:00:00 PM,1700,06X,14,109,Oakland,1,True,True,D,BROADSIDE,,Tuesday,,,M,,False,False,False,,E,PARKED MOTOR VEHICLE,,0,0,A,DAYLIGHT,,,,,,,A,NO PEDESTRIANS INVOLVED,,A,22107,,1,36TH ST,1,,,A,W,100.0,MARKET ST,F,,A,10/18/2024 11:35:53 AM,1/28/2025 11:58:28 AM,,,2,,,,,,,
4436724,9370-2024-03256,1,False,9370,10/14/2024 5:48:00 PM,1748,052,14,109,Oakland,1,True,True,C,REAR END,,Monday,NotApplicable,False,,,False,True,False,ALAMEDA SUPERIOR COURT WILEY W. MANUEL COURTHOUSE,I,FIXED OBJECT,METERING LIGHT POST,0,0,A,DAYLIGHT,37.753672,-122.150863,,,,,A,NO PEDESTRIANS INVOLVED,10/14/2024 5:48:00 PM,A,VC 22515(a),False,,I-580 W/B FROM GOLF LINKS ROAD,,,10/18/2024 11:09:46 AM,A,W,22.0,GOLF LINKS ROAD,F,,A,10/18/2024 11:09:48 AM,10/18/2024 11:09:48 AM,False,True,4,,10/14/2024 5:55:00 PM,1755,False,,,True
4436630,24-026777,2,False,0109,4/15/2024 10:30:00 AM,1030,31Y,14,109,Oakland,1,True,True,B,SIDE SWIPE,,Monday,,,M,,False,False,False,,C,OTHER MOTOR VEHICLE,,0,0,A,DAYLIGHT,,,,,,,A,NO PEDESTRIANS INVOLVED,,A,21750,,1,DARIEN AV,2,,,A,,,DENSLOW ST,,,A,10/18/2024 10:20:52 AM,1/28/2025 11:54:33 AM,,,2,,,,,,,
4436531,9335-2024-02342,1,False,9335,10/8/2024 8:10:00 AM,810,082,14,109,Oakland,1,True,True,B,SIDE SWIPE,,Tuesday,NotApplicable,False,,,False,True,False,ALAMEDA SUPERIOR COURT ALAMEDA,C,OTHER MOTOR VEHICLE,,0,0,A,DAYLIGHT,37.824531,-122.316153,,,,,A,NO PEDESTRIANS INVOLVED,10/8/2024 8:10:00 AM,A,VC 21658(A),False,1,INTERSTATE 80 WESTBOUND,,,10/18/2024 9:30:44 AM,A,W,400.0,SFOBB TOLL PLAZA,F,,A,10/18/2024 9:30:48 AM,10/18/2024 9:30:48 AM,False,True,4,,10/8/2024 8:15:00 AM,0815,False,,,True
4436509,24-037832,2,False,0109,7/29/2024 10:28:00 AM,1028,30X,14,109,Oakland,1,True,True,B,SIDE SWIPE,,Monday,,,M,,False,False,False,,C,OTHER MOTOR VEHICLE,,0,0,A,DAYLIGHT,,,,,,,A,NO PEDESTRIANS INVOLVED,,A,22107,,1,81ST AV,2,,,A,N,170.0,PLYMOUTH ST,F,,D,10/18/2024 9:20:51 AM,1/28/2025 11:58:30 AM,,,2,,,,,,,
4436500,24-036907,2,False,0109,7/25/2024 6:30:00 PM,1830,31X,14,109,Oakland,1,True,True,A,HEAD-ON,,Thursday,,,M,,False,False,True,,I,FIXED OBJECT,,0,0,A,DAYLIGHT,,,,,,,A,NO PEDESTRIANS INVOLVED,,A,22107,,1,MC CLARY AV,2,,,A,S,300.0,BALDWIN ST,F,,D,10/18/2024 9:15:50 AM,1/28/2025 11:58:30 AM,,,2,,,,,,,
4436493,24-036885,2,False,0109,7/24/2024 4:36:00 PM,1636,07X,14,109,Oakland,1,True,True,C,REAR END,,Wednesday,,,,,False,False,False,,C,OTHER MOTOR VEHICLE,,0,0,A,DAYLIGHT,,,,,,,A,NO PEDESTRIANS INVOLVED,,A,22350,,1,40TH ST,1,,,A,,,BART ACCESS RD,,,A,10/18/2024 9:10:50 AM,1/28/2025 11:58:30 AM,,,2,,,,,,,
4436484,24-044689,2,False,0109,7/20/2024 5:36:00 AM,536,18X,14,109,Oakland,1,True,True,A,HEAD-ON,,Saturday,,,F,,False,False,False,,E,PARKED MOTOR VEHICLE,,0,0,A,DAYLIGHT,,,,,,,A,NO PEDESTRIANS INVOLVED,,A,22107,,1,18TH AV,1,,,A,S,500.0,E 19TH ST,F,,D,10/18/2024 9:05:51 AM,1/28/2025 11:58:30 AM,,,2,,,,,,,
4436360,24-037685,2,False,0109,7/28/2024 12:20:00 PM,1220,35X,14,109,Oakland,1,True,True,H,OTHER,,Sunday,,,M,,False,False,False,,I,FIXED OBJECT,,0,0,A,DAYLIGHT,,,,,,,A,NO PEDESTRIANS INVOLVED,,A,22107,,1,90TH AV,2,,,A,N,5.0,HILLSIDE,F,,D,10/18/2024 8:15:49 AM,1/28/2025 11:58:30 AM,,,2,,,,,,,
4436352,24-037090,2,False,0109,7/25/2024 5:21:00 PM,1721,10X,14,109,Oakland,1,True,True,D,BROADSIDE,,Thursday,,,,,False,False,False,,C,OTHER MOTOR VEHICLE,,3,0,A,DAYLIGHT,,,,,,,A,NO PEDESTRIANS INVOLVED,,A,21802A,,1,MARTIN LUTHER KING JR WY,1,,,A,,,54TH ST,,,D,10/18/2024 8:10:49 AM,1/28/2025 11:58:30 AM,,,2,,,,,,,
4436335,24-037096,2,False,0109,7/25/2024 6:08:00 PM,1808,10X,14,109,Oakland,1,True,True,D,BROADSIDE,,Thursday,,,M,,False,False,False,,C,OTHER MOTOR VEHICLE,,1,0,A,DAYLIGHT,,,,,,,A,NO PEDESTRIANS INVOLVED,,A,21457A,,1,55TH ST,1,,,A,,,MARKET ST,,,B,10/18/2024 8:05:49 AM,1/28/2025 11:58:30 AM,,,2,,,,,,,
4436321,24-037251,2,False,0109,7/26/2024 4:34:00 PM,1634,04X,14,109,Oakland,1,True,True,C,REAR END,,Friday,,,,,False,False,False,,C,OTHER MOTOR VEHICLE,,1,0,A,DAYLIGHT,,,,,,,A,NO PEDESTRIANS INVOLVED,,A,22350,,1,BROADWAY,1,,,A,,,19TH ST,,,A,10/18/2024 8:00:49 AM,1/28/2025 11:58:30 AM,,,2,,,,,,,
4436224,24-038617,2,False,0109,8/3/2024 12:38:00 PM,1238,23X,14,109,Oakland,1,True,True,C,REAR END,,Saturday,,,,,False,False,False,,E,PARKED MOTOR VEHICLE,,1,0,A,DAYLIGHT,,,,,,,A,NO PEDESTRIANS INVOLVED,,A,22107,,1,35TH AV,2,,,A,N,10.0,E 17TH ST,F,,D,10/18/2024 7:25:48 AM,1/28/2025 11:58:27 AM,,,2,,,,,,,
4436199,9370-2024-03166,1,False,9370,10/4/2024 4:15:00 PM,1615,901,14,109,Oakland,1,True,True,H,OTHER,BACKING,Friday,NotApplicable,False,,,False,True,False,ALAMEDA SUPERIOR COURT WILEY W. MANUEL COURTHOUSE,E,PARKED MOTOR VEHICLE,,0,0,A,DAYLIGHT,37.803319,-122.282869,,,,,A,NO PEDESTRIANS INVOLVED,10/4/2024 4:15:00 PM,A,VC 22106,False,1,MARKET STREET S/B (800 BLOCK),,,10/18/2024 7:14:21 AM,A,S,135.0,8TH STREET,F,,D,10/18/2024 7:14:23 AM,10/18/2024 7:14:23 AM,False,True,4,,10/4/2024 4:25:00 PM,1625,False,,,True
4436165,24-039805,2,False,0109,8/9/2024 7:06:00 PM,1906,12X,14,109,Oakland,1,True,True,D,BROADSIDE,,Friday,,,M,,False,False,False,,C,OTHER MOTOR VEHICLE,,1,0,A,DAYLIGHT,,,,,,,A,NO PEDESTRIANS INVOLVED,,A,22350,,1,51ST ST,1,,,A,,,MANILA AV,,,D,10/18/2024 7:00:47 AM,1/28/2025 11:58:27 AM,,,2,,,,,,,
4436154,24-033044,2,False,0109,7/3/2024 8:08:00 AM,808,08X,14,109,Oakland,1,True,True,D,BROADSIDE,,Wednesday,,,F,,False,False,False,,G,BICYCLE,,1,0,A,DAYLIGHT,,,,,,,A,NO PEDESTRIANS INVOLVED,,A,21801A,,1,40TH ST,1,,,A,,,TELEGRAPH AV,,,B,10/18/2024 6:50:47 AM,1/28/2025 11:58:29 AM,,,2,,,,,,,
4436149,24-032673,2,False,0109,7/1/2024 9:26:00 AM,926,02X,14,109,Oakland,1,True,True,D,BROADSIDE,,Monday,,,M,,False,False,False,,C,OTHER MOTOR VEHICLE,,1,0,A,DAYLIGHT,,,,,,,A,NO PEDESTRIANS INVOLVED,,A,21801A,,1,14TH ST,1,,,A,,,MARKET ST,,,A,10/18/2024 6:45:47 AM,1/28/2025 11:58:29 AM,,,2,,,,,,,
4436131,24-039219,2,False,0109,8/7/2024 6:56:00 AM,656,32X,14,109,Oakland,1,True,True,D,BROADSIDE,,Wednesday,,,,,False,False,True,,C,OTHER MOTOR VEHICLE,,3,0,A,DAYLIGHT,,,,,,,A,NO PEDESTRIANS INVOLVED,,A,21453A,,1,98TH AV,2,,,A,,,HOLLY ST,,,A,10/18/2024 6:35:47 AM,1/28/2025 11:58:27 AM,,,2,,,,,,,
4436130,24-048997,3,False,0109,10/1/2024 9:02:00 AM,902,32X,14,109,Oakland,1,True,True,G,VEHICLE/PEDESTRAIN,,Tuesday,,,F,,False,False,False,,B,PEDESTRIAN,,1,0,A,DAYLIGHT,,,,,,,B,CROSSING IN CROSS WALK AT INTERSECTION,,A,21950A,,1,98TH AV,2,,,A,,,D ST,,,A,10/18/2024 6:35:47 AM,1/28/2025 11:58:24 AM,,,2,,,,,,,
4436106,24-038512,2,False,0109,8/2/2024 4:50:00 PM,1650,05X,14,109,Oakland,1,True,True,H,OTHER,,Friday,,,,,False,False,False,,E,PARKED MOTOR VEHICLE,,1,0,A,DAYLIGHT,,,,,,,A,NO PEDESTRIANS INVOLVED,,A,22517,,1,KIRKHAM ST,1,,,A,S,200.0,14TH ST,F,,A,10/18/2024 6:15:47 AM,1/28/2025 11:58:27 AM,,,2,,,,,,,
4436072,9370-2024-03253,1,False,9370,10/14/2024 1:45:00 PM,1345,053,14,109,Oakland,1,True,True,C,REAR END,,Monday,NotApplicable,False,M,,False,True,False,ALAMEDA SUPERIOR COURT WILEY W. MANUEL COURTHOUSE,C,OTHER MOTOR VEHICLE,,0,0,A,DAYLIGHT,37.799449,-122.22271,,,,,A,NO PEDESTRIANS INVOLVED,10/14/2024 1:45:00 PM,A,VC 22350,False,1,I-580 E/B,,,10/18/2024 5:02:18 AM,A,W,1655.0,FRUITVALE AVENUE,F,,D,10/18/2024 5:02:24 AM,10/18/2024 5:02:24 AM,False,True,4,,10/14/2024 1:47:00 PM,1347,False,,,True
4436070,9370-2024-03245,1,False,9370,10/13/2024 3:31:00 PM,1531,008,14,109,Oakland,1,True,True,B,SIDE SWIPE,,Sunday,NotApplicable,False,M,,False,True,False,ALAMEDA SUPERIOR COURT WILEY W. MANUEL COURTHOUSE,C,OTHER MOTOR VEHICLE,,0,0,A,DAYLIGHT,37.826982,-122.296752,,,,,A,NO PEDESTRIANS INVOLVED,10/13/2024 3:31:00 PM,A,VC 21658(A),False,1,I-80 W/B,,,10/18/2024 4:54:53 AM,A,W,1000.0,WEST GRAND AVENUE,F,,D,10/18/2024 4:54:57 AM,10/18/2024 4:54:57 AM,False,True,4,,10/13/2024 3:45:00 PM,1545,True,EMBEDDED,,True
4436068,9370-2024-03171,1,False,9370,10/6/2024 8:30:00 PM,2030,008,14,109,Oakland,1,True,True,C,REAR END,,Sunday,NotApplicable,False,M,,False,True,True,ALAMEDA SUPERIOR COURT WILEY W. MANUEL COURTHOUSE,C,OTHER MOTOR VEHICLE,,0,0,D,DARK-NO STREET LIGHTS,37.824451,-122.309411,,,,,A,NO PEDESTRIANS INVOLVED,10/6/2024 8:30:00 PM,A,VC 23152(A),False,1,I-80 E/B,,,10/18/2024 4:47:44 AM,A,E,23.0,MARITIME STREET,F,,D,10/18/2024 4:47:47 AM,10/18/2024 4:47:47 AM,False,True,4,,10/6/2024 8:35:00 PM,2035,False,,,True
4435705,9370-2024-03228,1,False,9370,10/12/2024 6:35:00 AM,635,053,14,109,Oakland,1,True,True,C,REAR END,,Saturday,NotApplicable,False,,,False,True,False,ALAMEDA SUPERIOR COURT WILEY W. MANUEL COURTHOUSE,C,OTHER MOTOR VEHICLE,,0,0,A,DAYLIGHT,37.807586,-122.239594,,,,,A,NO PEDESTRIANS INVOLVED,10/12/2024 6:35:00 AM,A,VC 22350,False,1,I-580 W/B,,,10/17/2024 6:56:45 PM,A,E,1000.0,GRAND AVE,F,,D,10/17/2024 6:56:50 PM,10/17/2024 6:56:50 PM,False,True,4,,10/12/2024 6:40:00 AM,0640,False,,,True
4435680,9370-2024-03302,1,False,9370,10/15/2024 8:10:00 PM,2010,177,14,109,Oakland,1,True,True,B,SIDE SWIPE,,Tuesday,NotApplicable,False,M,,False,True,True,ALAMEDA SUPERIOR COURT WILEY W. MANUEL COURTHOUSE,A,NON-COLLISION,,0,0,C,DARK-STREET LIGHTS,37.797371,-122.271568,,,,,A,NO PEDESTRIANS INVOLVED,10/15/2024 8:10:00 PM,A,VC 22107,False,1,I-880 N/B,,,10/17/2024 5:47:46 PM,A,N,136.0,HARRISON ST,F,,A,10/17/2024 5:47:47 PM,10/17/2024 5:47:47 PM,False,True,4,True,10/15/2024 8:11:00 PM,2011,False,,,True
4435643,9370-2024-03066,1,False,9370,9/27/2024 4:20:00 PM,1620,052,14,109,Oakland,1,True,True,B,SIDE SWIPE,,Friday,NotApplicable,False,M,,False,True,False,ALAMEDA SUPERIOR COURT ADMINISTRATION BUILDING,C,OTHER MOTOR VEHICLE,,0,0,A,DAYLIGHT,37.783959,-122.184502,,,,,A,NO PEDESTRIANS INVOLVED,9/27/2024 4:20:00 PM,A,VC 21658(A),False,1,I-580 E/B,,,10/17/2024 4:41:34 PM,A,W,3314.0,KUHNLE AVENUE,F,,D,10/17/2024 4:41:35 PM,10/17/2024 4:41:35 PM,False,True,4,,9/27/2024 5:33:00 PM,1733,False,,,True
4435623,9370-2024-03286,1,False,9370,10/15/2024 2:20:00 PM,1420,177,14,109,Oakland,1,True,True,C,REAR END,,Tuesday,NotApplicable,False,,,False,True,False,ALAMEDA SUPERIOR COURT WILEY W. MANUEL COURTHOUSE,C,OTHER MOTOR VEHICLE,,0,0,A,DAYLIGHT,37.789553,-122.256146,,,,,A,NO PEDESTRIANS INVOLVED,10/15/2024 2:20:00 PM,A,VC 22350,False,1,I-880 S/B,,,10/17/2024 4:20:58 PM,A,S,1125.0,5TH AVE,F,,D,10/17/2024 4:20:59 PM,10/17/2024 4:20:59 PM,False,True,4,False,10/15/2024 2:31:00 PM,1431,False,,,True
4435479,24-029906,2,False,0109,6/16/2024 10:55:00 AM,1055,16Y,14,109,Oakland,1,True,True,A,HEAD-ON,,Sunday,,,,,False,False,True,,C,OTHER MOTOR VEHICLE,,3,0,A,DAYLIGHT,,,,,,,A,NO PEDESTRIANS INVOLVED,,A,22107,,1,MACARTHUR BL,1,,,A,E,35.0,14TH AV,F,,A,10/17/2024 2:25:45 PM,1/28/2025 11:52:32 AM,,,2,,,,,,,
4435317,24-037034,2,False,0109,7/25/2024 12:39:00 PM,1239,31Y,14,109,Oakland,1,True,True,E,HIT OBJECT,,Thursday,,,,,False,False,False,,I,FIXED OBJECT,,1,0,A,DAYLIGHT,,,,,,,A,NO PEDESTRIANS INVOLVED,,A,22107,,1,98TH AV,2,,,A,N,20.0,BIGGIE AV,F,,A,10/17/2024 1:25:44 PM,1/28/2025 11:58:29 AM,,,2,,,,,,,
4435316,24-037618,2,False,0109,7/28/2024 2:36:00 AM,236,12X,14,109,Oakland,1,True,True,H,OTHER,,Sunday,,,M,,False,False,False,,B,PEDESTRIAN,,1,0,C,DARK-STREET LIGHTS,,,,,,,E,IN ROAD - INCLUDES SHOULDER,,A,22107,,1,41ST ST,1,,,A,E,280.0,TELEGRAPH AV,F,,A,10/17/2024 1:25:44 PM,1/28/2025 11:58:30 AM,,,2,,,,,,,
4435250,24-019321,2,False,0109,4/19/2024 1:29:00 PM,1329,19X,14,109,Oakland,1,True,True,A,HEAD-ON,,Friday,,,,,False,False,False,,C,OTHER MOTOR VEHICLE,,2,0,A,DAYLIGHT,,,,,,,A,NO PEDESTRIANS INVOLVED,,A,21453A,,1,INTERNATIONAL BL,1,,,A,,,22ND AV,,,A,10/17/2024 1:00:44 PM,1/28/2025 11:58:32 AM,,,2,,,,,,,
4435021,24-040659,2,False,0109,8/14/2024 7:15:00 PM,1915,19X,14,109,Oakland,1,True,True,C,REAR END,,Wednesday,,,,,False,False,True,,C,OTHER MOTOR VEHICLE,,0,0,A,DAYLIGHT,,,,,,,A,NO PEDESTRIANS INVOLVED,,A,22350,,1,23RD ST,1,,,A,S,10.0,11TH ST,F,,A,10/17/2024 11:20:43 AM,1/28/2025 11:56:46 AM,,,2,,,,,,,
4434907,24-045580,2,False,0109,8/1/2024 4:12:00 PM,1612,27Y,14,109,Oakland,1,True,True,A,HEAD-ON,,Thursday,,,,,False,False,False,,C,OTHER MOTOR VEHICLE,,0,0,A,DAYLIGHT,,,,,,,A,NO PEDESTRIANS INVOLVED,,A,22450A,,1,64TH AV,2,,,A,,,AVENAL AV,,,C,10/17/2024 10:40:41 AM,1/28/2025 11:56:50 AM,,,2,,,,,,,
4434899,24-036737,2,False,0109,8/1/2024 5:45:00 PM,1745,19X,14,109,Oakland,1,True,True,D,BROADSIDE,,Thursday,,,M,,False,False,True,,C,OTHER MOTOR VEHICLE,,0,0,A,DAYLIGHT,,,,,,,A,NO PEDESTRIANS INVOLVED,,A,21651B,,1,EMBARCADERO,1,,,A,E,500.0,RT 880,F,,D,10/17/2024 10:35:42 AM,1/28/2025 11:56:50 AM,,,2,,,,,,,
4434892,24-038352,2,False,0109,8/1/2024 4:45:00 PM,1645,30X,14,109,Oakland,1,True,True,A,HEAD-ON,,Thursday,,,M,,False,False,True,,I,FIXED OBJECT,,0,0,A,DAYLIGHT,,,,,,,A,NO PEDESTRIANS INVOLVED,,A,22107,,1,GARFIELD AV,2,,,A,,,73RD AV,,,A,10/17/2024 10:30:41 AM,1/28/2025 11:56:50 AM,,,2,,,,,,,
4434875,24-039329,2,False,0109,8/7/2024 5:21:00 PM,1721,16X,14,109,Oakland,1,True,True,A,HEAD-ON,,Wednesday,,,,,False,False,False,,C,OTHER MOTOR VEHICLE,,0,0,A,DAYLIGHT,,,,,,,A,NO PEDESTRIANS INVOLVED,,A,21802A,,1,EXCELSIOR AV,1,,,A,,,RANDOLPH AV,,,D,10/17/2024 10:20:41 AM,1/28/2025 11:56:50 AM,,,2,,,,,,,
4434841,24-039962,2,False,0109,8/10/2024 5:12:00 PM,1712,26X,14,109,Oakland,1,True,True,B,SIDE SWIPE,,Saturday,,,,,False,False,False,,C,OTHER MOTOR VEHICLE,,0,0,A,DAYLIGHT,,,,,,,A,NO PEDESTRIANS INVOLVED,,A,22107,,1,66TH AV,2,,,A,S,25.0,SAN LEANDRO ST,F,,A,10/17/2024 10:00:41 AM,1/28/2025 11:56:50 AM,,,2,,,,,,,
4434824,24-040099,2,False,0109,8/11/2024 2:20:00 PM,1420,14X,14,109,Oakland,1,True,True,B,SIDE SWIPE,,Sunday,,,,,False,False,False,,C,OTHER MOTOR VEHICLE,,0,0,A,DAYLIGHT,,,,,,,A,NO PEDESTRIANS INVOLVED,,A,21453A,,1,PARK BL,1,,,A,,,MACARTHUR BL,,,A,10/17/2024 9:55:41 AM,1/28/2025 11:56:50 AM,,,2,,,,,,,
4434798,24-040130,2,False,0109,8/11/2024 5:38:00 PM,1738,26X,14,109,Oakland,1,True,True,C,REAR END,,Sunday,,,M,,False,False,False,,C,OTHER MOTOR VEHICLE,,0,0,A,DAYLIGHT,,,,,,,A,NO PEDESTRIANS INVOLVED,,A,22350,,1,INTERNATIONAL BL,2,,,A,,,49TH AV,,,A,10/17/2024 9:45:41 AM,1/28/2025 11:56:50 AM,,,2,,,,,,,
4434757,24-040230,2,False,0109,8/11/2024 10:30:00 PM,2230,22X,14,109,Oakland,1,True,True,D,BROADSIDE,,Sunday,,,M,,False,False,False,,C,OTHER MOTOR VEHICLE,,0,0,B,DUSK-DAWN,,,,,,,A,NO PEDESTRIANS INVOLVED,,A,22106,,1,MIDVALE AV,2,,,A,N,180.0,MACARTHUR BL,F,,D,10/17/2024 9:30:40 AM,1/28/2025 11:56:51 AM,,,2,,,,,,,
4434716,24-041206,2,False,0109,8/16/2024 11:00:00 PM,2300,32X,14,109,Oakland,1,True,True,B,SIDE SWIPE,,Friday,,,F,,False,False,False,,E,PARKED MOTOR VEHICLE,,0,0,C,DARK-STREET LIGHTS,,,,,,,A,NO PEDESTRIANS INVOLVED,,A,22107,,1,109TH AV,2,,,A,W,15.0,MACARTHUR BL,F,,A,10/17/2024 9:10:40 AM,1/28/2025 11:56:50 AM,,,2,,,,,,,
4434351,9370-2024-03282,1,False,9370,10/15/2024 5:18:00 PM,1718,025,14,109,Oakland,1,True,True,B,SIDE SWIPE,,Tuesday,NotApplicable,False,,,False,True,False,ALAMEDA SUPERIOR COURT WILEY W. MANUEL COURTHOUSE,C,OTHER MOTOR VEHICLE,,0,0,A,DAYLIGHT,37.842927,-122.257693,,,,,A,NO PEDESTRIANS INVOLVED,10/15/2024 5:18:00 PM,A,VC 21451(a),False,1,SR-24 W/B,,,10/17/2024 6:44:40 AM,A,W,9.0,CLAREMONT AVE,F,,A,10/17/2024 6:44:41 AM,10/17/2024 6:44:41 AM,False,True,4,True,10/15/2024 5:25:00 PM,1725,False,,False,True
4434338,9370-2024-03248,1,False,9370,10/9/2024 6:12:00 AM,612,025,14,109,Oakland,1,True,True,C,REAR END,,Wednesday,NotApplicable,False,,,False,True,True,ALAMEDA SUPERIOR COURT WILEY W. MANUEL COURTHOUSE,C,OTHER MOTOR VEHICLE,,2,0,C,DARK-STREET LIGHTS,37.832915,-122.266711,,,,,A,NO PEDESTRIANS INVOLVED,10/9/2024 6:12:00 AM,A,VC 22350,False,1,SR-24 W/B,,,10/17/2024 6:36:39 AM,A,W,80.0,45TH ST,F,,D,10/17/2024 6:36:41 AM,10/17/2024 6:36:41 AM,False,True,4,,10/9/2024 6:17:00 AM,0617,False,,,True
4434328,9370-2024-03252,1,False,9370,10/14/2024 2:15:00 PM,1415,013,14,109,Oakland,1,True,True,B,SIDE SWIPE,,Monday,NotApplicable,False,M,,False,True,False,ALAMEDA SUPERIOR COURT WILEY W. MANUEL COURTHOUSE,C,OTHER MOTOR VEHICLE,,0,0,A,DAYLIGHT,37.848718,-122.224831,,,,,A,NO PEDESTRIANS INVOLVED,10/14/2024 2:15:00 PM,A,VC 21658(A),False,1,SR-13 N/B TO SR-24 E/B,,,10/17/2024 6:32:14 AM,A,N,2263.0,BROADWAY TER,F,,D,10/17/2024 6:32:15 AM,10/17/2024 6:32:15 AM,False,True,4,,10/14/2024 2:20:00 PM,1420,False,,False,True
4434326,9370-2024-03210,1,False,9370,10/10/2024 6:15:00 PM,1815,008,14,109,Oakland,1,True,True,B,SIDE SWIPE,,Thursday,NotApplicable,False,,,False,True,False,ALAMEDA SUPERIOR COURT WILEY W. MANUEL COURTHOUSE,C,OTHER MOTOR VEHICLE,,0,0,A,DAYLIGHT,37.826827,-122.297588,,,,,A,NO PEDESTRIANS INVOLVED,10/10/2024 6:15:00 PM,A,VC 22350,False,1,I-80 E/B,,,10/17/2024 6:30:57 AM,A,W,4170.0,POWELL ST,F,,D,10/17/2024 6:30:58 AM,10/17/2024 6:30:58 AM,False,True,4,,10/10/2024 6:20:00 PM,1820,False,,,True
4433950,9370-2024-03258,1,False,9370,10/10/2024 3:50:00 PM,1550,054,14,109,Oakland,1,True,True,C,REAR END,,Thursday,NotApplicable,False,,,False,True,False,ALAMEDA SUPERIOR COURT WILEY W. MANUEL COURTHOUSE,C,OTHER MOTOR VEHICLE,,0,0,A,DAYLIGHT,37.806667,-122.238277,,,,,A,NO PEDESTRIANS INVOLVED,10/10/2024 3:50:00 PM,A,VC 22350,False,1,I-580 E/B,,,10/16/2024 5:00:37 PM,A,W,1582.0,PARK BLVD,F,,D,10/16/2024 5:00:38 PM,10/16/2024 5:00:38 PM,False,True,4,,10/10/2024 3:52:00 PM,1552,False,,,True
4433892,9370-2024-03187,1,False,9370,10/8/2024 9:48:00 AM,948,053,14,109,Oakland,1,True,True,C,REAR END,,Tuesday,NotApplicable,False,,,False,True,False,ALAMEDA SUPERIOR COURT WILEY W. MANUEL COURTHOUSE,C,OTHER MOTOR VEHICLE,,0,0,A,DAYLIGHT,37.79993,-122.22373,,,,,A,NO PEDESTRIANS INVOLVED,10/8/2024 9:48:00 AM,A,VC 22350,False,1,I-580 W/B,,,10/16/2024 4:00:39 PM,A,E,110.0,ARDLEY AVE,F,,D,10/16/2024 4:00:43 PM,10/16/2024 4:00:43 PM,False,True,4,,10/8/2024 9:53:00 AM,0953,False,,False,True