collision-id,report-number,report-version,is-preliminary,ncic-code,crash-date-time,crash-time-description,beat,city-id,city-code,city-name,county-code,city-is-active,city-is-incorporated,collision-type-code,collision-type-description,collision-type-other-desc,day-of-week,dispatch-notified,has-photographs,hit-run,is-attachments-mailed,is-deleted,is-highway-related,is-tow-away,judicial-district,motor-vehicle-involved-with-code,motor-vehicle-involved-with-desc,motor-vehicle-involved-with-other-desc,number-injured,number-killed,lighting-code,lighting-description,latitude,longitude,milepost-direction,milepost-distance,milepost-marker,milepost-unit-of-measure,pedestrian-action-code,pedestrian-action-desc,prepared-date,primary-collision-factor-code,primary-collision-factor-description,primary-collision-factor-is-cited,primary-collision-party-number,primary-road,reporting-district,reporting-district-code,reviewed-date,roadway-surface-code,secondary-direction,secondary-distance,secondary-road,secondary-unit-of-measure,sketch-desc,traffic-control-device-code,created-date,modified-date,is-county-road,is-freeway,chp-555-version,is-additonal-object-struck,notification-date,notification-time-description,has-digital-media-files,evidence-number,is-location-refer-to-narrative,is-aoi-one-same-as-location
4433843,9370-2024-03208,1,False,9370,10/10/2024 4:15:00 PM,1615,176,14,109,Oakland,1,True,True,C,REAR END,,Thursday,NotApplicable,False,,,False,True,False,ALAMEDA SUPERIOR COURT WILEY W. MANUEL COURTHOUSE,C,OTHER MOTOR VEHICLE,,1,0,A,DAYLIGHT,37.773064,-122.227128,,,,,A,NO PEDESTRIANS INVOLVED,10/10/2024 4:15:00 PM,A,VC 22350,False,1,I-880 NORTHBOUND,,,10/16/2024 3:24:08 PM,A,S,1920.0,29TH AVENUE,F,,D,10/16/2024 3:24:09 PM,10/16/2024 3:24:09 PM,False,True,4,,10/10/2024 4:18:00 PM,1618,False,,False,True
4433709,24-041201,2,False,0109,8/16/2024 9:30:00 PM,2130,19X,14,109,Oakland,1,True,True,D,BROADSIDE,,Friday,,,,,False,False,True,,C,OTHER MOTOR VEHICLE,,0,0,C,DARK-STREET LIGHTS,,,,,,,A,NO PEDESTRIANS INVOLVED,,A,22450A,,1,8TH AV,1,,,A,,,E 10TH ST,,,A,10/16/2024 2:05:35 PM,1/28/2025 11:56:50 AM,,,2,,,,,,,
4433682,24-040399,2,False,0109,8/13/2024 11:28:00 AM,1128,03X,14,109,Oakland,1,True,True,B,SIDE SWIPE,,Tuesday,,,,,False,False,False,,C,OTHER MOTOR VEHICLE,,0,0,A,DAYLIGHT,,,,,,,A,NO PEDESTRIANS INVOLVED,,A,21658A,,1,LAKE MERRITT BL,1,,,A,W,200.0,E 12TH ST,F,,A,10/16/2024 1:55:35 PM,1/28/2025 11:56:50 AM,,,2,,,,,,,
4433647,24-041228,2,False,0109,8/17/2024 1:50:00 AM,150,14X,14,109,Oakland,1,True,True,C,REAR END,,Saturday,,,M,,False,False,False,,C,OTHER MOTOR VEHICLE,,0,0,C,DARK-STREET LIGHTS,,,,,,,A,NO PEDESTRIANS INVOLVED,,A,22350,,1,GRAND AV,1,,,A,W,400.0,EL EMBARCADERO,F,,D,10/16/2024 1:45:35 PM,1/28/2025 11:56:50 AM,,,2,,,,,,,
4433633,24-041427,2,False,0109,8/18/2024 10:19:00 AM,1019,33X,14,109,Oakland,1,True,True,C,REAR END,,Sunday,,,M,,False,False,False,,E,PARKED MOTOR VEHICLE,,0,0,A,DAYLIGHT,,,,,,,A,NO PEDESTRIANS INVOLVED,,A,22107,,1,D ST,2,,,A,,,85TH AV,,,A,10/16/2024 1:40:35 PM,1/28/2025 11:56:50 AM,,,2,,,,,,,
4433620,24-003676,2,False,0109,1/21/2024 7:29:00 PM,1929,01X,14,109,Oakland,1,True,True,G,VEHICLE/PEDESTRAIN,,Sunday,,,,,False,False,False,,B,PEDESTRIAN,,1,0,C,DARK-STREET LIGHTS,,,,,,,B,CROSSING IN CROSS WALK AT INTERSECTION,,D,,,,4TH ST,1,,,B,,,MADISON ST,,,D,10/16/2024 1:35:35 PM,1/28/2025 11:42:44 AM,,,2,,,,,,,
4433607,24-027688,2,False,0109,6/4/2024 5:56:00 PM,1756,19X,14,109,Oakland,1,True,True,D,BROADSIDE,,Tuesday,,,,,False,False,False,,C,OTHER MOTOR VEHICLE,,1,0,A,DAYLIGHT,,,,,,,A,NO PEDESTRIANS INVOLVED,,A,21801A,,1,E 12TH ST,1,,,A,,,23RD AVE,,,A,10/16/2024 1:30:35 PM,1/28/2025 11:55:02 AM,,,2,,,,,,,
4433606,24-021122,4,False,0109,4/29/2024 6:16:00 PM,1816,31X,14,109,Oakland,1,True,True,B,SIDE SWIPE,,Monday,,,,,False,True,True,,C,OTHER MOTOR VEHICLE,,1,0,A,DAYLIGHT,,,,,,,A,NO PEDESTRIANS INVOLVED,,A,21453A,,1,HEGENBERGER RD,2,,,A,,,RT 880,,,A,10/16/2024 1:30:35 PM,1/28/2025 11:42:26 AM,,,2,,,,,,,
4433604,24-031227,2,False,0109,6/23/2024 5:36:00 PM,1736,05X,14,109,Oakland,1,True,True,B,SIDE SWIPE,,Sunday,,,,,False,False,False,,C,OTHER MOTOR VEHICLE,,0,0,A,DAYLIGHT,,,,,,,A,NO PEDESTRIANS INVOLVED,,A,21453A,,,18TH ST,1,,,A,,,BRUSH ST,,,A,10/16/2024 1:30:35 PM,1/28/2025 11:43:38 AM,,,2,,,,,,,
4433597,24-031199,2,False,0109,6/23/2024 3:09:00 PM,1509,26X,14,109,Oakland,1,True,True,H,OTHER,,Sunday,,,,,False,False,False,,E,PARKED MOTOR VEHICLE,,0,0,A,DAYLIGHT,,,,,,,A,NO PEDESTRIANS INVOLVED,,A,22107,,1,50TH AV,2,,,A,,,COLISEUM WY,,,D,10/16/2024 1:25:35 PM,1/28/2025 11:52:32 AM,,,2,,,,,,,
4433594,24-031022,2,False,0109,6/22/2024 1:05:00 PM,1305,22X,14,109,Oakland,1,True,True,B,SIDE SWIPE,,Saturday,,,M,,False,False,False,,E,PARKED MOTOR VEHICLE,,0,0,A,DAYLIGHT,,,,,,,A,NO PEDESTRIANS INVOLVED,,A,22107,,1,MACARTHUR BL,2,,,A,E,50.0,MAPLE AVE,F,,D,10/16/2024 1:25:35 PM,1/28/2025 11:55:02 AM,,,2,,,,,,,
4433592,24-018486,2,False,0109,4/15/2024 12:52:00 PM,1252,29X,14,109,Oakland,1,True,True,B,SIDE SWIPE,,Monday,,,F,,False,False,False,,C,OTHER MOTOR VEHICLE,,0,0,A,DAYLIGHT,,,,,,,A,NO PEDESTRIANS INVOLVED,,A,21801A,,1,61ST AV,1,,,A,,,BANCROFT AV,,,A,10/16/2024 1:25:35 PM,1/28/2025 11:47:58 AM,,,2,,,,,,,
4433583,24-029211,2,False,0109,6/12/2024 1:03:00 PM,1303,11X,14,109,Oakland,1,True,True,E,HIT OBJECT,,Wednesday,,,,,False,False,False,,C,OTHER MOTOR VEHICLE,,0,0,A,DAYLIGHT,,,,,,,A,NO PEDESTRIANS INVOLVED,,A,22106,,1,52ND ST,1,,,A,,,DOVER ST,,,D,10/16/2024 1:20:34 PM,1/28/2025 11:55:02 AM,,,2,,,,,,,
4433548,24-041791,2,False,0109,8/20/2024 4:13:00 PM,1613,26X,14,109,Oakland,1,True,True,D,BROADSIDE,,Tuesday,,,M,,False,False,True,,C,OTHER MOTOR VEHICLE,,0,0,A,DAYLIGHT,,,,,,,A,NO PEDESTRIANS INVOLVED,,A,22350,,1,71ST AV,2,,,A,,,HERBERT GUICE WY,,,A,10/16/2024 1:05:34 PM,1/28/2025 11:56:50 AM,,,2,,,,,,,
4433485,9370-2024-03201,1,False,9370,10/9/2024 6:30:00 PM,1830,176,14,109,Oakland,1,True,True,C,REAR END,,Wednesday,NotApplicable,False,,,False,True,False,ALAMEDA SUPERIOR COURT WILEY W. MANUEL COURTHOUSE,C,OTHER MOTOR VEHICLE,,0,0,A,DAYLIGHT,37.752488,-122.206933,,,,,A,NO PEDESTRIANS INVOLVED,10/9/2024 6:30:00 PM,A,VC 22350,False,1,I-880 S/B,,,10/16/2024 12:26:56 PM,A,S,610.0,66TH AVE,F,,D,10/16/2024 12:26:56 PM,10/16/2024 12:26:56 PM,False,True,4,,10/9/2024 6:35:00 PM,1835,False,,,True
4433451,24-042150,2,False,0109,8/22/2024 3:20:00 PM,1520,05X,14,109,Oakland,1,True,True,D,BROADSIDE,,Thursday,,,,,False,False,True,,C,OTHER MOTOR VEHICLE,,1,0,A,DAYLIGHT,,,,,,,A,NO PEDESTRIANS INVOLVED,,A,22107,,1,BRUSH ST,1,,,A,,,17TH ST,,,A,10/16/2024 12:00:34 PM,1/28/2025 11:56:51 AM,,,2,,,,,,,
4433449,9370-2024-03196,1,False,9370,10/8/2024 5:15:00 PM,1715,053,14,109,Oakland,1,True,True,C,REAR END,,Tuesday,Yes,False,,,False,True,True,ALAMEDA SUPERIOR COURT WILEY W. MANUEL COURTHOUSE,C,OTHER MOTOR VEHICLE,,1,0,A,DAYLIGHT,37.795153,-122.207119,,,,,A,NO PEDESTRIANS INVOLVED,10/8/2024 5:15:00 PM,A,VC 21658(A),False,1,I-580 W/B,,,10/16/2024 11:59:44 AM,A,E,50.0,COOLIDGE AVE,F,,D,10/16/2024 11:59:46 AM,10/16/2024 11:59:46 AM,False,True,4,,10/8/2024 5:20:00 PM,1720,False,,,True
4433426,24-042126,2,False,0109,8/22/2024 1:27:00 PM,1327,26X,14,109,Oakland,1,True,True,D,BROADSIDE,,Thursday,,,,,False,False,True,,C,OTHER MOTOR VEHICLE,,3,0,A,DAYLIGHT,,,,,,,A,NO PEDESTRIANS INVOLVED,,A,21453A,,1,HEGENBERGER RD,2,,,A,,,HAMILTON ST,,,A,10/16/2024 11:50:34 AM,1/28/2025 11:56:51 AM,,,2,,,,,,,
4433425,9370-2024-03168,1,False,9370,10/6/2024 5:20:00 PM,1720,177,14,109,Oakland,1,True,True,C,REAR END,,Sunday,NotApplicable,False,,,False,True,False,ALAMEDA SUPERIOR COURT WILEY W. MANUEL COURTHOUSE,C,OTHER MOTOR VEHICLE,,0,0,A,DAYLIGHT,37.796719,-122.269672,,,,,A,NO PEDESTRIANS INVOLVED,10/6/2024 5:20:00 PM,A,VC 22350,False,1,I-880 N/B FROM JACKSON STREET,,,10/16/2024 11:50:06 AM,A,N,290.0,JACKSON STREET,F,,D,10/16/2024 11:50:08 AM,10/16/2024 11:50:08 AM,False,True,4,,10/6/2024 5:30:00 PM,1730,False,,,True
4433418,9370-2024-03192,1,False,9370,10/9/2024 6:10:00 AM,610,008,14,109,Oakland,1,True,True,C,REAR END,,Wednesday,NotApplicable,False,,,False,True,False,ALAMEDA SUPERIOR COURT WILEY W. MANUEL COURTHOUSE,C,OTHER MOTOR VEHICLE,,0,0,B,DUSK-DAWN,37.828447,-122.29282,,,,,A,NO PEDESTRIANS INVOLVED,10/9/2024 6:10:00 AM,A,VC 22350,False,1,I-580 W/B TO I-80 E/B,,,10/16/2024 11:47:24 AM,A,E,0.7,POWELL STREET,M,,D,10/16/2024 11:47:26 AM,10/16/2024 11:47:26 AM,False,True,4,,10/9/2024 6:15:00 AM,0615,False,,,True
4433411,24-041492,2,False,0109,8/18/2024 6:41:00 PM,1841,22Y,14,109,Oakland,1,True,True,A,HEAD-ON,,Sunday,,,,,False,False,False,,C,OTHER MOTOR VEHICLE,,1,0,A,DAYLIGHT,,,,,,,A,NO PEDESTRIANS INVOLVED,,A,22107,,1,SKYLINE DR,2,,,A,,,CASTLE DR,,,D,10/16/2024 11:40:34 AM,1/28/2025 11:56:51 AM,,,2,,,,,,,
4433407,9370-2024-03128,1,False,9370,10/3/2024 11:45:00 AM,1145,177,14,109,Oakland,1,True,True,B,SIDE SWIPE,,Thursday,NotApplicable,False,M,,False,True,False,ALAMEDA SUPERIOR COURT WILEY W. MANUEL COURTHOUSE,C,OTHER MOTOR VEHICLE,,0,0,A,DAYLIGHT,37.799904,-122.278331,,,,,A,NO PEDESTRIANS INVOLVED,10/3/2024 11:45:00 AM,A,VC 21658(A),False,1,I-880 N/B,,,10/16/2024 11:39:17 AM,A,S,10.0,5TH  STREET,F,,D,10/16/2024 11:39:20 AM,10/16/2024 11:39:20 AM,False,True,4,,10/3/2024 11:47:00 AM,1147,False,,,True
4433388,24-031176,2,False,0109,6/23/2024 12:20:00 PM,1220,19X,14,109,Oakland,1,True,True,B,SIDE SWIPE,,Sunday,,,M,,False,False,False,,E,PARKED MOTOR VEHICLE,,0,0,A,DAYLIGHT,,,,,,,A,NO PEDESTRIANS INVOLVED,,A,22350,,1,E 12TH ST,1,,,A,E,20.0,12TH AV,F,,A,10/16/2024 11:30:34 AM,1/28/2025 11:55:07 AM,,,2,,,,,,,
4433344,24007080,2,False,0109,2/9/2024 1:15:00 AM,115,32X,14,109,Oakland,1,True,True,C,REAR END,,Friday,,,,,False,False,False,,E,PARKED MOTOR VEHICLE,,0,0,C,DARK-STREET LIGHTS,,,,,,,A,NO PEDESTRIANS INVOLVED,,A,22107,,1,104TH AV,2,,,A,S,250.0,SUNNYSIDE ST,F,,D,10/16/2024 11:15:34 AM,1/28/2025 11:56:46 AM,,,2,,,,,,,
4433308,24-026148,2,False,0109,5/27/2024 4:11:00 PM,1611,04X,14,109,Oakland,1,True,True,D,BROADSIDE,,Monday,,,,,False,False,True,,C,OTHER MOTOR VEHICLE,,1,0,A,DAYLIGHT,,,,,,,A,NO PEDESTRIANS INVOLVED,,A,21453A,,,17TH ST,1,,,A,,,TELEGRAPH AV,,,A,10/16/2024 11:05:34 AM,1/28/2025 11:56:39 AM,,,2,,,,,,,
4433302,24-039153,2,False,0109,8/6/2024 5:10:00 PM,1710,03X,14,109,Oakland,1,True,True,D,BROADSIDE,,Tuesday,,,,,False,False,False,,C,OTHER MOTOR VEHICLE,,2,0,A,DAYLIGHT,,,,,,,A,NO PEDESTRIANS INVOLVED,,A,21453A,,,WEBSTER ST,1,,,A,,,11TH ST,,,A,10/16/2024 11:05:34 AM,1/28/2025 11:56:51 AM,,,2,,,,,,,
4433289,24008132,2,False,0109,2/15/2024 10:39:00 AM,1039,27X,14,109,Oakland,1,True,True,D,BROADSIDE,,Thursday,,,F,,False,False,False,,C,OTHER MOTOR VEHICLE,,0,0,A,DAYLIGHT,,,,,,,A,NO PEDESTRIANS INVOLVED,,A,22450A,,1,47TH AV,2,,,A,,,BANCROFT AV,,,A,10/16/2024 11:00:33 AM,1/28/2025 11:56:46 AM,,,2,,,,,,,
4433251,24-038428,2,False,0109,8/2/2024 2:49:00 AM,249,19X,14,109,Oakland,1,True,True,H,OTHER,,Friday,,,F,,False,False,False,,B,PEDESTRIAN,,1,0,D,DARK-NO STREET LIGHTS,,,,,,,B,CROSSING IN CROSS WALK AT INTERSECTION,,D,,,,INTERNATIONAL BL,1,,,,,,11TH AV,,,D,10/16/2024 10:50:33 AM,1/28/2025 11:56:51 AM,,,2,,,,,,,
4433234,24-031298,2,False,0109,6/24/2024 7:26:00 AM,726,07X,14,109,Oakland,1,True,True,D,BROADSIDE,,Monday,,,,,False,False,False,,C,OTHER MOTOR VEHICLE,,0,0,A,DAYLIGHT,,,,,,,A,NO PEDESTRIANS INVOLVED,,A,21800D,,,27TH ST,1,,,A,,,MARKET ST,,,A,10/16/2024 10:45:33 AM,1/28/2025 11:56:31 AM,,,2,,,,,,,
4453170,9335-2024-02515,1,False,9335,10/29/2024 9:19:00 AM,919,082,14,109,Oakland,1,True,True,C,REAR END,,Tuesday,NotApplicable,False,,,False,True,False,ALAMEDA SUPERIOR COURT ALAMEDA,C,OTHER MOTOR VEHICLE,,0,0,A,DAYLIGHT,37.824365,-122.316926,,,,,A,NO PEDESTRIANS INVOLVED,10/29/2024 9:19:00 AM,A,VC 21658(A),False,1,I-80 W/B,,,10/31/2024 8:01:40 PM,A,W,1000.0,SFOBB TOLL PLAZA,F,,D,10/31/2024 8:01:45 PM,10/31/2024 8:01:45 PM,False,True,4,,10/29/2024 9:30:00 AM,0930,False,,,True
4453154,9335-2024-02500,1,False,9335,10/28/2024 8:20:00 AM,820,082,14,109,Oakland,1,True,True,C,REAR END,,Monday,NotApplicable,False,M,,False,True,False,ALAMEDA SUPERIOR COURT FREMONT HALL OF JUSTICE,C,OTHER MOTOR VEHICLE,,0,0,A,DAYLIGHT,37.824404,-122.316952,,,,,A,NO PEDESTRIANS INVOLVED,10/28/2024 8:20:00 AM,A,VC 22350,False,1,I-80 W/B,,,10/31/2024 6:42:45 PM,A,W,885.7,SFOBB TOLL PLAZA,F,,D,10/31/2024 6:42:51 PM,10/31/2024 6:42:51 PM,False,True,4,,10/28/2024 8:41:00 AM,0841,True,EMBEDDED,,True
4453106,9370-2024-03482,1,False,9370,10/30/2024 8:30:00 AM,830,176,14,109,Oakland,1,True,True,B,SIDE SWIPE,,Wednesday,NotApplicable,False,,,False,True,False,ALAMEDA SUPERIOR COURT WILEY W. MANUEL COURTHOUSE,C,OTHER MOTOR VEHICLE,,0,0,A,DAYLIGHT,37.775588,-122.234919,,,,,A,NO PEDESTRIANS INVOLVED,10/30/2024 8:30:00 AM,A,VC 21658(A),False,,I-880 S/B,,,10/31/2024 4:17:01 PM,A,N,450.0,29TH AVE,F,,D,10/31/2024 4:17:03 PM,10/31/2024 4:17:03 PM,False,True,4,,10/30/2024 8:35:00 AM,0835,False,,,True
4453097,9370-2024-03341,1,False,9370,10/19/2024 2:20:00 PM,1420,055,14,109,Oakland,1,True,True,H,OTHER,ROADWAY,Saturday,Yes,False,,,False,True,False,ALAMEDA SUPERIOR COURT WILEY W. MANUEL COURTHOUSE,A,NON-COLLISION,,1,0,A,DAYLIGHT,37.82303,-122.269139,,,,,A,NO PEDESTRIANS INVOLVED,10/19/2024 2:20:00 PM,A,VC 22350,True,,I-580 W/B,,,10/31/2024 4:10:50 PM,A,E,200.0,I-980 E/B,F,,D,10/31/2024 4:10:52 PM,10/31/2024 4:10:52 PM,False,True,4,False,10/19/2024 2:25:00 PM,1425,False,,,True
4452968,9370-2024-03343,1,False,9370,10/19/2024 7:15:00 PM,1915,055,14,109,Oakland,1,True,True,C,REAR END,,Saturday,NotApplicable,False,,,False,True,False,ALAMEDA SUPERIOR COURT WILEY W. MANUEL COURTHOUSE,C,OTHER MOTOR VEHICLE,,0,0,D,DARK-NO STREET LIGHTS,37.825742,-122.302427,,,,,A,NO PEDESTRIANS INVOLVED,10/19/2024 7:15:00 PM,A,VC 22350,False,1,580EB,,,10/31/2024 2:13:31 PM,A,W,200.0,SR 24,F,,D,10/31/2024 2:13:34 PM,10/31/2024 2:13:34 PM,False,True,4,,10/19/2024 7:20:00 PM,1920,False,,,True
4452939,9370-2024-03459,1,False,9370,10/28/2024 5:40:00 PM,1740,053,14,109,Oakland,1,True,True,C,REAR END,,Monday,NotApplicable,False,,,False,True,False,ALAMEDA SUPERIOR COURT WILEY W. MANUEL COURTHOUSE,C,OTHER MOTOR VEHICLE,,0,0,A,DAYLIGHT,37.797042,-122.212572,,,,,A,NO PEDESTRIANS INVOLVED,10/28/2024 5:40:00 PM,A,VC 22350,False,1,I-580 E/B,,,10/31/2024 1:57:48 PM,A,E,320.0,BOSTON AVE,F,,D,10/31/2024 1:57:51 PM,10/31/2024 1:57:51 PM,False,True,4,,10/28/2024 5:51:00 PM,1751,False,,,True
4452871,24-045135,2,False,0109,9/9/2024 5:57:00 PM,1757,32X,14,109,Oakland,1,True,True,B,SIDE SWIPE,,Monday,,,,,False,False,False,,C,OTHER MOTOR VEHICLE,,0,0,B,DUSK-DAWN,,,,,,,A,NO PEDESTRIANS INVOLVED,,A,21751,,1,98TH AV,2,,,A,N,25.0,D ST,F,,A,10/31/2024 1:25:47 PM,1/28/2025 12:00:25 PM,,,2,,,,,,,
4452858,24-045109,2,False,0109,9/9/2024 3:11:00 PM,1511,33X,14,109,Oakland,1,True,True,D,BROADSIDE,,Monday,,,,,False,False,False,,C,OTHER MOTOR VEHICLE,,0,0,A,DAYLIGHT,,,,,,,A,NO PEDESTRIANS INVOLVED,,A,21802A,,1,94TH AV,2,,,A,,,A ST,,,A,10/31/2024 1:20:47 PM,1/28/2025 12:00:25 PM,,,2,,,,,,,
4452856,24-043978,2,False,0109,9/3/2024 4:02:00 AM,402,30X,14,109,Oakland,1,True,True,G,VEHICLE/PEDESTRAIN,,Tuesday,,,F,,False,False,False,,B,PEDESTRIAN,,1,0,C,DARK-STREET LIGHTS,,,,,,,D,CROSSING - NOT IN CROSSWALK,,A,21950A,,1,MACARTHUR BL,2,,,A,W,434.0,82ND AV,F,,D,10/31/2024 1:20:47 PM,1/28/2025 12:00:27 PM,,,2,,,,,,,
4452844,24-047799,2,False,0109,9/23/2024 7:25:00 PM,1925,32X,14,109,Oakland,1,True,True,H,OTHER,,Monday,,,M,,False,False,False,,G,BICYCLE,,1,0,B,DUSK-DAWN,,,,,,,A,NO PEDESTRIANS INVOLVED,,A,21453A,,1,98TH AV,2,,,A,,,INTERNATIONAL BL,,,A,10/31/2024 1:15:47 PM,1/28/2025 12:00:28 PM,,,2,,,,,,,
4452825,24-045946,2,False,0109,9/14/2024 4:11:00 PM,1611,26X,14,109,Oakland,1,True,True,G,VEHICLE/PEDESTRAIN,,Saturday,,,F,,False,False,False,,G,BICYCLE,,1,0,A,DAYLIGHT,,,,,,,E,IN ROAD - INCLUDES SHOULDER,,A,22350,,1,INDEPENDENT RD,2,,,A,,,COLISEUM WY,,,A,10/31/2024 1:10:47 PM,1/28/2025 12:00:30 PM,,,2,,,,,,,
4452817,24-048823,2,False,0109,9/30/2024 2:05:00 AM,205,29X,14,109,Oakland,1,True,True,A,HEAD-ON,,Monday,,,M,,False,False,False,,E,PARKED MOTOR VEHICLE,,0,0,C,DARK-STREET LIGHTS,,,,,,,A,NO PEDESTRIANS INVOLVED,,A,22107,,1,55TH AV,2,,,A,N,5.0,BANCROFT AV,F,,A,10/31/2024 1:05:47 PM,1/28/2025 12:00:25 PM,,,2,,,,,,,
4452809,24-045987,2,False,0109,9/14/2024 1:20:00 AM,120,19X,14,109,Oakland,1,True,True,D,BROADSIDE,,Saturday,,,F,,False,False,False,,G,BICYCLE,,1,0,C,DARK-STREET LIGHTS,,,,,,,,,,A,22107,,1,INTERNATIONAL BL,1,,,A,W,100.0,14TH AV,F,,D,10/31/2024 1:00:47 PM,1/28/2025 12:00:30 PM,,,2,,,,,,,
4452806,24-046226,2,False,0109,9/15/2024 3:00:00 PM,1500,32X,14,109,Oakland,1,True,True,B,SIDE SWIPE,,Sunday,,,M,,False,False,False,,E,PARKED MOTOR VEHICLE,,0,0,A,DAYLIGHT,,,,,,,A,NO PEDESTRIANS INVOLVED,,A,22350,,1,DURANT AV,2,,,A,N,50.0,JULIUS ST,F,,D,10/31/2024 1:00:47 PM,1/28/2025 12:00:25 PM,,,2,,,,,,,
4452795,24-046050,2,False,0109,9/14/2024 12:05:00 PM,1205,23X,14,109,Oakland,1,True,True,D,BROADSIDE,,Saturday,,,,,False,False,False,,C,OTHER MOTOR VEHICLE,,0,0,A,DAYLIGHT,,,,,,,A,NO PEDESTRIANS INVOLVED,,A,21453A,,1,HIGH ST,2,,,A,,,INTERNATIONAL BL,,,A,10/31/2024 12:55:47 PM,1/28/2025 12:00:25 PM,,,2,,,,,,,
4452792,24-049778,2,False,0109,10/6/2024 1:00:00 AM,100,26X,14,109,Oakland,1,True,True,E,HIT OBJECT,,Sunday,,,F,,False,False,False,,J,OTHER OBJECT,,0,0,C,DARK-STREET LIGHTS,,,,,,,A,NO PEDESTRIANS INVOLVED,,A,22107,,1,INTERNATIONAL BL,2,,,A,W,10.0,61ST AVE,F,,A,10/31/2024 12:55:47 PM,1/28/2025 12:00:23 PM,,,2,,,,,,,
4452778,9370-2024-03399,1,False,9370,10/23/2024 5:20:00 PM,1720,055,14,109,Oakland,1,True,True,B,SIDE SWIPE,,Wednesday,NotApplicable,False,M,,False,True,False,ALAMEDA SUPERIOR COURT WILEY W. MANUEL COURTHOUSE,C,OTHER MOTOR VEHICLE,,0,0,A,DAYLIGHT,37.825578,-122.273988,,,,,A,NO PEDESTRIANS INVOLVED,10/23/2024 5:20:00 PM,A,VC 21658(A),False,1,I-580 E/B,,,10/31/2024 12:48:47 PM,A,E,318.0,MARKET ST,F,,D,10/31/2024 12:48:49 PM,10/31/2024 12:48:49 PM,False,True,4,,10/23/2024 5:49:00 PM,1749,False,,,True
4452771,24-046987,2,False,0109,9/18/2024 5:45:00 PM,1745,05X,14,109,Oakland,1,True,True,D,BROADSIDE,,Wednesday,,,,,False,False,False,,C,OTHER MOTOR VEHICLE,,0,0,A,DAYLIGHT,,,,,,,A,NO PEDESTRIANS INVOLVED,,A,21801A,,1,MARKET ST,1,,,A,,,14TH ST,,,A,10/31/2024 12:45:47 PM,1/28/2025 12:00:25 PM,,,2,,,,,,,
4452761,24-045094,2,False,0109,9/9/2024 2:41:00 PM,1441,30X,14,109,Oakland,1,True,True,C,REAR END,,Monday,,,M,,False,False,False,,C,OTHER MOTOR VEHICLE,,1,0,A,DAYLIGHT,,,,,,,A,NO PEDESTRIANS INVOLVED,,A,22350,,1,73RD AV,2,,,A,N,1.0,KRAUSE AV,F,,A,10/31/2024 12:40:47 PM,1/28/2025 12:00:25 PM,,,2,,,,,,,
4452747,24-047780,2,False,0109,9/23/2024 5:20:00 PM,1720,31Y,14,109,Oakland,1,True,True,D,BROADSIDE,,Monday,,,M,,False,False,False,,C,OTHER MOTOR VEHICLE,,0,0,A,DAYLIGHT,,,,,,,A,NO PEDESTRIANS INVOLVED,,A,21801A,,1,SAN LEANDRO ST,2,,,A,W,200.0,98TH AV,F,,A,10/31/2024 12:35:47 PM,1/28/2025 12:00:25 PM,,,2,,,,,,,
4452743,24-047398,2,False,0109,9/19/2024 5:00:00 PM,1700,22X,14,109,Oakland,1,True,True,A,HEAD-ON,,Thursday,,,M,,False,False,True,,E,PARKED MOTOR VEHICLE,,0,0,A,DAYLIGHT,,,,,,,A,NO PEDESTRIANS INVOLVED,,A,22107,,1,35TH AV,2,,,A,,,REDDING ST,,,D,10/31/2024 12:30:47 PM,1/28/2025 12:00:25 PM,,,2,,,,,,,
4452733,24-047227,2,False,0109,9/20/2024 10:20:00 AM,1020,09X,14,109,Oakland,1,True,True,D,BROADSIDE,,Friday,,,,,False,False,True,,C,OTHER MOTOR VEHICLE,,0,0,A,DAYLIGHT,,,,,,,A,NO PEDESTRIANS INVOLVED,,A,21802A,,1,PLEASANT VALLEY AV,1,,,A,,,HOWE ST,,,A,10/31/2024 12:25:47 PM,1/28/2025 12:00:25 PM,,,2,,,,,,,
4452722,24-045981,2,False,0109,9/14/2024 12:29:00 AM,29,27X,14,109,Oakland,1,True,True,D,BROADSIDE,,Saturday,,,,,False,False,False,,E,PARKED MOTOR VEHICLE,,0,0,D,DARK-NO STREET LIGHTS,,,,,,,A,NO PEDESTRIANS INVOLVED,,A,22107,,1,BANCROFT AV,2,,,A,W,0.1,COLE ST,M,,D,10/31/2024 12:15:47 PM,1/28/2025 12:00:25 PM,,,2,,,,,,,
4452714,9370-2024-03387,1,False,9370,10/23/2024 4:25:00 PM,1625,176,14,109,Oakland,1,True,True,G,VEHICLE/PEDESTRAIN,,Wednesday,Yes,False,,,False,True,False,ALAMEDA SUPERIOR COURT WILEY W. MANUEL COURTHOUSE,B,PEDESTRIAN,,2,0,A,DAYLIGHT,37.730378,-122.187123,,,,,E,IN ROAD - INCLUDES SHOULDER,10/23/2024 4:25:00 PM,C,,,,I-880 N/B,,,10/31/2024 12:10:46 PM,A,S,600.0,98TH AVE,F,,D,10/31/2024 12:10:48 PM,10/31/2024 12:10:48 PM,False,True,4,True,10/23/2024 4:35:00 PM,1635,False,,,True