collision-id,report-number,report-version,is-preliminary,ncic-code,crash-date-time,crash-time-description,beat,city-id,city-code,city-name,county-code,city-is-active,city-is-incorporated,collision-type-code,collision-type-description,collision-type-other-desc,day-of-week,dispatch-notified,has-photographs,hit-run,is-attachments-mailed,is-deleted,is-highway-related,is-tow-away,judicial-district,motor-vehicle-involved-with-code,motor-vehicle-involved-with-desc,motor-vehicle-involved-with-other-desc,number-injured,number-killed,lighting-code,lighting-description,latitude,longitude,milepost-direction,milepost-distance,milepost-marker,milepost-unit-of-measure,pedestrian-action-code,pedestrian-action-desc,prepared-date,primary-collision-factor-code,primary-collision-factor-description,primary-collision-factor-is-cited,primary-collision-party-number,primary-road,reporting-district,reporting-district-code,reviewed-date,roadway-surface-code,secondary-direction,secondary-distance,secondary-road,secondary-unit-of-measure,sketch-desc,traffic-control-device-code,created-date,modified-date,is-county-road,is-freeway,chp-555-version,is-additonal-object-struck,notification-date,notification-time-description,has-digital-media-files,evidence-number,is-location-refer-to-narrative,is-aoi-one-same-as-location
4452713,24-046869,2,False,0109,9/18/2024 2:50:00 AM,250,07X,14,109,Oakland,1,True,True,B,SIDE SWIPE,,Wednesday,,,M,,False,False,False,,C,OTHER MOTOR VEHICLE,,0,0,C,DARK-STREET LIGHTS,,,,,,,A,NO PEDESTRIANS INVOLVED,,A,22106,,1,MARKET ST,1,,,A,N,50.0,28TH ST,F,,D,10/31/2024 12:10:47 PM,1/28/2025 12:00:25 PM,,,2,,,,,,,
4452707,24-047131,2,False,0109,9/19/2024 4:07:00 PM,1607,06X,14,109,Oakland,1,True,True,D,BROADSIDE,,Thursday,,,,,False,False,False,,C,OTHER MOTOR VEHICLE,,0,0,A,DAYLIGHT,,,,,,,A,NO PEDESTRIANS INVOLVED,,A,21453A,,1,40TH ST,1,,,A,,,MARTIN LUTHER KING JR WY,,,A,10/31/2024 12:05:47 PM,1/28/2025 12:00:25 PM,,,2,,,,,,,
4452701,24-047322,2,False,0109,9/20/2024 10:14:00 PM,2214,30X,14,109,Oakland,1,True,True,B,SIDE SWIPE,,Friday,,,,,False,False,False,,C,OTHER MOTOR VEHICLE,,0,0,C,DARK-STREET LIGHTS,,,,,,,A,NO PEDESTRIANS INVOLVED,,A,22107,,1,73RD AV,2,,,A,,,WELD ST,,,A,10/31/2024 12:00:47 PM,1/28/2025 12:00:25 PM,,,2,,,,,,,
4452663,24-047668,2,False,0109,9/23/2024 9:11:00 AM,911,22Y,14,109,Oakland,1,True,True,H,OTHER,,Monday,,,M,,False,False,False,,E,PARKED MOTOR VEHICLE,,0,0,A,DAYLIGHT,,,,,,,A,NO PEDESTRIANS INVOLVED,,A,22106,,1,MAPLE AV,2,,,A,N,35.0,FLORIDA ST,F,,D,10/31/2024 11:40:47 AM,1/28/2025 12:00:25 PM,,,2,,,,,,,
4452642,9370-2024-03405,1,False,9370,10/24/2024 5:25:00 PM,1725,054,14,109,Oakland,1,True,True,C,REAR END,,Thursday,NotApplicable,False,,,False,True,False,ALAMEDA SUPERIOR COURT WILEY W. MANUEL COURTHOUSE,C,OTHER MOTOR VEHICLE,,0,0,A,DAYLIGHT,37.814251,-122.251085,,,,,A,NO PEDESTRIANS INVOLVED,10/24/2024 5:25:00 PM,A,VC 22350,False,1,I-580 E/B,,,10/31/2024 11:28:34 AM,A,W,1200.0,GRAND AVE,F,,D,10/31/2024 11:28:35 AM,10/31/2024 11:28:35 AM,False,True,4,,10/24/2024 5:30:00 PM,1730,False,,False,True
4451718,9370-2024-03361,1,False,9370,10/22/2024 8:50:00 AM,850,053,14,109,Oakland,1,True,True,C,REAR END,,Tuesday,NotApplicable,False,,,False,True,False,ALAMEDA SUPERIOR COURT WILEY W. MANUEL COURTHOUSE,C,OTHER MOTOR VEHICLE,,0,0,A,DAYLIGHT,37.795479,-122.208076,,,,,A,NO PEDESTRIANS INVOLVED,10/22/2024 8:50:00 AM,A,VC 22350,False,1,I-580 W/B,,,10/30/2024 6:54:25 PM,A,E,850.0,COLLIDGE AVE,F,,D,10/30/2024 6:54:27 PM,10/30/2024 6:54:27 PM,False,True,4,,10/22/2024 8:55:00 AM,0855,False,,,True
4451706,9335-2024-02469,1,False,9335,10/25/2024 12:10:00 AM,10,082,14,109,Oakland,1,True,True,D,BROADSIDE,,Friday,NotApplicable,False,,,False,True,False,ALAMEDA SUPERIOR COURT ALAMEDA,C,OTHER MOTOR VEHICLE,,0,0,C,DARK-STREET LIGHTS,37.823974,-122.317448,,,,,A,NO PEDESTRIANS INVOLVED,10/25/2024 12:10:00 AM,A,VC 21658(A),False,1,I-80 W/B,,,10/30/2024 5:49:49 PM,A,W,25.0,THE SFOBB METERING LIGHTS,F,,A,10/30/2024 5:49:52 PM,10/30/2024 5:49:52 PM,False,True,4,True,10/25/2024 12:15:00 AM,0015,False,,,True
4451702,9335-2024-02478,1,False,9335,10/25/2024 6:25:00 PM,1825,082,14,109,Oakland,1,True,True,C,REAR END,,Friday,NotApplicable,False,,,False,True,False,ALAMEDA SUPERIOR COURT ALAMEDA,C,OTHER MOTOR VEHICLE,,1,0,C,DARK-STREET LIGHTS,37.824105,-122.317063,,,,,A,NO PEDESTRIANS INVOLVED,10/25/2024 6:25:00 PM,A,VC 22350,False,1,I-80 WESTBOUND,,,10/30/2024 5:32:10 PM,A,E,81.0,METERING LIGHTS,F,,D,10/30/2024 5:32:16 PM,10/30/2024 5:32:16 PM,False,True,4,,10/25/2024 6:30:00 PM,1830,False,,,True
4451700,9370-2024-03461,1,False,9370,10/28/2024 8:50:00 AM,850,178,14,109,Oakland,1,True,True,C,REAR END,,Monday,NotApplicable,False,,,False,True,False,ALAMEDA SUPERIOR COURT WILEY W. MANUEL COURTHOUSE,C,OTHER MOTOR VEHICLE,,2,0,A,DAYLIGHT,37.801839,-122.283553,,,,,A,NO PEDESTRIANS INVOLVED,10/28/2024 8:50:00 AM,A,VC 22350,False,1,I-880 S/B,,,10/30/2024 5:30:18 PM,A,N,650.0,MARKET STREET,F,,D,10/30/2024 5:30:20 PM,10/30/2024 5:30:20 PM,False,True,4,,10/28/2024 8:51:00 AM,0851,False,,,True
4451699,9370-2024-03390,1,False,9370,10/23/2024 5:35:00 PM,1735,024,14,109,Oakland,1,True,True,C,REAR END,,Wednesday,NotApplicable,False,,,False,True,False,ALAMEDA SUPERIOR COURT WILEY W. MANUEL COURTHOUSE,C,OTHER MOTOR VEHICLE,,0,0,A,DAYLIGHT,37.851172,-122.223091,,,,,A,NO PEDESTRIANS INVOLVED,10/23/2024 5:35:00 PM,A,VC 22350,False,1,SR-24 W/B,,,10/30/2024 5:26:33 PM,A,E,100.0,FREEWAY OVERCROSS,F,,D,10/30/2024 5:26:34 PM,10/30/2024 5:26:34 PM,False,True,4,,10/23/2024 5:40:00 PM,1740,False,,,True
4451644,9370-2024-03289,1,False,9370,10/10/2024 3:20:00 PM,1520,901,14,109,Oakland,1,True,True,B,SIDE SWIPE,,Thursday,NotApplicable,False,,,False,False,False,ALAMEDA SUPERIOR COURT WILEY W. MANUEL COURTHOUSE,E,PARKED MOTOR VEHICLE,,0,0,A,DAYLIGHT,37.754343,-122.179337,,,,,A,NO PEDESTRIANS INVOLVED,10/10/2024 3:20:00 PM,A,VC 22107,False,1,83RD AVE (1300 BLOCK),,,10/30/2024 5:07:20 PM,A,W,310.0,INTERNATIONAL BLVD,F,,D,10/30/2024 5:07:22 PM,10/30/2024 5:07:22 PM,True,False,4,,10/16/2024 9:00:00 AM,0900,False,,,True
4451512,9370-2024-03365,1,False,9370,10/22/2024 7:35:00 AM,735,177,14,109,Oakland,1,True,True,C,REAR END,,Tuesday,Yes,False,,,False,True,False,ALAMEDA SUPERIOR COURT WILEY W. MANUEL COURTHOUSE,C,OTHER MOTOR VEHICLE,,2,0,A,DAYLIGHT,37.791899,-122.261737,,,,,A,NO PEDESTRIANS INVOLVED,10/22/2024 7:35:00 AM,A,VC 22350,False,1,I-880 N/B,,,10/30/2024 4:46:10 PM,A,S,1832.0,OAK ST,F,,D,10/30/2024 4:46:12 PM,10/30/2024 4:46:12 PM,False,True,4,,10/22/2024 7:37:00 AM,0737,True,AREA PHOTO FILE,,True
4451396,9370-2024-03368,1,False,9370,10/22/2024 6:52:00 AM,652,176,14,109,Oakland,1,True,True,C,REAR END,,Tuesday,NotApplicable,False,,,False,True,False,ALAMEDA SUPERIOR COURT WILEY W. MANUEL COURTHOUSE,C,OTHER MOTOR VEHICLE,,1,0,A,DAYLIGHT,37.763251,-122.216238,,,,,A,NO PEDESTRIANS INVOLVED,10/22/2024 6:52:00 AM,A,VC 22350,False,1,I-880 N/B,,,10/30/2024 3:02:13 PM,A,S,600.0,HIGH ST,F,,D,10/30/2024 3:02:14 PM,10/30/2024 3:02:14 PM,False,True,4,,10/22/2024 7:00:00 AM,0700,False,,,True
4451394,9370-2024-03468,1,False,9370,10/29/2024 5:14:00 AM,514,052,14,109,Oakland,1,True,True,E,HIT OBJECT,,Tuesday,NotApplicable,False,,,False,True,False,ALAMEDA SUPERIOR COURT WILEY W. MANUEL COURTHOUSE,J,OTHER OBJECT,DEBRIS,0,0,D,DARK-NO STREET LIGHTS,37.784072,-122.180071,,,,,A,NO PEDESTRIANS INVOLVED,10/29/2024 5:14:00 AM,C,,,,I-580 W/B,,,10/30/2024 3:00:30 PM,A,W,425.0,SR-13,F,,D,10/30/2024 3:00:31 PM,10/30/2024 3:00:31 PM,False,True,4,,10/29/2024 5:16:00 AM,0516,False,,,True
4451378,9370-2024-03386,1,False,9370,10/23/2024 12:00:00 PM,1200,008,14,109,Oakland,1,True,True,B,SIDE SWIPE,,Wednesday,NotApplicable,False,,,False,True,False,ALAMEDA SUPERIOR COURT WILEY W. MANUEL COURTHOUSE,D,MOTOR VEHICLE ON OTHER ROADWAY,,0,0,A,DAYLIGHT,37.836678,-122.296183,,,,,A,NO PEDESTRIANS INVOLVED,10/23/2024 12:00:00 PM,A,VC 21658(A),False,1,I-80 W/B,,,10/30/2024 2:52:53 PM,A,W,500.0,POWELL STREET,F,,D,10/30/2024 2:52:56 PM,10/30/2024 2:52:56 PM,False,True,4,,10/23/2024 12:07:00 PM,1207,False,,,True
4451358,9370-2024-03465,1,False,9370,10/29/2024 12:15:00 PM,1215,176,14,109,Oakland,1,True,True,C,REAR END,,Tuesday,NotApplicable,False,,,False,True,False,ALAMEDA SUPERIOR COURT WILEY W. MANUEL COURTHOUSE,C,OTHER MOTOR VEHICLE,,1,0,A,DAYLIGHT,37.752604,-122.207038,,,,,A,NO PEDESTRIANS INVOLVED,10/29/2024 12:15:00 PM,A,VC 22350,False,1,I-880 S/B,,,10/30/2024 2:34:50 PM,A,S,700.0,66TH AVENUE,F,,D,10/30/2024 2:34:52 PM,10/30/2024 2:34:52 PM,False,True,4,,10/29/2024 12:16:00 PM,1216,False,,,True
4451355,9370-2024-03378,1,False,9370,10/21/2024 3:00:00 PM,1500,013,14,109,Oakland,1,True,True,E,HIT OBJECT,,Monday,NotApplicable,False,M,,False,True,True,ALAMEDA SUPERIOR COURT WILEY W. MANUEL COURTHOUSE,I,FIXED OBJECT,TREE TRUNK,0,0,A,DAYLIGHT,37.787788,-122.18121,,,,,A,NO PEDESTRIANS INVOLVED,10/21/2024 3:00:00 PM,A,VC 22107,False,1,SR-13 S/B,,,10/30/2024 2:34:19 PM,A,S,2184.0,CARSON ST,F,,D,10/30/2024 2:34:20 PM,10/30/2024 2:34:20 PM,False,True,4,,10/21/2024 3:12:00 PM,1512,False,,,True
4450988,24-038083,2,False,0109,7/30/2024 6:20:00 PM,1820,10X,14,109,Oakland,1,True,True,D,BROADSIDE,,Tuesday,,,M,,False,False,False,,C,OTHER MOTOR VEHICLE,,0,0,A,DAYLIGHT,,,,,,,A,NO PEDESTRIANS INVOLVED,,A,22450,,1,53RD ST,1,,,A,,,MARKET ST,,,D,10/30/2024 11:35:41 AM,1/28/2025 11:51:19 AM,,,2,,,,,,,
4450979,24-038151,2,False,0109,7/31/2024 10:22:00 AM,1022,07X,14,109,Oakland,1,True,True,D,BROADSIDE,,Wednesday,,,,,False,False,False,,C,OTHER MOTOR VEHICLE,,0,0,A,DAYLIGHT,,,,,,,A,NO PEDESTRIANS INVOLVED,,A,21802A,,1,W GRAND AVE,1,,,A,,,UNION ST,,,A,10/30/2024 11:30:41 AM,1/28/2025 11:51:19 AM,,,2,,,,,,,
4450968,24-035373,2,False,0109,7/15/2024 4:07:00 PM,1607,30X,14,109,Oakland,1,True,True,A,HEAD-ON,,Monday,,,,,False,False,True,,C,OTHER MOTOR VEHICLE,,0,0,A,DAYLIGHT,,,,,,,A,NO PEDESTRIANS INVOLVED,,A,22350,,1,ARTHUR ST,2,,,A,E,150.0,73RD AVE,F,,D,10/30/2024 11:25:41 AM,1/28/2025 11:51:19 AM,,,2,,,,,,,
4450940,9370-2024-03393,1,False,9370,10/23/2024 5:05:00 AM,505,177,14,109,Oakland,1,True,True,E,HIT OBJECT,,Wednesday,NotApplicable,False,,,False,True,False,ALAMEDA SUPERIOR COURT WILEY W. MANUEL COURTHOUSE,J,OTHER OBJECT,SAND/ATTENUATOR,0,0,D,DARK-NO STREET LIGHTS,37.824724,-122.304797,,,,,A,NO PEDESTRIANS INVOLVED,10/23/2024 5:05:00 AM,C,,,,I-880 NB,,,10/30/2024 11:14:38 AM,A,N,1400.0,MARITIME STREET,F,,D,10/30/2024 11:14:40 AM,10/30/2024 11:14:40 AM,False,True,4,True,10/23/2024 12:00:00 AM,0514,False,,,True
4450584,9370-2024-03349,1,False,9370,10/21/2024 12:40:00 PM,1240,176,14,109,Oakland,1,True,True,B,SIDE SWIPE,,Monday,NotApplicable,False,,,False,True,False,ALAMEDA SUPERIOR COURT WILEY W. MANUEL COURTHOUSE,C,OTHER MOTOR VEHICLE,,0,0,A,DAYLIGHT,37.767633,-122.220083,,,,,A,NO PEDESTRIANS INVOLVED,10/21/2024 12:40:00 PM,A,VC 21658(A),False,1,I-880 S/B,,,10/30/2024 8:32:49 AM,A,S,193.0,HIGH ST,F,,D,10/30/2024 8:32:51 AM,10/30/2024 8:32:51 AM,False,True,4,,10/21/2024 12:45:00 PM,1245,False,,,True
4450376,9370-2024-03469,1,False,9370,10/29/2024 7:50:00 AM,750,055,14,109,Oakland,1,True,True,C,REAR END,,Tuesday,NotApplicable,False,,,False,True,False,ALAMEDA SUPERIOR COURT WILEY W. MANUEL COURTHOUSE,C,OTHER MOTOR VEHICLE,,0,0,A,DAYLIGHT,37.82385,-122.26823,,,,,A,NO PEDESTRIANS INVOLVED,10/29/2024 7:50:00 AM,A,VC 22350,False,1,I-580 EB FROM WEST STREET,,,10/30/2024 6:42:30 AM,A,E,500.0,WEST STREET,F,,D,10/30/2024 6:42:33 AM,10/30/2024 6:42:33 AM,False,True,4,,10/29/2024 8:07:00 AM,0807,False,,,True
4450329,9370-2024-03474,1,False,9370,10/15/2024 5:15:00 PM,1715,055,14,109,Oakland,1,True,True,B,SIDE SWIPE,,Tuesday,NotApplicable,False,M,,False,True,False,ALAMEDA SUPERIOR COURT WILEY W. MANUEL COURTHOUSE,C,OTHER MOTOR VEHICLE,,0,0,A,DAYLIGHT,37.822804,-122.262436,,,,,A,NO PEDESTRIANS INVOLVED,10/15/2024 5:15:00 PM,A,VC 21658(A),False,1,I-580 E/B,,,10/30/2024 6:10:04 AM,A,W,160.0,WEBSTER STREET,F,,D,10/30/2024 6:10:06 AM,10/30/2024 6:10:06 AM,False,True,4,,10/21/2024 8:00:00 PM,2000,False,,,True
4450309,9370-2024-03316,1,False,9370,10/18/2024 3:40:00 PM,1540,901,14,109,Oakland,1,True,True,B,SIDE SWIPE,,Friday,NotApplicable,False,M,,False,False,False,ALAMEDA SUPERIOR COURT WILEY W. MANUEL COURTHOUSE,C,OTHER MOTOR VEHICLE,,0,0,B,DUSK-DAWN,37.762764,-122.170581,,,,,A,NO PEDESTRIANS INVOLVED,10/18/2024 3:40:00 PM,A,VC 21750(a),False,1,RITCHIE STREET (2600 BLOCK),,,10/30/2024 5:45:11 AM,A,,,HILLSIDE STREET,,,D,10/30/2024 5:45:13 AM,10/30/2024 5:45:13 AM,True,False,4,,10/18/2024 3:46:00 PM,1546,False,,,True
4450297,9370-2023-04212,1,False,9370,10/19/2024 5:25:00 PM,1725,024,14,109,Oakland,1,True,True,C,REAR END,,Saturday,Yes,False,,,False,True,False,ALAMEDA SUPERIOR COURT WILEY W. MANUEL COURTHOUSE,C,OTHER MOTOR VEHICLE,,1,0,A,DAYLIGHT,37.849584,-122.224184,,,,,A,NO PEDESTRIANS INVOLVED,10/19/2024 5:25:00 PM,A,VC 22350,False,1,SR-24 W/B,,,10/30/2024 5:25:20 AM,A,E,420.0,SR-13 S/B,F,,D,10/30/2024 5:25:22 AM,10/30/2024 5:25:22 AM,False,True,4,,10/19/2024 5:35:00 PM,1735,False,,,True
4449908,9370-2024-03375,1,False,9370,10/22/2024 2:10:00 PM,1410,025,14,109,Oakland,1,True,True,B,SIDE SWIPE,,Tuesday,NotApplicable,False,M,,False,True,False,ALAMEDA SUPERIOR COURT WILEY W. MANUEL COURTHOUSE,C,OTHER MOTOR VEHICLE,,0,0,A,DAYLIGHT,37.825258,-122.270382,,,,,A,NO PEDESTRIANS INVOLVED,10/22/2024 2:10:00 PM,A,VC 21658(a),False,1,SR-24 W/B TO I-580 W/B,,,10/29/2024 7:41:48 PM,A,E,500.0,MARKET STREET,F,,D,10/29/2024 7:41:51 PM,10/29/2024 7:41:51 PM,False,True,4,,10/22/2024 2:15:00 PM,1415,False,,,True
4449907,9370-2024-03430,1,False,9370,10/26/2024 5:00:00 PM,1700,008,14,109,Oakland,1,True,True,B,SIDE SWIPE,,Saturday,NotApplicable,False,,,False,True,False,ALAMEDA SUPERIOR COURT WILEY W. MANUEL COURTHOUSE,C,OTHER MOTOR VEHICLE,,0,0,A,DAYLIGHT,37.824426,-122.310105,,,,,A,NO PEDESTRIANS INVOLVED,10/26/2024 5:00:00 PM,A,VC 22107,False,,I-80 E/B,,,10/29/2024 7:40:26 PM,A,W,141.0,MARITIME STREET,F,,D,10/29/2024 7:40:28 PM,10/29/2024 7:40:28 PM,False,True,4,,10/26/2024 5:04:00 PM,1704,False,,,True
4449906,9370-2024-03428,1,False,9370,10/26/2024 4:00:00 PM,1600,055,14,109,Oakland,1,True,True,C,REAR END,,Saturday,NotApplicable,False,M,,False,True,True,ALAMEDA SUPERIOR COURT WILEY W. MANUEL COURTHOUSE,C,OTHER MOTOR VEHICLE,,1,0,A,DAYLIGHT,37.825607,-122.274781,,,,,A,NO PEDESTRIANS INVOLVED,10/26/2024 4:00:00 PM,A,VC 22350,False,1,I-580 E/B TO SR-24 E/B,,,10/29/2024 7:38:09 PM,A,E,92.0,MARKET ST,F,,D,10/29/2024 7:38:14 PM,10/29/2024 7:38:14 PM,False,True,4,,10/26/2024 4:03:00 PM,1603,False,,,True
4449897,9370-2024-03437,1,False,9370,10/26/2024 10:55:00 PM,2255,176,14,109,Oakland,1,True,True,B,SIDE SWIPE,,Saturday,NotApplicable,False,M,,False,True,False,ALAMEDA SUPERIOR COURT WILEY W. MANUEL COURTHOUSE,C,OTHER MOTOR VEHICLE,,0,0,C,DARK-STREET LIGHTS,37.74421,-122.199648,,,,,A,NO PEDESTRIANS INVOLVED,10/26/2024 10:55:00 PM,A,VC 21658(A),False,1,I-880 S/B,,,10/29/2024 6:38:09 PM,A,N,1900.0,HEGENBERGER RD,F,,D,10/29/2024 6:38:13 PM,10/29/2024 6:38:13 PM,False,True,4,,10/26/2024 10:56:00 PM,2256,False,,,True
4449896,9370-2024-03434,1,False,9370,10/26/2024 10:54:00 PM,2254,176,14,109,Oakland,1,True,True,B,SIDE SWIPE,,Saturday,NotApplicable,False,M,,False,True,False,ALAMEDA SUPERIOR COURT WILEY W. MANUEL COURTHOUSE,C,OTHER MOTOR VEHICLE,,0,0,C,DARK-STREET LIGHTS,37.737549,-122.193802,,,,,A,NO PEDESTRIANS INVOLVED,10/26/2024 10:54:00 PM,A,VC 21658(A),False,1,I-880 S/B,,,10/29/2024 6:35:01 PM,A,N,2550.0,98TH AVENUE,F,,D,10/29/2024 6:35:06 PM,10/29/2024 6:35:06 PM,False,True,4,,10/26/2024 10:56:00 PM,2256,False,,,True
4449893,9370-2024-03418,1,False,9370,10/25/2024 6:40:00 PM,1840,055,14,109,Oakland,1,True,True,B,SIDE SWIPE,,Friday,NotApplicable,False,,,False,True,False,ALAMEDA SUPERIOR COURT WILEY W. MANUEL COURTHOUSE,C,OTHER MOTOR VEHICLE,,0,0,D,DARK-NO STREET LIGHTS,37.826811,-122.285942,,,,,A,NO PEDESTRIANS INVOLVED,10/25/2024 6:40:00 PM,A,VC 21658(A),False,1,I-580 E/B,,,10/29/2024 6:22:37 PM,A,W,414.0,HOLLIS ST,F,,D,10/29/2024 6:22:39 PM,10/29/2024 6:22:39 PM,False,True,4,,10/25/2024 6:42:00 PM,1842,False,,,True
4449883,9335-2024-02448,1,False,9335,10/22/2024 10:15:00 AM,1015,082,14,109,Oakland,1,True,True,B,SIDE SWIPE,,Tuesday,NotApplicable,False,,,False,True,False,ALAMEDA SUPERIOR COURT ALAMEDA,C,OTHER MOTOR VEHICLE,,0,0,A,DAYLIGHT,37.824659,-122.315511,,,,,A,NO PEDESTRIANS INVOLVED,10/22/2024 10:15:00 AM,A,VC 22350,False,1,INTERSTATE 80 WESTBOUND,,,10/29/2024 5:35:46 PM,A,W,0.25,SFOBB TOLL PLAZA,M,,A,10/29/2024 5:35:49 PM,10/29/2024 5:35:49 PM,False,True,4,,10/22/2024 10:45:00 AM,1045,False,,,True
4449869,9370-2024-03413,1,False,9370,10/25/2024 4:26:00 AM,426,053,14,109,Oakland,1,True,True,E,HIT OBJECT,,Friday,NotApplicable,False,,,False,True,False,ALAMEDA SUPERIOR COURT GEORGE E. MCDONALD HALL OF JUSTICE,I,FIXED OBJECT,CONCRETE GUARD RAIL,0,0,D,DARK-NO STREET LIGHTS,37.796617,-122.210268,,,,,A,NO PEDESTRIANS INVOLVED,10/25/2024 4:26:00 AM,A,VC 22107,False,,I-580 W/B,,,10/29/2024 4:32:47 PM,A,W,2527.0,35TH AVENUE,F,,D,10/29/2024 4:32:48 PM,10/29/2024 4:32:48 PM,False,True,4,,10/25/2024 4:31:00 AM,0431,True,EMBEDDED,,True
4449839,9370-2024-03384,1,False,9370,10/21/2024 7:58:00 AM,758,177,14,109,Oakland,1,True,True,C,REAR END,,Monday,NotApplicable,False,,,False,True,False,ALAMEDA SUPERIOR COURT WILEY W. MANUEL COURTHOUSE,C,OTHER MOTOR VEHICLE,,0,0,A,DAYLIGHT,37.797167,-122.27093,,,,,A,NO PEDESTRIANS INVOLVED,10/21/2024 7:58:00 AM,A,VC 22350,False,1,I-880 N/B FROM JACKSON ST,,,10/29/2024 3:58:17 PM,A,N,612.0,JACKSON ST,F,,D,10/29/2024 3:58:19 PM,10/29/2024 3:58:19 PM,False,True,4,,10/21/2024 8:01:00 AM,0801,True,AREA PHOTO FILE,,True
4449790,9370-2024-03382,1,False,9370,10/23/2024 9:15:00 AM,915,025,14,109,Oakland,1,True,True,B,SIDE SWIPE,,Wednesday,NotApplicable,False,,,False,True,False,ALAMEDA SUPERIOR COURT WILEY W. MANUEL COURTHOUSE,C,OTHER MOTOR VEHICLE,,1,0,A,DAYLIGHT,37.841337,-122.261771,,,,,A,NO PEDESTRIANS INVOLVED,10/23/2024 9:15:00 AM,A,VC 22350,False,2,SR-24 W/B,,,10/29/2024 3:30:15 PM,A,W,55.0,EAST ROADWAY EDGE OF TELEGRAPH AVE U/C,F,,D,10/29/2024 3:30:19 PM,10/29/2024 3:30:19 PM,False,True,4,,10/23/2024 9:20:00 AM,0920,True,AREA PHOTO FILE,,True
4449718,9370-2024-03394,1,False,9370,10/23/2024 8:00:00 PM,2000,025,14,109,Oakland,1,True,True,B,SIDE SWIPE,,Wednesday,NotApplicable,False,,,False,True,False,ALAMEDA SUPERIOR COURT WILEY W. MANUEL COURTHOUSE,C,OTHER MOTOR VEHICLE,,0,0,C,DARK-STREET LIGHTS,37.826041,-122.26864,,,,,A,NO PEDESTRIANS INVOLVED,10/23/2024 8:00:00 PM,A,VC 21658(A),False,1,SR-24 W/B TO I-580 W/B,,,10/29/2024 2:50:46 PM,A,W,395.0,MACARTHUR BLVD,F,,D,10/29/2024 2:50:52 PM,10/29/2024 2:50:52 PM,False,True,4,,10/23/2024 8:02:00 PM,2002,False,,,True
4449455,9370-2024-03376,1,False,9370,10/22/2024 4:00:00 PM,1600,901,14,109,Oakland,1,True,True,B,SIDE SWIPE,,Tuesday,NotApplicable,False,,,False,False,False,ALAMEDA SUPERIOR COURT WILEY W. MANUEL COURTHOUSE,C,OTHER MOTOR VEHICLE,,0,0,A,DAYLIGHT,37.745915,-122.175303,,,,,A,NO PEDESTRIANS INVOLVED,10/22/2024 4:00:00 PM,A,VC 22107,False,,94TH AVENUE (1200 BLOCK),,,10/29/2024 1:09:57 PM,A,N,225.0,B STREET,F,,D,10/29/2024 1:10:00 PM,10/29/2024 1:10:00 PM,False,False,4,,10/22/2024 4:05:00 PM,1605,False,,,True
4449355,9370-2024-03370,1,False,9370,10/22/2024 12:16:00 PM,1216,901,14,109,Oakland,1,True,True,B,SIDE SWIPE,,Tuesday,Yes,False,,,False,True,False,ALAMEDA SUPERIOR COURT WILEY W. MANUEL COURTHOUSE,C,OTHER MOTOR VEHICLE,,0,0,A,DAYLIGHT,37.822301,-122.263106,,,,,A,NO PEDESTRIANS INVOLVED,10/22/2024 12:16:00 PM,A,VC 21650,True,1,34TH ST (400 BLOCK),,,10/29/2024 12:38:36 PM,A,E,165.0,TELEGRAPH AVE,M,,D,10/29/2024 12:38:38 PM,10/29/2024 12:38:38 PM,False,True,4,,10/22/2024 12:17:00 PM,1217,False,,,True
4449286,9370-2024-03348,2,False,9370,10/21/2024 10:04:00 AM,1004,177,14,109,Oakland,1,True,True,C,REAR END,,Monday,NotApplicable,False,,,False,True,True,ALAMEDA SUPERIOR COURT WILEY W. MANUEL COURTHOUSE,C,OTHER MOTOR VEHICLE,,3,0,A,DAYLIGHT,37.784581,-122.242249,,,,,A,NO PEDESTRIANS INVOLVED,10/21/2024 10:04:00 AM,A,VC 22350,False,1,I-880 S/B,,,12/31/2024 8:22:18 AM,A,S,856.0,16TH AVE,F,,D,10/29/2024 12:04:30 PM,12/31/2024 8:22:22 AM,False,True,4,,10/21/2024 10:08:00 AM,1008,False,,,True
4449268,9370-2024-03346,1,False,9370,10/21/2024 11:30:00 AM,1130,176,14,109,Oakland,1,True,True,C,REAR END,,Monday,NotApplicable,False,,,False,True,True,ALAMEDA SUPERIOR COURT WILEY W. MANUEL COURTHOUSE,C,OTHER MOTOR VEHICLE,,2,0,A,DAYLIGHT,37.772227,-122.2251,,,,,A,NO PEDESTRIANS INVOLVED,10/21/2024 11:30:00 AM,A,VC 22350,False,1,I-880 N/B,,,10/29/2024 11:55:57 AM,A,N,1985.0,HIGH ST,F,,D,10/29/2024 11:56:00 AM,10/29/2024 11:56:00 AM,False,True,4,,10/21/2024 11:30:00 AM,1130,False,,,True