collision-id,report-number,report-version,is-preliminary,ncic-code,crash-date-time,crash-time-description,beat,city-id,city-code,city-name,county-code,city-is-active,city-is-incorporated,collision-type-code,collision-type-description,collision-type-other-desc,day-of-week,dispatch-notified,has-photographs,hit-run,is-attachments-mailed,is-deleted,is-highway-related,is-tow-away,judicial-district,motor-vehicle-involved-with-code,motor-vehicle-involved-with-desc,motor-vehicle-involved-with-other-desc,number-injured,number-killed,lighting-code,lighting-description,latitude,longitude,milepost-direction,milepost-distance,milepost-marker,milepost-unit-of-measure,pedestrian-action-code,pedestrian-action-desc,prepared-date,primary-collision-factor-code,primary-collision-factor-description,primary-collision-factor-is-cited,primary-collision-party-number,primary-road,reporting-district,reporting-district-code,reviewed-date,roadway-surface-code,secondary-direction,secondary-distance,secondary-road,secondary-unit-of-measure,sketch-desc,traffic-control-device-code,created-date,modified-date,is-county-road,is-freeway,chp-555-version,is-additonal-object-struck,notification-date,notification-time-description,has-digital-media-files,evidence-number,is-location-refer-to-narrative,is-aoi-one-same-as-location
4449254,9370-2024-03330,1,False,9370,10/18/2024 11:30:00 PM,2330,098,14,109,Oakland,1,True,True,D,BROADSIDE,,Friday,Yes,False,,,False,True,True,ALAMEDA SUPERIOR COURT WILEY W. MANUEL COURTHOUSE,C,OTHER MOTOR VEHICLE,,2,0,D,DARK-NO STREET LIGHTS,37.817673,-122.27035,,,,,A,NO PEDESTRIANS INVOLVED,10/18/2024 11:30:00 PM,A,VC 23152(a),True,1,I-980 W/B,,,10/29/2024 11:48:00 AM,A,E,260.0,27TH ST,F,,D,10/29/2024 11:48:02 AM,10/29/2024 11:48:02 AM,False,True,4,,10/18/2024 11:38:00 PM,2338,False,,,True
4449225,9370-2024-03345,1,False,9370,10/21/2024 10:00:00 AM,1000,024,14,109,Oakland,1,True,True,C,REAR END,,Monday,NotApplicable,False,,,False,True,False,ALAMEDA SUPERIOR COURT WILEY W. MANUEL COURTHOUSE,C,OTHER MOTOR VEHICLE,,0,0,C,DARK-STREET LIGHTS,37.855859,-122.216322,,,,,A,NO PEDESTRIANS INVOLVED,10/21/2024 10:00:00 AM,A,VC 22350,False,1,SR-24 W/B,,,10/29/2024 11:27:18 AM,A,E,665.0,THE WEST EDGE CALDECOTT TUNNEL,F,,D,10/29/2024 11:27:20 AM,10/29/2024 11:27:20 AM,False,True,4,,10/21/2024 10:05:00 AM,1005,False,,,True
4449216,9370-2024-03337,1,False,9370,10/19/2024 7:00:00 PM,1900,024,14,109,Oakland,1,True,True,B,SIDE SWIPE,,Saturday,NotApplicable,False,,,False,True,False,ALAMEDA SUPERIOR COURT WILEY W. MANUEL COURTHOUSE,C,OTHER MOTOR VEHICLE,,0,0,A,DAYLIGHT,37.848595,-122.234884,,,,,A,NO PEDESTRIANS INVOLVED,10/19/2024 7:00:00 PM,A,VC 22107,False,1,SR-24 E/B,,,10/29/2024 11:21:03 AM,A,W,370.0,BROADWAY,F,,D,10/29/2024 11:21:05 AM,10/29/2024 11:21:05 AM,False,True,4,,10/19/2024 7:15:00 PM,1915,False,,,True
4448891,24-046961,2,False,0109,9/18/2024 4:28:00 PM,1628,26X,14,109,Oakland,1,True,True,,,,Wednesday,,,,,False,False,False,,C,OTHER MOTOR VEHICLE,,0,0,A,DAYLIGHT,,,,,,,A,NO PEDESTRIANS INVOLVED,,A,22350,,1,INTERNATIONAL BL,2,,,A,E,92.0,62ND AV,F,,A,10/29/2024 9:00:32 AM,1/28/2025 11:57:06 AM,,,2,,,,,,,
4448879,24-044181,2,False,0109,9/1/2024 11:30:00 PM,2330,34X,14,109,Oakland,1,True,True,B,SIDE SWIPE,,Sunday,,,M,,False,False,False,,E,PARKED MOTOR VEHICLE,,0,0,C,DARK-STREET LIGHTS,,,,,,,A,NO PEDESTRIANS INVOLVED,,A,22107,,1,82ND AV,2,,,A,S,78.0,HOLLY ST,F,,D,10/29/2024 8:55:32 AM,1/28/2025 11:57:05 AM,,,2,,,,,,,
4448875,24-046287,2,False,0109,9/15/2024 10:08:00 PM,2208,15X,14,109,Oakland,1,True,True,B,SIDE SWIPE,,Sunday,,,,,False,False,False,,C,OTHER MOTOR VEHICLE,,0,0,C,DARK-STREET LIGHTS,,,,,,,A,NO PEDESTRIANS INVOLVED,,A,21651B,,1,LAKESHORE AV,1,,,A,S,75.0,BODEN WY,F,,D,10/29/2024 8:55:32 AM,1/28/2025 11:57:06 AM,,,2,,,,,,,
4448858,24-045929,2,False,0109,9/12/2024 3:30:00 PM,1530,23X,14,109,Oakland,1,True,True,B,SIDE SWIPE,,Thursday,,,M,,False,False,False,,E,PARKED MOTOR VEHICLE,,0,0,A,DAYLIGHT,,,,,,,A,NO PEDESTRIANS INVOLVED,,A,22107,,1,39TH AV,2,,,A,S,10.0,E 12TH ST,F,,D,10/29/2024 8:50:32 AM,1/28/2025 11:57:05 AM,,,2,,,,,,,
4448583,9370-2024-03308,1,False,9370,10/17/2024 11:00:00 PM,2300,052,14,109,Oakland,1,True,True,E,HIT OBJECT,,Thursday,Yes,False,,,False,True,True,ALAMEDA SUPERIOR COURT WILEY W. MANUEL COURTHOUSE,I,FIXED OBJECT,CONCRETE BARRIER WALL,1,0,C,DARK-STREET LIGHTS,37.788526,-122.199376,,,,,A,NO PEDESTRIANS INVOLVED,10/17/2024 11:00:00 PM,A,VC 23152(a),True,1,I-580 E/B,,,10/29/2024 6:24:16 AM,A,W,1130.0,HIGH STREET,F,,D,10/29/2024 6:24:20 AM,10/29/2024 6:24:20 AM,False,True,4,True,10/17/2024 11:05:00 PM,2305,False,,,True
4448576,9370-2024-03303,1,False,9370,10/17/2024 9:25:00 AM,925,053,14,109,Oakland,1,True,True,C,REAR END,,Thursday,NotApplicable,False,,,False,True,False,ALAMEDA SUPERIOR COURT WILEY W. MANUEL COURTHOUSE,C,OTHER MOTOR VEHICLE,,1,0,A,DAYLIGHT,37.794223,-122.205566,,,,,E,IN ROAD - INCLUDES SHOULDER,10/17/2024 9:25:00 AM,A,VC 22350,False,1,I-580 W/B,,,10/29/2024 6:18:35 AM,A,E,3575.0,FRUITVALE AVE,F,,D,10/29/2024 6:18:38 AM,10/29/2024 6:18:38 AM,False,True,4,,10/17/2024 9:30:00 AM,0930,False,,,True
4448240,9370-2024-03340,2,False,9370,10/19/2024 11:38:00 PM,2338,176,14,109,Oakland,1,True,True,E,HIT OBJECT,,Saturday,Yes,False,,,False,True,True,ALAMEDA SUPERIOR COURT WILEY W. MANUEL COURTHOUSE,I,FIXED OBJECT,DIRT EMBANKMENT,3,0,C,DARK-STREET LIGHTS,37.741872,-122.197126,,,,,A,NO PEDESTRIANS INVOLVED,10/19/2024 11:38:00 PM,A,VC 22107,False,1,I-880 N/B FROM HEGENBERGER RD S/B,,,11/1/2024 6:47:50 PM,A,N,240.0,HEGENBERGER RD,F,,D,10/28/2024 7:41:40 PM,11/1/2024 6:47:52 PM,False,True,4,,10/19/2024 11:38:00 PM,2338,False,,,True
4448233,9370-2024-03391,1,False,9370,10/23/2024 2:50:00 PM,1450,008,14,109,Oakland,1,True,True,C,REAR END,,Wednesday,NotApplicable,False,M,,False,True,True,ALAMEDA SUPERIOR COURT WILEY W. MANUEL COURTHOUSE,C,OTHER MOTOR VEHICLE,,0,0,A,DAYLIGHT,37.835402,-122.295599,,,,,A,NO PEDESTRIANS INVOLVED,10/23/2024 2:50:00 PM,A,VC 22350,False,1,I-80 W/B,,,10/28/2024 7:30:06 PM,A,W,970.0,POWELL ST,F,,D,10/28/2024 7:30:09 PM,10/28/2024 7:30:09 PM,False,True,4,,10/23/2024 2:52:00 PM,1452,False,,,True
4448222,9370-2024-03377,1,False,9370,10/22/2024 6:10:00 PM,1810,901,14,109,Oakland,1,True,True,D,BROADSIDE,,Tuesday,NotApplicable,False,,,False,True,False,ALAMEDA SUPERIOR COURT WILEY W. MANUEL COURTHOUSE,I,FIXED OBJECT,CONCRETE WALL,0,0,C,DARK-STREET LIGHTS,37.827958,-122.28266,,,,,A,NO PEDESTRIANS INVOLVED,10/22/2024 6:10:00 PM,A,VC 22107,False,1,W MACARTHUR TO I-580 W/B,,,10/28/2024 7:11:52 PM,A,W,390.0,WATTS ST,F,,D,10/28/2024 7:11:54 PM,10/28/2024 7:11:54 PM,False,True,4,,10/22/2024 6:25:00 PM,1825,False,,,True
4448204,9370-2024-03353,1,False,9370,10/21/2024 5:00:00 PM,1700,176,14,109,Oakland,1,True,True,C,REAR END,,Monday,NotApplicable,False,,,False,True,True,ALAMEDA SUPERIOR COURT WILEY W. MANUEL COURTHOUSE,C,OTHER MOTOR VEHICLE,,1,0,A,DAYLIGHT,37.728423,-122.185511,,,,,A,NO PEDESTRIANS INVOLVED,10/21/2024 5:00:00 PM,A,VC 22350,False,1,I-880 N/B,,,10/28/2024 6:11:03 PM,A,S,1440.0,98TH AVENUE,F,,D,10/28/2024 6:11:07 PM,10/28/2024 6:11:07 PM,False,True,4,,10/21/2024 5:05:00 PM,1705,False,,,True
4448201,9370-2024-03364,1,False,9370,10/21/2024 1:55:00 PM,1355,024,14,109,Oakland,1,True,True,C,REAR END,,Monday,NotApplicable,False,,,False,True,False,ALAMEDA SUPERIOR COURT WILEY W. MANUEL COURTHOUSE,C,OTHER MOTOR VEHICLE,,0,0,A,DAYLIGHT,37.832088,-122.266898,,,,,A,NO PEDESTRIANS INVOLVED,10/21/2024 1:55:00 PM,A,VC 22350,False,1,SR-24 W/B TO I-580 W/B,,,10/28/2024 6:03:11 PM,A,E,560.0,42ND AVE,F,,D,10/28/2024 6:03:13 PM,10/28/2024 6:03:13 PM,False,True,4,,10/21/2024 2:00:00 PM,1400,False,,,True
4448199,9370-2024-03306,1,False,9370,10/17/2024 7:09:00 PM,1909,901,14,109,Oakland,1,True,True,B,SIDE SWIPE,,Thursday,Yes,False,,,False,False,True,ALAMEDA SUPERIOR COURT WILEY W. MANUEL COURTHOUSE,C,OTHER MOTOR VEHICLE,,2,0,C,DARK-STREET LIGHTS,37.756652,-122.181708,,,,,A,NO PEDESTRIANS INVOLVED,10/17/2024 7:09:00 PM,A,VC 22107,False,1,INTERNATIONAL BOULEVARD,,,10/28/2024 5:43:14 PM,A,,,80TH AVENUE,,,A,10/28/2024 5:43:16 PM,10/28/2024 5:43:16 PM,True,False,4,,10/17/2024 7:10:00 PM,1910,False,,,True
4448182,9370-2024-03335,1,False,9370,10/20/2024 4:26:00 PM,1626,054,14,109,Oakland,1,True,True,B,SIDE SWIPE,,Sunday,NotApplicable,False,M,,False,True,False,ALAMEDA SUPERIOR COURT WILEY W. MANUEL COURTHOUSE,C,OTHER MOTOR VEHICLE,,0,0,A,DAYLIGHT,37.814814,-122.250922,,,,,A,NO PEDESTRIANS INVOLVED,10/20/2024 4:26:00 PM,A,VC 21658(A),False,1,I-580 W/B,,,10/28/2024 4:53:42 PM,A,W,1420.0,GRAND AVE,F,,D,10/28/2024 4:53:47 PM,10/28/2024 4:53:47 PM,False,True,4,,10/20/2024 4:27:00 PM,1627,False,,,True
4448171,9370-2024-03372,1,False,9370,10/22/2024 1:45:00 PM,1345,008,14,109,Oakland,1,True,True,C,REAR END,,Tuesday,NotApplicable,False,,,False,True,False,ALAMEDA SUPERIOR COURT WILEY W. MANUEL COURTHOUSE,C,OTHER MOTOR VEHICLE,,1,0,A,DAYLIGHT,37.829518,-122.293837,,,,,A,NO PEDESTRIANS INVOLVED,10/22/2024 1:45:00 PM,A,VC 22350,False,1,I-80 W/B TO I-580 E/B,,,10/28/2024 4:35:29 PM,A,W,700.0,POWELL STREET,F,,D,10/28/2024 4:35:34 PM,10/28/2024 4:35:34 PM,False,True,4,False,10/22/2024 1:50:00 PM,1350,False,,,True
4448154,9370-2024-03354,1,False,9370,10/21/2024 6:30:00 PM,1830,008,14,109,Oakland,1,True,True,B,SIDE SWIPE,,Monday,NotApplicable,False,,,False,True,False,ALAMEDA SUPERIOR COURT WILEY W. MANUEL COURTHOUSE,C,OTHER MOTOR VEHICLE,,0,0,C,DARK-STREET LIGHTS,37.824703,-122.313127,,,,,A,NO PEDESTRIANS INVOLVED,10/21/2024 6:30:00 PM,A,VC 21658(A),False,1,I-80 W/B,,,10/28/2024 4:20:15 PM,A,W,500.0,WEST GRAND AVENUE,F,,D,10/28/2024 4:20:17 PM,10/28/2024 4:20:17 PM,False,True,4,,10/21/2024 6:40:00 PM,1840,False,,,True
4448096,9370-2024-03342,1,False,9370,10/19/2024 5:10:00 PM,1710,024,14,109,Oakland,1,True,True,C,REAR END,,Saturday,NotApplicable,False,,,False,True,False,ALAMEDA SUPERIOR COURT WILEY W. MANUEL COURTHOUSE,C,OTHER MOTOR VEHICLE,,0,0,A,DAYLIGHT,37.849275,-122.224695,,,,,A,NO PEDESTRIANS INVOLVED,10/19/2024 5:10:00 PM,A,VC 22350,False,1,SR24 WB,,,10/28/2024 3:28:21 PM,A,E,100.0,SR 13,F,,D,10/28/2024 3:28:23 PM,10/28/2024 3:28:23 PM,False,True,4,False,10/19/2024 5:15:00 PM,1715,False,,,True
4448066,9335-2024-02438,1,False,9335,10/20/2024 1:40:00 PM,1340,082,14,109,Oakland,1,True,True,B,SIDE SWIPE,,Sunday,NotApplicable,False,,,False,True,False,ALAMEDA SUPERIOR COURT ALAMEDA,C,OTHER MOTOR VEHICLE,,0,0,A,DAYLIGHT,37.824171,-122.316707,,,,,A,NO PEDESTRIANS INVOLVED,10/20/2024 1:40:00 PM,A,VC 21658(A),False,,I-80 W/B,,,10/28/2024 3:00:43 PM,A,E,188.0,SFOBB METERING LIGHTS,F,,A,10/28/2024 3:00:47 PM,10/28/2024 3:00:47 PM,False,True,4,,10/20/2024 1:45:00 PM,1345,False,,,True
4447970,9370-2024-03448,1,False,9370,10/27/2024 5:05:00 PM,1705,008,14,109,Oakland,1,True,True,C,REAR END,,Sunday,NotApplicable,False,M,,False,True,False,ALAMEDA SUPERIOR COURT WILEY W. MANUEL COURTHOUSE,C,OTHER MOTOR VEHICLE,,0,0,A,DAYLIGHT,37.82411,-122.316842,,,,,A,NO PEDESTRIANS INVOLVED,10/27/2024 5:05:00 PM,A,VC 22350,False,1,I-80 W/B,,,10/28/2024 2:06:28 PM,B,W,2106.0,WEST GRAND AVENUE,F,,D,10/28/2024 2:06:34 PM,10/28/2024 2:06:34 PM,False,True,4,,10/27/2024 5:11:00 PM,1711,False,,,True
4447964,9370-2024-03322,1,False,9370,10/18/2024 9:28:00 PM,2128,013,14,109,Oakland,1,True,True,F,OVERTURNED,,Friday,Yes,False,,,False,True,True,ALAMEDA SUPERIOR COURT WILEY W. MANUEL COURTHOUSE,A,NON-COLLISION,,1,0,C,DARK-STREET LIGHTS,37.810094,-122.196745,,,,,A,NO PEDESTRIANS INVOLVED,10/18/2024 9:28:00 PM,A,VC 22107,False,1,SR-13 N/B TO JOAQUIN MILLER ROAD,,,10/28/2024 2:04:46 PM,A,S,350.0,JOAQUIN MILLER ROAD,F,,D,10/28/2024 2:04:49 PM,10/28/2024 2:04:49 PM,False,True,4,,10/18/2024 9:30:00 PM,2130,False,,,True
4447659,9370-2024-03211,1,False,9370,10/6/2024 1:58:00 AM,158,901,14,109,Oakland,1,True,True,D,BROADSIDE,,Sunday,NotApplicable,False,,,False,False,True,ALAMEDA SUPERIOR COURT WILEY W. MANUEL COURTHOUSE,C,OTHER MOTOR VEHICLE,,1,0,C,DARK-STREET LIGHTS,37.774393,-122.218948,,,,,A,NO PEDESTRIANS INVOLVED,10/6/2024 1:58:00 AM,A,VC 21453(A),False,1,39TH AVE,,,10/28/2024 11:56:38 AM,A,,,INTERNATIONAL BOULEVARD,,,A,10/28/2024 11:56:39 AM,10/28/2024 11:56:39 AM,False,False,4,,10/6/2024 2:58:00 AM,0258,False,,,True
4447652,9370-2024-03356,1,False,9370,10/20/2024 5:38:00 PM,1738,901,14,109,Oakland,1,True,True,C,REAR END,,Sunday,Yes,False,,,False,False,False,ALAMEDA SUPERIOR COURT ALAMEDA,C,OTHER MOTOR VEHICLE,,0,0,A,DAYLIGHT,37.758785,-122.187843,,,,,A,NO PEDESTRIANS INVOLVED,10/20/2024 5:38:00 PM,A,VC 22515(A),False,1,73RD AVENUE (1200 BLOCK),,,10/28/2024 11:54:28 AM,A,N,420.0,HERBERT GUICE WAY,F,,D,10/28/2024 11:54:30 AM,10/28/2024 11:54:30 AM,False,False,4,,10/20/2024 5:38:00 PM,1738,True,EMBEDDED,False,True
4447647,9370-2024-03291,1,False,9370,10/16/2024 8:30:00 AM,830,176,14,109,Oakland,1,True,True,C,REAR END,,Wednesday,NotApplicable,False,,,False,True,False,ALAMEDA SUPERIOR COURT ALAMEDA,C,OTHER MOTOR VEHICLE,,0,0,A,DAYLIGHT,37.755192,-122.20868,,,,,A,NO PEDESTRIANS INVOLVED,10/16/2024 8:30:00 AM,A,VC 22350,False,1,I-880 N/B FROM 66TH AVE,,,10/28/2024 11:51:26 AM,A,N,465.0,66TH AVE,F,,A,10/28/2024 11:51:27 AM,10/28/2024 11:51:27 AM,False,True,4,,10/16/2024 8:34:00 AM,0834,False,,,True
4447565,24-045293,2,False,0109,9/10/2024 3:15:00 PM,1515,13Y,14,109,Oakland,1,True,True,B,SIDE SWIPE,,Tuesday,,,,,False,False,True,,C,OTHER MOTOR VEHICLE,,1,0,A,DAYLIGHT,,,,,,,A,NO PEDESTRIANS INVOLVED,,A,22107,,,TUNNEL RD,2,,,A,W,400.0,HILLER DR,F,,D,10/28/2024 11:20:29 AM,1/28/2025 11:51:07 AM,,,2,,,,,,,
4447520,24-042142,2,False,0109,8/22/2024 10:44:00 AM,1044,32X,14,109,Oakland,1,True,True,A,HEAD-ON,,Thursday,,,F,,False,False,True,,C,OTHER MOTOR VEHICLE,,0,0,A,DAYLIGHT,,,,,,,A,NO PEDESTRIANS INVOLVED,,A,22107,,1,105TH V,2,,,A,N,516.0,INTERNATIONAL BL,F,,A,10/28/2024 11:10:28 AM,1/28/2025 12:01:31 PM,,,2,,,,,,,
4447442,9370-2024-03328,1,False,9370,10/19/2024 11:20:00 AM,1120,176,14,109,Oakland,1,True,True,C,REAR END,,Saturday,Yes,False,,,False,True,True,ALAMEDA SUPERIOR COURT WILEY W. MANUEL COURTHOUSE,C,OTHER MOTOR VEHICLE,,1,0,A,DAYLIGHT,37.744596,-122.199853,,,,,A,NO PEDESTRIANS INVOLVED,10/19/2024 11:20:00 AM,A,VC 22350,False,1,I-880 N/B,,,10/28/2024 10:48:46 AM,A,S,4000.0,66TH AVENUE,F,,D,10/28/2024 10:48:47 AM,10/28/2024 10:48:47 AM,False,True,4,,10/19/2024 11:25:00 AM,1125,False,,,True
4447436,9370-2024-03314,1,False,9370,10/18/2024 2:00:00 PM,1400,008,14,109,Oakland,1,True,True,C,REAR END,,Friday,NotApplicable,False,,,False,True,True,ALAMEDA SUPERIOR COURT WILEY W. MANUEL COURTHOUSE,C,OTHER MOTOR VEHICLE,,0,0,A,DAYLIGHT,37.82726,-122.29211,,,,,A,NO PEDESTRIANS INVOLVED,10/18/2024 2:00:00 PM,A,VC 22350,False,1,I-80 E/B TO I-580 E/B,,,10/28/2024 10:47:01 AM,A,E,800.0,BEACH ST,F,,D,10/28/2024 10:47:02 AM,10/28/2024 10:47:02 AM,False,True,4,,10/18/2024 2:05:00 PM,1405,False,,,True
4447421,9370-2024-03422,1,False,9370,9/21/2024 11:00:00 PM,2300,008,14,109,Oakland,1,True,True,B,SIDE SWIPE,,Saturday,NotApplicable,False,M,,False,True,False,ALAMEDA SUPERIOR COURT WILEY W. MANUEL COURTHOUSE,C,OTHER MOTOR VEHICLE,,0,0,C,DARK-STREET LIGHTS,37.82466,-122.308507,,,,,A,NO PEDESTRIANS INVOLVED,9/21/2024 11:00:00 PM,A,VC 21658(A),False,,I-80 E/B,,,10/28/2024 10:44:40 AM,A,E,300.0,W. GRAND AVENUE,F,,D,10/28/2024 10:44:41 AM,10/28/2024 10:44:41 AM,False,True,4,,10/14/2024 1:40:00 PM,1340,False,,,True
4447209,9370-2024-03362,1,False,9370,10/18/2024 3:20:00 PM,1520,052,14,109,Oakland,1,True,True,B,SIDE SWIPE,,Friday,NotApplicable,False,,,False,True,False,ALAMEDA SUPERIOR COURT WILEY W. MANUEL COURTHOUSE,C,OTHER MOTOR VEHICLE,,0,0,A,DAYLIGHT,37.756421,-122.148717,,,,,A,NO PEDESTRIANS INVOLVED,10/18/2024 3:20:00 PM,B,UNSAFE PASSING,,1,I-580 E/B (MACARTHUR FREEWAY),,,10/28/2024 9:33:35 AM,A,W,1256.0,GOLF LINKS RD,F,,D,10/28/2024 9:33:36 AM,10/28/2024 9:33:36 AM,False,True,4,,10/18/2024 9:00:00 PM,2100,False,,,True
4446918,9335-2024-02443,2,False,9335,10/21/2024 10:02:00 AM,1002,082,14,109,Oakland,1,True,True,B,SIDE SWIPE,,Monday,NotApplicable,False,M,,False,True,False,ALAMEDA SUPERIOR COURT ALAMEDA,C,OTHER MOTOR VEHICLE,,0,0,A,DAYLIGHT,37.823524,-122.318959,,,,,A,NO PEDESTRIANS INVOLVED,10/21/2024 10:02:00 AM,B,UNSAFE MERGE,,1,I-80 WESTBOUND,,,12/2/2024 1:19:35 PM,A,W,1500.0,THE SAN FRANCISCO OAKLAND BAY BRIDGE TOLL PLAZA,F,,D,10/28/2024 7:56:52 AM,12/2/2024 1:19:38 PM,False,True,4,,10/21/2024 11:00:00 AM,1100,False,,,True
4446872,9370-2024-03304,1,False,9370,10/17/2024 10:10:00 AM,1010,055,14,109,Oakland,1,True,True,B,SIDE SWIPE,,Thursday,NotApplicable,False,,,False,True,False,ALAMEDA SUPERIOR COURT WILEY W. MANUEL COURTHOUSE,C,OTHER MOTOR VEHICLE,,0,0,A,DAYLIGHT,37.827116,-122.279653,,,,,A,NO PEDESTRIANS INVOLVED,10/17/2024 10:10:00 AM,A,VC 21658(a),False,1,I-580 W/B,,,10/28/2024 7:27:12 AM,A,W,270.0,SAN PABLO AVE,F,,D,10/28/2024 7:27:14 AM,10/28/2024 7:27:14 AM,False,True,4,,10/17/2024 10:11:00 AM,1011,False,,,True
4446842,9335-2024-02454,1,False,9335,10/20/2024 7:05:00 PM,1905,082,14,109,Oakland,1,True,True,C,REAR END,,Sunday,NotApplicable,False,,,False,True,False,ALAMEDA SUPERIOR COURT ALAMEDA,C,OTHER MOTOR VEHICLE,,0,0,C,DARK-STREET LIGHTS,37.824447,-122.315607,,,,,A,NO PEDESTRIANS INVOLVED,10/20/2024 7:05:00 PM,A,VC 22350,False,1,I-80 WESTBOUND,,,10/28/2024 7:12:11 AM,A,E,515.0,METERING LIGHTS,F,,D,10/28/2024 7:12:14 AM,10/28/2024 7:12:14 AM,False,True,4,,10/20/2024 7:10:00 PM,1910,False,,,True
4446833,9370-2024-03351,1,False,9370,10/17/2024 8:30:00 AM,830,177,14,109,Oakland,1,True,True,C,REAR END,,Thursday,NotApplicable,False,M,,False,True,False,ALAMEDA SUPERIOR COURT WILEY W. MANUEL COURTHOUSE,C,OTHER MOTOR VEHICLE,,0,0,A,DAYLIGHT,37.789365,-122.255548,,,,,A,NO PEDESTRIANS INVOLVED,10/17/2024 8:30:00 AM,A,VC 22350,False,1,I-880 S/B,,,10/28/2024 7:06:15 AM,A,S,900.0,I-880 N/B TO EMBARCADERO,F,,D,10/28/2024 7:06:18 AM,10/28/2024 7:06:18 AM,False,True,4,,10/17/2024 9:11:00 AM,0911,False,,,True
4446797,9370-2024-03299,1,False,9370,10/16/2024 10:46:00 PM,2246,008,14,109,Oakland,1,True,True,E,HIT OBJECT,,Wednesday,NotApplicable,False,M,,False,True,False,ALAMEDA SUPERIOR COURT WILEY W. MANUEL COURTHOUSE,J,OTHER OBJECT,UNKNOWN DEBRIS,0,0,D,DARK-NO STREET LIGHTS,37.823411,-122.315323,,,,,A,NO PEDESTRIANS INVOLVED,10/16/2024 10:46:00 PM,C,,,,I-80 E/B TO I-880 S/B,,,10/28/2024 6:48:34 AM,A,E,523.0,THE SAN FRANCISCO-OAKLAND BAY BRIDGE TOLL PLAZA,F,,D,10/28/2024 6:48:36 AM,10/28/2024 6:48:36 AM,False,True,4,,10/16/2024 10:51:00 PM,2251,True,EMBEDDED,,True
4446768,9370-2024-03285,1,False,9370,10/16/2024 10:45:00 AM,1045,901,14,109,Oakland,1,True,True,B,SIDE SWIPE,,Wednesday,NotApplicable,False,,,False,False,False,ALAMEDA SUPERIOR COURT WILEY W. MANUEL COURTHOUSE,C,OTHER MOTOR VEHICLE,,0,0,A,DAYLIGHT,37.82634,-122.264976,,,,,A,NO PEDESTRIANS INVOLVED,10/16/2024 10:45:00 AM,A,VC 22350,False,1,W. MACARTHUR BLVD (400 BLOCK),,,10/28/2024 6:30:56 AM,A,E,10.0,TELEGRAPH AVE,F,,A,10/28/2024 6:30:58 AM,10/28/2024 6:30:58 AM,False,False,4,,10/16/2024 10:50:00 AM,1050,False,,,True
4445998,24-043308,2,False,0109,8/29/2024 5:29:00 PM,1729,35X,14,109,Oakland,1,True,True,A,HEAD-ON,,Thursday,,,,,False,False,True,,I,FIXED OBJECT,,0,0,A,DAYLIGHT,,,,,,,A,NO PEDESTRIANS INVOLVED,,A,22107,,1,GOLF LINKS RD,2,,,A,W,282.0,CASTLEWOOD ST,F,,A,10/25/2024 2:25:18 PM,1/28/2025 11:51:19 AM,,,2,,,,,,,
4445975,24-043340,2,False,0109,8/30/2024 9:03:00 PM,2103,23X,14,109,Oakland,1,True,True,C,REAR END,,Friday,,,,,False,False,False,,C,OTHER MOTOR VEHICLE,,0,0,D,DARK-NO STREET LIGHTS,,,,,,,A,NO PEDESTRIANS INVOLVED,,A,22350,,1,FRUITVALE AV,2,,,A,N,175.0,ALAMEDA AV,F,,D,10/25/2024 2:15:18 PM,1/28/2025 11:51:19 AM,,,2,,,,,,,
4445962,24-038396,2,False,0109,8/1/2024 10:24:00 PM,2224,10X,14,109,Oakland,1,True,True,D,BROADSIDE,,Thursday,,,M,,False,False,False,,C,OTHER MOTOR VEHICLE,,0,0,C,DARK-STREET LIGHTS,,,,,,,A,NO PEDESTRIANS INVOLVED,,A,21453A,,1,STANFORD AV,1,,,A,,,MARKET ST,,,A,10/25/2024 2:10:18 PM,1/28/2025 11:51:19 AM,,,2,,,,,,,
4445946,24-035565,2,False,0109,7/29/2024 4:00:00 AM,400,31X,14,109,Oakland,1,True,True,B,SIDE SWIPE,,Monday,,,F,,False,False,False,,E,PARKED MOTOR VEHICLE,,0,0,C,DARK-STREET LIGHTS,,,,,,,A,NO PEDESTRIANS INVOLVED,,A,22107,,1,EDES ST,2,,,A,W,45.0,DOUGLAS AVE,F,,D,10/25/2024 2:00:19 PM,1/28/2025 11:57:05 AM,,,2,,,,,,,