collision-id,report-number,report-version,is-preliminary,ncic-code,crash-date-time,crash-time-description,beat,city-id,city-code,city-name,county-code,city-is-active,city-is-incorporated,collision-type-code,collision-type-description,collision-type-other-desc,day-of-week,dispatch-notified,has-photographs,hit-run,is-attachments-mailed,is-deleted,is-highway-related,is-tow-away,judicial-district,motor-vehicle-involved-with-code,motor-vehicle-involved-with-desc,motor-vehicle-involved-with-other-desc,number-injured,number-killed,lighting-code,lighting-description,latitude,longitude,milepost-direction,milepost-distance,milepost-marker,milepost-unit-of-measure,pedestrian-action-code,pedestrian-action-desc,prepared-date,primary-collision-factor-code,primary-collision-factor-description,primary-collision-factor-is-cited,primary-collision-party-number,primary-road,reporting-district,reporting-district-code,reviewed-date,roadway-surface-code,secondary-direction,secondary-distance,secondary-road,secondary-unit-of-measure,sketch-desc,traffic-control-device-code,created-date,modified-date,is-county-road,is-freeway,chp-555-version,is-additonal-object-struck,notification-date,notification-time-description,has-digital-media-files,evidence-number,is-location-refer-to-narrative,is-aoi-one-same-as-location
4445944,24-038570,2,False,0109,8/3/2024 3:00:00 AM,300,03X,14,109,Oakland,1,True,True,D,BROADSIDE,,Saturday,,,M,,False,False,False,,C,OTHER MOTOR VEHICLE,,0,0,D,DARK-NO STREET LIGHTS,,,,,,,,,,A,22107,,1,14TH ST,1,,,A,,,MADISON ST,,,A,10/25/2024 2:00:19 PM,1/28/2025 11:51:18 AM,,,2,,,,,,,
4445725,24-039073,2,False,0109,8/6/2024 9:03:00 AM,903,32X,14,109,Oakland,1,True,True,C,REAR END,,Tuesday,,,M,,False,False,False,,E,PARKED MOTOR VEHICLE,,0,0,A,DAYLIGHT,,,,,,,A,NO PEDESTRIANS INVOLVED,,A,22107,,1,98TH AV,2,,,A,S,30.0,C ST,F,,A,10/25/2024 11:50:17 AM,1/28/2025 11:57:09 AM,,,2,,,,,,,
4445691,24-040272,2,False,0109,8/12/2024 1:58:00 PM,1358,24Y,14,109,Oakland,1,True,True,B,SIDE SWIPE,,Monday,,,,,False,False,False,,G,BICYCLE,,0,0,A,DAYLIGHT,,,,,,,A,NO PEDESTRIANS INVOLVED,,A,21804A,,1,ABBEY ST,2,,,A,S,100.0,PENNIMAN AV,F,,A,10/25/2024 11:20:17 AM,1/28/2025 11:57:09 AM,,,2,,,,,,,
4445683,24-041035,2,False,0109,8/15/2024 10:52:00 PM,2252,27Y,14,109,Oakland,1,True,True,C,REAR END,,Thursday,,,,,False,False,False,,C,OTHER MOTOR VEHICLE,,0,0,C,DARK-STREET LIGHTS,,,,,,,A,NO PEDESTRIANS INVOLVED,,A,22350,,1,64TH AV,2,,,A,,,BANCROFT AV,,,A,10/25/2024 11:15:17 AM,1/28/2025 11:57:09 AM,,,2,,,,,,,
4445674,24-041122,2,False,0109,8/16/2024 11:15:00 AM,1115,04X,14,109,Oakland,1,True,True,D,BROADSIDE,,Friday,,,,,False,False,False,,C,OTHER MOTOR VEHICLE,,0,0,A,DAYLIGHT,,,,,,,A,NO PEDESTRIANS INVOLVED,,A,21453A,,1,17TH ST,1,,,A,,,MARTIN LUTHER KING JR WY,,,A,10/25/2024 11:10:17 AM,1/28/2025 11:51:17 AM,,,2,,,,,,,
4445616,24-038664,2,False,0109,8/3/2024 4:49:00 PM,1649,30X,14,109,Oakland,1,True,True,B,SIDE SWIPE,,Saturday,,,M,,False,False,True,,E,PARKED MOTOR VEHICLE,,0,0,A,DAYLIGHT,,,,,,,A,NO PEDESTRIANS INVOLVED,,A,22107,,1,69TH AV,1,,,A,S,285.0,WELD ST,F,,D,10/25/2024 10:50:16 AM,1/28/2025 11:57:06 AM,,,2,,,,,,,
4445476,24-023009,2,False,0109,5/10/2024 8:12:00 AM,812,34X,14,109,Oakland,1,True,True,B,SIDE SWIPE,,Friday,,,M,,False,False,False,,E,PARKED MOTOR VEHICLE,,0,0,C,DARK-STREET LIGHTS,,,,,,,A,NO PEDESTRIANS INVOLVED,,A,22107,,1,92ND AV,2,,,A,,,HOLLY ST,,,A,10/25/2024 9:40:16 AM,1/28/2025 11:59:03 AM,,,2,,,,,,,
4445394,24-027053,2,False,0109,5/31/2024 7:42:00 PM,1942,19X,14,109,Oakland,1,True,True,C,REAR END,,Friday,,,M,,False,False,False,,C,OTHER MOTOR VEHICLE,,0,0,A,DAYLIGHT,,,,,,,A,NO PEDESTRIANS INVOLVED,,A,21453A,,1,INTERNATIONAL BL,1,,,A,,,22ND AVE,,,A,10/25/2024 9:05:15 AM,1/28/2025 11:59:02 AM,,,2,,,,,,,
4445324,24-044954,2,False,0109,9/8/2024 9:24:00 PM,2124,19X,14,109,Oakland,1,True,True,D,BROADSIDE,,Sunday,,,,,False,False,False,,C,OTHER MOTOR VEHICLE,,1,0,C,DARK-STREET LIGHTS,,,,,,,A,NO PEDESTRIANS INVOLVED,,A,21801A,,1,5TH AV,1,,,A,,,E 8TH ST,,,A,10/25/2024 8:35:14 AM,1/28/2025 11:57:05 AM,,,2,,,,,,,
4445166,24-039837,2,False,0109,8/10/2024 12:25:00 AM,25,29X,14,109,Oakland,1,True,True,H,OTHER,,Saturday,,,,,False,False,False,,I,FIXED OBJECT,,1,0,C,DARK-STREET LIGHTS,,,,,,,A,NO PEDESTRIANS INVOLVED,,A,22350,,1,FORTUNE WY,2,,,A,,,SEMINARY AV,,,D,10/25/2024 7:05:13 AM,1/28/2025 11:51:12 AM,,,2,,,,,,,
4445150,24-041177,2,False,0109,8/16/2024 5:43:00 PM,1743,04X,14,109,Oakland,1,True,True,D,BROADSIDE,,Friday,,,,,False,False,False,,C,OTHER MOTOR VEHICLE,,4,0,A,DAYLIGHT,,,,,,,A,NO PEDESTRIANS INVOLVED,,A,21453A,,1,18TH ST,1,,,A,,,CASTRO ST,,,A,10/25/2024 6:50:13 AM,1/28/2025 11:51:12 AM,,,2,,,,,,,
4445109,24-043116,2,False,0109,8/28/2024 3:48:00 PM,1548,08X,14,109,Oakland,1,True,True,D,BROADSIDE,,Wednesday,,,,,False,False,False,,C,OTHER MOTOR VEHICLE,,3,0,A,DAYLIGHT,,,,,,,A,NO PEDESTRIANS INVOLVED,,A,21453A,,1,BROADWAY,1,,,A,,,29TH ST,,,A,10/25/2024 6:30:13 AM,1/28/2025 11:51:12 AM,,,2,,,,,,,
4444562,24-043325,2,False,0109,8/29/2024 7:45:00 PM,1945,20X,14,109,Oakland,1,True,True,G,VEHICLE/PEDESTRAIN,,Thursday,,,M,,False,False,False,,B,PEDESTRIAN,,1,0,B,DUSK-DAWN,,,,,,,F,NOT IN ROAD,,A,21804A,,1,E 9TH ST,2,,,A,W,105.0,FRUITVALE AV,F,,D,10/24/2024 2:26:37 PM,1/28/2025 11:51:12 AM,,,2,,,,,,,
4444554,24-043436,2,False,0109,8/30/2024 1:52:00 PM,1352,34X,14,109,Oakland,1,True,True,D,BROADSIDE,,Friday,,,F,,False,False,False,,C,OTHER MOTOR VEHICLE,,1,0,A,DAYLIGHT,,,,,,,A,NO PEDESTRIANS INVOLVED,,A,22450A,,1,96TH AV,2,,,A,,,SUNNYSIDE ST,,,A,10/24/2024 2:21:37 PM,1/28/2025 11:51:12 AM,,,2,,,,,,,
4444544,24-043054,2,False,0109,8/28/2024 10:48:00 AM,1048,28X,14,109,Oakland,1,True,True,E,HIT OBJECT,,Wednesday,,,,,False,False,False,,I,FIXED OBJECT,,1,0,A,DAYLIGHT,,,,,,,A,NO PEDESTRIANS INVOLVED,,A,22107,,1,MACARTHUR BL,2,,,A,N,5.0,MILLSVIEW AV,F,,D,10/24/2024 2:16:37 PM,1/28/2025 11:51:12 AM,,,2,,,,,,,
4444510,24-037811,2,False,0109,7/29/2024 9:00:00 AM,900,29X,14,109,Oakland,1,True,True,B,SIDE SWIPE,,Monday,,,,,False,False,False,,E,PARKED MOTOR VEHICLE,,1,0,A,DAYLIGHT,,,,,,,E,IN ROAD - INCLUDES SHOULDER,,A,22350,,1,SEMINARY AV,2,,,A,N,7.0,FORTUNE WY,F,,D,10/24/2024 1:51:37 PM,1/28/2025 11:59:02 AM,,,2,,,,,,,
4444420,24050252,2,False,0109,10/8/2024 10:58:00 PM,2258,19X,14,109,Oakland,1,True,True,E,HIT OBJECT,,Tuesday,,,M,,False,False,True,,I,FIXED OBJECT,,0,0,C,DARK-STREET LIGHTS,,,,,,,A,NO PEDESTRIANS INVOLVED,,A,22107,,1,10TH AV,1,,,A,,,E 8TH ST,,,D,10/24/2024 1:06:36 PM,1/28/2025 11:59:31 AM,,,2,,,,,,,
4444304,24-044852,2,False,0109,9/8/2024 6:55:00 AM,655,21Y,14,109,Oakland,1,True,True,C,REAR END,,Sunday,,,M,,False,False,False,,E,PARKED MOTOR VEHICLE,,0,0,A,DAYLIGHT,,,,,,,A,NO PEDESTRIANS INVOLVED,,A,22107,,1,COOLIDGE AV,2,,,A,S,200.0,NICOL AV,F,,D,10/24/2024 12:06:35 PM,1/28/2025 11:51:10 AM,,,2,,,,,,,
4444286,24-044747,2,False,0109,9/7/2024 9:32:00 AM,932,18X,14,109,Oakland,1,True,True,C,REAR END,,Saturday,,,,,False,False,False,,E,PARKED MOTOR VEHICLE,,0,0,A,DAYLIGHT,,,,,,,A,NO PEDESTRIANS INVOLVED,,A,22106,,1,E 23RD ST,1,,,A,W,60.0,23RD AV,F,,D,10/24/2024 11:51:35 AM,1/28/2025 11:51:10 AM,,,2,,,,,,,
4444279,24-036527,2,False,0109,7/22/2024 9:51:00 PM,2151,32X,14,109,Oakland,1,True,True,D,BROADSIDE,,Monday,,,,,False,False,True,,C,OTHER MOTOR VEHICLE,,0,0,C,DARK-STREET LIGHTS,,,,,,,A,NO PEDESTRIANS INVOLVED,,A,22350,,1,102 AVE,2,,,A,N,200.0,E ST,F,,D,10/24/2024 11:46:35 AM,1/28/2025 11:59:30 AM,,,2,,,,,,,
4444278,24-036238,2,False,0109,7/21/2024 3:16:00 AM,316,19X,14,109,Oakland,1,True,True,E,HIT OBJECT,,Sunday,,,,,False,False,False,,I,FIXED OBJECT,,0,0,C,DARK-STREET LIGHTS,,,,,,,A,NO PEDESTRIANS INVOLVED,,A,22107,,1,EMBARCADERO,1,,,A,,,9TH AVE,,,D,10/24/2024 11:46:35 AM,1/28/2025 11:59:30 AM,,,2,,,,,,,
4444277,24-044690,2,False,0109,9/7/2024 4:28:00 AM,428,30Y,14,109,Oakland,1,True,True,F,OVERTURNED,,Saturday,,,M,,False,False,True,,I,FIXED OBJECT,,0,0,C,DARK-STREET LIGHTS,,,,,,,A,NO PEDESTRIANS INVOLVED,,A,22350,,1,73RD AV,2,,,A,N,103.0,BANTRY ST,F,,D,10/24/2024 11:46:35 AM,1/28/2025 11:51:10 AM,,,2,,,,,,,
4444276,24-044511,2,False,0109,9/5/2024 11:06:00 PM,2306,32X,14,109,Oakland,1,True,True,A,HEAD-ON,,Thursday,,,M,,False,False,True,,I,FIXED OBJECT,,0,0,C,DARK-STREET LIGHTS,,,,,,,A,NO PEDESTRIANS INVOLVED,,A,22350,,1,105TH AV,2,,,A,N,100.0,RUSSETT ST,F,,D,10/24/2024 11:46:35 AM,1/28/2025 11:51:10 AM,,,2,,,,,,,
4444269,24-044245,2,False,0109,9/4/2024 10:15:00 AM,1015,27Y,14,109,Oakland,1,True,True,D,BROADSIDE,,Wednesday,,,M,,False,False,False,,C,OTHER MOTOR VEHICLE,,0,0,A,DAYLIGHT,,,,,,,A,NO PEDESTRIANS INVOLVED,,A,21453A,,1,E 17TH ST,2,,,A,,,SEMINARY AV,,,A,10/24/2024 11:41:35 AM,1/28/2025 11:51:10 AM,,,2,,,,,,,
4444260,24-036563,2,False,0109,7/23/2024 5:14:00 AM,514,19X,14,109,Oakland,1,True,True,B,SIDE SWIPE,,Tuesday,,,M,,False,False,False,,C,OTHER MOTOR VEHICLE,,0,0,B,DUSK-DAWN,,,,,,,A,NO PEDESTRIANS INVOLVED,,A,21453A,,1,8TH ST,1,,,A,,,OAK ST,,,A,10/24/2024 11:36:35 AM,1/28/2025 11:59:30 AM,,,2,,,,,,,
4444259,24-037534,2,False,0109,7/27/2024 12:40:00 PM,1240,14X,14,109,Oakland,1,True,True,D,BROADSIDE,,Saturday,,,,,False,False,False,,C,OTHER MOTOR VEHICLE,,0,0,A,DAYLIGHT,,,,,,,A,NO PEDESTRIANS INVOLVED,,A,21801,,1,LAKSHORE AVE,1,,,A,,,MACARTHUR BL,,,A,10/24/2024 11:36:35 AM,1/28/2025 11:59:30 AM,,,2,,,,,,,
4444158,24-036179,2,False,0109,7/20/2024 6:01:00 PM,1801,27X,14,109,Oakland,1,True,True,A,HEAD-ON,,Saturday,,,,,False,False,False,,I,FIXED OBJECT,,0,0,A,DAYLIGHT,,,,,,,A,NO PEDESTRIANS INVOLVED,,A,22107,,1,FOOTHILL BL,2,,,A,,,CONGRESS AV,,,D,10/24/2024 10:56:34 AM,1/28/2025 11:59:30 AM,,,2,,,,,,,
4444137,24-036232,2,False,0109,7/21/2024 1:56:00 AM,156,04X,14,109,Oakland,1,True,True,C,REAR END,,Sunday,,,M,,False,False,True,,C,OTHER MOTOR VEHICLE,,0,0,C,DARK-STREET LIGHTS,,,,,,,A,NO PEDESTRIANS INVOLVED,,A,22350,,1,GRAND AV,1,,,A,E,8.0,HARRISON ST,F,,A,10/24/2024 10:51:34 AM,1/28/2025 11:59:30 AM,,,2,,,,,,,
4444115,24-037762,2,False,0109,7/28/2024 10:11:00 PM,2211,35X,14,109,Oakland,1,True,True,B,SIDE SWIPE,,Sunday,,,M,,False,False,False,,E,PARKED MOTOR VEHICLE,,0,0,C,DARK-STREET LIGHTS,,,,,,,A,NO PEDESTRIANS INVOLVED,,A,22107,,1,PALMERA CT,2,,,A,E,50.0,90TH AV,F,,D,10/24/2024 10:41:34 AM,1/28/2025 11:59:30 AM,,,2,,,,,,,
4444107,24-037856,2,False,0109,7/29/2024 11:55:00 AM,1155,23X,14,109,Oakland,1,True,True,C,REAR END,,Monday,,,,,False,False,False,,C,OTHER MOTOR VEHICLE,,0,0,A,DAYLIGHT,,,,,,,A,NO PEDESTRIANS INVOLVED,,A,22350,,1,FOOTHILL BL,2,,,A,S,2.0,FRUITVALE AV,F,,A,10/24/2024 10:36:34 AM,1/28/2025 11:59:30 AM,,,2,,,,,,,
4444106,24-044114,2,False,0109,9/3/2024 6:29:00 PM,1829,04X,14,109,Oakland,1,True,True,B,SIDE SWIPE,,Tuesday,,,M,,False,False,False,,C,OTHER MOTOR VEHICLE,,0,0,A,DAYLIGHT,,,,,,,A,NO PEDESTRIANS INVOLVED,,A,22107,,1,12TH ST,1,,,A,,,CASTRO ST,,,A,10/24/2024 10:36:34 AM,1/28/2025 11:51:10 AM,,,2,,,,,,,
4444096,24-044008,2,False,0109,9/3/2024 9:35:00 AM,935,03X,14,109,Oakland,1,True,True,D,BROADSIDE,,Tuesday,,,,,False,False,False,,C,OTHER MOTOR VEHICLE,,0,0,A,DAYLIGHT,,,,,,,A,NO PEDESTRIANS INVOLVED,,A,21453A,,1,12TH ST,1,,,A,,,MARTIN LUTHER KING WY,,,A,10/24/2024 10:31:33 AM,1/28/2025 11:51:10 AM,,,2,,,,,,,
4444086,24-036906,2,False,0109,7/24/2024 6:52:00 PM,1852,12X,14,109,Oakland,1,True,True,D,BROADSIDE,,Wednesday,,,,,False,False,False,,C,OTHER MOTOR VEHICLE,,0,0,A,DAYLIGHT,,,,,,,A,NO PEDESTRIANS INVOLVED,,A,21802A,,1,55TH ST,1,,,A,S,12.0,DOVER ST,F,,C,10/24/2024 10:26:34 AM,1/28/2025 11:59:30 AM,,,2,,,,,,,
4444068,24-046469,2,False,0109,9/17/2024 7:40:00 AM,740,05X,14,109,Oakland,1,True,True,D,BROADSIDE,,Tuesday,,,,,False,False,False,,C,OTHER MOTOR VEHICLE,,0,0,A,DAYLIGHT,,,,,,,A,NO PEDESTRIANS INVOLVED,,A,21453A,,1,W GRAND AV,1,,,A,,,MANDELA PKWY,,,A,10/24/2024 10:21:33 AM,1/28/2025 11:51:10 AM,,,2,,,,,,,
4444067,24-035719,2,False,0109,7/17/2024 4:46:00 PM,1646,08X,14,109,Oakland,1,True,True,D,BROADSIDE,,Wednesday,,,,,False,False,False,,C,OTHER MOTOR VEHICLE,,0,0,A,DAYLIGHT,,,,,,,A,NO PEDESTRIANS INVOLVED,,A,21650,,1,TELEGRAPH AV,1,,,A,E,5.0,28TH ST,F,,D,10/24/2024 10:21:33 AM,1/28/2025 11:59:30 AM,,,2,,,,,,,
4444048,24-045507,2,False,0109,9/11/2024 10:09:00 AM,1009,19X,14,109,Oakland,1,True,True,C,REAR END,,Wednesday,,,,,False,False,False,,C,OTHER MOTOR VEHICLE,,0,0,A,DAYLIGHT,,,,,,,A,NO PEDESTRIANS INVOLVED,,A,22350,,1,14TH AVE,1,,,A,,,INTERNATIONAL BL,,,A,10/24/2024 10:11:33 AM,1/28/2025 11:51:09 AM,,,2,,,,,,,
4444023,24-045500,2,False,0109,9/11/2024 8:35:00 AM,835,26X,14,109,Oakland,1,True,True,B,SIDE SWIPE,,Wednesday,,,,,False,False,False,,E,PARKED MOTOR VEHICLE,,0,0,A,DAYLIGHT,,,,,,,A,NO PEDESTRIANS INVOLVED,,A,22107,,1,78TH AV,2,,,A,W,120.0,INTERNATIONAL BL,F,,D,10/24/2024 9:56:33 AM,1/28/2025 11:51:09 AM,,,2,,,,,,,
4443986,9335-2024-02406,1,False,9335,10/16/2024 6:42:00 AM,642,082,14,109,Oakland,1,True,True,C,REAR END,,Wednesday,NotApplicable,False,M,,False,True,False,ALAMEDA SUPERIOR COURT WILEY W. MANUEL COURTHOUSE,C,OTHER MOTOR VEHICLE,,0,0,C,DARK-STREET LIGHTS,37.822304,-122.325472,,,,,A,NO PEDESTRIANS INVOLVED,10/16/2024 6:42:00 AM,A,VC 22350,False,3,I-80 W/B,,,10/24/2024 9:42:57 AM,A,W,2430.0,THE SAN FRANCISCO OAKLAND BAY BRIDGE METER LIGHTS,F,,D,10/24/2024 9:43:00 AM,10/24/2024 9:43:00 AM,False,True,4,False,10/16/2024 6:51:00 AM,0651,False,,,True
4443941,9370-2024-03277,1,False,9370,10/16/2024 1:01:00 AM,101,052,14,109,Oakland,1,True,True,E,HIT OBJECT,,Wednesday,NotApplicable,False,,,False,True,True,ALAMEDA SUPERIOR COURT WILEY W. MANUEL COURTHOUSE,I,FIXED OBJECT,METAL GUARD RAIL,0,0,D,DARK-NO STREET LIGHTS,37.752536,-122.151534,,,,,A,NO PEDESTRIANS INVOLVED,10/16/2024 1:01:00 AM,A,VC 22107,False,1,I-580 WESTBOUND,,,10/24/2024 9:22:37 AM,A,E,375.0,GOLF LINKS ROAD,F,,D,10/24/2024 9:22:39 AM,10/24/2024 9:22:39 AM,False,True,4,,10/16/2024 1:06:00 AM,0106,True,EMBEDDED,,True
4443939,24-027138,2,False,0109,6/1/2024 10:52:00 AM,1052,08X,14,109,Oakland,1,True,True,B,SIDE SWIPE,,Saturday,,,,,False,False,False,,C,OTHER MOTOR VEHICLE,,0,0,A,DAYLIGHT,,,,,,,A,NO PEDESTRIANS INVOLVED,,A,22107,,1,30TH AV,1,,,A,S,15.0,BROADWAY,F,,A,10/24/2024 9:21:33 AM,1/28/2025 12:02:26 PM,,,2,,,,,,,
4443907,24-027859,2,False,0109,6/5/2024 4:33:00 PM,1633,27X,14,109,Oakland,1,True,True,A,HEAD-ON,,Wednesday,,,,,False,False,False,,C,OTHER MOTOR VEHICLE,,0,0,A,DAYLIGHT,,,,,,,A,NO PEDESTRIANS INVOLVED,,A,22350,,1,SAN LEANDRO,2,,,A,,,44TH,,,A,10/24/2024 9:16:32 AM,1/28/2025 12:02:26 PM,,,2,,,,,,,
4443897,24-045054,2,False,0109,9/9/2024 11:19:00 AM,1119,24X,14,109,Oakland,1,True,True,A,HEAD-ON,,Monday,,,M,,False,False,True,,C,OTHER MOTOR VEHICLE,,1,0,A,DAYLIGHT,,,,,,,A,NO PEDESTRIANS INVOLVED,,A,22107,,1,LYON AV,2,,,A,W,75.0,RANSOME AV,F,,A,10/24/2024 9:11:32 AM,1/28/2025 11:51:08 AM,,,2,,,,,,,
4443886,9370-2024-03240,1,False,9370,10/13/2024 12:00:00 PM,1200,025,14,109,Oakland,1,True,True,B,SIDE SWIPE,,Sunday,NotApplicable,False,,,False,True,False,ALAMEDA SUPERIOR COURT WILEY W. MANUEL COURTHOUSE,C,OTHER MOTOR VEHICLE,,0,0,A,DAYLIGHT,37.83218,-122.2671,,,,,A,NO PEDESTRIANS INVOLVED,10/13/2024 12:00:00 PM,D,,,,SR-24 W/B FROM MLK JR. WAY,,,10/24/2024 9:07:43 AM,A,E,120.0,42ND STREET,F,,D,10/24/2024 9:07:46 AM,10/24/2024 9:07:46 AM,False,True,4,,10/13/2024 12:08:00 PM,1208,False,,,True
4443882,24-036033,2,False,0109,7/19/2024 10:15:00 PM,2215,08X,14,109,Oakland,1,True,True,D,BROADSIDE,,Friday,,,M,,False,False,False,,C,OTHER MOTOR VEHICLE,,0,0,C,DARK-STREET LIGHTS,,,,,,,A,NO PEDESTRIANS INVOLVED,,A,21801A,,1,24TH ST,1,,,A,,,NORTHGATE AV,,,D,10/24/2024 9:06:32 AM,1/28/2025 11:59:30 AM,,,2,,,,,,,
4443878,24-045660,2,False,0109,9/12/2024 5:55:00 AM,555,17Y,14,109,Oakland,1,True,True,D,BROADSIDE,,Thursday,,,,,False,False,True,,C,OTHER MOTOR VEHICLE,,2,0,C,DARK-STREET LIGHTS,,,,,,,A,NO PEDESTRIANS INVOLVED,,A,21453A,,,13TH AV,1,,,A,,,MACARTHUR BL,,,A,10/24/2024 9:06:32 AM,1/28/2025 11:51:08 AM,,,2,,,,,,,
4443867,24-043864,2,False,0109,9/2/2024 11:12:00 AM,1112,21Y,14,109,Oakland,1,True,True,D,BROADSIDE,,Monday,,,M,,False,False,False,,C,OTHER MOTOR VEHICLE,,1,0,A,DAYLIGHT,,,,,,,A,NO PEDESTRIANS INVOLVED,,A,21453A,,1,COOLIDGE AV,2,,,A,,,SCHOOL ST,,,A,10/24/2024 9:01:32 AM,1/28/2025 11:51:08 AM,,,2,,,,,,,
4443854,24-043767,2,False,0109,9/1/2024 8:15:00 PM,2015,18X,14,109,Oakland,1,True,True,G,VEHICLE/PEDESTRAIN,,Sunday,,,,,False,False,False,,B,PEDESTRIAN,,1,0,C,DARK-STREET LIGHTS,,,,,,,D,CROSSING - NOT IN CROSSWALK,,A,21950B,,1,FOOTHILL BL,1,,,A,E,85.0,17TH AV,F,,D,10/24/2024 8:56:32 AM,1/28/2025 11:51:08 AM,,,2,,,,,,,
4443841,1557,2,False,0109,9/6/2024 3:57:00 PM,1557,30Y,14,109,Oakland,1,True,True,D,BROADSIDE,,Friday,,,M,,False,False,False,,C,OTHER MOTOR VEHICLE,,2,0,A,DAYLIGHT,,,,,,,A,NO PEDESTRIANS INVOLVED,,A,21453A,,1,CHURCH ST,2,,,A,,,BANCROFT AV,,,A,10/24/2024 8:51:32 AM,1/28/2025 11:51:08 AM,,,2,,,,,,,
4443827,24-046923,2,False,0109,9/18/2024 12:45:00 PM,1245,06X,14,109,Oakland,1,True,True,A,HEAD-ON,,Wednesday,,,,,False,False,False,,C,OTHER MOTOR VEHICLE,,3,0,A,DAYLIGHT,,,,,,,A,NO PEDESTRIANS INVOLVED,,A,21460A,,1,WEST ST,1,,,A,S,10.0,27TH ST,F,,A,10/24/2024 8:41:32 AM,1/28/2025 11:51:08 AM,,,2,,,,,,,
4443812,24-045589,2,False,0109,9/11/2024 6:26:00 PM,1826,16X,14,109,Oakland,1,True,True,D,BROADSIDE,,Wednesday,,,,,False,False,False,,C,OTHER MOTOR VEHICLE,,1,0,A,DAYLIGHT,,,,,,,A,NO PEDESTRIANS INVOLVED,,A,22106,,1,MANDANA AV,1,,,A,S,300.0,CARLSTON AV,F,,D,10/24/2024 8:36:32 AM,1/28/2025 11:51:07 AM,,,2,,,,,,,
4443811,24-036381,2,False,0109,7/22/2024 3:12:00 AM,312,27Y,14,109,Oakland,1,True,True,A,HEAD-ON,,Monday,,,M,,False,False,False,,E,PARKED MOTOR VEHICLE,,0,0,C,DARK-STREET LIGHTS,,,,,,,A,NO PEDESTRIANS INVOLVED,,A,22107,,1,E 17TH ST,2,,,A,W,60.0,57TH AV,F,,D,10/24/2024 8:36:32 AM,1/28/2025 11:59:30 AM,,,2,,,,,,,
4443780,24-036301,2,False,0109,7/21/2024 11:40:00 AM,1140,02X,14,109,Oakland,1,True,True,H,OTHER,,Sunday,,,M,,False,False,False,,E,PARKED MOTOR VEHICLE,,0,0,A,DAYLIGHT,,,,,,,A,NO PEDESTRIANS INVOLVED,,A,22107,,1,CHESTNUT ST,1,,,A,N,100.0,10TH  ST,F,,D,10/24/2024 8:26:32 AM,1/28/2025 11:59:30 AM,,,2,,,,,,,
4443700,9320-2024-03572,1,False,9320,10/18/2024 3:00:00 PM,1500,904,14,109,Oakland,1,True,True,B,SIDE SWIPE,,Friday,NotApplicable,False,,,False,True,False,ALAMEDA SUPERIOR COURT ALAMEDA,C,OTHER MOTOR VEHICLE,,0,0,A,DAYLIGHT,37.845999,-122.247544,,,,,A,NO PEDESTRIANS INVOLVED,10/18/2024 3:00:00 PM,A,VC 21658(a),False,1,SR-24 E/B,,,10/24/2024 7:53:17 AM,A,W,136.0,PRESLEY WAY,F,,A,10/24/2024 7:53:21 AM,10/24/2024 7:53:21 AM,False,True,4,,10/18/2024 3:40:00 PM,1540,False,,,True
4443608,9370-2024-03261,1,False,9370,10/15/2024 10:00:00 AM,1000,176,14,109,Oakland,1,True,True,C,REAR END,,Tuesday,NotApplicable,False,,,False,True,False,ALAMEDA SUPERIOR COURT WILEY W. MANUEL COURTHOUSE,C,OTHER MOTOR VEHICLE,,0,0,A,DAYLIGHT,37.763985,-122.216876,,,,,A,NO PEDESTRIANS INVOLVED,10/15/2024 10:00:00 AM,A,VC 22350,False,1,I-880 N/B,,,10/24/2024 7:04:59 AM,A,S,1100.0,HIGH STREET,F,,D,10/24/2024 7:05:01 AM,10/24/2024 7:05:01 AM,False,True,4,,10/15/2024 10:05:00 AM,1005,False,,,True
4443606,9370-2024-03271,1,False,9370,10/14/2024 10:26:00 PM,2226,055,14,109,Oakland,1,True,True,E,HIT OBJECT,,Monday,Yes,False,,,False,True,False,ALAMEDA SUPERIOR COURT WILEY W. MANUEL COURTHOUSE,I,FIXED OBJECT,CONCRETE GUARD RAIL,1,0,C,DARK-STREET LIGHTS,37.827257,-122.280784,,,,,A,NO PEDESTRIANS INVOLVED,10/14/2024 10:26:00 PM,A,VC 23152(a),True,1,I-580 E/B (MACARTHUR FREEWAY),,,10/24/2024 7:01:11 AM,A,W,75.0,MAGNOLIA STREET,F,,D,10/24/2024 7:01:12 AM,10/24/2024 7:01:12 AM,False,True,4,True,10/14/2024 10:26:00 PM,2226,False,,,True
4443556,24-013597,2,False,0109,3/18/2024 8:46:00 AM,846,05X,14,109,Oakland,1,True,True,B,SIDE SWIPE,,Monday,,,,,False,False,False,,C,OTHER MOTOR VEHICLE,,0,0,A,DAYLIGHT,,,,,,,A,NO PEDESTRIANS INVOLVED,,A,21802A,,1,18TH ST,1,,,A,,,PERALTA ST,,,D,10/24/2024 6:26:30 AM,1/28/2025 11:59:42 AM,,,2,,,,,,,
4464628,9345-2024-04201,1,False,9345,11/9/2024 1:07:00 AM,107,901,14,109,Oakland,1,True,True,E,HIT OBJECT,,Saturday,Yes,False,,,False,False,True,EAST COUNTY HALL OF JUSTICE,I,FIXED OBJECT,RAISED CONCRETE CURB,0,0,C,DARK-STREET LIGHTS,37.748214,-122.161824,,,,,A,NO PEDESTRIANS INVOLVED,11/9/2024 1:07:00 AM,A,VC 22107,False,1,BANCROFT AVE,,,11/10/2024 5:56:34 AM,A,S,30.0,98TH AVE,F,,D,11/10/2024 5:56:43 AM,11/10/2024 5:56:43 AM,False,False,4,False,11/9/2024 1:08:00 AM,0108,False,,,True
4464278,9370-2024-03491,1,False,9370,10/31/2024 9:00:00 AM,900,176,14,109,Oakland,1,True,True,C,REAR END,,Thursday,NotApplicable,False,,,False,True,False,ALAMEDA SUPERIOR COURT WILEY W. MANUEL COURTHOUSE,C,OTHER MOTOR VEHICLE,,0,0,A,DAYLIGHT,37.774587,-122.232045,,,,,A,NO PEDESTRIANS INVOLVED,10/31/2024 9:00:00 AM,A,VC 22350,False,1,I-880 N/B,,,11/8/2024 5:49:21 PM,A,S,401.0,29TH AVE,F,,D,11/8/2024 5:49:24 PM,11/8/2024 5:49:24 PM,False,True,4,,10/31/2024 9:06:00 AM,0906,False,,,True