collision-id,report-number,report-version,is-preliminary,ncic-code,crash-date-time,crash-time-description,beat,city-id,city-code,city-name,county-code,city-is-active,city-is-incorporated,collision-type-code,collision-type-description,collision-type-other-desc,day-of-week,dispatch-notified,has-photographs,hit-run,is-attachments-mailed,is-deleted,is-highway-related,is-tow-away,judicial-district,motor-vehicle-involved-with-code,motor-vehicle-involved-with-desc,motor-vehicle-involved-with-other-desc,number-injured,number-killed,lighting-code,lighting-description,latitude,longitude,milepost-direction,milepost-distance,milepost-marker,milepost-unit-of-measure,pedestrian-action-code,pedestrian-action-desc,prepared-date,primary-collision-factor-code,primary-collision-factor-description,primary-collision-factor-is-cited,primary-collision-party-number,primary-road,reporting-district,reporting-district-code,reviewed-date,roadway-surface-code,secondary-direction,secondary-distance,secondary-road,secondary-unit-of-measure,sketch-desc,traffic-control-device-code,created-date,modified-date,is-county-road,is-freeway,chp-555-version,is-additonal-object-struck,notification-date,notification-time-description,has-digital-media-files,evidence-number,is-location-refer-to-narrative,is-aoi-one-same-as-location
4464277,9370-2024-03496,1,False,9370,10/31/2024 10:30:00 AM,1030,176,14,109,Oakland,1,True,True,B,SIDE SWIPE,,Thursday,NotApplicable,False,M,,False,True,False,ALAMEDA SUPERIOR COURT WILEY W. MANUEL COURTHOUSE,C,OTHER MOTOR VEHICLE,,0,0,A,DAYLIGHT,37.73146,-122.187911,,,,,A,NO PEDESTRIANS INVOLVED,10/31/2024 10:30:00 AM,A,VC 22350,False,1,I-880 N/B,,,11/8/2024 5:46:58 PM,A,S,150.0,98TH AVE,F,,A,11/8/2024 5:47:01 PM,11/8/2024 5:47:01 PM,False,True,4,,10/31/2024 10:49:00 AM,1049,False,,,True
4464112,9370-2024-03590,1,False,9370,11/7/2024 5:15:00 PM,1715,176,14,109,Oakland,1,True,True,C,REAR END,,Thursday,NotApplicable,False,,,False,True,True,ALAMEDA SUPERIOR COURT WILEY W. MANUEL COURTHOUSE,C,OTHER MOTOR VEHICLE,,1,0,C,DARK-STREET LIGHTS,37.730949,-122.188251,,,,,A,NO PEDESTRIANS INVOLVED,11/7/2024 5:15:00 PM,A,VC 22350,False,1,I-880 S/B,,,11/8/2024 2:21:34 PM,A,S,480.0,98TH AVENUE,F,,D,11/8/2024 2:21:37 PM,11/8/2024 2:21:37 PM,False,True,4,,11/7/2024 5:20:00 PM,1720,False,,,True
4464110,9370-2024-03519,1,False,9370,11/1/2024 3:00:00 PM,1500,176,14,109,Oakland,1,True,True,B,SIDE SWIPE,,Friday,NotApplicable,False,,,False,True,False,ALAMEDA SUPERIOR COURT WILEY W. MANUEL COURTHOUSE,C,OTHER MOTOR VEHICLE,,0,0,A,DAYLIGHT,37.768407,-122.220643,,,,,A,NO PEDESTRIANS INVOLVED,11/1/2024 3:00:00 PM,A,VC 21658(A),False,1,I-880 S/B,,,11/8/2024 2:17:52 PM,A,N,65.0,HIGH ST,F,,D,11/8/2024 2:17:54 PM,11/8/2024 2:17:54 PM,False,True,4,,11/1/2024 3:09:00 PM,1509,False,,,True
4463982,9370-2024-03577,1,False,9370,11/5/2024 6:50:00 PM,1850,176,14,109,Oakland,1,True,True,C,REAR END,,Tuesday,NotApplicable,False,,,False,True,False,ALAMEDA SUPERIOR COURT WILEY W. MANUEL COURTHOUSE,C,OTHER MOTOR VEHICLE,,1,0,B,DUSK-DAWN,37.745631,-122.200917,,,,,A,NO PEDESTRIANS INVOLVED,11/5/2024 6:50:00 PM,A,VC 22350,True,1,I-880 S/B,,,11/8/2024 1:26:06 PM,A,N,750.0,HEGENBERGER RD,F,,D,11/8/2024 1:26:11 PM,11/8/2024 1:26:11 PM,False,True,4,,11/5/2024 6:55:00 PM,1855,False,,,True
4463968,9370-2024-03570,1,False,9370,11/5/2024 3:50:00 PM,1550,176,14,109,Oakland,1,True,True,C,REAR END,,Tuesday,NotApplicable,False,,,False,True,False,ALAMEDA SUPERIOR COURT WILEY W. MANUEL COURTHOUSE,C,OTHER MOTOR VEHICLE,,1,0,A,DAYLIGHT,37.744429,-122.19986,,,,,A,NO PEDESTRIANS INVOLVED,11/5/2024 3:50:00 PM,A,VC 22350,False,1,I-880 S/B,,,11/8/2024 1:19:25 PM,A,N,200.0,HEGENBERGER RD,F,,D,11/8/2024 1:19:28 PM,11/8/2024 1:19:28 PM,False,True,4,,11/5/2024 3:55:00 PM,1555,False,,,True
4463949,9370-2024-03575,1,False,9370,11/5/2024 8:00:00 AM,800,176,14,109,Oakland,1,True,True,C,REAR END,,Tuesday,NotApplicable,False,,,False,True,False,ALAMEDA SUPERIOR COURT WILEY W. MANUEL COURTHOUSE,C,OTHER MOTOR VEHICLE,,0,0,A,DAYLIGHT,37.773032,-122.227481,,,,,A,NO PEDESTRIANS INVOLVED,11/5/2024 8:00:00 AM,A,VC 22350,False,1,I-880 S/B,,,11/8/2024 1:09:49 PM,A,S,100.0,FRUITVALE AVE,F,,D,11/8/2024 1:09:51 PM,11/8/2024 1:09:51 PM,False,True,4,,11/5/2024 8:02:00 AM,0802,False,,,True
4463834,9370-2024-03546,2,False,9370,11/4/2024 5:20:00 PM,1720,024,14,109,Oakland,1,True,True,C,REAR END,,Monday,NotApplicable,False,,,False,True,False,ALAMEDA SUPERIOR COURT WILEY W. MANUEL COURTHOUSE,C,OTHER MOTOR VEHICLE,,0,0,C,DARK-STREET LIGHTS,37.850589,-122.223308,,,,,A,NO PEDESTRIANS INVOLVED,11/4/2024 5:20:00 PM,A,VC 22350,False,1,SR-24 W/B,,,11/13/2024 12:58:32 PM,A,W,500.0,OLD TUNNEL ROAD,F,,D,11/8/2024 12:02:01 PM,11/13/2024 12:58:35 PM,False,True,4,,11/4/2024 5:25:00 PM,1725,False,,,True
4463778,9370-2024-03541,1,False,9370,11/4/2024 7:00:00 AM,700,176,14,109,Oakland,1,True,True,E,HIT OBJECT,,Monday,Yes,False,,,False,True,True,ALAMEDA SUPERIOR COURT WILEY W. MANUEL COURTHOUSE,I,FIXED OBJECT,CONCRETE BARRIER,1,0,A,DAYLIGHT,37.76311,-122.216093,,,,,A,NO PEDESTRIANS INVOLVED,11/4/2024 7:00:00 AM,A,VC 23152(a),True,1,I-880 N/B,,,11/8/2024 11:30:14 AM,A,S,2200.0,HIGH STREET,F,,D,11/8/2024 11:30:18 AM,11/8/2024 11:30:18 AM,False,True,4,True,11/4/2024 7:02:00 AM,0702,False,,,True
4463769,9370-2024-03501,1,False,9370,10/31/2024 10:45:00 PM,2245,177,14,109,Oakland,1,True,True,B,SIDE SWIPE,,Thursday,NotApplicable,False,M,,False,True,True,ALAMEDA SUPERIOR COURT WILEY W. MANUEL COURTHOUSE,C,OTHER MOTOR VEHICLE,,0,0,D,DARK-NO STREET LIGHTS,37.787649,-122.248617,,,,,A,NO PEDESTRIANS INVOLVED,10/31/2024 10:45:00 PM,A,VC 21658(A),False,1,I-880 S/B,,,11/8/2024 11:26:07 AM,A,N,1300.0,16TH AVE,F,,D,11/8/2024 11:26:09 AM,11/8/2024 11:26:09 AM,False,True,4,,10/31/2024 10:50:00 PM,2250,False,,,True
4463765,9370-2024-03522,1,False,9370,11/1/2024 3:20:00 PM,1520,055,14,109,Oakland,1,True,True,C,REAR END,,Friday,NotApplicable,False,M,,False,True,False,ALAMEDA SUPERIOR COURT WILEY W. MANUEL COURTHOUSE,C,OTHER MOTOR VEHICLE,,0,0,A,DAYLIGHT,37.826522,-122.287754,,,,,A,NO PEDESTRIANS INVOLVED,11/1/2024 3:20:00 PM,A,VC 22350,False,1,I-580 W/B TO I-80 W/B,,,11/8/2024 11:24:31 AM,A,W,500.0,MANDELA PARKWAY,F,,D,11/8/2024 11:24:34 AM,11/8/2024 11:24:34 AM,False,True,4,,11/1/2024 3:30:00 PM,1530,False,,,True
4462723,9370-2024-03573,1,False,9370,11/6/2024 9:00:00 PM,2100,176,14,109,Oakland,1,True,True,A,HEAD-ON,,Wednesday,NotApplicable,False,M,,False,True,True,ALAMEDA SUPERIOR COURT WILEY W. MANUEL COURTHOUSE,D,MOTOR VEHICLE ON OTHER ROADWAY,,1,0,C,DARK-STREET LIGHTS,37.772203,-122.225379,,,,,A,NO PEDESTRIANS INVOLVED,11/6/2024 9:00:00 PM,A,VC 21651(b),False,1,I-880 S/B,,,11/7/2024 7:35:33 PM,A,S,150.0,FRUTIVALE AVE,F,,D,11/7/2024 7:35:38 PM,11/7/2024 7:35:38 PM,False,True,4,,11/6/2024 9:05:00 PM,2105,False,,,True
4462687,9370-2024-03489,1,False,9370,10/30/2024 12:30:00 PM,1230,177,14,109,Oakland,1,True,True,C,REAR END,,Wednesday,NotApplicable,False,M,,False,True,False,ALAMEDA SUPERIOR COURT WILEY W. MANUEL COURTHOUSE,C,OTHER MOTOR VEHICLE,,0,0,A,DAYLIGHT,37.794782,-122.265419,,,,,A,NO PEDESTRIANS INVOLVED,10/30/2024 12:30:00 PM,A,VC 22350,False,1,I-880 N/B,,,11/7/2024 5:55:05 PM,A,S,322.0,OAK ST,F,,D,11/7/2024 5:55:08 PM,11/7/2024 5:55:08 PM,False,True,4,,10/30/2024 1:00:00 PM,1300,False,,,True
4462686,9335-2024-02573,1,False,9335,11/6/2024 7:14:00 AM,714,082,14,109,Oakland,1,True,True,H,OTHER,UNSECURE LOAD,Wednesday,NotApplicable,False,,,False,True,False,ALAMEDA SUPERIOR COURT ALAMEDA,E,PARKED MOTOR VEHICLE,,0,0,A,DAYLIGHT,37.824325,-122.312718,,,,,A,NO PEDESTRIANS INVOLVED,11/6/2024 7:14:00 AM,A,VC 24002(a),False,1,SAN FRANCISCO OAKLAND BAY BRIDGE TOLL PLAZA EAST PARKING LOT,,,11/7/2024 5:54:28 PM,A,E,259.0,SAN FRANCISCO OAKLAND BAY BRIDGE TOLL PLAZA,F,,D,11/7/2024 5:54:28 PM,11/7/2024 5:54:28 PM,False,True,4,,11/6/2024 7:16:00 AM,0716,True,EMBEDDED,,True
4462685,9370-2024-03479,1,False,9370,10/30/2024 7:45:00 AM,745,008,14,109,Oakland,1,True,True,B,SIDE SWIPE,,Wednesday,NotApplicable,False,,,False,True,False,ALAMEDA SUPERIOR COURT WILEY W. MANUEL COURTHOUSE,C,OTHER MOTOR VEHICLE,,0,0,A,DAYLIGHT,37.825232,-122.312931,,,,,A,NO PEDESTRIANS INVOLVED,10/30/2024 7:45:00 AM,A,VC 21658(A),False,1,I-80 W/B,,,11/7/2024 5:52:00 PM,A,E,300.0,SAN FRANCISCO-OAKLAND BAY BRIDGE TOLL PLAZA,F,,D,11/7/2024 5:52:05 PM,11/7/2024 5:52:05 PM,False,True,4,,10/30/2024 7:50:00 AM,0750,False,,,True
4462672,9370-2024-03535,1,False,9370,10/7/2024 6:20:00 AM,620,176,14,109,Oakland,1,True,True,C,REAR END,,Monday,NotApplicable,False,M,,False,True,False,ALAMEDA SUPERIOR COURT WILEY W. MANUEL COURTHOUSE,C,OTHER MOTOR VEHICLE,,0,0,C,DARK-STREET LIGHTS,37.792824,-122.263007,,,,,A,NO PEDESTRIANS INVOLVED,10/7/2024 6:20:00 AM,A,VC 22350,False,1,I-880 N/B,,,11/7/2024 4:54:41 PM,A,S,1325.0,OAK ST,F,,D,11/7/2024 4:55:49 PM,11/7/2024 4:55:49 PM,False,True,4,,10/31/2024 6:25:00 AM,0625,False,,,True
4462645,9335-2024-02574,1,False,9335,11/6/2024 9:47:00 AM,947,081,14,109,Oakland,1,True,True,B,SIDE SWIPE,,Wednesday,NotApplicable,False,,,False,True,False,ALAMEDA SUPERIOR COURT WILEY W. MANUEL COURTHOUSE,C,OTHER MOTOR VEHICLE,,0,0,A,DAYLIGHT,37.823203,-122.320513,,,,,A,NO PEDESTRIANS INVOLVED,11/6/2024 9:47:00 AM,A,VC 21658(A),False,1,I-80 W/B,,,11/7/2024 4:17:46 PM,A,W,980.0,METERING LIGHTS,F,,D,11/7/2024 4:17:49 PM,11/7/2024 4:17:49 PM,False,True,4,,11/6/2024 9:49:00 AM,0949,True,AREA PHOTO FILE,,True
4462471,24-032772,2,False,0109,7/1/2024 7:30:00 PM,1930,04X,14,109,Oakland,1,True,True,G,VEHICLE/PEDESTRAIN,,Monday,,,,,False,False,False,,C,OTHER MOTOR VEHICLE,,0,0,A,DAYLIGHT,,,,,,,E,IN ROAD - INCLUDES SHOULDER,,A,21651B,,1,19TH ST,1,,,A,W,50.0,19TH ST 500 BLOCK,F,,D,11/7/2024 2:01:56 PM,1/28/2025 12:05:37 PM,,,2,,,,,,,
4462443,24-036363,3,False,0109,7/22/2024 11:25:00 PM,2325,19X,14,109,Oakland,1,True,True,A,HEAD-ON,,Monday,,,M,,False,False,False,,C,OTHER MOTOR VEHICLE,,0,0,C,DARK-STREET LIGHTS,,,,,,,A,NO PEDESTRIANS INVOLVED,,A,21453A,,1,FOOTHILL BL,1,,,A,,,22ND AV,,,A,11/7/2024 1:51:56 PM,1/28/2025 12:05:37 PM,,,2,,,,,,,
4462361,9335-2024-02538,1,False,9335,10/31/2024 7:00:00 PM,1900,082,14,109,Oakland,1,True,True,C,REAR END,,Thursday,NotApplicable,False,,,False,True,True,ALAMEDA SUPERIOR COURT ALAMEDA,C,OTHER MOTOR VEHICLE,,1,0,C,DARK-STREET LIGHTS,37.823613,-122.31917,,,,,A,NO PEDESTRIANS INVOLVED,10/31/2024 7:00:00 PM,A,VC 22350,False,1,I-80 W/B,,,11/7/2024 1:20:56 PM,A,W,554.0,SFOBB METERING LIGHTS,F,,D,11/7/2024 1:21:03 PM,11/7/2024 1:21:03 PM,False,True,4,,10/31/2024 7:09:00 PM,1909,False,,,True
4462285,9335-2024-02576,1,False,9335,11/6/2024 8:20:00 AM,820,901,14,109,Oakland,1,True,True,E,HIT OBJECT,,Wednesday,NotApplicable,False,,,False,False,False,ALAMEDA SUPERIOR COURT ALAMEDA,I,FIXED OBJECT,METAL POLE,0,0,A,DAYLIGHT,37.817568,-122.262128,,,,,A,NO PEDESTRIANS INVOLVED,11/6/2024 8:20:00 AM,B,UNSAFE TURN,,1,2900 BROADWAY OAKLAND- CA  94611,,,11/7/2024 12:41:46 PM,A,N,80.0,29TH STREET,F,,D,11/7/2024 12:41:49 PM,11/7/2024 12:41:49 PM,True,False,4,,11/6/2024 8:45:00 AM,0845,True,EMBEDDED,,True
4462159,9370-2024-03576,1,False,9370,11/6/2024 9:56:00 AM,956,054,14,109,Oakland,1,True,True,C,REAR END,,Wednesday,NotApplicable,False,,,False,True,False,ALAMEDA SUPERIOR COURT WILEY W. MANUEL COURTHOUSE,C,OTHER MOTOR VEHICLE,,0,0,A,DAYLIGHT,37.821147,-122.257527,,,,,A,NO PEDESTRIANS INVOLVED,11/6/2024 9:56:00 AM,A,VC 22350,False,1,I-580 W/B,,,11/7/2024 11:39:08 AM,A,E,780.0,BROADWAY,F,,D,11/7/2024 11:39:10 AM,11/7/2024 11:39:10 AM,False,True,4,,11/6/2024 10:00:00 AM,1000,False,,,True
4462153,9370-2024-03567,1,False,9370,11/6/2024 7:43:00 AM,743,052,14,109,Oakland,1,True,True,C,REAR END,,Wednesday,NotApplicable,False,,,False,True,True,ALAMEDA SUPERIOR COURT WILEY W. MANUEL COURTHOUSE,C,OTHER MOTOR VEHICLE,,1,0,A,DAYLIGHT,37.788014,-122.198281,,,,,A,NO PEDESTRIANS INVOLVED,11/6/2024 7:43:00 AM,A,VC 22350,False,1,I-580 W/B,,,11/7/2024 11:37:20 AM,A,W,774.0,HIGH ST,F,,D,11/7/2024 11:37:24 AM,11/7/2024 11:37:24 AM,False,True,4,,11/6/2024 7:45:00 AM,0745,False,,,True
4462146,9370-2024-03528,1,False,9370,11/3/2024 10:15:00 AM,1015,025,14,109,Oakland,1,True,True,E,HIT OBJECT,,Sunday,NotApplicable,False,,,False,True,True,ALAMEDA SUPERIOR COURT WILEY W. MANUEL COURTHOUSE,I,FIXED OBJECT,GUARDRAIL,0,0,A,DAYLIGHT,37.834106,-122.26647,,,,,A,NO PEDESTRIANS INVOLVED,11/3/2024 10:15:00 AM,A,VC 22350,False,1,SR-24 W/B,,,11/7/2024 11:36:44 AM,A,E,180.0,45TH STREET,F,,D,11/7/2024 11:36:48 AM,11/7/2024 11:36:48 AM,False,True,4,,11/3/2024 10:21:00 AM,1021,True,EMBEDDED,,True
4462136,9370-2024-03477,1,False,9370,10/29/2024 7:07:00 PM,1907,054,14,109,Oakland,1,True,True,C,REAR END,,Tuesday,NotApplicable,False,,,False,True,False,ALAMEDA SUPERIOR COURT WILEY W. MANUEL COURTHOUSE,C,OTHER MOTOR VEHICLE,,0,0,B,DUSK-DAWN,37.81357,-122.250855,,,,,A,NO PEDESTRIANS INVOLVED,10/29/2024 7:07:00 PM,A,VC 22350,False,1,I-580 E/B,,,11/7/2024 11:33:34 AM,A,E,999.0,CHETWOOD ST,F,,D,11/7/2024 11:33:36 AM,11/7/2024 11:33:36 AM,False,True,4,,10/29/2024 7:30:00 PM,1930,False,,,True
4462091,9370-2024-03494,1,False,9370,10/31/2024 6:50:00 AM,650,178,14,109,Oakland,1,True,True,B,SIDE SWIPE,,Thursday,NotApplicable,False,,,False,True,False,ALAMEDA SUPERIOR COURT WILEY W. MANUEL COURTHOUSE,C,OTHER MOTOR VEHICLE,,0,0,B,DUSK-DAWN,37.809546,-122.304382,,,,,A,NO PEDESTRIANS INVOLVED,10/31/2024 6:50:00 AM,A,VC 21658(A),False,1,I-880 N/B,,,11/7/2024 11:18:24 AM,B,N,350.0,7TH ST,F,,D,11/7/2024 11:18:26 AM,11/7/2024 11:18:26 AM,False,True,4,,10/31/2024 6:55:00 AM,0655,False,,,
4462089,9370-2024-03467,1,False,9370,10/29/2024 5:15:00 AM,515,052,14,109,Oakland,1,True,True,E,HIT OBJECT,,Tuesday,NotApplicable,False,,,False,True,False,ALAMEDA SUPERIOR COURT WILEY W. MANUEL COURTHOUSE,J,OTHER OBJECT,TIRE,0,0,D,DARK-NO STREET LIGHTS,37.784077,-122.180176,,,,,A,NO PEDESTRIANS INVOLVED,10/29/2024 5:15:00 AM,C,,,,I-580 W/B,,,11/7/2024 11:17:42 AM,A,W,396.0,SR-13,F,,D,11/7/2024 11:17:43 AM,11/7/2024 11:17:43 AM,False,True,4,,10/29/2024 5:16:00 AM,0516,False,,,True
4462088,9370-2024-03476,2,False,9370,10/29/2024 2:20:00 PM,1420,025,14,109,Oakland,1,True,True,C,REAR END,,Tuesday,NotApplicable,False,,,False,True,False,ALAMEDA SUPERIOR COURT WILEY W. MANUEL COURTHOUSE,C,OTHER MOTOR VEHICLE,,0,0,A,DAYLIGHT,37.833122,-122.266569,,,,,A,NO PEDESTRIANS INVOLVED,10/29/2024 2:20:00 PM,A,VC 21658(A),False,1,SR-24 W/B,,,11/26/2024 4:06:19 PM,A,W,111.0,45TH ST,F,,D,11/7/2024 11:16:57 AM,11/26/2024 4:06:21 PM,False,True,4,,10/29/2024 2:38:00 PM,1438,False,,,True
4462071,9370-2024-03429,1,False,9370,10/26/2024 11:00:00 AM,1100,008,14,109,Oakland,1,True,True,B,SIDE SWIPE,,Saturday,NotApplicable,False,,,False,True,False,ALAMEDA SUPERIOR COURT WILEY W. MANUEL COURTHOUSE,C,OTHER MOTOR VEHICLE,,0,0,A,DAYLIGHT,37.828566,-122.293687,,,,,A,NO PEDESTRIANS INVOLVED,10/26/2024 11:00:00 AM,D,,,,I-80 W/B,,,11/7/2024 11:15:36 AM,A,E,150.0,I-580 W/B TO I-80/WB,F,,D,11/7/2024 11:15:40 AM,11/7/2024 11:15:40 AM,False,True,4,,10/26/2024 11:03:00 AM,1103,False,,,
4461791,9335-2024-02564,1,False,9335,11/4/2024 7:05:00 AM,705,082,14,109,Oakland,1,True,True,C,REAR END,,Monday,NotApplicable,False,,,False,True,False,ALAMEDA SUPERIOR COURT ALAMEDA,C,OTHER MOTOR VEHICLE,,0,0,A,DAYLIGHT,37.822389,-122.325623,,,,,A,NO PEDESTRIANS INVOLVED,11/4/2024 7:05:00 AM,A,VC 22350,False,1,I-80 W/B,,,11/7/2024 9:44:11 AM,A,W,2460.0,THE SAN FRANCISCO OAKLAND BAY BRIDGE METERING LIGHTS,F,,D,11/7/2024 9:44:15 AM,11/7/2024 9:44:15 AM,False,True,4,,11/4/2024 7:10:00 AM,0710,False,,,True
4461280,9370-2024-03490,1,False,9370,10/29/2024 4:00:00 PM,1600,177,14,109,Oakland,1,True,True,B,SIDE SWIPE,,Tuesday,NotApplicable,False,M,,False,True,False,ALAMEDA SUPERIOR COURT WILEY W. MANUEL COURTHOUSE,C,OTHER MOTOR VEHICLE,,0,0,A,DAYLIGHT,37.788304,-122.251013,,,,,A,NO PEDESTRIANS INVOLVED,10/29/2024 4:00:00 PM,A,VC 21755(a),False,1,I-880 S/B,,,11/7/2024 5:26:08 AM,A,N,1615.0,16TH AVE,F,,D,11/7/2024 5:26:10 AM,11/7/2024 5:26:10 AM,False,True,4,,10/29/2024 4:10:00 PM,1610,False,,,True
4460985,9370-2024-03510,1,False,9370,11/1/2024 2:30:00 PM,1430,901,14,109,Oakland,1,True,True,B,SIDE SWIPE,,Friday,NotApplicable,False,,,False,False,False,ALAMEDA SUPERIOR COURT WILEY W. MANUEL COURTHOUSE,C,OTHER MOTOR VEHICLE,,0,0,A,DAYLIGHT,37.828088,-122.274335,,,,,A,NO PEDESTRIANS INVOLVED,11/1/2024 2:30:00 PM,A,VC 21658(A),False,1,WEST MACARTHUR BLVD,,,11/6/2024 7:57:49 PM,A,E,300.0,MARKET STREET,F,,D,11/6/2024 7:57:50 PM,11/6/2024 7:57:50 PM,True,False,4,,11/1/2024 2:31:00 PM,1431,True,AREA PHOTO FILE,,True
4460975,9370-2024-03513,2,False,9370,10/31/2024 8:00:00 PM,2000,177,14,109,Oakland,1,True,True,B,SIDE SWIPE,,Thursday,NotApplicable,False,,,False,True,False,ALAMEDA SUPERIOR COURT WILEY W. MANUEL COURTHOUSE,C,OTHER MOTOR VEHICLE,,0,0,D,DARK-NO STREET LIGHTS,37.800293,-122.27987,,,,,A,NO PEDESTRIANS INVOLVED,10/31/2024 8:00:00 PM,A,VC 21658(A),False,1,I-880 S/B,,,12/26/2024 2:53:09 PM,A,S,200.0,BROADWAY,F,,D,11/6/2024 7:08:43 PM,12/26/2024 2:53:10 PM,False,True,4,,10/31/2024 8:30:00 PM,2030,False,,,True
4460969,9370-2024-03416,1,False,9370,10/25/2024 8:25:00 AM,825,901,14,109,Oakland,1,True,True,B,SIDE SWIPE,,Friday,NotApplicable,False,,,False,False,False,ALAMEDA SUPERIOR COURT WILEY W. MANUEL COURTHOUSE,C,OTHER MOTOR VEHICLE,,0,0,A,DAYLIGHT,37.836917,-122.258113,,,,,A,NO PEDESTRIANS INVOLVED,10/25/2024 8:25:00 AM,A,VC 22107,False,1,SHAFTER AVE,,,11/6/2024 6:56:42 PM,A,N,30.0,51ST ST,F,,D,11/6/2024 6:56:46 PM,11/6/2024 6:56:46 PM,True,False,4,,10/25/2024 8:36:00 AM,0836,False,,,True
4460959,9370-2024-03436,1,False,9370,10/26/2024 8:10:00 PM,2010,055,14,109,Oakland,1,True,True,C,REAR END,,Saturday,Yes,False,M,,False,True,False,ALAMEDA SUPERIOR COURT WILEY W. MANUEL COURTHOUSE,C,OTHER MOTOR VEHICLE,,1,0,D,DARK-NO STREET LIGHTS,37.826705,-122.278304,,,,,A,NO PEDESTRIANS INVOLVED,10/26/2024 8:10:00 PM,A,VC 22350,False,2,I-580 E/B,,,11/6/2024 5:21:12 PM,A,W,400.0,SR24 EB,F,,D,11/6/2024 5:21:15 PM,11/6/2024 5:21:15 PM,False,True,4,,10/26/2024 8:20:00 PM,2020,False,,,True
4460833,9370-2024-03563,1,False,9370,11/6/2024 5:50:00 AM,550,008,14,109,Oakland,1,True,True,C,REAR END,,Wednesday,NotApplicable,False,,,False,True,False,ALAMEDA SUPERIOR COURT WILEY W. MANUEL COURTHOUSE,C,OTHER MOTOR VEHICLE,,0,0,C,DARK-STREET LIGHTS,37.825777,-122.304669,,,,,A,NO PEDESTRIANS INVOLVED,11/6/2024 5:50:00 AM,A,VC 22350,False,1,I-80 W/B,,,11/6/2024 2:58:51 PM,A,E,0.5,SFOBB TOLL PLAZA,M,,D,11/6/2024 2:58:54 PM,11/6/2024 2:58:54 PM,False,True,4,,11/6/2024 5:55:00 AM,0555,False,,,True
4460805,24-024631,2,False,0109,5/19/2024 11:30:00 PM,2330,17Y,14,109,Oakland,1,True,True,B,SIDE SWIPE,,Sunday,,,,,False,False,True,,E,PARKED MOTOR VEHICLE,,1,0,C,DARK-STREET LIGHTS,,,,,,,A,NO PEDESTRIANS INVOLVED,,A,23152A,,1,14TH AV,1,,,A,N,80.0,26TH ST,F,,D,11/6/2024 2:41:48 PM,1/28/2025 11:35:14 AM,,,2,,,,,,,
4460800,24-009767,2,False,0109,2/24/2024 6:00:00 PM,1800,19X,14,109,Oakland,1,True,True,D,BROADSIDE,,Saturday,,,M,,False,False,False,,C,OTHER MOTOR VEHICLE,,1,0,B,DUSK-DAWN,,,,,,,A,NO PEDESTRIANS INVOLVED,,A,22107,,1,6TH AV,1,,,A,,,INTERNATIONAL BL,,,A,11/6/2024 2:36:48 PM,1/28/2025 11:24:48 AM,,,2,,,,,,,
4460606,9370-2024-03440,1,False,9370,10/27/2024 2:05:00 AM,205,025,14,109,Oakland,1,True,True,B,SIDE SWIPE,,Sunday,NotApplicable,False,,,False,True,False,ALAMEDA SUPERIOR COURT WILEY W. MANUEL COURTHOUSE,C,OTHER MOTOR VEHICLE,,0,0,C,DARK-STREET LIGHTS,37.825794,-122.268845,,,,,A,NO PEDESTRIANS INVOLVED,10/27/2024 2:05:00 AM,A,VC 21658(A),False,1,SR-24 W/B TO I-580 W/B,,,11/6/2024 1:13:28 PM,A,W,150.0,MARTIN LUTHER KING JR WAY,F,,D,11/6/2024 1:13:30 PM,11/6/2024 1:13:30 PM,False,True,4,,10/27/2024 2:07:00 AM,0207,False,,,True
4460538,24-027814,2,False,0109,6/5/2024 10:52:00 AM,1052,04X,14,109,Oakland,1,True,True,B,SIDE SWIPE,,Wednesday,,,,,False,False,False,,C,OTHER MOTOR VEHICLE,,1,0,A,DAYLIGHT,,,,,,,A,NO PEDESTRIANS INVOLVED,,A,22107,,1,HARRISON ST,1,,,A,N,25.0,19TH ST,F,,A,11/6/2024 12:51:48 PM,1/28/2025 11:50:25 AM,,,2,,,,,,,
4460303,9370-2024-03463,2,False,9370,9/14/2024 4:30:00 PM,1630,025,14,109,Oakland,1,True,True,C,REAR END,,Saturday,NotApplicable,False,M,,False,True,False,ALAMEDA SUPERIOR COURT WILEY W. MANUEL COURTHOUSE,D,MOTOR VEHICLE ON OTHER ROADWAY,,0,0,A,DAYLIGHT,37.836041,-122.266026,,,,,A,NO PEDESTRIANS INVOLVED,9/14/2024 4:30:00 PM,A,VC 22350,False,1,SR-24 W/B,,,11/14/2024 3:53:15 PM,A,W,528.0,52ND STREET,F,,D,11/6/2024 10:58:40 AM,11/14/2024 3:53:17 PM,False,True,4,,9/25/2024 2:40:00 PM,1440,False,,,True