collision-id,report-number,report-version,is-preliminary,ncic-code,crash-date-time,crash-time-description,beat,city-id,city-code,city-name,county-code,city-is-active,city-is-incorporated,collision-type-code,collision-type-description,collision-type-other-desc,day-of-week,dispatch-notified,has-photographs,hit-run,is-attachments-mailed,is-deleted,is-highway-related,is-tow-away,judicial-district,motor-vehicle-involved-with-code,motor-vehicle-involved-with-desc,motor-vehicle-involved-with-other-desc,number-injured,number-killed,lighting-code,lighting-description,latitude,longitude,milepost-direction,milepost-distance,milepost-marker,milepost-unit-of-measure,pedestrian-action-code,pedestrian-action-desc,prepared-date,primary-collision-factor-code,primary-collision-factor-description,primary-collision-factor-is-cited,primary-collision-party-number,primary-road,reporting-district,reporting-district-code,reviewed-date,roadway-surface-code,secondary-direction,secondary-distance,secondary-road,secondary-unit-of-measure,sketch-desc,traffic-control-device-code,created-date,modified-date,is-county-road,is-freeway,chp-555-version,is-additonal-object-struck,notification-date,notification-time-description,has-digital-media-files,evidence-number,is-location-refer-to-narrative,is-aoi-one-same-as-location
4460199,24-039206,2,False,0109,8/7/2024 1:25:00 AM,125,23X,14,109,Oakland,1,True,True,B,SIDE SWIPE,,Wednesday,,,,,False,False,False,,C,OTHER MOTOR VEHICLE,,1,0,C,DARK-STREET LIGHTS,,,,,,,A,NO PEDESTRIANS INVOLVED,,A,21802A,,1,39TH AV,2,,,A,,,SAN LEANDRO ST,,,B,11/6/2024 10:21:46 AM,1/28/2025 12:00:02 PM,,,2,,,,,,,
4460109,24-046945,2,False,0109,9/18/2024 3:08:00 PM,1508,19X,14,109,Oakland,1,True,True,D,BROADSIDE,,Wednesday,,,M,,False,False,True,,C,OTHER MOTOR VEHICLE,,2,0,A,DAYLIGHT,,,,,,,A,NO PEDESTRIANS INVOLVED,,A,22107,,1,INTERNATIONAL BL,1,,,A,,,19TH AV,,,D,11/6/2024 9:41:46 AM,1/28/2025 12:00:02 PM,,,2,,,,,,,
4459739,9370-2024-03466,1,False,9370,10/29/2024 5:05:00 AM,505,052,14,109,Oakland,1,True,True,C,REAR END,,Tuesday,NotApplicable,False,,,False,True,False,ALAMEDA SUPERIOR COURT WILEY W. MANUEL COURTHOUSE,C,OTHER MOTOR VEHICLE,,0,0,D,DARK-NO STREET LIGHTS,37.784094,-122.180663,,,,,A,NO PEDESTRIANS INVOLVED,10/29/2024 5:05:00 AM,A,VC 21658(A),False,2,I-580 W/B,,,11/6/2024 6:52:08 AM,A,W,594.0,SR-13,F,,D,11/6/2024 6:52:09 AM,11/6/2024 6:52:09 AM,False,True,4,,10/29/2024 5:10:00 AM,0510,False,,,True
4459721,9370-2024-03452,1,False,9370,10/26/2024 11:30:00 PM,2330,052,14,109,Oakland,1,True,True,F,OVERTURNED,,Saturday,Yes,False,,,False,True,True,ALAMEDA SUPERIOR COURT WILEY W. MANUEL COURTHOUSE,A,NON-COLLISION,,0,0,C,DARK-STREET LIGHTS,37.784161,-122.189921,,,,,A,NO PEDESTRIANS INVOLVED,10/26/2024 11:30:00 PM,A,VC 23152(a),True,1,INTERSTATE 580 EB TO MACARTHUR BOULEVARD,,,11/6/2024 6:34:48 AM,A,W,100.0,MACARTHUR BOULEVARD,F,,D,11/6/2024 6:34:52 AM,11/6/2024 6:34:52 AM,False,True,4,,10/26/2024 11:35:00 PM,2335,True,EMBEDDED,,True
4459701,9370-2024-03443,1,False,9370,10/26/2024 6:01:00 AM,601,025,14,109,Oakland,1,True,True,E,HIT OBJECT,,Saturday,Yes,False,M,,False,True,True,ALAMEDA SUPERIOR COURT WILEY W. MANUEL COURTHOUSE,J,OTHER OBJECT,CRASH DEBRIS,0,0,D,DARK-NO STREET LIGHTS,37.838347,-122.265033,,,,,A,NO PEDESTRIANS INVOLVED,10/26/2024 6:01:00 AM,C,,,,SR-24 E/B,,,11/6/2024 6:22:14 AM,A,E,200.0,52ND STREET,F,,D,11/6/2024 6:22:15 AM,11/6/2024 6:22:15 AM,False,True,4,,10/26/2024 6:02:00 AM,0602,True,AREA PHOTO FILE,,True
4459324,9370-2024-03538,1,False,9370,11/4/2024 8:17:00 AM,817,052,14,109,Oakland,1,True,True,C,REAR END,,Monday,NotApplicable,False,,,False,True,False,ALAMEDA SUPERIOR COURT WILEY W. MANUEL COURTHOUSE,C,OTHER MOTOR VEHICLE,,0,0,A,DAYLIGHT,37.772391,-122.15678,,,,,A,NO PEDESTRIANS INVOLVED,11/4/2024 8:17:00 AM,A,VC 22350,False,1,I-580 W/B,,,11/5/2024 7:02:06 PM,A,W,161.0,KELLER AVENUE,F,,D,11/5/2024 7:02:08 PM,11/5/2024 7:02:08 PM,False,True,4,False,11/4/2024 8:30:00 AM,0830,False,,,True
4459268,9370-2024-03523,1,False,9370,11/2/2024 4:40:00 PM,1640,176,14,109,Oakland,1,True,True,B,SIDE SWIPE,,Saturday,NotApplicable,False,M,,False,True,False,ALAMEDA SUPERIOR COURT WILEY W. MANUEL COURTHOUSE,C,OTHER MOTOR VEHICLE,,0,0,A,DAYLIGHT,37.739257,-122.195122,,,,,A,NO PEDESTRIANS INVOLVED,11/2/2024 4:40:00 PM,A,VC 21658(A),False,1,I-880 N/B,,,11/5/2024 4:36:33 PM,A,S,570.0,HEGENBERGER RD,F,,D,11/5/2024 4:36:36 PM,11/5/2024 4:36:36 PM,False,True,4,,11/2/2024 4:45:00 PM,1645,False,,,True
4459239,9370-2024-03495,1,False,9370,10/31/2024 8:35:00 AM,835,177,14,109,Oakland,1,True,True,C,REAR END,,Thursday,NotApplicable,False,,,False,True,False,ALAMEDA SUPERIOR COURT WILEY W. MANUEL COURTHOUSE,C,OTHER MOTOR VEHICLE,,0,0,A,DAYLIGHT,37.7898,-122.256253,,,,,A,NO PEDESTRIANS INVOLVED,10/31/2024 8:35:00 AM,A,VC 22350,False,1,I-880 N/B,,,11/5/2024 4:14:36 PM,B,S,1500.0,5TH AVE.,F,,D,11/5/2024 4:14:38 PM,11/5/2024 4:14:38 PM,False,True,4,,10/31/2024 8:40:00 AM,0840,False,,,
4459231,9335-2024-02561,2,False,9335,11/4/2024 5:50:00 AM,550,082,14,109,Oakland,1,True,True,C,REAR END,,Monday,NotApplicable,False,M,,False,True,False,ALAMEDA SUPERIOR COURT ALAMEDA,C,OTHER MOTOR VEHICLE,,0,0,C,DARK-STREET LIGHTS,37.824429,-122.315101,,,,,A,NO PEDESTRIANS INVOLVED,11/4/2024 5:50:00 AM,A,VC 22350,False,1,I-80 WESTBOUND,,,11/13/2024 4:46:53 PM,A,W,350.0,THE SAN FRANCISCO OAKLAND BAY BRIDGE TOLL PLAZA,F,,A,11/5/2024 4:02:50 PM,11/13/2024 4:46:57 PM,False,True,4,,11/4/2024 6:10:00 AM,0610,False,,,True
4459211,9370-2024-03493,1,False,9370,10/30/2024 6:45:00 AM,645,053,14,109,Oakland,1,True,True,E,HIT OBJECT,,Wednesday,NotApplicable,False,,,False,True,False,ALAMEDA SUPERIOR COURT WILEY W. MANUEL COURTHOUSE,J,OTHER OBJECT,CONCRETE SLAB,0,0,B,DUSK-DAWN,37.794072,-122.205413,,,,,A,NO PEDESTRIANS INVOLVED,10/30/2024 6:45:00 AM,C,,,,I-580 W/B,,,11/5/2024 3:50:59 PM,A,W,862.0,35TH AVE,F,,D,11/5/2024 3:51:00 PM,11/5/2024 3:51:00 PM,False,True,4,,10/30/2024 6:50:00 AM,0650,False,,,True
4459209,9370-2024-03481,1,False,9370,10/30/2024 8:35:00 AM,835,053,14,109,Oakland,1,True,True,B,SIDE SWIPE,,Wednesday,NotApplicable,False,,,False,True,True,ALAMEDA SUPERIOR COURT WILEY W. MANUEL COURTHOUSE,C,OTHER MOTOR VEHICLE,,1,0,A,DAYLIGHT,37.786939,-122.196104,,,,,A,NO PEDESTRIANS INVOLVED,10/30/2024 8:35:00 AM,A,VC 22350,False,1,I-580 W/B,,,11/5/2024 3:50:23 PM,A,W,85.0,HIGH ST,F,,D,11/5/2024 3:50:24 PM,11/5/2024 3:50:24 PM,False,True,4,,10/30/2024 8:43:00 AM,0843,False,,,True
4459169,9370-2024-03498,1,False,9370,10/31/2024 2:41:00 AM,241,024,14,109,Oakland,1,True,True,E,HIT OBJECT,,Thursday,NotApplicable,False,,,False,True,True,ALAMEDA SUPERIOR COURT GEORGE E. MCDONALD HALL OF JUSTICE,I,FIXED OBJECT,CONCRETE WALL,0,0,D,DARK-NO STREET LIGHTS,37.848499,-122.243553,,,,,A,NO PEDESTRIANS INVOLVED,10/31/2024 2:41:00 AM,A,VC 22350,False,1,SR-24 W/B,,,11/5/2024 3:20:12 PM,B,E,2718.0,COLLEGE AVENUE,F,,D,11/5/2024 3:20:14 PM,11/5/2024 3:20:14 PM,False,True,4,False,10/31/2024 2:46:00 AM,0246,True,EMBEDDED,,True
4459145,9370-2024-03350,1,False,9370,10/21/2024 6:50:00 AM,650,901,14,109,Oakland,1,True,True,E,HIT OBJECT,,Monday,NotApplicable,False,,,False,False,True,ALAMEDA SUPERIOR COURT WILEY W. MANUEL COURTHOUSE,J,OTHER OBJECT,CURB,0,0,B,DUSK-DAWN,37.729584,-122.20902,,,,,A,NO PEDESTRIANS INVOLVED,10/21/2024 6:50:00 AM,A,VC 22350,False,1,EARHART ROAD (8900 BLOCK),,,11/5/2024 3:06:25 PM,A,N,291.0,SWAN WAY,F,,D,11/5/2024 3:06:27 PM,11/5/2024 3:06:27 PM,True,False,4,,10/21/2024 6:55:00 AM,0655,False,,,True
4459134,9370-2024-03486,1,False,9370,10/30/2024 8:20:00 PM,2020,055,14,109,Oakland,1,True,True,B,SIDE SWIPE,,Wednesday,NotApplicable,False,,,False,True,False,ALAMEDA SUPERIOR COURT WILEY W. MANUEL COURTHOUSE,C,OTHER MOTOR VEHICLE,,1,0,C,DARK-STREET LIGHTS,37.826606,-122.286539,,,,,A,NO PEDESTRIANS INVOLVED,10/30/2024 8:20:00 PM,A,VC 21658(a),False,1,I-580 E/B,,,11/5/2024 2:59:53 PM,A,W,531.0,HOLLIS ST,F,,D,11/5/2024 2:59:56 PM,11/5/2024 2:59:56 PM,False,True,4,,10/30/2024 8:23:00 PM,2023,False,,,True
4458931,9370-2024-03435,1,False,9370,10/26/2024 2:35:00 PM,1435,081,14,109,Oakland,1,True,True,H,OTHER,DEBRIS,Saturday,NotApplicable,False,,,False,True,False,ALAMEDA SUPERIOR COURT WILEY W. MANUEL COURTHOUSE,J,OTHER OBJECT,METAL POLE,0,0,A,DAYLIGHT,37.882147,-122.308008,,,,,A,NO PEDESTRIANS INVOLVED,10/26/2024 2:35:00 PM,A,VC 24002(a),False,,80EB,,,11/5/2024 1:34:36 PM,A,W,250.0,BUCHANAN STREET,F,,D,11/5/2024 1:34:41 PM,11/5/2024 1:34:41 PM,False,True,4,,10/26/2024 2:35:00 PM,1435,False,,,True
4458657,24-047659,2,False,0109,9/23/2024 8:00:00 AM,800,07X,14,109,Oakland,1,True,True,D,BROADSIDE,,Monday,,,F,,False,False,False,,C,OTHER MOTOR VEHICLE,,0,0,A,DAYLIGHT,,,,,,,A,NO PEDESTRIANS INVOLVED,,A,21801A,,1,34TH ST,1,,,,,,ADELINE,,,A,11/5/2024 11:21:43 AM,1/28/2025 12:00:09 PM,,,2,,,,,,,
4458653,24-047615,2,False,0109,9/22/2024 10:40:00 PM,2240,04X,14,109,Oakland,1,True,True,D,BROADSIDE,,Sunday,,,M,,False,False,False,,E,PARKED MOTOR VEHICLE,,0,0,C,DARK-STREET LIGHTS,,,,,,,A,NO PEDESTRIANS INVOLVED,,A,22107,,1,17TH ST,1,,,A,E,200.0,JACKSON ST,F,,D,11/5/2024 11:21:43 AM,1/28/2025 12:00:09 PM,,,2,,,,,,,
4458631,24-045933,2,False,0109,9/13/2024 1:00:00 PM,1300,04X,14,109,Oakland,1,True,True,C,REAR END,,Friday,,,M,,False,False,False,,C,OTHER MOTOR VEHICLE,,0,0,A,DAYLIGHT,,,,,,,A,NO PEDESTRIANS INVOLVED,,A,22350,,1,HIGH ST,1,,,A,,,FOOTHILL ST,,,A,11/5/2024 11:11:43 AM,1/28/2025 12:00:09 PM,,,2,,,,,,,
4458237,24-043382,2,False,0109,8/26/2024 2:00:00 AM,200,07X,14,109,Oakland,1,True,True,D,BROADSIDE,,Monday,,,F,,False,False,False,,C,OTHER MOTOR VEHICLE,,1,0,D,DARK-NO STREET LIGHTS,,,,,,,A,NO PEDESTRIANS INVOLVED,,A,22350,,1,MANDELA PKWY,1,,,A,,,28TH ST,,,A,11/5/2024 8:46:42 AM,1/28/2025 12:01:08 PM,,,2,,,,,,,
4458234,9370-2024-03464,1,False,9370,10/29/2024 5:00:00 AM,500,052,14,109,Oakland,1,True,True,C,REAR END,,Tuesday,NotApplicable,False,,,False,True,False,ALAMEDA SUPERIOR COURT WILEY W. MANUEL COURTHOUSE,C,OTHER MOTOR VEHICLE,,1,0,D,DARK-NO STREET LIGHTS,37.78414,-122.181096,,,,,A,NO PEDESTRIANS INVOLVED,10/29/2024 5:00:00 AM,A,VC 22350,False,1,I-580 W/B,,,11/5/2024 8:46:30 AM,A,W,721.0,SR-13,F,,D,11/5/2024 8:46:32 AM,11/5/2024 8:46:32 AM,False,True,4,,10/29/2024 5:05:00 AM,0505,False,,,True
4458167,9370-2024-03414,1,False,9370,10/25/2024 7:00:00 AM,700,008,14,109,Oakland,1,True,True,B,SIDE SWIPE,,Friday,NotApplicable,False,,,False,True,False,ALAMEDA SUPERIOR COURT WILEY W. MANUEL COURTHOUSE,C,OTHER MOTOR VEHICLE,,0,0,B,DUSK-DAWN,37.825015,-122.313553,,,,,A,NO PEDESTRIANS INVOLVED,10/25/2024 7:00:00 AM,A,VC 21658(A),False,1,I-80 W/B,,,11/5/2024 8:11:04 AM,A,E,90.0,SAN FRANCISCO-OAKLAND BAY BRIDGE (SFOBB) TOLL PLAZA,F,,A,11/5/2024 8:11:14 AM,11/5/2024 8:11:14 AM,False,True,4,,10/25/2024 7:10:00 AM,0710,True,EMBEDDED,,True
4458163,9370-2024-03442,1,False,9370,10/26/2024 5:55:00 AM,555,025,14,109,Oakland,1,True,True,E,HIT OBJECT,,Saturday,Yes,False,,,False,True,True,ALAMEDA SUPERIOR COURT WILEY W. MANUEL COURTHOUSE,I,FIXED OBJECT,CONCRETE BARRIER WALL,2,0,D,DARK-NO STREET LIGHTS,37.837689,-122.26535,,,,,A,NO PEDESTRIANS INVOLVED,10/26/2024 5:55:00 AM,A,VC 23152(A),True,1,SR-24 E/B,,,11/5/2024 8:10:18 AM,A,W,30.0,52ND STREET,F,,D,11/5/2024 8:10:20 AM,11/5/2024 8:10:20 AM,False,True,4,,10/26/2024 6:00:00 AM,0600,True,AREA PHOTO FILE,,True
4458017,9370-2024-03457,1,False,9370,10/27/2024 1:50:00 PM,1350,055,14,109,Oakland,1,True,True,C,REAR END,,Sunday,NotApplicable,False,,,False,True,False,ALAMEDA SUPERIOR COURT WILEY W. MANUEL COURTHOUSE,C,OTHER MOTOR VEHICLE,,1,0,A,DAYLIGHT,37.826781,-122.288817,,,,,A,NO PEDESTRIANS INVOLVED,10/27/2024 1:50:00 PM,A,VC 22350,False,1,I-580 W/B,,,11/5/2024 7:13:05 AM,A,W,1228.0,HOLLIS ST,F,,D,11/5/2024 7:13:06 AM,11/5/2024 7:13:06 AM,False,False,4,,10/27/2024 1:55:00 PM,1355,False,,,True
4458005,24-045158,2,False,0109,9/9/2024 9:20:00 PM,2120,03X,14,109,Oakland,1,True,True,D,BROADSIDE,,Monday,,,,,False,False,True,,C,OTHER MOTOR VEHICLE,,1,0,C,DARK-STREET LIGHTS,,,,,,,A,NO PEDESTRIANS INVOLVED,,A,21453A,,1,HARRISON ST,1,,,A,,,12TH ST,,,A,11/5/2024 7:01:41 AM,1/28/2025 12:00:09 PM,,,2,,,,,,,
4457943,24-047247,2,False,0109,9/20/2024 12:21:00 PM,1221,09X,14,109,Oakland,1,True,True,G,VEHICLE/PEDESTRAIN,,Friday,,,,,False,False,False,,B,PEDESTRIAN,,1,0,A,DAYLIGHT,,,,,,,B,CROSSING IN CROSS WALK AT INTERSECTION,,A,21950A,,1,40TH ST,1,,,A,,,PIEDMONT AV,,,A,11/5/2024 6:31:41 AM,1/28/2025 12:00:09 PM,,,2,,,,,,,
4457931,9370-2024-03450,1,False,9370,10/25/2024 5:15:00 PM,1715,054,14,109,Oakland,1,True,True,C,REAR END,,Friday,NotApplicable,False,F,,False,True,False,ALAMEDA SUPERIOR COURT WILEY W. MANUEL COURTHOUSE,C,OTHER MOTOR VEHICLE,,0,0,A,DAYLIGHT,37.807613,-122.240307,,,,,A,NO PEDESTRIANS INVOLVED,10/25/2024 5:15:00 PM,A,VC 22350,False,1,I-580 E/B,,,11/5/2024 6:24:30 AM,A,W,770.0,PARK BLVD,F,,D,11/5/2024 6:24:33 AM,11/5/2024 6:24:33 AM,False,True,4,,10/25/2024 5:25:00 PM,1725,False,,,True
4457929,24-044486,2,False,0109,9/5/2024 7:15:00 PM,1915,34X,14,109,Oakland,1,True,True,C,REAR END,,Thursday,,,,,False,False,True,,E,PARKED MOTOR VEHICLE,,1,0,A,DAYLIGHT,,,,,,,A,NO PEDESTRIANS INVOLVED,,A,22107,,1,88TH AV,2,,,A,S,280.0,PLYMOUTH ST,F,,D,11/5/2024 6:21:41 AM,1/28/2025 12:00:09 PM,,,2,,,,,,,
4457734,9370-2024-03412,1,False,9370,10/25/2024 12:37:00 AM,37,901,14,109,Oakland,1,True,True,D,BROADSIDE,,Friday,Yes,False,,,False,False,True,ALAMEDA SUPERIOR COURT ALAMEDA,C,OTHER MOTOR VEHICLE,,1,0,C,DARK-STREET LIGHTS,37.809164,-122.277075,,,,,A,NO PEDESTRIANS INVOLVED,10/25/2024 12:37:00 AM,A,VC 21453(a),False,1,BRUSH STREET,,,11/4/2024 11:46:31 PM,A,,,17TH STREET,,,A,11/4/2024 11:46:35 PM,11/4/2024 11:46:35 PM,False,False,4,,10/25/2024 12:37:00 AM,0037,False,,,True
4457730,9370-2024-03380,1,False,9370,10/23/2024 5:11:00 AM,511,178,14,109,Oakland,1,True,True,A,HEAD-ON,,Wednesday,NotApplicable,False,,,False,True,True,ALAMEDA SUPERIOR COURT WILEY W. MANUEL COURTHOUSE,I,FIXED OBJECT,BARRELS,1,0,C,DARK-STREET LIGHTS,37.824691,-122.304741,,,,,A,NO PEDESTRIANS INVOLVED,10/23/2024 5:11:00 AM,A,VC 22107,False,1,I-880 N/B,,,11/4/2024 10:51:06 PM,A,N,1399.0,W. GRAND AVENUE,F,,D,11/4/2024 10:51:09 PM,11/4/2024 10:51:09 PM,False,True,4,,10/23/2024 5:15:00 AM,0515,False,,,True
4457024,9370-2024-03363,1,False,9370,10/22/2024 8:51:00 AM,851,053,14,109,Oakland,1,True,True,C,REAR END,,Tuesday,NotApplicable,False,M,,False,True,False,ALAMEDA SUPERIOR COURT WILEY W. MANUEL COURTHOUSE,C,OTHER MOTOR VEHICLE,,1,0,A,DAYLIGHT,37.795468,-122.208028,,,,,A,NO PEDESTRIANS INVOLVED,10/22/2024 8:51:00 AM,A,VC 22350,False,1,I-580 W/B,,,11/4/2024 11:13:44 AM,A,E,855.0,COOLIDGE AVE,F,,D,11/4/2024 11:13:48 AM,11/4/2024 11:13:48 AM,False,True,4,,10/22/2024 8:56:00 AM,0856,False,,,True
4457008,24-031210,2,False,0109,6/23/2024 4:03:00 PM,1603,27X,14,109,Oakland,1,True,True,D,BROADSIDE,,Sunday,,,,,False,False,False,,C,OTHER MOTOR VEHICLE,,1,0,A,DAYLIGHT,,,,,,,A,NO PEDESTRIANS INVOLVED,,A,21453A,,1,47TH AV,2,,,A,,,BOND ST,,,A,11/4/2024 11:06:38 AM,1/28/2025 12:00:49 PM,,,2,,,,,,,
4457000,9370-2024-03449,1,False,9370,10/26/2024 6:40:00 PM,1840,055,14,109,Oakland,1,True,True,B,SIDE SWIPE,,Saturday,NotApplicable,False,,,False,True,False,ALAMEDA SUPERIOR COURT WILEY W. MANUEL COURTHOUSE,C,OTHER MOTOR VEHICLE,,0,0,D,DARK-NO STREET LIGHTS,37.826477,-122.276774,,,,,A,NO PEDESTRIANS INVOLVED,10/26/2024 6:40:00 PM,A,VC 21658(A),False,1,I-580 W/B,,,11/4/2024 11:02:28 AM,A,W,1352.0,WEST ST,F,,D,11/4/2024 11:02:29 AM,11/4/2024 11:02:29 AM,False,True,4,,10/26/2024 6:47:00 PM,1847,False,,,True
4456975,9370-2024-03453,1,False,9370,10/28/2024 7:20:00 AM,720,055,14,109,Oakland,1,True,True,B,SIDE SWIPE,,Monday,NotApplicable,False,,,False,True,False,ALAMEDA SUPERIOR COURT WILEY W. MANUEL COURTHOUSE,C,OTHER MOTOR VEHICLE,,0,0,A,DAYLIGHT,37.827487,-122.283612,,,,,A,NO PEDESTRIANS INVOLVED,10/28/2024 7:20:00 AM,A,VC 21658(A),False,1,I-580 W/B,,,11/4/2024 10:53:36 AM,A,E,276.0,HOLLIS ST,F,,D,11/4/2024 10:53:40 AM,11/4/2024 10:53:40 AM,False,True,4,,10/28/2024 7:22:00 AM,0722,False,,,True
4456969,24-027500,2,False,0109,6/3/2024 4:31:00 PM,1631,29X,14,109,Oakland,1,True,True,C,REAR END,,Monday,,,,,False,False,False,,C,OTHER MOTOR VEHICLE,,1,0,A,DAYLIGHT,,,,,,,A,NO PEDESTRIANS INVOLVED,,A,22350,,1,BANCROFT AV,2,,,A,E,40.0,SEMINARY AV,F,,A,11/4/2024 10:51:38 AM,1/28/2025 12:00:49 PM,,,2,,,,,,,
4456570,9370-2024-03410,1,False,9370,10/24/2024 4:30:00 PM,1630,024,14,109,Oakland,1,True,True,C,REAR END,,Thursday,NotApplicable,False,M,,False,True,False,ALAMEDA SUPERIOR COURT WILEY W. MANUEL COURTHOUSE,C,OTHER MOTOR VEHICLE,,0,0,A,DAYLIGHT,37.849977,-122.223798,,,,,A,NO PEDESTRIANS INVOLVED,10/24/2024 4:30:00 PM,A,VC 22350,False,1,SR-24 W/B,,,11/4/2024 8:28:02 AM,A,E,210.0,SR-13 S/B,F,,D,11/4/2024 8:28:03 AM,11/4/2024 8:28:03 AM,False,True,4,,10/24/2024 4:40:00 PM,1640,False,,,True
4456417,24-040433,2,False,0109,8/13/2024 2:00:00 PM,1400,10X,14,109,Oakland,1,True,True,D,BROADSIDE,,Tuesday,,,,,False,False,False,,,,,0,0,A,DAYLIGHT,,,,,,,A,NO PEDESTRIANS INVOLVED,,A,21802A,,1,MARTIN LUTHER KING BL,1,,,A,,,2ND ST,,,A,11/4/2024 7:26:37 AM,1/28/2025 12:00:48 PM,,,2,,,,,,,
4456402,24-043624,2,False,0109,8/31/2024 6:06:00 PM,1806,23X,14,109,Oakland,1,True,True,B,SIDE SWIPE,,Saturday,,,,,False,False,True,,E,PARKED MOTOR VEHICLE,,0,0,B,DUSK-DAWN,,,,,,,A,NO PEDESTRIANS INVOLVED,,A,23152A,,1,FOOTHILL BL,2,,,A,,,BRIDGE AV,,,A,11/4/2024 7:21:37 AM,1/28/2025 12:00:48 PM,,,2,,,,,,,
4456306,24-045736,3,False,0109,9/12/2024 3:16:00 PM,1516,19X,14,109,Oakland,1,True,True,B,SIDE SWIPE,,Thursday,,,,,False,False,False,,E,PARKED MOTOR VEHICLE,,0,0,A,DAYLIGHT,,,,,,,A,NO PEDESTRIANS INVOLVED,,B,,,1,INTERNATIONAL BL,1,,,A,W,300.0,23RD AV,F,,A,11/4/2024 6:31:36 AM,1/28/2025 12:00:10 PM,,,2,,,,,,,
4455504,9370-2024-03475,1,False,9370,10/29/2024 7:12:00 PM,1912,901,14,109,Oakland,1,True,True,D,BROADSIDE,,Tuesday,NotApplicable,False,,,False,True,False,ALAMEDA SUPERIOR COURT WILEY W. MANUEL COURTHOUSE,C,OTHER MOTOR VEHICLE,,0,0,C,DARK-STREET LIGHTS,37.77111,-122.193195,,,,,A,NO PEDESTRIANS INVOLVED,10/29/2024 7:12:00 PM,A,VC 22350,False,1,BANCROFT AVENUE,,,11/1/2024 7:45:29 PM,A,E,14.0,AVENAL AVENUE,F,,D,11/1/2024 7:45:33 PM,11/1/2024 7:45:33 PM,False,False,4,,10/29/2024 7:26:00 PM,1926,False,,,True
4455448,24043879,2,False,0109,9/3/2024 3:45:00 AM,345,24X,14,109,Oakland,1,True,True,B,SIDE SWIPE,,Tuesday,,,M,,False,False,True,,E,PARKED MOTOR VEHICLE,,0,0,C,DARK-STREET LIGHTS,,,,,,,A,NO PEDESTRIANS INVOLVED,,A,22107,,1,FOOTHILL BL,2,,,A,E,21.0,38TH AV,F,,A,11/1/2024 4:41:29 PM,1/28/2025 12:00:23 PM,,,2,,,,,,,
4455447,24044988,2,False,0109,9/8/2024 8:30:00 PM,2030,26X,14,109,Oakland,1,True,True,C,REAR END,,Sunday,,,M,,False,False,False,,E,PARKED MOTOR VEHICLE,,0,0,C,DARK-STREET LIGHTS,,,,,,,A,NO PEDESTRIANS INVOLVED,,A,22107,,1,SEMINARY,2,,,A,S,85.0,TEVIS ST,F,,A,11/1/2024 4:41:29 PM,1/28/2025 12:00:23 PM,,,2,,,,,,,
4455429,24043819,2,False,0109,9/2/2024 12:20:00 AM,20,26X,14,109,Oakland,1,True,True,A,HEAD-ON,,Monday,,,M,,False,False,False,,C,OTHER MOTOR VEHICLE,,0,0,C,DARK-STREET LIGHTS,,,,,,,A,NO PEDESTRIANS INVOLVED,,A,22450A,,1,SAN LEANDRO ST,2,,,A,,,54TH AV,,,A,11/1/2024 4:11:29 PM,1/28/2025 12:00:23 PM,,,2,,,,,,,
4455428,24048942,2,False,0109,9/30/2024 8:21:00 PM,2021,32X,14,109,Oakland,1,True,True,D,BROADSIDE,,Monday,,,M,,False,False,False,,C,OTHER MOTOR VEHICLE,,0,0,C,DARK-STREET LIGHTS,,,,,,,A,NO PEDESTRIANS INVOLVED,,A,22107,,1,A ST,2,,,A,E,250.0,98TH AV,F,,D,11/1/2024 4:06:29 PM,1/28/2025 12:00:23 PM,,,2,,,,,,,
4455420,24047327,2,False,0109,9/20/2024 9:14:00 PM,2114,26Y,14,109,Oakland,1,True,True,A,HEAD-ON,,Friday,,,M,,False,False,True,,E,PARKED MOTOR VEHICLE,,0,0,C,DARK-STREET LIGHTS,,,,,,,A,NO PEDESTRIANS INVOLVED,,A,22107,,1,EASTLAWN,2,,,A,E,20.0,SEMINARY AV,F,,A,11/1/2024 4:01:29 PM,1/28/2025 12:00:24 PM,,,2,,,,,,,
4455414,9370-2024-02521,1,False,9370,8/8/2024 4:19:00 PM,1619,901,14,109,Oakland,1,True,True,A,HEAD-ON,,Thursday,NotApplicable,False,M,,False,False,False,ALAMEDA SUPERIOR COURT WILEY W. MANUEL COURTHOUSE,C,OTHER MOTOR VEHICLE,,0,0,A,DAYLIGHT,37.75973,-122.173101,,,,,A,NO PEDESTRIANS INVOLVED,8/8/2024 4:19:00 PM,A,VC 22515(A),False,1,81ST AVENUE (1900 BLOCK),,,11/1/2024 3:57:50 PM,A,S,93.0,OLIVE STREET,F,,D,11/1/2024 3:57:53 PM,11/1/2024 3:57:53 PM,True,False,4,False,8/8/2024 4:20:00 PM,1620,False,,,True