collision-id,report-number,report-version,is-preliminary,ncic-code,crash-date-time,crash-time-description,beat,city-id,city-code,city-name,county-code,city-is-active,city-is-incorporated,collision-type-code,collision-type-description,collision-type-other-desc,day-of-week,dispatch-notified,has-photographs,hit-run,is-attachments-mailed,is-deleted,is-highway-related,is-tow-away,judicial-district,motor-vehicle-involved-with-code,motor-vehicle-involved-with-desc,motor-vehicle-involved-with-other-desc,number-injured,number-killed,lighting-code,lighting-description,latitude,longitude,milepost-direction,milepost-distance,milepost-marker,milepost-unit-of-measure,pedestrian-action-code,pedestrian-action-desc,prepared-date,primary-collision-factor-code,primary-collision-factor-description,primary-collision-factor-is-cited,primary-collision-party-number,primary-road,reporting-district,reporting-district-code,reviewed-date,roadway-surface-code,secondary-direction,secondary-distance,secondary-road,secondary-unit-of-measure,sketch-desc,traffic-control-device-code,created-date,modified-date,is-county-road,is-freeway,chp-555-version,is-additonal-object-struck,notification-date,notification-time-description,has-digital-media-files,evidence-number,is-location-refer-to-narrative,is-aoi-one-same-as-location
4468583,24-049271,3,False,0109,10/2/2024 10:14:00 PM,2214,23X,14,109,Oakland,1,True,True,A,HEAD-ON,,Wednesday,,,M,,False,False,False,,C,OTHER MOTOR VEHICLE,,0,0,C,DARK-STREET LIGHTS,,,,,,,A,NO PEDESTRIANS INVOLVED,,A,22107,,1,HIGH ST,2,,,A,N,40.0,BOND ST,F,,A,11/13/2024 3:17:26 PM,1/28/2025 12:05:50 PM,,,2,,,,,,,
4468439,24-045782,2,False,0109,9/12/2024 9:10:00 PM,2110,01X,14,109,Oakland,1,True,True,A,HEAD-ON,,Thursday,,,,,False,False,False,,C,OTHER MOTOR VEHICLE,,1,0,C,DARK-STREET LIGHTS,,,,,,,A,NO PEDESTRIANS INVOLVED,,B,,,1,MARTIN LUTHER KING JR WY,1,,,A,,,5TH ST,,,A,11/13/2024 1:57:26 PM,1/28/2025 12:02:02 PM,,,2,,,,,,,
4468424,24-048828,2,False,0109,9/30/2024 4:23:00 AM,423,08X,14,109,Oakland,1,True,True,D,BROADSIDE,,Monday,,,,,False,False,False,,C,OTHER MOTOR VEHICLE,,0,0,C,DARK-STREET LIGHTS,,,,,,,A,NO PEDESTRIANS INVOLVED,,A,22107,,1,BROADWAY,1,,,A,S,10.0,22ND ST,F,,A,11/13/2024 1:52:26 PM,1/28/2025 12:02:02 PM,,,2,,,,,,,
4468406,9335-2024-02626,1,False,9335,11/7/2024 4:35:00 PM,1635,082,14,109,Oakland,1,True,True,B,SIDE SWIPE,,Thursday,NotApplicable,False,M,,False,True,False,ALAMEDA SUPERIOR COURT ALAMEDA,C,OTHER MOTOR VEHICLE,,0,0,C,DARK-STREET LIGHTS,37.823792,-122.318271,,,,,A,NO PEDESTRIANS INVOLVED,11/7/2024 4:35:00 PM,A,VC 21658(a),False,1,I-80 W/B,,,11/13/2024 1:42:39 PM,A,W,286.0,METERING LIGHTS,F,,D,11/13/2024 1:42:42 PM,11/13/2024 1:42:42 PM,False,True,4,,11/7/2024 4:40:00 PM,1640,False,,,True
4468401,24-049441,2,False,0109,10/3/2024 3:00:00 PM,1500,04X,14,109,Oakland,1,True,True,E,HIT OBJECT,,Thursday,,,,,False,False,False,,J,OTHER OBJECT,,0,0,A,DAYLIGHT,,,,,,,A,NO PEDESTRIANS INVOLVED,,A,,,1,MARTIN LUTHER KING JR WY,1,,,A,,,MARTIN LUTHER KING JR WY 1605,,,D,11/13/2024 1:42:26 PM,1/28/2025 12:02:02 PM,,,2,,,,,,,
4468397,9370-2024-03631,1,False,9370,11/11/2024 7:43:00 PM,1943,053,14,109,Oakland,1,True,True,E,HIT OBJECT,,Monday,NotApplicable,False,M,,False,True,True,ALAMEDA SUPERIOR COURT WILEY W. MANUEL COURTHOUSE,I,FIXED OBJECT,EMBANKMENT,0,0,D,DARK-NO STREET LIGHTS,37.783301,-122.176602,,,,,A,NO PEDESTRIANS INVOLVED,11/11/2024 7:43:00 PM,A,VC 22107,False,1,SR-13 N/B,,,11/13/2024 1:40:21 PM,A,N,50.0,I-580 W/B,F,,D,11/13/2024 1:40:23 PM,11/13/2024 1:40:23 PM,False,True,4,,11/11/2024 7:45:00 PM,1945,False,,,True
4468296,9370-2024-03263,1,False,9370,10/9/2024 8:15:00 AM,815,055,14,109,Oakland,1,True,True,B,SIDE SWIPE,,Wednesday,NotApplicable,False,,,False,True,False,ALAMEDA SUPERIOR COURT WILEY W. MANUEL COURTHOUSE,C,OTHER MOTOR VEHICLE,,1,0,A,DAYLIGHT,37.825892,-122.274927,,,,,A,NO PEDESTRIANS INVOLVED,10/9/2024 8:15:00 AM,A,VC 21658(A),False,1,I-580 W/B,,,11/13/2024 12:56:59 PM,A,E,250.0,MARKET STREET U/C,F,,D,11/13/2024 12:57:02 PM,11/13/2024 12:57:02 PM,False,True,4,,10/9/2024 8:20:00 AM,0820,True,AREA PHOTO FILE,,True
4468213,24-040332,2,False,0109,8/13/2024 12:45:00 PM,1245,19X,14,109,Oakland,1,True,True,E,HIT OBJECT,,Tuesday,,,M,,False,False,False,,I,FIXED OBJECT,,0,0,E,DARK-STREET LIGHTS NOT FUNCTIONING*,,,,,,,A,NO PEDESTRIANS INVOLVED,,A,22107,,1,16TH AV,1,,,A,,,EMBARCADERO,,,D,11/13/2024 12:07:25 PM,1/28/2025 12:05:05 PM,,,2,,,,,,,
4468210,24-040485,2,False,0109,8/13/2024 7:42:00 PM,1942,17X,14,109,Oakland,1,True,True,A,HEAD-ON,,Tuesday,,,M,,False,False,False,,E,PARKED MOTOR VEHICLE,,0,0,A,DAYLIGHT,,,,,,,A,NO PEDESTRIANS INVOLVED,,A,21651B,,1,14TH AV,1,,,A,,,E 25TH ST,,,D,11/13/2024 12:07:25 PM,1/28/2025 12:05:05 PM,,,2,,,,,,,
4468203,9370-2024-03537,1,False,9370,10/18/2024 2:41:00 PM,1441,178,14,109,Oakland,1,True,True,C,REAR END,,Friday,NotApplicable,False,M,,False,True,False,ALAMEDA SUPERIOR COURT WILEY W. MANUEL COURTHOUSE,C,OTHER MOTOR VEHICLE,,0,0,A,DAYLIGHT,37.802669,-122.300397,,,,,A,NO PEDESTRIANS INVOLVED,10/18/2024 2:41:00 PM,A,VC 22350,False,1,I-880 S/B (NIMITZ FREEWAY),,,11/13/2024 12:03:31 PM,A,N,1500.0,7TH STREET,F,,D,11/13/2024 12:03:33 PM,11/13/2024 12:03:33 PM,False,True,4,,10/21/2024 3:40:00 PM,1540,False,,,True
4468200,24-039201,2,False,0109,8/7/2024 12:58:00 AM,58,34X,14,109,Oakland,1,True,True,B,SIDE SWIPE,,Wednesday,,,M,,False,False,False,,E,PARKED MOTOR VEHICLE,,0,0,C,DARK-STREET LIGHTS,,,,,,,A,NO PEDESTRIANS INVOLVED,,A,22107,,1,WALNUT ST,2,,,A,W,100.0,92ND AV,F,,D,11/13/2024 12:02:25 PM,1/28/2025 12:05:05 PM,,,2,,,,,,,
4468187,24-041651,2,False,0109,8/19/2024 6:46:00 PM,1846,32X,14,109,Oakland,1,True,True,B,SIDE SWIPE,,Monday,,,F,,False,False,False,,E,PARKED MOTOR VEHICLE,,0,0,A,DAYLIGHT,,,,,,,A,NO PEDESTRIANS INVOLVED,,A,23152A,,1,83RD AV,2,,,A,,,INTERNATIONAL BL,,,A,11/13/2024 11:52:25 AM,1/28/2025 12:05:05 PM,,,2,,,,,,,
4468178,24-038714,2,False,0109,8/4/2024 1:07:00 AM,107,23X,14,109,Oakland,1,True,True,C,REAR END,,Sunday,,,M,,False,False,False,,E,PARKED MOTOR VEHICLE,,0,0,C,DARK-STREET LIGHTS,,,,,,,A,NO PEDESTRIANS INVOLVED,,A,22350,,1,35TH AV,2,,,A,N,200.0,INTERNATIONAL BL,F,,D,11/13/2024 11:47:25 AM,1/28/2025 12:05:05 PM,,,2,,,,,,,
4468159,24-038599,2,False,0109,8/3/2024 10:13:00 AM,1013,08X,14,109,Oakland,1,True,True,B,SIDE SWIPE,,Saturday,,,,,False,False,False,,C,OTHER MOTOR VEHICLE,,0,0,A,DAYLIGHT,,,,,,,A,NO PEDESTRIANS INVOLVED,,A,21453A,,1,40TH ST,1,,,A,,,SHAFTER,,,A,11/13/2024 11:42:25 AM,1/28/2025 12:05:12 PM,,,2,,,,,,,
4468148,24-038445,2,False,0109,8/2/2024 7:40:00 AM,740,31X,14,109,Oakland,1,True,True,C,REAR END,,Friday,,,M,,False,False,False,,C,OTHER MOTOR VEHICLE,,0,0,A,DAYLIGHT,,,,,,,A,NO PEDESTRIANS INVOLVED,,A,22350,,1,HEGENBERGER RD,2,,,A,N,50.0,COLLINS DR,F,,D,11/13/2024 11:37:25 AM,1/28/2025 12:05:05 PM,,,2,,,,,,,
4468144,9370-2024-03545,1,False,9370,11/4/2024 2:30:00 PM,1430,176,14,109,Oakland,1,True,True,C,REAR END,,Monday,NotApplicable,False,,,False,True,True,ALAMEDA SUPERIOR COURT WILEY W. MANUEL COURTHOUSE,C,OTHER MOTOR VEHICLE,,1,0,A,DAYLIGHT,37.721812,-122.179578,,,,,A,NO PEDESTRIANS INVOLVED,11/4/2024 2:30:00 PM,A,VC 22350,False,1,I-880 S/B,,,11/13/2024 11:37:21 AM,A,S,500.0,98TH AVE,F,,D,11/13/2024 11:37:23 AM,11/13/2024 11:37:23 AM,False,True,4,,11/4/2024 2:35:00 PM,1435,False,,,True
4468141,9370-2024-03568,1,False,9370,11/5/2024 2:00:00 PM,1400,176,14,109,Oakland,1,True,True,C,REAR END,,Tuesday,NotApplicable,False,M,,False,True,False,ALAMEDA SUPERIOR COURT WILEY W. MANUEL COURTHOUSE,C,OTHER MOTOR VEHICLE,,0,0,A,DAYLIGHT,37.763253,-122.216106,,,,,A,NO PEDESTRIANS INVOLVED,11/5/2024 2:00:00 PM,A,VC 22350,False,1,I-880 N/B,,,11/13/2024 11:33:26 AM,A,S,200.0,HIGH ST,F,,D,11/13/2024 11:33:27 AM,11/13/2024 11:33:27 AM,False,True,4,,11/5/2024 2:05:00 PM,1405,False,,,True
4468138,24-047619,2,False,0109,9/22/2024 10:29:00 PM,2229,14X,14,109,Oakland,1,True,True,B,SIDE SWIPE,,Sunday,,,,,False,False,False,,E,PARKED MOTOR VEHICLE,,1,0,C,DARK-STREET LIGHTS,,,,,,,A,NO PEDESTRIANS INVOLVED,,A,22107,,1,EUCLID AV,1,,,A,S,100.0,VAN BUREN AV,F,,D,11/13/2024 11:32:25 AM,1/28/2025 12:04:56 PM,,,2,,,,,,,
4468136,24-039010,2,False,0109,8/5/2024 3:00:00 PM,1500,03X,14,109,Oakland,1,True,True,D,BROADSIDE,,Monday,,,,,False,False,False,,C,OTHER MOTOR VEHICLE,,0,0,A,DAYLIGHT,,,,,,,A,NO PEDESTRIANS INVOLVED,,A,21453,,1,7TH ST,1,,,A,,,WEBSTER ST,,,A,11/13/2024 11:32:25 AM,1/28/2025 12:05:05 PM,,,2,,,,,,,
4468134,9370-2024-03540,1,False,9370,11/4/2024 9:00:00 AM,900,008,14,109,Oakland,1,True,True,B,SIDE SWIPE,,Monday,NotApplicable,False,,,False,True,False,ALAMEDA SUPERIOR COURT WILEY W. MANUEL COURTHOUSE,C,OTHER MOTOR VEHICLE,,0,0,A,DAYLIGHT,37.828949,-122.293821,,,,,A,NO PEDESTRIANS INVOLVED,11/4/2024 9:00:00 AM,A,VC 22107,False,,I-80 W/B TO I-80 E/B / I-880 S/B,,,11/13/2024 11:32:13 AM,A,W,3388.0,POWELL ST.,F,,D,11/13/2024 11:32:14 AM,11/13/2024 11:32:14 AM,False,True,4,,11/4/2024 9:05:00 AM,0905,False,,,True
4467748,24-041657,2,False,0109,8/19/2024 6:37:00 PM,1837,26X,14,109,Oakland,1,True,True,C,REAR END,,Monday,,,M,,False,False,False,,C,OTHER MOTOR VEHICLE,,0,0,A,DAYLIGHT,,,,,,,A,NO PEDESTRIANS INVOLVED,,A,22350,,1,HAVENSCOURT BL,2,,,A,,,INTERNATIONAL BL,,,A,11/13/2024 9:12:23 AM,1/28/2025 12:06:24 PM,,,2,,,,,,,
4467536,9370-2024-03644,1,False,9370,11/12/2024 5:33:00 PM,1733,177,14,109,Oakland,1,True,True,C,REAR END,,Tuesday,NotApplicable,False,M,,False,True,False,ALAMEDA SUPERIOR COURT WILEY W. MANUEL COURTHOUSE,C,OTHER MOTOR VEHICLE,,0,0,B,DUSK-DAWN,37.763383,-122.216259,,,,,A,NO PEDESTRIANS INVOLVED,11/12/2024 5:33:00 PM,A,VC 22350,False,1,I-880 N/B,,,11/13/2024 7:43:56 AM,A,S,250.0,HIGH ST,F,,D,11/13/2024 7:43:58 AM,11/13/2024 7:43:58 AM,False,True,4,,11/12/2024 6:10:00 PM,1810,False,,,True
4467533,24-044716,2,False,0109,9/7/2024 8:40:00 AM,840,01X,14,109,Oakland,1,True,True,C,REAR END,,Saturday,,,,,False,False,False,,C,OTHER MOTOR VEHICLE,,1,0,A,DAYLIGHT,,,,,,,A,NO PEDESTRIANS INVOLVED,,A,22350,,1,5TH ST,1,,,A,,,BROADWAY,,,A,11/13/2024 7:42:21 AM,1/28/2025 12:05:56 PM,,,2,,,,,,,
4467532,24-048427,2,False,0109,9/27/2024 12:47:00 PM,1247,09X,14,109,Oakland,1,True,True,H,OTHER,,Friday,,,,,False,False,False,,G,BICYCLE,,1,0,A,DAYLIGHT,,,,,,,A,NO PEDESTRIANS INVOLVED,,A,21801A,,1,ROSE AV,1,,,A,,,PLEASANT VALLEY AV,,,A,11/13/2024 7:42:21 AM,1/28/2025 12:05:56 PM,,,2,,,,,,,
4467489,9370-2024-03572,1,False,9370,11/6/2024 10:00:00 PM,2200,177,14,109,Oakland,1,True,True,C,REAR END,,Wednesday,NotApplicable,False,,,False,True,False,ALAMEDA SUPERIOR COURT WILEY W. MANUEL COURTHOUSE,C,OTHER MOTOR VEHICLE,,1,0,D,DARK-NO STREET LIGHTS,37.785393,-122.243923,,,,,A,NO PEDESTRIANS INVOLVED,11/6/2024 10:00:00 PM,A,VC 22350,False,1,I-880 S/B,,,11/13/2024 7:22:36 AM,A,S,300.0,16TH AVENUE,F,,D,11/13/2024 7:22:37 AM,11/13/2024 7:22:37 AM,False,True,4,,11/6/2024 10:10:00 PM,2210,False,,,True
4467469,24-053059,2,False,0109,10/25/2024 9:14:00 AM,914,32X,14,109,Oakland,1,True,True,E,HIT OBJECT,,Friday,,,M,,False,False,True,,I,FIXED OBJECT,,0,0,A,DAYLIGHT,,,,,,,A,NO PEDESTRIANS INVOLVED,,A,22107,,1,C ST,2,,,A,,,100TH AV,,,A,11/13/2024 7:12:20 AM,1/28/2025 12:04:58 PM,,,2,,,,,,,
4467466,9370-2024-03571,1,False,9370,11/6/2024 5:45:00 PM,1745,176,14,109,Oakland,1,True,True,C,REAR END,,Wednesday,NotApplicable,False,,,False,True,False,ALAMEDA SUPERIOR COURT WILEY W. MANUEL COURTHOUSE,C,OTHER MOTOR VEHICLE,,1,0,C,DARK-STREET LIGHTS,37.736057,-122.192595,,,,,A,NO PEDESTRIANS INVOLVED,11/6/2024 5:45:00 PM,A,VC 22350,True,1,I-880 S/B,,,11/13/2024 7:11:43 AM,A,N,500.0,98TH AVENUE,F,,D,11/13/2024 7:11:44 AM,11/13/2024 7:11:44 AM,False,True,4,,11/6/2024 5:50:00 PM,1750,False,,,True
4467431,9370-2024-03552,1,False,9370,11/1/2024 1:52:00 PM,1352,177,14,109,Oakland,1,True,True,C,REAR END,,Friday,NotApplicable,False,M,,False,True,False,ALAMEDA SUPERIOR COURT WILEY W. MANUEL COURTHOUSE,C,OTHER MOTOR VEHICLE,,0,0,A,DAYLIGHT,37.810816,-122.304138,,,,,A,NO PEDESTRIANS INVOLVED,11/1/2024 1:52:00 PM,A,VC 22350,False,1,INTERSTATE 880 NORTHBOUND,,,11/13/2024 6:48:50 AM,A,S,500.0,INTERSTATE 80 TRANSITION,F,,D,11/13/2024 6:48:53 AM,11/13/2024 6:48:53 AM,False,True,4,,11/4/2024 8:00:00 PM,2000,False,,,True
4467404,24-036749,2,False,0109,7/24/2024 12:00:00 AM,0,19X,14,109,Oakland,1,True,True,A,HEAD-ON,,Wednesday,,,,,False,False,False,,C,OTHER MOTOR VEHICLE,,2,0,C,DARK-STREET LIGHTS,,,,,,,A,NO PEDESTRIANS INVOLVED,,A,22100B,,1,LAKESHORE AV,1,,,A,S,54.0,E 16TH ST,F,,A,11/13/2024 6:32:20 AM,1/28/2025 12:04:59 PM,,,2,,,,,,,
4467364,9370-2024-03502,1,False,9370,10/31/2024 9:50:00 PM,2150,013,14,109,Oakland,1,True,True,E,HIT OBJECT,,Thursday,Yes,False,,,False,True,False,ALAMEDA SUPERIOR COURT WILEY W. MANUEL COURTHOUSE,I,FIXED OBJECT,CONCRETE CURB,1,0,D,DARK-NO STREET LIGHTS,37.819751,-122.206131,,,,,A,NO PEDESTRIANS INVOLVED,10/31/2024 9:50:00 PM,A,VC 23152(A),True,1,SR-13 S/B FROM PARK BOULEVARD,,,11/13/2024 6:03:39 AM,A,S,660.0,PARK BOULEVARD,F,,D,11/13/2024 6:03:42 AM,11/13/2024 6:03:42 AM,False,True,4,,10/31/2024 9:55:00 PM,2155,False,,,True
4466985,9370-2024-03639,1,False,9370,11/12/2024 9:55:00 AM,955,024,14,109,Oakland,1,True,True,C,REAR END,,Tuesday,NotApplicable,False,M,,False,True,False,ALAMEDA SUPERIOR COURT WILEY W. MANUEL COURTHOUSE,C,OTHER MOTOR VEHICLE,,0,0,A,DAYLIGHT,37.849775,-122.241015,,,,,A,NO PEDESTRIANS INVOLVED,11/12/2024 9:55:00 AM,A,VC 22350,False,1,SR-24 W/B,,,11/12/2024 6:38:50 PM,A,E,2122.0,COLLEGE AVENUE,F,,D,11/12/2024 6:38:51 PM,11/12/2024 6:38:51 PM,False,True,4,,11/12/2024 10:05:00 AM,1005,False,,,True
4466983,9370-2024-03625,1,False,9370,11/11/2024 9:55:00 AM,955,178,14,109,Oakland,1,True,True,E,HIT OBJECT,,Monday,NotApplicable,False,,,False,True,True,ALAMEDA SUPERIOR COURT GEORGE E. MCDONALD HALL OF JUSTICE,I,FIXED OBJECT,CONRETE BARRIER,0,0,B,DUSK-DAWN,37.802578,-122.299168,,,,,A,NO PEDESTRIANS INVOLVED,11/11/2024 9:55:00 AM,A,VC 22350,False,1,I-880 N/B,,,11/12/2024 6:31:00 PM,B,S,2412.0,7TH STREET,F,,D,11/12/2024 6:31:02 PM,11/12/2024 6:31:02 PM,False,True,4,,11/11/2024 9:56:00 AM,0956,False,,,True
4466982,9370-2024-03612,1,False,9370,11/10/2024 2:19:00 AM,219,013,14,109,Oakland,1,True,True,C,REAR END,,Sunday,NotApplicable,False,,,False,True,True,ALAMEDA SUPERIOR COURT WILEY W. MANUEL COURTHOUSE,C,OTHER MOTOR VEHICLE,,1,0,C,DARK-STREET LIGHTS,37.824282,-122.209498,,,,,A,NO PEDESTRIANS INVOLVED,11/10/2024 2:19:00 AM,C,,,,SR-13 S/B,,,11/12/2024 6:20:26 PM,A,N,1130.0,PARK BLVD,F,,D,11/12/2024 6:20:28 PM,11/12/2024 6:20:28 PM,False,True,4,,11/10/2024 2:19:00 AM,0219,False,,,True
4466951,9370-2024-03582,1,False,9370,11/7/2024 10:15:00 AM,1015,176,14,109,Oakland,1,True,True,E,HIT OBJECT,,Thursday,NotApplicable,False,,,False,True,False,ALAMEDA SUPERIOR COURT WILEY W. MANUEL COURTHOUSE,J,OTHER OBJECT,DEBRIS,0,0,A,DAYLIGHT,37.741902,-122.197673,,,,,A,NO PEDESTRIANS INVOLVED,11/7/2024 10:15:00 AM,C,,,,I-880 S/B,,,11/12/2024 4:33:40 PM,A,N,500.0,HEGENBERGER RD,F,,D,11/12/2024 4:33:41 PM,11/12/2024 4:33:41 PM,False,True,4,,11/7/2024 10:26:00 AM,1026,False,,,True
4466948,9370-2024-03581,1,False,9370,11/7/2024 8:15:00 AM,815,176,14,109,Oakland,1,True,True,C,REAR END,,Thursday,NotApplicable,False,,,False,True,False,ALAMEDA SUPERIOR COURT WILEY W. MANUEL COURTHOUSE,C,OTHER MOTOR VEHICLE,,0,0,A,DAYLIGHT,37.775189,-122.233974,,,,,A,NO PEDESTRIANS INVOLVED,11/7/2024 8:15:00 AM,A,VC 22350,False,1,I-880 S/B,,,11/12/2024 4:32:07 PM,A,N,100.0,29TH AVE,F,,D,11/12/2024 4:32:10 PM,11/12/2024 4:32:10 PM,False,True,4,,11/7/2024 8:16:00 AM,0816,False,,,True
4466939,9370-2024-03560,1,False,9370,11/5/2024 8:00:00 PM,2000,098,14,109,Oakland,1,True,True,C,REAR END,,Tuesday,NotApplicable,False,,,False,True,False,ALAMEDA SUPERIOR COURT WILEY W. MANUEL COURTHOUSE,C,OTHER MOTOR VEHICLE,,0,0,C,DARK-STREET LIGHTS,37.800933,-122.279886,,,,,A,NO PEDESTRIANS INVOLVED,11/5/2024 8:00:00 PM,A,VC 22350,False,1,I-980 W/B TO I-880 S/B,,,11/12/2024 4:25:13 PM,A,E,20.0,MARTIN LUTHER KING JR WAY,F,,D,11/12/2024 4:25:18 PM,11/12/2024 4:25:18 PM,False,True,4,,11/5/2024 8:05:00 PM,2005,False,,,True
4466930,9370-2024-03556,1,False,9370,11/5/2024 6:15:00 PM,1815,013,14,109,Oakland,1,True,True,C,REAR END,,Tuesday,NotApplicable,False,,,False,True,False,ALAMEDA SUPERIOR COURT WILEY W. MANUEL COURTHOUSE,C,OTHER MOTOR VEHICLE,,0,0,C,DARK-STREET LIGHTS,37.845665,-122.227544,,,,,A,NO PEDESTRIANS INVOLVED,11/5/2024 6:15:00 PM,A,VC 22350,False,1,SR-13 S/B,,,11/12/2024 4:18:04 PM,A,N,500.0,BROADWAY TERRACE,F,,D,11/12/2024 4:18:06 PM,11/12/2024 4:18:06 PM,False,True,4,,11/5/2024 6:20:00 PM,1820,False,,,True
4466732,9370-2024-03551,1,False,9370,11/3/2024 4:20:00 PM,1620,053,14,109,Oakland,1,True,True,C,REAR END,,Sunday,NotApplicable,False,,,False,True,True,ALAMEDA SUPERIOR COURT WILEY W. MANUEL COURTHOUSE,C,OTHER MOTOR VEHICLE,,0,0,A,DAYLIGHT,37.782143,-122.175163,,,,,A,NO PEDESTRIANS INVOLVED,11/3/2024 4:20:00 PM,A,VC 22350,False,1,I-580 W/B,,,11/12/2024 2:29:20 PM,A,E,95.0,SR-13 N/B,F,,D,11/12/2024 2:29:22 PM,11/12/2024 2:29:22 PM,False,True,4,,11/3/2024 4:25:00 PM,1625,False,,,True
4466723,9370-2024-03550,1,False,9370,11/3/2024 4:15:00 PM,1615,052,14,109,Oakland,1,True,True,B,SIDE SWIPE,,Sunday,Yes,False,,,False,True,True,ALAMEDA SUPERIOR COURT WILEY W. MANUEL COURTHOUSE,C,OTHER MOTOR VEHICLE,,1,0,A,DAYLIGHT,37.77907,-122.169578,,,,,A,NO PEDESTRIANS INVOLVED,11/3/2024 4:15:00 PM,A,VC 22350,False,1,I-580 W/B,,,11/12/2024 2:26:01 PM,A,E,370.0,SR-13 N/B,F,,D,11/12/2024 2:26:03 PM,11/12/2024 2:26:03 PM,False,True,4,,11/3/2024 4:25:00 PM,1625,False,,,True
4466709,9370-2024-03524,1,False,9370,11/2/2024 11:40:00 PM,2340,176,14,109,Oakland,1,True,True,C,REAR END,,Saturday,Yes,False,,,False,True,True,ALAMEDA SUPERIOR COURT WILEY W. MANUEL COURTHOUSE,C,OTHER MOTOR VEHICLE,,0,0,D,DARK-NO STREET LIGHTS,37.735363,-122.191951,,,,,A,NO PEDESTRIANS INVOLVED,11/2/2024 11:40:00 PM,A,VC 23152(a),True,1,I-880 S/B,,,11/12/2024 2:21:28 PM,A,N,1550.0,98TH AVE,F,,D,11/12/2024 2:21:30 PM,11/12/2024 2:21:30 PM,False,True,4,True,11/2/2024 11:50:00 PM,2350,False,,,True
4466614,24-048454,2,False,0109,9/27/2024 3:00:00 PM,1500,03X,14,109,Oakland,1,True,True,G,VEHICLE/PEDESTRAIN,,Friday,,,,,False,False,False,,B,PEDESTRIAN,,1,0,A,DAYLIGHT,,,,,,,B,CROSSING IN CROSS WALK AT INTERSECTION,,A,21950A,,1,12TH ST,1,,,A,,,BROADWAY,,,A,11/12/2024 1:47:18 PM,1/28/2025 12:05:56 PM,,,2,,,,,,,
4466566,9370-2024-03532,1,False,9370,11/2/2024 4:10:00 AM,410,176,14,109,Oakland,1,True,True,B,SIDE SWIPE,,Saturday,Yes,False,,,False,True,False,ALAMEDA SUPERIOR COURT WILEY W. MANUEL COURTHOUSE,C,OTHER MOTOR VEHICLE,,1,0,D,DARK-NO STREET LIGHTS,37.772347,-122.225213,,,,,A,NO PEDESTRIANS INVOLVED,11/2/2024 4:10:00 AM,A,VC 21658(A),False,1,I-880 N/B,,,11/12/2024 1:33:45 PM,B,S,836.0,FRUITVALE AVE,F,,D,11/12/2024 1:33:47 PM,11/12/2024 1:33:47 PM,False,True,4,,11/2/2024 4:15:00 AM,0415,False,,,True
4466514,24-047524,2,False,0109,9/22/2024 9:52:00 AM,952,19X,14,109,Oakland,1,True,True,A,HEAD-ON,,Sunday,,,M,,False,False,False,,B,PEDESTRIAN,,1,0,A,DAYLIGHT,,,,,,,A,NO PEDESTRIANS INVOLVED,,A,22107,,1,9TH AV,1,,,A,,,EMBARCADERO,,,D,11/12/2024 1:17:18 PM,1/28/2025 12:05:56 PM,,,2,,,,,,,
4466513,24-047860,2,False,0109,9/24/2024 8:16:00 AM,816,30X,14,109,Oakland,1,True,True,D,BROADSIDE,,Tuesday,,,M,,False,False,False,,C,OTHER MOTOR VEHICLE,,1,0,A,DAYLIGHT,,,,,,,,,,A,22105,,1,INTERNATIONAL BL,2,,,A,,,79TH AV,,,A,11/12/2024 1:17:18 PM,1/28/2025 12:05:56 PM,,,2,,,,,,,
4466486,24-048217,2,False,0109,9/26/2024 11:31:00 AM,1131,16X,14,109,Oakland,1,True,True,C,REAR END,,Thursday,,,,,False,False,False,,E,PARKED MOTOR VEHICLE,,1,0,A,DAYLIGHT,,,,,,,A,NO PEDESTRIANS INVOLVED,,A,22107,,1,HOLMAN RD,1,,,A,S,75.0,BATES RD,F,,D,11/12/2024 1:07:18 PM,1/28/2025 12:05:56 PM,,,2,,,,,,,
4466470,24-048218,2,False,0109,9/26/2024 11:55:00 AM,1155,32X,14,109,Oakland,1,True,True,D,BROADSIDE,,Thursday,,,,,False,False,True,,C,OTHER MOTOR VEHICLE,,4,0,A,DAYLIGHT,,,,,,,A,NO PEDESTRIANS INVOLVED,,A,21802A,,1,103RD AV,2,,,A,,,BANCROFT AV,,,A,11/12/2024 1:02:18 PM,1/28/2025 12:05:56 PM,,,2,,,,,,,
4466245,9370-2024-03520,1,False,9370,11/1/2024 11:48:00 PM,2348,176,14,109,Oakland,1,True,True,E,HIT OBJECT,,Friday,Yes,False,,,False,True,True,ALAMEDA SUPERIOR COURT WILEY W. MANUEL COURTHOUSE,I,FIXED OBJECT,EMBANKMENT,0,0,C,DARK-STREET LIGHTS,37.741336,-122.19771,,,,,A,NO PEDESTRIANS INVOLVED,11/1/2024 11:48:00 PM,A,VC 23152(a),True,1,I-880 S/B TO HEGENBERGER ROAD,,,11/12/2024 11:29:06 AM,B,N,431.0,HEGENBERGER RD,F,,D,11/12/2024 11:29:08 AM,11/12/2024 11:29:08 AM,False,True,4,True,11/1/2024 11:55:00 PM,2355,False,,,True