collision-id,report-number,report-version,is-preliminary,ncic-code,crash-date-time,crash-time-description,beat,city-id,city-code,city-name,county-code,city-is-active,city-is-incorporated,collision-type-code,collision-type-description,collision-type-other-desc,day-of-week,dispatch-notified,has-photographs,hit-run,is-attachments-mailed,is-deleted,is-highway-related,is-tow-away,judicial-district,motor-vehicle-involved-with-code,motor-vehicle-involved-with-desc,motor-vehicle-involved-with-other-desc,number-injured,number-killed,lighting-code,lighting-description,latitude,longitude,milepost-direction,milepost-distance,milepost-marker,milepost-unit-of-measure,pedestrian-action-code,pedestrian-action-desc,prepared-date,primary-collision-factor-code,primary-collision-factor-description,primary-collision-factor-is-cited,primary-collision-party-number,primary-road,reporting-district,reporting-district-code,reviewed-date,roadway-surface-code,secondary-direction,secondary-distance,secondary-road,secondary-unit-of-measure,sketch-desc,traffic-control-device-code,created-date,modified-date,is-county-road,is-freeway,chp-555-version,is-additonal-object-struck,notification-date,notification-time-description,has-digital-media-files,evidence-number,is-location-refer-to-narrative,is-aoi-one-same-as-location
4466237,24-048517,2,False,0109,9/28/2024 11:51:00 PM,2351,32X,14,109,Oakland,1,True,True,D,BROADSIDE,,Saturday,,,,,False,False,True,,C,OTHER MOTOR VEHICLE,,1,0,C,DARK-STREET LIGHTS,,,,,,,A,NO PEDESTRIANS INVOLVED,,A,21453A,,1,INTERNATIONAL BL,2,,,A,,,104TH AV,,,A,11/12/2024 11:27:18 AM,1/28/2025 12:05:56 PM,,,2,,,,,,,
4466209,24-049411,2,False,0109,10/3/2024 5:02:00 PM,1702,04X,14,109,Oakland,1,True,True,D,BROADSIDE,,Thursday,,,,,False,False,True,,C,OTHER MOTOR VEHICLE,,1,0,A,DAYLIGHT,,,,,,,A,NO PEDESTRIANS INVOLVED,,A,21453A,,1,14TH ST,1,,,A,,,HARRISON ST,,,A,11/12/2024 11:17:17 AM,1/28/2025 12:04:53 PM,,,2,,,,,,,
4466194,24-049084,2,False,0109,10/1/2024 5:22:00 PM,1722,08X,14,109,Oakland,1,True,True,B,SIDE SWIPE,,Tuesday,,,,,False,False,False,,G,BICYCLE,,1,0,A,DAYLIGHT,,,,,,,A,NO PEDESTRIANS INVOLVED,,A,22107,,1,HARRISON ST,1,,,A,W,8.0,HAMILTON PL,F,,A,11/12/2024 11:12:17 AM,1/28/2025 12:04:53 PM,,,2,,,,,,,
4466190,24-048668,2,False,0109,9/29/2024 11:42:00 PM,2342,03X,14,109,Oakland,1,True,True,D,BROADSIDE,,Sunday,,,,,False,False,False,,C,OTHER MOTOR VEHICLE,,0,0,C,DARK-STREET LIGHTS,,,,,,,A,NO PEDESTRIANS INVOLVED,,A,21453A,,1,8TH ST,1,,,A,,,MADISON ST,,,A,11/12/2024 11:12:17 AM,1/28/2025 12:04:59 PM,,,2,,,,,,,
4466149,9370-2024-03499,1,False,9370,10/31/2024 1:51:00 AM,151,177,14,109,Oakland,1,True,True,E,HIT OBJECT,,Thursday,Yes,False,,,False,True,True,ALAMEDA SUPERIOR COURT ALAMEDA,I,FIXED OBJECT,CENTER CONCRETE WALL,2,0,D,DARK-NO STREET LIGHTS,37.8024,-122.29262,,,,,A,NO PEDESTRIANS INVOLVED,10/31/2024 1:51:00 AM,A,VC 22350,True,1,1-880 S/B,,,11/12/2024 11:01:52 AM,B,N,617.0,5TH ST,F,,D,11/12/2024 11:01:57 AM,11/12/2024 11:01:57 AM,False,True,4,False,10/31/2024 1:53:00 AM,0153,False,,,False
4466008,9370-2024-03505,1,False,9370,11/1/2024 9:40:00 AM,940,024,14,109,Oakland,1,True,True,B,SIDE SWIPE,,Friday,NotApplicable,False,,,False,True,True,ALAMEDA SUPERIOR COURT WILEY W. MANUEL COURTHOUSE,C,OTHER MOTOR VEHICLE,,0,0,A,DAYLIGHT,37.854367,-122.219404,,,,,A,NO PEDESTRIANS INVOLVED,11/1/2024 9:40:00 AM,A,VC 22107,False,1,SR-24 E/B TO CALDECOTT TUNNEL BORE #2,,,11/12/2024 10:17:04 AM,A,E,550.0,TUNNEL RD,F,,D,11/12/2024 10:17:06 AM,11/12/2024 10:17:06 AM,False,True,4,,11/1/2024 9:42:00 AM,0942,False,,,True
4465971,24-048644,2,False,0109,9/28/2024 6:30:00 PM,1830,32Y,14,109,Oakland,1,True,True,D,BROADSIDE,,Saturday,,,M,,False,False,False,,C,OTHER MOTOR VEHICLE,,0,0,B,DUSK-DAWN,,,,,,,A,NO PEDESTRIANS INVOLVED,,A,22106,,1,100TH AV,2,,,A,,,INTERNATIONAL BL,,,A,11/12/2024 10:07:16 AM,1/28/2025 12:04:59 PM,,,2,,,,,,,
4465952,24-046008,2,False,0109,9/17/2024 5:10:00 AM,510,20X,14,109,Oakland,1,True,True,A,HEAD-ON,,Tuesday,,,,,False,False,False,,I,FIXED OBJECT,,0,0,C,DARK-STREET LIGHTS,,,,,,,A,NO PEDESTRIANS INVOLVED,,A,22107,,1,DERBY ST,2,,,A,,,E 10TH ST,,,D,11/12/2024 10:02:16 AM,1/28/2025 12:04:59 PM,,,2,,,,,,,
4465940,24-044322,2,False,0109,9/4/2024 7:24:00 PM,1924,26X,14,109,Oakland,1,True,True,C,REAR END,,Wednesday,,,M,,False,False,False,,E,PARKED MOTOR VEHICLE,,0,0,A,DAYLIGHT,,,,,,,A,NO PEDESTRIANS INVOLVED,,A,22107,,1,73RD AVENUE,2,,,A,N,200.0,HERBERT GUICE WY,F,,A,11/12/2024 9:57:16 AM,1/28/2025 12:04:59 PM,,,2,,,,,,,
4465937,24044664,2,False,0109,9/6/2024 10:49:00 PM,2249,04X,14,109,Oakland,1,True,True,C,REAR END,,Friday,,,,,False,False,False,,C,OTHER MOTOR VEHICLE,,0,0,C,DARK-STREET LIGHTS,,,,,,,A,NO PEDESTRIANS INVOLVED,,A,22350,,1,WEST GRAND AV,1,,,A,,,VALLEY ST,,,A,11/12/2024 9:57:16 AM,1/28/2025 12:04:59 PM,,,2,,,,,,,
4465904,24-044623,2,False,0109,9/6/2024 4:59:00 PM,1659,20X,14,109,Oakland,1,True,True,B,SIDE SWIPE,,Friday,,,,,False,False,False,,C,OTHER MOTOR VEHICLE,,0,0,A,DAYLIGHT,,,,,,,A,NO PEDESTRIANS INVOLVED,,A,21802,,1,22ND AVENUE,2,,,A,,,E 12TH ST,,,A,11/12/2024 9:47:16 AM,1/28/2025 12:04:59 PM,,,2,,,,,,,
4465883,24-044832,2,False,0109,9/8/2024 3:28:00 AM,328,06X,14,109,Oakland,1,True,True,C,REAR END,,Sunday,,,M,,False,False,False,,E,PARKED MOTOR VEHICLE,,0,0,C,DARK-STREET LIGHTS,,,,,,,A,NO PEDESTRIANS INVOLVED,,A,22107,,1,32ND ST,1,,,A,W,15.0,WEST ST,F,,A,11/12/2024 9:42:15 AM,1/28/2025 12:04:58 PM,,,2,,,,,,,
4465852,24-049812,2,False,0109,9/30/2024 3:40:00 PM,1540,24X,14,109,Oakland,1,True,True,A,HEAD-ON,,Monday,,,M,,False,False,False,,E,PARKED MOTOR VEHICLE,,0,0,A,DAYLIGHT,,,,,,,A,NO PEDESTRIANS INVOLVED,,A,22107,,1,SAN JUAN ST,2,,,A,W,20.0,HARRINGTON AV,F,,D,11/12/2024 9:32:15 AM,1/28/2025 12:04:58 PM,,,2,,,,,,,
4465847,24-048945,2,False,0109,9/30/2024 9:01:00 PM,2101,09X,14,109,Oakland,1,True,True,B,SIDE SWIPE,,Monday,,,,,False,False,False,,C,OTHER MOTOR VEHICLE,,0,0,C,DARK-STREET LIGHTS,,,,,,,A,NO PEDESTRIANS INVOLVED,,A,22107,,1,PIEDMONT AV,1,,,A,S,100.0,YOSEMITE AV,F,,D,11/12/2024 9:32:15 AM,1/28/2025 12:04:58 PM,,,2,,,,,,,
4465802,24-048932,2,False,0109,9/30/2024 5:54:00 PM,1754,17X,14,109,Oakland,1,True,True,A,HEAD-ON,,Monday,,,,,False,False,False,,C,OTHER MOTOR VEHICLE,,0,0,A,DAYLIGHT,,,,,,,A,NO PEDESTRIANS INVOLVED,,A,21453A,,1,5TH AVENUE,1,,,A,,,FOOTHILL BL,,,A,11/12/2024 9:17:15 AM,1/28/2025 12:04:59 PM,,,2,,,,,,,
4465756,24-044179,2,False,0109,9/3/2024 11:07:00 PM,2307,19X,14,109,Oakland,1,True,True,E,HIT OBJECT,,Tuesday,,,,,False,False,False,,I,FIXED OBJECT,,0,0,C,DARK-STREET LIGHTS,,,,,,,A,NO PEDESTRIANS INVOLVED,,A,22107,,1,EMBACADERO,1,,,A,,,5TH AVENUE,,,D,11/12/2024 9:07:15 AM,1/28/2025 12:04:58 PM,,,2,,,,,,,
4465746,24-043900,2,False,0109,9/2/2024 4:20:00 PM,1620,26X,14,109,Oakland,1,True,True,D,BROADSIDE,,Monday,,,M,,False,False,False,,C,OTHER MOTOR VEHICLE,,0,0,A,DAYLIGHT,,,,,,,A,NO PEDESTRIANS INVOLVED,,A,22106,,1,INTERNATIONAL BL,2,,,A,E,100.0,44TH AVENUE,F,,B,11/12/2024 9:02:15 AM,1/28/2025 12:04:58 PM,,,2,,,,,,,
4465721,24-044960,2,False,0109,9/8/2024 8:28:00 PM,2028,10X,14,109,Oakland,1,True,True,A,HEAD-ON,,Sunday,,,M,,False,False,False,,E,PARKED MOTOR VEHICLE,,0,0,C,DARK-STREET LIGHTS,,,,,,,A,NO PEDESTRIANS INVOLVED,,A,22107,,1,BAKER ST,1,,,A,,,63RD ST,,,D,11/12/2024 8:52:15 AM,1/28/2025 12:04:58 PM,,,2,,,,,,,
4465708,24-045032,2,False,0109,9/9/2024 10:25:00 AM,1025,07X,14,109,Oakland,1,True,True,D,BROADSIDE,,Monday,,,,,False,False,False,,C,OTHER MOTOR VEHICLE,,0,0,A,DAYLIGHT,,,,,,,A,NO PEDESTRIANS INVOLVED,,A,21802A,,1,ADELINE ST,1,,,A,,,26TH ST,,,D,11/12/2024 8:47:15 AM,1/28/2025 12:04:58 PM,,,2,,,,,,,
4465699,9370-2024-03431,1,False,9370,10/25/2024 3:40:00 PM,1540,053,14,109,Oakland,1,True,True,F,OVERTURNED,,Friday,Yes,False,,,False,True,False,ALAMEDA SUPERIOR COURT WILEY W. MANUEL COURTHOUSE,I,FIXED OBJECT,CENTER MEDIAN,1,0,A,DAYLIGHT,37.797449,-122.213425,,,,,A,NO PEDESTRIANS INVOLVED,10/25/2024 3:40:00 PM,A,VC 23152(a),True,1,I-580 W/B,,,11/12/2024 8:43:50 AM,A,E,870.0,BOSTON AVE,F,,D,11/12/2024 8:43:51 AM,11/12/2024 8:43:51 AM,False,True,4,,10/25/2024 3:54:00 PM,1554,False,,,True
4465675,24-045038,3,False,0109,9/9/2024 9:14:00 AM,914,35X,14,109,Oakland,1,True,True,B,SIDE SWIPE,,Monday,,,,,False,False,False,,C,OTHER MOTOR VEHICLE,,0,0,A,DAYLIGHT,,,,,,,A,NO PEDESTRIANS INVOLVED,,A,21752,,1,GOLF LINKS RD,2,,,A,,,COSGRAVE AV,,,D,11/12/2024 8:37:15 AM,1/28/2025 12:04:58 PM,,,2,,,,,,,
4465650,24-043827,2,False,0109,9/2/2024 3:54:00 AM,354,30X,14,109,Oakland,1,True,True,C,REAR END,,Monday,,,,,False,False,False,,E,PARKED MOTOR VEHICLE,,0,0,C,DARK-STREET LIGHTS,,,,,,,A,NO PEDESTRIANS INVOLVED,,A,22107,,1,HILLSIDE ST,2,,,A,,,74TH AVENUE,,,D,11/12/2024 8:27:15 AM,1/28/2025 12:04:58 PM,,,2,,,,,,,
4465640,24-046119,2,False,0109,9/14/2024 8:19:00 PM,2019,19X,14,109,Oakland,1,True,True,B,SIDE SWIPE,,Saturday,,,M,,False,False,False,,E,PARKED MOTOR VEHICLE,,0,0,C,DARK-STREET LIGHTS,,,,,,,F,NOT IN ROAD,,A,22107,,1,8TH AV,1,,,A,,,E 15TH ST,,,A,11/12/2024 8:22:15 AM,1/28/2025 12:04:58 PM,,,2,,,,,,,
4465622,24-046566,2,False,0109,9/17/2024 4:02:00 PM,1602,27X,14,109,Oakland,1,True,True,B,SIDE SWIPE,,Tuesday,,,,,False,False,False,,C,OTHER MOTOR VEHICLE,,0,0,A,DAYLIGHT,,,,,,,A,NO PEDESTRIANS INVOLVED,,A,22107,,1,HIGH ST,2,,,A,S,100.0,BANCROFT AV,F,,A,11/12/2024 8:12:15 AM,1/28/2025 12:04:58 PM,,,2,,,,,,,
4465614,24-044937,2,False,0109,9/8/2024 4:56:00 PM,1656,13Y,14,109,Oakland,1,True,True,D,BROADSIDE,,Sunday,,,,,False,False,False,,C,OTHER MOTOR VEHICLE,,0,0,A,DAYLIGHT,,,,,,,A,NO PEDESTRIANS INVOLVED,,A,22350,,1,SNAKE RD,1,,,A,,,COLTON BL,,,A,11/12/2024 8:07:15 AM,1/28/2025 12:04:58 PM,,,2,,,,,,,
4465603,24-047777,5,False,0109,9/23/2024 5:38:00 PM,1738,24X,14,109,Oakland,1,True,True,A,HEAD-ON,,Monday,,,,,False,True,False,,C,OTHER MOTOR VEHICLE,,0,0,A,DAYLIGHT,,,,,,,A,NO PEDESTRIANS INVOLVED,,A,21801A,,1,35TH AV,2,,,A,E,10.0,RT 580,F,,D,11/12/2024 8:02:15 AM,1/28/2025 12:04:58 PM,,,2,,,,,,,
4465576,24-046990,2,False,0109,9/19/2024 8:36:00 PM,2036,08X,14,109,Oakland,1,True,True,D,BROADSIDE,,Thursday,,,,,False,False,False,,G,BICYCLE,,1,0,C,DARK-STREET LIGHTS,,,,,,,A,NO PEDESTRIANS INVOLVED,,D,,,,34TH ST,1,,,A,S,5.0,BROADWAY AV,F,,A,11/12/2024 7:52:15 AM,1/28/2025 12:00:27 PM,,,2,,,,,,,
4465575,24-047026,2,False,0109,9/19/2024 1:29:00 AM,129,35X,14,109,Oakland,1,True,True,D,BROADSIDE,,Thursday,,,,,False,False,False,,C,OTHER MOTOR VEHICLE,,0,0,C,DARK-STREET LIGHTS,,,,,,,A,NO PEDESTRIANS INVOLVED,,A,21801A,,1,90TH AV,2,,,A,,,BANCROFT AV,,,A,11/12/2024 7:52:15 AM,1/28/2025 12:04:58 PM,,,2,,,,,,,
4465432,24-046321,2,False,0109,9/16/2024 7:25:00 AM,725,32X,14,109,Oakland,1,True,True,D,BROADSIDE,,Monday,,,,,False,False,False,,C,OTHER MOTOR VEHICLE,,3,0,A,DAYLIGHT,,,,,,,A,NO PEDESTRIANS INVOLVED,,A,22450A,,,106TH AV,2,,,A,,,PERALTA OAKS DR,,,A,11/12/2024 7:07:13 AM,1/28/2025 12:00:30 PM,,,2,,,,,,,
4465397,24-048367,2,False,0109,9/27/2024 8:55:00 AM,855,03X,14,109,Oakland,1,True,True,D,BROADSIDE,,Friday,,,,,False,False,False,,C,OTHER MOTOR VEHICLE,,0,0,A,DAYLIGHT,,,,,,,A,NO PEDESTRIANS INVOLVED,,A,21453A,,,8TH ST,1,,,A,,,HARRISON ST,,,A,11/12/2024 6:52:12 AM,1/28/2025 12:00:25 PM,,,2,,,,,,,
4485009,9370-2024-03738,1,False,9370,11/21/2024 8:15:00 AM,815,055,14,109,Oakland,1,True,True,C,REAR END,,Thursday,NotApplicable,False,,,False,True,False,ALAMEDA SUPERIOR COURT WILEY W. MANUEL COURTHOUSE,C,OTHER MOTOR VEHICLE,,0,0,A,DAYLIGHT,37.823762,-122.265229,,,,,A,NO PEDESTRIANS INVOLVED,11/21/2024 8:15:00 AM,A,VC 22350,False,1,I-580 W/B,,,11/26/2024 7:30:04 PM,B,E,777.0,SR-24,F,,D,11/26/2024 7:30:07 PM,11/26/2024 7:30:07 PM,False,True,4,,11/21/2024 8:26:00 AM,0826,False,,,True
4485006,9370-2024-03735,1,False,9370,11/21/2024 5:55:00 AM,555,054,14,109,Oakland,1,True,True,E,HIT OBJECT,,Thursday,NotApplicable,False,,,False,True,False,ALAMEDA SUPERIOR COURT WILEY W. MANUEL COURTHOUSE,I,FIXED OBJECT,CONCRETE WALL,0,0,D,DARK-NO STREET LIGHTS,37.808718,-122.242823,,,,,A,NO PEDESTRIANS INVOLVED,11/21/2024 5:55:00 AM,A,VC 22350,False,1,I-580 W/B,,,11/26/2024 7:19:17 PM,B,E,1076.0,LAKESHORE AVE,F,,D,11/26/2024 7:19:18 PM,11/26/2024 7:19:18 PM,False,True,4,,11/21/2024 5:58:00 AM,0558,False,,,True
4485003,9370-2024-03730,1,False,9370,11/20/2024 10:48:00 PM,2248,013,14,109,Oakland,1,True,True,E,HIT OBJECT,,Wednesday,NotApplicable,False,,,False,True,False,ALAMEDA SUPERIOR COURT WILEY W. MANUEL COURTHOUSE,I,FIXED OBJECT,CENTER MEDIAN WALL,1,0,D,DARK-NO STREET LIGHTS,37.822314,-122.207784,,,,,A,NO PEDESTRIANS INVOLVED,11/20/2024 10:48:00 PM,A,VC 22350,False,1,SR-13 NORTHBOUND,,,11/26/2024 7:13:01 PM,B,N,230.0,PARK BOULEVARD,F,,D,11/26/2024 7:13:04 PM,11/26/2024 7:13:04 PM,False,True,4,,11/20/2024 10:51:00 PM,2251,False,,,True
4484972,9370-2024-03715,1,False,9370,11/19/2024 5:32:00 PM,1732,055,14,109,Oakland,1,True,True,C,REAR END,,Tuesday,NotApplicable,False,,,False,True,False,ALAMEDA SUPERIOR COURT WILEY W. MANUEL COURTHOUSE,C,OTHER MOTOR VEHICLE,,0,0,A,DAYLIGHT,37.823109,-122.263694,,,,,A,NO PEDESTRIANS INVOLVED,11/19/2024 5:32:00 PM,A,VC 22350,False,1,I-580 E/B,,,11/26/2024 6:35:38 PM,A,W,1000.0,HARRISON ST,F,,D,11/26/2024 6:35:40 PM,11/26/2024 6:35:40 PM,False,True,4,,11/19/2024 5:35:00 PM,1735,False,,,True
4484967,9370-2024-03723,1,False,9370,11/19/2024 4:45:00 PM,1645,177,14,109,Oakland,1,True,True,B,SIDE SWIPE,,Tuesday,NotApplicable,False,,,False,True,False,ALAMEDA SUPERIOR COURT WILEY W. MANUEL COURTHOUSE,C,OTHER MOTOR VEHICLE,,0,0,D,DARK-NO STREET LIGHTS,37.780069,-122.238287,,,,,A,NO PEDESTRIANS INVOLVED,11/19/2024 4:45:00 PM,A,VC 21658(A),False,1,I-880 N/B,,,11/26/2024 6:25:04 PM,A,N,100.0,23RD AVE,F,,D,11/26/2024 6:25:06 PM,11/26/2024 6:25:06 PM,False,True,4,,11/19/2024 5:15:00 PM,1715,False,,,True
4484933,9370-2024-03712,1,False,9370,11/19/2024 8:00:00 AM,800,177,14,109,Oakland,1,True,True,C,REAR END,,Tuesday,NotApplicable,False,,,False,True,False,ALAMEDA SUPERIOR COURT WILEY W. MANUEL COURTHOUSE,C,OTHER MOTOR VEHICLE,,0,0,A,DAYLIGHT,37.791619,-122.261693,,,,,A,NO PEDESTRIANS INVOLVED,11/19/2024 8:00:00 AM,A,VC 22350,False,1,I-880 S/B,,,11/26/2024 5:20:35 PM,A,S,0.35,OAK STREET,M,,D,11/26/2024 5:20:38 PM,11/26/2024 5:20:38 PM,False,True,4,,11/19/2024 8:05:00 AM,0805,False,,,True
4484926,9370-2024-03711,1,False,9370,11/18/2024 9:30:00 PM,2130,008,14,109,Oakland,1,True,True,B,SIDE SWIPE,,Monday,NotApplicable,False,,,False,True,False,ALAMEDA SUPERIOR COURT WILEY W. MANUEL COURTHOUSE,C,OTHER MOTOR VEHICLE,,1,0,C,DARK-STREET LIGHTS,37.825702,-122.304027,,,,,A,NO PEDESTRIANS INVOLVED,11/18/2024 9:30:00 PM,A,VC 21658(A),False,1,I-80 W/B,,,11/26/2024 5:13:34 PM,A,E,506.88,WEST GRAND AVENUE OVERCROSSING,F,,D,11/26/2024 5:13:36 PM,11/26/2024 5:13:36 PM,False,True,4,,11/18/2024 9:40:00 PM,2140,False,,,True
4484921,9370-2024-03709,1,False,9370,11/18/2024 3:55:00 PM,1555,013,14,109,Oakland,1,True,True,B,SIDE SWIPE,,Monday,Yes,False,,,False,True,True,ALAMEDA SUPERIOR COURT WILEY W. MANUEL COURTHOUSE,C,OTHER MOTOR VEHICLE,,1,0,A,DAYLIGHT,37.846255,-122.22765,,,,,A,NO PEDESTRIANS INVOLVED,11/18/2024 3:55:00 PM,A,VC 21658(A),False,1,SR 13 SB,,,11/26/2024 5:11:06 PM,A,S,700.0,BROADWAY,F,,D,11/26/2024 5:11:09 PM,11/26/2024 5:11:09 PM,False,True,4,,11/18/2024 4:01:00 PM,1601,False,,,True
4484913,9370-2024-03667,1,False,9370,11/14/2024 7:21:00 AM,721,177,14,109,Oakland,1,True,True,B,SIDE SWIPE,,Thursday,NotApplicable,False,M,,False,True,False,ALAMEDA SUPERIOR COURT WILEY W. MANUEL COURTHOUSE,C,OTHER MOTOR VEHICLE,,0,0,A,DAYLIGHT,37.795793,-122.267914,,,,,A,NO PEDESTRIANS INVOLVED,11/14/2024 7:21:00 AM,A,VC 21658(a),False,1,I-880 N/B,,,11/26/2024 5:03:45 PM,A,N,30.0,MADISON ST,F,,D,11/26/2024 5:03:47 PM,11/26/2024 5:03:47 PM,False,True,4,,11/14/2024 7:22:00 AM,0722,False,,,True
4484808,9370-2024-03734,1,False,9370,11/20/2024 5:42:00 PM,1742,024,14,109,Oakland,1,True,True,B,SIDE SWIPE,,Wednesday,NotApplicable,False,M,,False,True,False,ALAMEDA SUPERIOR COURT WILEY W. MANUEL COURTHOUSE,C,OTHER MOTOR VEHICLE,,0,0,C,DARK-STREET LIGHTS,37.854358,-122.218818,,,,,A,NO PEDESTRIANS INVOLVED,11/20/2024 5:42:00 PM,A,VC 21658(A),False,1,SR-24 E/B,,,11/26/2024 3:10:54 PM,B,W,50.0,CALDECOTT TUNL,F,,D,11/26/2024 3:10:57 PM,11/26/2024 3:10:57 PM,False,True,4,,11/20/2024 5:45:00 PM,1745,False,,,True
4484705,24-038700,2,False,0109,8/3/2024 11:32:00 PM,2332,06X,14,109,Oakland,1,True,True,D,BROADSIDE,,Saturday,,,M,,False,False,False,,C,OTHER MOTOR VEHICLE,,0,0,C,DARK-STREET LIGHTS,,,,,,,A,NO PEDESTRIANS INVOLVED,,A,21453A,,1,27TH,1,,,D,,,WEST ST,,,A,11/26/2024 2:13:06 PM,1/28/2025 12:09:00 PM,,,2,,,,,,,
4484704,24-038910,2,False,0109,8/5/2024 9:03:00 AM,903,19X,14,109,Oakland,1,True,True,B,SIDE SWIPE,,Monday,,,,,False,False,False,,C,OTHER MOTOR VEHICLE,,0,0,A,DAYLIGHT,,,,,,,A,NO PEDESTRIANS INVOLVED,,A,21801A,,1,DENNISON ST,1,,,A,,,KENNEDY ST,,,D,11/26/2024 2:13:06 PM,1/28/2025 12:09:00 PM,,,2,,,,,,,
4484698,24023359,2,False,0109,5/12/2024 6:45:00 AM,645,10Y,14,109,Oakland,1,True,True,B,SIDE SWIPE,,Sunday,,,M,,False,False,False,,C,OTHER MOTOR VEHICLE,,0,0,B,DUSK-DAWN,,,,,,,A,NO PEDESTRIANS INVOLVED,,A,23152A,,1,51ST ST,2,,,A,N,300.0,MARTIN LUTHER KING JR WY,F,,A,11/26/2024 2:08:05 PM,1/28/2025 12:09:03 PM,,,2,,,,,,,
4484687,24-051939,2,False,0109,10/19/2024 1:24:00 AM,124,26X,14,109,Oakland,1,True,True,B,SIDE SWIPE,,Saturday,,,M,,False,False,False,,E,PARKED MOTOR VEHICLE,,0,0,C,DARK-STREET LIGHTS,,,,,,,A,NO PEDESTRIANS INVOLVED,,A,22107,,1,EASTLAWN ST,2,,,A,W,75.0,69TH AV,F,,D,11/26/2024 2:03:06 PM,1/28/2025 12:08:32 PM,,,2,,,,,,,
4484671,24-042727,2,False,0109,8/26/2024 10:27:00 AM,1027,19X,14,109,Oakland,1,True,True,A,HEAD-ON,,Monday,,,,,False,False,False,,C,OTHER MOTOR VEHICLE,,0,0,A,DAYLIGHT,,,,,,,A,NO PEDESTRIANS INVOLVED,,A,21651B,,1,EMBARCADERO,1,,,A,E,50.0,DENNISON ST,F,,A,11/26/2024 1:58:06 PM,1/28/2025 12:09:00 PM,,,2,,,,,,,
4484647,24-042130,2,False,0109,8/22/2024 1:32:00 PM,1332,07X,14,109,Oakland,1,True,True,F,OVERTURNED,,Thursday,,,,,False,False,False,,C,OTHER MOTOR VEHICLE,,0,0,A,DAYLIGHT,,,,,,,A,NO PEDESTRIANS INVOLVED,,A,21802A,,1,28TH ST,1,,,A,,,ADELINE ST,,,D,11/26/2024 1:48:06 PM,1/28/2025 12:09:00 PM,,,2,,,,,,,
4484624,24-042632,2,False,0109,8/25/2024 6:40:00 PM,1840,08X,14,109,Oakland,1,True,True,B,SIDE SWIPE,,Sunday,,,M,,False,False,False,,E,PARKED MOTOR VEHICLE,,0,0,A,DAYLIGHT,,,,,,,A,NO PEDESTRIANS INVOLVED,,A,22107,,1,25TH AV,1,,,A,W,160.0,TELEGRAPH AV,F,,D,11/26/2024 1:38:06 PM,1/28/2025 12:09:01 PM,,,2,,,,,,,
4484612,24-039677,2,False,0109,8/9/2024 12:33:00 AM,33,27X,14,109,Oakland,1,True,True,A,HEAD-ON,,Friday,,,,,False,False,True,,E,PARKED MOTOR VEHICLE,,0,0,B,DUSK-DAWN,,,,,,,A,NO PEDESTRIANS INVOLVED,,A,23152A,,1,BROMLEY,2,,,A,E,25.0,SEMINARY AV,F,,D,11/26/2024 1:33:06 PM,1/28/2025 12:09:00 PM,,,2,,,,,,,
4484585,24-042763,2,False,0109,8/26/2024 1:48:00 PM,1348,02X,14,109,Oakland,1,True,True,D,BROADSIDE,,Monday,,,,,False,False,False,,C,OTHER MOTOR VEHICLE,,0,0,A,DAYLIGHT,,,,,,,A,NO PEDESTRIANS INVOLVED,,A,21801A,,1,7TH ST,1,,,A,,,WILLOW ST,,,D,11/26/2024 1:28:05 PM,1/28/2025 12:09:00 PM,,,2,,,,,,,
4484574,24023303,2,False,0109,5/11/2024 10:47:00 PM,2247,27X,14,109,Oakland,1,True,True,F,OVERTURNED,,Saturday,,,F,,False,False,False,,C,OTHER MOTOR VEHICLE,,0,0,C,DARK-STREET LIGHTS,,,,,,,A,NO PEDESTRIANS INVOLVED,,A,22350,,1,FOOTHILL AV,2,,,A,,,VICKSBURG AV,,,A,11/26/2024 1:23:05 PM,1/28/2025 12:09:03 PM,,,2,,,,,,,
4484538,24-041579,2,False,0109,8/19/2024 10:56:00 AM,1056,19X,14,109,Oakland,1,True,True,A,HEAD-ON,,Monday,,,,,False,False,False,,C,OTHER MOTOR VEHICLE,,0,0,A,DAYLIGHT,,,,,,,A,NO PEDESTRIANS INVOLVED,,A,21804A,,1,LEE ST,1,,,A,S,40.0,JAYNE AV,F,,D,11/26/2024 1:08:05 PM,1/28/2025 12:09:00 PM,,,2,,,,,,,
4484520,24-042086,2,False,0109,8/22/2024 9:45:00 AM,945,10X,14,109,Oakland,1,True,True,C,REAR END,,Thursday,,,,,False,False,False,,E,PARKED MOTOR VEHICLE,,0,0,A,DAYLIGHT,,,,,,,A,NO PEDESTRIANS INVOLVED,,A,22106,,1,MARTIN LUTHER KING JR WY,1,,,A,S,5.0,AILEEN ST,F,,D,11/26/2024 1:03:05 PM,1/28/2025 12:09:01 PM,,,2,,,,,,,
4484376,24-041169,2,False,0109,8/16/2024 5:00:00 PM,1700,24X,14,109,Oakland,1,True,True,B,SIDE SWIPE,,Friday,,,M,,False,False,False,,C,OTHER MOTOR VEHICLE,,0,0,A,DAYLIGHT,,,,,,,A,NO PEDESTRIANS INVOLVED,,A,21802A,,2,FRUITVALE AV,2,,,A,,,FOOTHILL BL,,,A,11/26/2024 12:03:05 PM,1/28/2025 12:09:01 PM,,,2,,,,,,,