collision-id,report-number,report-version,is-preliminary,ncic-code,crash-date-time,crash-time-description,beat,city-id,city-code,city-name,county-code,city-is-active,city-is-incorporated,collision-type-code,collision-type-description,collision-type-other-desc,day-of-week,dispatch-notified,has-photographs,hit-run,is-attachments-mailed,is-deleted,is-highway-related,is-tow-away,judicial-district,motor-vehicle-involved-with-code,motor-vehicle-involved-with-desc,motor-vehicle-involved-with-other-desc,number-injured,number-killed,lighting-code,lighting-description,latitude,longitude,milepost-direction,milepost-distance,milepost-marker,milepost-unit-of-measure,pedestrian-action-code,pedestrian-action-desc,prepared-date,primary-collision-factor-code,primary-collision-factor-description,primary-collision-factor-is-cited,primary-collision-party-number,primary-road,reporting-district,reporting-district-code,reviewed-date,roadway-surface-code,secondary-direction,secondary-distance,secondary-road,secondary-unit-of-measure,sketch-desc,traffic-control-device-code,created-date,modified-date,is-county-road,is-freeway,chp-555-version,is-additonal-object-struck,notification-date,notification-time-description,has-digital-media-files,evidence-number,is-location-refer-to-narrative,is-aoi-one-same-as-location
4484367,24-040979,2,False,0109,8/15/2024 2:40:00 PM,1440,12X,14,109,Oakland,1,True,True,B,SIDE SWIPE,,Thursday,,,,,False,False,False,,C,OTHER MOTOR VEHICLE,,0,0,A,DAYLIGHT,,,,,,,A,NO PEDESTRIANS INVOLVED,,A,22107,,1,BROADWAY,2,,,A,S,50.0,CLIFTON ST,F,,A,11/26/2024 11:58:05 AM,1/28/2025 12:09:01 PM,,,2,,,,,,,
4484366,24-041462,2,False,0109,8/17/2024 2:00:00 PM,1400,30X,14,109,Oakland,1,True,True,H,OTHER,,Saturday,,,M,,False,False,False,,C,OTHER MOTOR VEHICLE,,0,0,A,DAYLIGHT,,,,,,,A,NO PEDESTRIANS INVOLVED,,A,22106,,1,RITCHIE ST,2,,,A,S,10.0,BANCROFT AV,F,,D,11/26/2024 11:58:05 AM,1/28/2025 12:09:01 PM,,,2,,,,,,,
4484352,24-042489,2,False,0109,8/24/2024 6:30:00 PM,1830,05X,14,109,Oakland,1,True,True,A,HEAD-ON,,Saturday,,,,,False,False,False,,G,BICYCLE,,0,0,A,DAYLIGHT,,,,,,,A,NO PEDESTRIANS INVOLVED,,A,22107,,1,19TH ST,1,,,A,,,ADELINE ST,,,D,11/26/2024 11:53:05 AM,1/28/2025 12:09:01 PM,,,2,,,,,,,
4484342,24-041306,2,False,0109,8/17/2024 2:09:00 PM,1409,19X,14,109,Oakland,1,True,True,D,BROADSIDE,,Saturday,,,,,False,False,False,,C,OTHER MOTOR VEHICLE,,0,0,A,DAYLIGHT,,,,,,,A,NO PEDESTRIANS INVOLVED,,A,22450A,,1,4TH AV,1,,,A,,,E 15TH ST,,,A,11/26/2024 11:48:05 AM,1/28/2025 12:09:01 PM,,,2,,,,,,,
4484336,24-041310,2,False,0109,8/17/2024 1:56:00 PM,1356,19X,14,109,Oakland,1,True,True,D,BROADSIDE,,Saturday,,,,,False,False,False,,C,OTHER MOTOR VEHICLE,,0,0,A,DAYLIGHT,,,,,,,A,NO PEDESTRIANS INVOLVED,,A,21801A,,1,22ND AV,1,,,A,,,E 12TH ST,,,A,11/26/2024 11:43:05 AM,1/28/2025 12:09:01 PM,,,2,,,,,,,
4484329,24-041973,2,False,0109,8/21/2024 3:25:00 PM,1525,19X,14,109,Oakland,1,True,True,D,BROADSIDE,,Wednesday,,,,,False,False,True,,C,OTHER MOTOR VEHICLE,,0,0,A,DAYLIGHT,,,,,,,A,NO PEDESTRIANS INVOLVED,,D,,,,5TH AV,1,,,A,,,E 8TH ST,,,A,11/26/2024 11:38:05 AM,1/28/2025 12:09:01 PM,,,2,,,,,,,
4484315,24-042376,2,False,0109,8/23/2024 7:11:00 AM,711,17X,14,109,Oakland,1,True,True,C,REAR END,,Friday,,,M,,False,False,True,,E,PARKED MOTOR VEHICLE,,0,0,C,DARK-STREET LIGHTS,,,,,,,A,NO PEDESTRIANS INVOLVED,,A,22107,,1,14TH AV,1,,,A,N,22.0,14TH AV 3100,F,,D,11/26/2024 11:33:05 AM,1/28/2025 12:09:01 PM,,,2,,,,,,,
4484191,24-043422,2,False,0109,8/30/2024 12:32:00 PM,1232,04X,14,109,Oakland,1,True,True,B,SIDE SWIPE,,Friday,,,,,False,False,False,,C,OTHER MOTOR VEHICLE,,1,0,A,DAYLIGHT,,,,,,,A,NO PEDESTRIANS INVOLVED,,A,21751,,1,19TH ST,1,,,A,N,1.0,LAKESIDE DR,F,,D,11/26/2024 10:38:04 AM,1/28/2025 12:08:55 PM,,,2,,,,,,,
4484172,24-043636,2,False,0109,8/31/2024 8:23:00 PM,2023,31X,14,109,Oakland,1,True,True,E,HIT OBJECT,,Saturday,,,,,False,False,False,,I,FIXED OBJECT,,1,0,C,DARK-STREET LIGHTS,,,,,,,A,NO PEDESTRIANS INVOLVED,,A,22107,,1,HEGENBERGER RD,2,,,A,N,100.0,BALDWIN ST,F,,A,11/26/2024 10:33:04 AM,1/28/2025 12:08:55 PM,,,2,,,,,,,
4484133,9370-2024-03704,1,False,9370,11/18/2024 9:22:00 AM,922,024,14,109,Oakland,1,True,True,C,REAR END,,Monday,NotApplicable,False,,,False,True,False,ALAMEDA SUPERIOR COURT WILEY W. MANUEL COURTHOUSE,C,OTHER MOTOR VEHICLE,,0,0,A,DAYLIGHT,37.849224,-122.230731,,,,,A,NO PEDESTRIANS INVOLVED,11/18/2024 9:22:00 AM,A,VC 22350,False,1,SR-24 W/B TO SR-13 S/B,,,11/26/2024 10:18:38 AM,A,W,488.0,SR-13 S/B,F,,D,11/26/2024 10:18:41 AM,11/26/2024 10:18:41 AM,False,True,4,,11/18/2024 9:27:00 AM,0927,False,,,True
4484080,24-040999,2,False,0109,8/15/2024 5:30:00 PM,1730,05Y,14,109,Oakland,1,True,True,D,BROADSIDE,,Thursday,,,,,False,False,False,,C,OTHER MOTOR VEHICLE,,1,0,A,DAYLIGHT,,,,,,,A,NO PEDESTRIANS INVOLVED,,A,21802A,,1,20TH ST,1,,,A,,,MANDELA PKWY,,,A,11/26/2024 10:03:04 AM,1/28/2025 12:08:56 PM,,,2,,,,,,,
4484068,24-040989,2,False,0109,8/15/2024 3:30:00 PM,1530,31X,14,109,Oakland,1,True,True,D,BROADSIDE,,Thursday,,,,,False,False,False,,C,OTHER MOTOR VEHICLE,,1,0,A,DAYLIGHT,,,,,,,B,CROSSING IN CROSS WALK AT INTERSECTION,,A,22450A,,1,EDES AV,2,,,A,,,ENTERPRISE WY,,,A,11/26/2024 9:58:04 AM,1/28/2025 12:08:56 PM,,,2,,,,,,,
4484017,9370-2024-03700,1,False,9370,11/17/2024 5:00:00 AM,500,008,14,109,Oakland,1,True,True,E,HIT OBJECT,,Sunday,NotApplicable,False,,,False,True,True,ALAMEDA SUPERIOR COURT WILEY W. MANUEL COURTHOUSE,I,FIXED OBJECT,CONCRETE BARRIER WALL,0,0,C,DARK-STREET LIGHTS,37.828139,-122.294255,,,,,A,NO PEDESTRIANS INVOLVED,11/17/2024 5:00:00 AM,A,VC 23152(a),True,1,I-80 E/B,,,11/26/2024 9:40:08 AM,B,W,3660.0,POWELL ST,F,,D,11/26/2024 9:40:11 AM,11/26/2024 9:40:11 AM,False,True,4,,11/17/2024 5:19:00 AM,0519,True,EMBEDDED,,True
4483940,9370-2024-03699,1,False,9370,11/16/2024 11:00:00 PM,2300,024,14,109,Oakland,1,True,True,C,REAR END,,Saturday,NotApplicable,False,M,,False,True,False,ALAMEDA SUPERIOR COURT WILEY W. MANUEL COURTHOUSE,C,OTHER MOTOR VEHICLE,,0,0,C,DARK-STREET LIGHTS,37.856684,-122.214538,,,,,A,NO PEDESTRIANS INVOLVED,11/16/2024 11:00:00 PM,A,VC 22350,False,1,SR-24 EASTBOUND (CALDECOTT TUNNEL BORE #2),,,11/26/2024 9:13:32 AM,A,E,1043.0,CALDECOTT TUNNEL ENTRANCE BORE #2,F,,D,11/26/2024 9:13:34 AM,11/26/2024 9:13:34 AM,False,True,4,False,11/16/2024 11:09:00 PM,2309,False,,,True
4483917,9370-2024-03603,1,False,9370,11/9/2024 5:55:00 AM,555,176,14,109,Oakland,1,True,True,C,REAR END,,Saturday,Yes,False,,,False,True,False,ALAMEDA SUPERIOR COURT WILEY W. MANUEL COURTHOUSE,C,OTHER MOTOR VEHICLE,,2,0,C,DARK-STREET LIGHTS,37.746833,-122.201612,,,,,A,NO PEDESTRIANS INVOLVED,11/9/2024 5:55:00 AM,A,VC 22350,False,1,I-880 N/B,,,11/26/2024 9:05:03 AM,A,N,2500.0,HEGENBERGER RD,F,,D,11/26/2024 9:05:10 AM,11/26/2024 9:05:10 AM,False,True,4,,11/9/2024 5:59:00 AM,0559,False,,,True
4483859,9370-2024-03697,1,False,9370,11/16/2024 9:25:00 PM,2125,055,14,109,Oakland,1,True,True,E,HIT OBJECT,,Saturday,Yes,False,,,False,True,True,ALAMEDA SUPERIOR COURT WILEY W. MANUEL COURTHOUSE,I,FIXED OBJECT,SMART CUSHION INNOVATIONS,0,0,C,DARK-STREET LIGHTS,37.826683,-122.287384,,,,,A,NO PEDESTRIANS INVOLVED,11/16/2024 9:25:00 PM,A,VC 23152(a),True,1,I-580 W/B,,,11/26/2024 8:47:34 AM,A,W,820.0,HOLLIS STREET,F,,D,11/26/2024 8:47:39 AM,11/26/2024 8:47:39 AM,False,True,4,,11/16/2024 9:29:00 PM,2129,False,,,True
4483855,9370-2024-03564,1,False,9370,11/6/2024 5:40:00 AM,540,176,14,109,Oakland,1,True,True,B,SIDE SWIPE,,Wednesday,Yes,False,M,,False,True,True,ALAMEDA SUPERIOR COURT WILEY W. MANUEL COURTHOUSE,C,OTHER MOTOR VEHICLE,,1,0,A,DAYLIGHT,37.773856,-122.22974,,,,,A,NO PEDESTRIANS INVOLVED,11/6/2024 5:40:00 AM,A,VC 21658(A),False,1,I-880 N/B,,,11/26/2024 8:45:14 AM,A,S,1142.0,FRUITVALE AVENUE,F,,D,11/26/2024 8:45:17 AM,11/26/2024 8:45:17 AM,False,True,4,True,11/6/2024 5:50:00 AM,0550,False,,,True
4483645,9370-2024-03683,1,False,9370,11/1/2024 2:35:00 AM,235,024,14,109,Oakland,1,True,True,E,HIT OBJECT,,Friday,NotApplicable,False,M,,False,True,True,ALAMEDA SUPERIOR COURT WILEY W. MANUEL COURTHOUSE,I,FIXED OBJECT,CONCRETE BARRIER WALL,0,0,C,DARK-STREET LIGHTS,37.853425,-122.221632,,,,,A,NO PEDESTRIANS INVOLVED,11/1/2024 2:35:00 AM,A,VC 22107,False,1,SR-24 W/B,,,11/26/2024 7:10:58 AM,A,E,1050.0,KAY STREET,F,,D,11/26/2024 7:10:59 AM,11/26/2024 7:10:59 AM,False,True,4,False,11/1/2024 2:40:00 AM,0240,False,,,True
4483586,9370-2024-03691,1,False,9370,11/16/2024 5:10:00 PM,1710,055,14,109,Oakland,1,True,True,C,REAR END,,Saturday,NotApplicable,False,,,False,True,False,ALAMEDA SUPERIOR COURT WILEY W. MANUEL COURTHOUSE,D,MOTOR VEHICLE ON OTHER ROADWAY,,0,0,C,DARK-STREET LIGHTS,37.826695,-122.288097,,,,,A,NO PEDESTRIANS INVOLVED,11/16/2024 5:10:00 PM,A,VC 22350,False,1,I-580 W/B TO I-80 E/B,,,11/26/2024 6:35:44 AM,A,E,340.0,MANDELA PKWY,F,,D,11/26/2024 6:35:47 AM,11/26/2024 6:35:47 AM,False,True,4,,11/16/2024 5:13:00 PM,1713,False,,,True
4483581,24-024911,2,False,0109,5/20/2024 3:30:00 PM,1530,17Y,14,109,Oakland,1,True,True,D,BROADSIDE,,Monday,,,M,,False,False,False,,C,OTHER MOTOR VEHICLE,,1,0,A,DAYLIGHT,,,,,,,A,NO PEDESTRIANS INVOLVED,,A,23152,,1,21ST ST,1,,,A,,,23RD AV,,,A,11/26/2024 6:33:02 AM,1/28/2025 12:08:22 PM,,,2,,,,,,,
4483535,9370-2024-03737,1,False,9370,11/16/2024 1:35:00 PM,1335,055,14,109,Oakland,1,True,True,C,REAR END,,Saturday,NotApplicable,False,,,False,True,False,ALAMEDA SUPERIOR COURT WILEY W. MANUEL COURTHOUSE,C,OTHER MOTOR VEHICLE,,0,0,A,DAYLIGHT,37.823076,-122.26187,,,,,A,NO PEDESTRIANS INVOLVED,11/16/2024 1:35:00 PM,A,VC 21658(A),False,1,I-580 W/B,,,11/26/2024 5:28:49 AM,A,W,280.0,WEBSTER ST,F,,D,11/26/2024 5:28:54 AM,11/26/2024 5:28:54 AM,False,True,4,,11/16/2024 1:38:00 PM,1338,False,,,True
4483532,9370-2024-03687,1,False,9370,11/16/2024 8:10:00 AM,810,055,14,109,Oakland,1,True,True,E,HIT OBJECT,,Saturday,NotApplicable,False,,,False,True,True,ALAMEDA SUPERIOR COURT WILEY W. MANUEL COURTHOUSE,I,FIXED OBJECT,CONCRETE CENTER DIVIDE,0,0,A,DAYLIGHT,37.825998,-122.275799,,,,,A,NO PEDESTRIANS INVOLVED,11/16/2024 8:10:00 AM,A,VC 22107,False,1,I-580 E/B,,,11/26/2024 5:21:11 AM,A,W,168.0,MARKET ST,F,,D,11/26/2024 5:21:15 AM,11/26/2024 5:21:15 AM,False,True,4,,11/16/2024 8:18:00 AM,0818,True,EMBEDDED,,True
4483529,9370-2024-03689,1,False,9370,11/16/2024 5:30:00 AM,530,177,14,109,Oakland,1,True,True,B,SIDE SWIPE,,Saturday,NotApplicable,False,,,False,True,False,ALAMEDA SUPERIOR COURT WILEY W. MANUEL COURTHOUSE,C,OTHER MOTOR VEHICLE,,0,0,B,DUSK-DAWN,37.79975,-122.277915,,,,,A,NO PEDESTRIANS INVOLVED,11/16/2024 5:30:00 AM,A,VC 21658(A),False,1,I-880 N/B,,,11/26/2024 5:16:13 AM,A,S,1650.0,MARKET STREET,F,,D,11/26/2024 5:16:14 AM,11/26/2024 5:16:14 AM,False,True,4,,11/16/2024 5:35:00 AM,0535,False,,,True
4483526,9370-2024-03664,1,False,9370,11/14/2024 7:20:00 AM,720,177,14,109,Oakland,1,True,True,C,REAR END,,Thursday,NotApplicable,False,,,False,True,False,ALAMEDA SUPERIOR COURT WILEY W. MANUEL COURTHOUSE,C,OTHER MOTOR VEHICLE,,2,0,A,DAYLIGHT,37.795904,-122.268112,,,,,A,NO PEDESTRIANS INVOLVED,11/14/2024 7:20:00 AM,A,VC 22350,False,1,I-880 N/B,,,11/26/2024 4:55:57 AM,A,N,75.0,MADISON ST,F,,D,11/26/2024 4:56:02 AM,11/26/2024 4:56:02 AM,False,True,4,,11/14/2024 7:25:00 AM,0725,False,,,False
4483112,24-048770,2,False,0109,9/29/2024 6:11:00 PM,1811,35Y,14,109,Oakland,1,True,True,B,SIDE SWIPE,,Sunday,,,,,False,False,False,,E,PARKED MOTOR VEHICLE,,0,0,A,DAYLIGHT,,,,,,,A,NO PEDESTRIANS INVOLVED,,A,22107,,1,MOUNTAIN BL,2,,,A,W,170.0,SHONE AV,F,,D,11/25/2024 3:18:01 PM,1/28/2025 12:08:50 PM,,,2,,,,,,,
4483048,24-047940,2,False,0109,9/24/2024 4:59:00 PM,1659,17X,14,109,Oakland,1,True,True,A,HEAD-ON,,Tuesday,,,M,,False,False,False,,E,PARKED MOTOR VEHICLE,,0,0,A,DAYLIGHT,,,,,,,A,NO PEDESTRIANS INVOLVED,,A,22107,,1,11TH AV,1,,,A,N,30.0,E 24TH ST,F,,B,11/25/2024 2:48:01 PM,1/28/2025 12:08:50 PM,,,2,,,,,,,
4483047,24-046283,2,False,0109,9/15/2024 9:23:00 PM,2123,21X,14,109,Oakland,1,True,True,B,SIDE SWIPE,,Sunday,,,M,,False,False,False,,E,PARKED MOTOR VEHICLE,,0,0,C,DARK-STREET LIGHTS,,,,,,,A,NO PEDESTRIANS INVOLVED,,A,22106,,1,E 27TH ST,2,,,A,W,60.0,COOLIDGE AV,F,,D,11/25/2024 2:48:01 PM,1/28/2025 12:08:50 PM,,,2,,,,,,,
4482872,24-048608,2,False,0109,9/28/2024 2:00:00 PM,1400,02X,14,109,Oakland,1,True,True,A,HEAD-ON,,Saturday,,,,,False,False,False,,C,OTHER MOTOR VEHICLE,,0,0,A,DAYLIGHT,,,,,,,A,NO PEDESTRIANS INVOLVED,,A,21801A,,1,12TH ST,1,,,A,,,MARKET ST,,,A,11/25/2024 1:53:01 PM,1/28/2025 12:08:50 PM,,,2,,,,,,,
4482860,24-048150,2,False,0109,9/25/2024 7:58:00 PM,1958,19X,14,109,Oakland,1,True,True,B,SIDE SWIPE,,Wednesday,,,M,,False,False,False,,E,PARKED MOTOR VEHICLE,,0,0,C,DARK-STREET LIGHTS,,,,,,,A,NO PEDESTRIANS INVOLVED,,A,22107,,1,E 15TH ST,1,,,A,,,11TH AV,,,D,11/25/2024 1:48:01 PM,1/28/2025 12:08:50 PM,,,2,,,,,,,
4482810,24-046965,2,False,0109,9/18/2024 5:20:00 PM,1720,19X,14,109,Oakland,1,True,True,A,HEAD-ON,,Wednesday,,,,,False,False,False,,C,OTHER MOTOR VEHICLE,,0,0,A,DAYLIGHT,,,,,,,A,NO PEDESTRIANS INVOLVED,,A,21802A,,1,DENNISON ST,2,,,A,,,COTTON ST,,,D,11/25/2024 1:33:01 PM,1/28/2025 12:08:31 PM,,,2,,,,,,,
4482782,24-047155,2,False,0109,9/20/2024 9:39:00 PM,2139,22X,14,109,Oakland,1,True,True,C,REAR END,,Friday,,,M,,False,False,False,,C,OTHER MOTOR VEHICLE,,0,0,A,DAYLIGHT,,,,,,,A,NO PEDESTRIANS INVOLVED,,A,22350,,1,MONTANA ST,2,,,A,,,COOLIDGE AV,,,A,11/25/2024 1:23:01 PM,1/28/2025 12:08:50 PM,,,2,,,,,,,
4482661,24-044028,2,False,0109,9/3/2024 11:30:00 AM,1130,02Y,14,109,Oakland,1,True,True,B,SIDE SWIPE,,Tuesday,,,F,,False,False,False,,E,PARKED MOTOR VEHICLE,,0,0,A,DAYLIGHT,,,,,,,A,NO PEDESTRIANS INVOLVED,,A,22107,,1,7TH ST,1,,,A,E,200.0,FILBERT ST,F,,D,11/25/2024 12:28:00 PM,1/28/2025 12:08:50 PM,,,2,,,,,,,
4482603,24-048803,2,False,0109,9/29/2024 10:00:00 PM,2200,17X,14,109,Oakland,1,True,True,B,SIDE SWIPE,,Sunday,,,M,,False,False,False,,C,OTHER MOTOR VEHICLE,,0,0,C,DARK-STREET LIGHTS,,,,,,,,,,A,22107,,1,14TH AV,1,,,A,S,60.0,21ST ST,F,,A,11/25/2024 12:03:00 PM,1/28/2025 12:08:51 PM,,,2,,,,,,,
4482597,24-028239,2,False,0109,6/7/2024 7:20:00 PM,1920,23X,14,109,Oakland,1,True,True,A,HEAD-ON,,Friday,,,M,,False,False,False,,C,OTHER MOTOR VEHICLE,,0,0,A,DAYLIGHT,,,,,,,A,NO PEDESTRIANS INVOLVED,,A,22107,,1,FRUITVALE AV,2,,,A,,,FOOTHILL BL,,,A,11/25/2024 11:58:00 AM,1/28/2025 12:09:59 PM,,,2,,,,,,,
4482523,24-049414,2,False,0109,10/3/2024 3:49:00 PM,1549,20X,14,109,Oakland,1,True,True,C,REAR END,,Thursday,,,,,False,False,False,,C,OTHER MOTOR VEHICLE,,1,0,A,DAYLIGHT,,,,,,,A,NO PEDESTRIANS INVOLVED,,A,22350,,1,FOOTHILL BL,2,,,A,W,50.0,FRUITVALE AV,F,,D,11/25/2024 11:23:00 AM,1/28/2025 12:08:31 PM,,,2,,,,,,,
4482471,24-050283,2,False,0109,10/9/2024 6:30:00 AM,630,26X,14,109,Oakland,1,True,True,D,BROADSIDE,,Wednesday,,,,,False,False,False,,C,OTHER MOTOR VEHICLE,,2,0,A,DAYLIGHT,,,,,,,A,NO PEDESTRIANS INVOLVED,,A,21453A,,1,SAN LEANDRO ST,2,,,A,,,66TH AV,,,A,11/25/2024 11:08:00 AM,1/28/2025 12:08:31 PM,,,2,,,,,,,
4482191,24-042697,2,False,0109,8/26/2024 4:28:00 AM,428,26Y,14,109,Oakland,1,True,True,A,HEAD-ON,,Monday,,,,,False,False,False,,I,FIXED OBJECT,,0,0,C,DARK-STREET LIGHTS,,,,,,,A,NO PEDESTRIANS INVOLVED,,C,,,,INTERNATIONAL BL,2,,,A,W,100.0,73RD BL,F,,A,11/25/2024 9:47:58 AM,1/28/2025 12:08:48 PM,,,2,,,,,,,
4482184,24-042825,2,False,0109,8/26/2024 9:31:00 PM,2131,15X,14,109,Oakland,1,True,True,B,SIDE SWIPE,,Monday,,,,,False,False,False,,C,OTHER MOTOR VEHICLE,,0,0,B,DUSK-DAWN,,,,,,,A,NO PEDESTRIANS INVOLVED,,A,22350,,1,LAKESHORE AV,1,,,A,S,20.0,EL EMBARCADERO,F,,D,11/25/2024 9:42:58 AM,1/28/2025 12:08:48 PM,,,2,,,,,,,
4482023,24-050364,2,False,0109,9/27/2024 6:45:00 PM,1845,23X,14,109,Oakland,1,True,True,C,REAR END,,Friday,,,,,False,False,False,,C,OTHER MOTOR VEHICLE,,0,0,B,DUSK-DAWN,,,,,,,A,NO PEDESTRIANS INVOLVED,,D,,,,FRUITVALE AV,2,,,A,,,E 16TH ST,,,D,11/25/2024 8:52:57 AM,1/28/2025 11:58:06 AM,,,2,,,,,,,
4482018,9370-2024-03685,1,False,9370,11/15/2024 9:40:00 PM,2140,901,14,109,Oakland,1,True,True,H,OTHER,BACKING,Friday,NotApplicable,False,M,,False,False,False,ALAMEDA SUPERIOR COURT WILEY W. MANUEL COURTHOUSE,E,PARKED MOTOR VEHICLE,,0,0,C,DARK-STREET LIGHTS,37.78178,-122.217228,,,,,A,NO PEDESTRIANS INVOLVED,11/15/2024 9:40:00 PM,A,VC 22515(a),False,1,36TH AVE,,,11/25/2024 8:52:26 AM,A,N,515.0,FOOTHILL BLVD,F,,D,11/25/2024 8:52:27 AM,11/25/2024 8:52:27 AM,True,False,4,,11/15/2024 9:41:00 PM,2141,False,,,
4481969,24-041226,2,False,0109,8/17/2024 1:18:00 AM,118,27X,14,109,Oakland,1,True,True,D,BROADSIDE,,Saturday,,,M,,False,False,False,,C,OTHER MOTOR VEHICLE,,0,0,C,DARK-STREET LIGHTS,,,,,,,A,NO PEDESTRIANS INVOLVED,,A,21453A,,1,50TH AV,2,,,A,,,BANCROFT AV,,,A,11/25/2024 8:32:57 AM,1/28/2025 12:08:31 PM,,,2,,,,,,,
4481913,24-050875,2,False,0109,10/12/2024 11:15:00 AM,1115,04X,14,109,Oakland,1,True,True,D,BROADSIDE,,Saturday,,,,,False,False,False,,C,OTHER MOTOR VEHICLE,,2,0,D,DARK-NO STREET LIGHTS,,,,,,,A,NO PEDESTRIANS INVOLVED,,A,21453A,,,14TH ST,1,,,C,,,JEFFERSON ST,,,A,11/25/2024 8:17:57 AM,1/28/2025 12:08:16 PM,,,2,,,,,,,
4481882,24-050629,2,False,0109,10/11/2024 5:11:00 AM,511,27Y,14,109,Oakland,1,True,True,A,HEAD-ON,,Friday,,,M,,False,False,False,,I,FIXED OBJECT,,0,0,C,DARK-STREET LIGHTS,,,,,,,A,NO PEDESTRIANS INVOLVED,,A,22107,,1,BANCROFT AV,2,,,A,W,100.0,63RD AV,F,,D,11/25/2024 8:07:57 AM,1/28/2025 12:08:31 PM,,,2,,,,,,,
4481784,9370-2024-03681,1,False,9370,11/15/2024 6:00:00 PM,1800,176,14,109,Oakland,1,True,True,C,REAR END,,Friday,NotApplicable,False,,,False,True,False,ALAMEDA SUPERIOR COURT WILEY W. MANUEL COURTHOUSE,C,OTHER MOTOR VEHICLE,,0,0,D,DARK-NO STREET LIGHTS,37.766664,-122.218884,,,,,A,NO PEDESTRIANS INVOLVED,11/15/2024 6:00:00 PM,A,VC 22350,False,1,I-880 N/B,,,11/25/2024 7:21:52 AM,A,S,70.0,HIGH STREET,F,,D,11/25/2024 7:21:54 AM,11/25/2024 7:21:54 AM,False,True,4,,11/15/2024 6:05:00 PM,1805,False,,,True
4481727,24-047477,2,False,0109,9/21/2024 11:03:00 PM,2303,32X,14,109,Oakland,1,True,True,D,BROADSIDE,,Saturday,,,M,,False,False,False,,C,OTHER MOTOR VEHICLE,,3,0,C,DARK-STREET LIGHTS,,,,,,,A,NO PEDESTRIANS INVOLVED,,A,21453A,,1,98TH AV,2,,,A,,,MACARTHUR BL,,,A,11/25/2024 6:52:56 AM,1/28/2025 12:08:41 PM,,,2,,,,,,,
4481711,24-045957,2,False,0109,9/19/2024 8:00:00 PM,2000,30X,14,109,Oakland,1,True,True,B,SIDE SWIPE,,Thursday,,,F,,False,False,False,,C,OTHER MOTOR VEHICLE,,1,0,A,DAYLIGHT,,,,,,,E,IN ROAD - INCLUDES SHOULDER,,A,22107,,1,73RD AV,2,,,A,S,15.0,HOLLY ST,F,,D,11/25/2024 6:47:56 AM,1/28/2025 12:08:41 PM,,,2,,,,,,,
4481703,9370-2024-03684,1,False,9370,11/15/2024 5:50:00 PM,1750,055,14,109,Oakland,1,True,True,C,REAR END,,Friday,NotApplicable,False,,,False,True,True,ALAMEDA SUPERIOR COURT WILEY W. MANUEL COURTHOUSE,C,OTHER MOTOR VEHICLE,,1,0,C,DARK-STREET LIGHTS,37.820258,-122.255456,,,,,A,NO PEDESTRIANS INVOLVED,11/15/2024 5:50:00 PM,A,VC 22350,False,1,I-580 W/B,,,11/25/2024 6:43:27 AM,A,W,500.0,GRAND AVE,F,,A,11/25/2024 6:43:28 AM,11/25/2024 6:43:28 AM,False,True,4,,11/15/2024 6:02:00 PM,1802,False,,,True
4481694,24-045967,2,False,0109,9/13/2024 10:30:00 PM,2230,11X,14,109,Oakland,1,True,True,G,VEHICLE/PEDESTRAIN,,Friday,,,,,False,False,False,,B,PEDESTRIAN,,2,0,C,DARK-STREET LIGHTS,,,,,,,B,CROSSING IN CROSS WALK AT INTERSECTION,,A,21950A,,1,SHATTUCK AV,1,,,A,S,16.0,FAIRVIEW ST,F,,D,11/25/2024 6:37:56 AM,1/28/2025 12:08:42 PM,,,2,,,,,,,
4481678,24-047218,2,False,0109,9/20/2024 10:08:00 AM,1008,19X,14,109,Oakland,1,True,True,G,VEHICLE/PEDESTRAIN,,Friday,,,F,,False,False,False,,B,PEDESTRIAN,,1,0,A,DAYLIGHT,,,,,,,B,CROSSING IN CROSS WALK AT INTERSECTION,,A,21955,,1,13TH AV,2,,,A,N,2.0,INTERNATIONAL BL,F,,A,11/25/2024 6:27:56 AM,1/28/2025 12:08:41 PM,,,2,,,,,,,
4481619,9370-2024-03635,1,False,9370,11/12/2024 8:35:00 AM,835,176,14,109,Oakland,1,True,True,C,REAR END,,Tuesday,NotApplicable,False,,,False,True,False,ALAMEDA SUPERIOR COURT WILEY W. MANUEL COURTHOUSE,C,OTHER MOTOR VEHICLE,,0,0,A,DAYLIGHT,37.765838,-122.218611,,,,,A,NO PEDESTRIANS INVOLVED,11/12/2024 8:35:00 AM,A,VC 22350,False,1,I-880 S/B,,,11/25/2024 5:37:27 AM,A,S,950.0,HIGH STREET,F,,D,11/25/2024 5:37:30 AM,11/25/2024 5:37:30 AM,False,True,4,,11/12/2024 8:40:00 AM,0840,False,,,True
4480761,24052877,2,False,0109,10/24/2024 10:14:00 AM,1014,19X,14,109,Oakland,1,True,True,B,SIDE SWIPE,,Thursday,,,M,,False,False,True,,E,PARKED MOTOR VEHICLE,,0,0,A,DAYLIGHT,,,,,,,A,NO PEDESTRIANS INVOLVED,,A,22107,,1,18TH AV,1,,,D,,,MARIN WY,,,D,11/22/2024 3:12:50 PM,1/28/2025 12:03:50 PM,,,2,,,,,,,
4480674,24-034644,2,False,0109,7/11/2024 5:15:00 PM,1715,10X,14,109,Oakland,1,True,True,D,BROADSIDE,,Thursday,,,,,False,False,False,,C,OTHER MOTOR VEHICLE,,2,0,A,DAYLIGHT,,,,,,,A,NO PEDESTRIANS INVOLVED,,A,21802A,,1,MARTIN LUTHER KING JR WY,1,,,A,,,54TH ST,,,C,11/22/2024 2:12:50 PM,1/28/2025 11:49:20 AM,,,2,,,,,,,