collision-id,report-number,report-version,is-preliminary,ncic-code,crash-date-time,crash-time-description,beat,city-id,city-code,city-name,county-code,city-is-active,city-is-incorporated,collision-type-code,collision-type-description,collision-type-other-desc,day-of-week,dispatch-notified,has-photographs,hit-run,is-attachments-mailed,is-deleted,is-highway-related,is-tow-away,judicial-district,motor-vehicle-involved-with-code,motor-vehicle-involved-with-desc,motor-vehicle-involved-with-other-desc,number-injured,number-killed,lighting-code,lighting-description,latitude,longitude,milepost-direction,milepost-distance,milepost-marker,milepost-unit-of-measure,pedestrian-action-code,pedestrian-action-desc,prepared-date,primary-collision-factor-code,primary-collision-factor-description,primary-collision-factor-is-cited,primary-collision-party-number,primary-road,reporting-district,reporting-district-code,reviewed-date,roadway-surface-code,secondary-direction,secondary-distance,secondary-road,secondary-unit-of-measure,sketch-desc,traffic-control-device-code,created-date,modified-date,is-county-road,is-freeway,chp-555-version,is-additonal-object-struck,notification-date,notification-time-description,has-digital-media-files,evidence-number,is-location-refer-to-narrative,is-aoi-one-same-as-location
4480651,24-052347,2,False,0109,10/21/2024 7:38:00 PM,1938,26X,14,109,Oakland,1,True,True,A,HEAD-ON,,Monday,,,M,,False,False,True,,E,PARKED MOTOR VEHICLE,,0,0,C,DARK-STREET LIGHTS,,,,,,,A,NO PEDESTRIANS INVOLVED,,A,22107,,1,HAMILTON ST,2,,,A,W,5.0,70TH AV,F,,D,11/22/2024 2:02:49 PM,1/28/2025 11:57:52 AM,,,2,,,,,,,
4480644,9335-2024-02671,1,False,9335,11/15/2024 3:29:00 PM,1529,082,14,109,Oakland,1,True,True,B,SIDE SWIPE,,Friday,NotApplicable,False,,,False,True,False,ALAMEDA SUPERIOR COURT ALAMEDA,C,OTHER MOTOR VEHICLE,,2,0,A,DAYLIGHT,37.822785,-122.322226,,,,,A,NO PEDESTRIANS INVOLVED,11/15/2024 3:29:00 PM,D,,,,I-80 W/B,,,11/22/2024 1:58:16 PM,A,W,0.28,SFOBB METERING LIGHTS,M,,D,11/22/2024 1:58:21 PM,11/22/2024 1:58:21 PM,False,True,4,,11/15/2024 3:40:00 PM,1540,False,,,True
4480641,24-052213,2,False,0109,10/21/2024 8:30:00 AM,830,03X,14,109,Oakland,1,True,True,D,BROADSIDE,,Monday,,,,,False,False,False,,C,OTHER MOTOR VEHICLE,,0,0,B,DUSK-DAWN,,,,,,,A,NO PEDESTRIANS INVOLVED,,A,21453A,,1,6TH ST,1,,,A,,,MADISON AV,,,A,11/22/2024 1:57:49 PM,1/28/2025 11:57:52 AM,,,2,,,,,,,
4480629,24-050836,2,False,0109,10/12/2024 1:54:00 AM,154,27Y,14,109,Oakland,1,True,True,A,HEAD-ON,,Saturday,,,,,False,False,False,,D,MOTOR VEHICLE ON OTHER ROADWAY,,0,0,C,DARK-STREET LIGHTS,,,,,,,A,NO PEDESTRIANS INVOLVED,,A,22350,,1,SEMINARY AV,2,,,A,N,10.0,HARMON AV,F,,A,11/22/2024 1:52:49 PM,1/28/2025 11:57:52 AM,,,2,,,,,,,
4480613,24-050204,2,False,0109,10/8/2024 1:30:00 PM,1330,01X,14,109,Oakland,1,True,True,B,SIDE SWIPE,,Tuesday,,,M,,False,False,False,,C,OTHER MOTOR VEHICLE,,0,0,A,DAYLIGHT,,,,,,,A,NO PEDESTRIANS INVOLVED,,A,22107,,1,JACKSON ST,1,,,A,N,40.0,4TH ST,F,,D,11/22/2024 1:47:49 PM,1/28/2025 11:57:52 AM,,,2,,,,,,,
4480395,24-053894,2,False,0109,10/29/2024 10:47:00 PM,2247,12X,14,109,Oakland,1,True,True,A,HEAD-ON,,Tuesday,,,,,False,False,False,,I,FIXED OBJECT,,0,0,B,DUSK-DAWN,,,,,,,A,NO PEDESTRIANS INVOLVED,,A,22107,,1,COLLEGE AVE,2,,,A,,,MILES AV,,,A,11/22/2024 11:32:48 AM,1/28/2025 11:57:52 AM,,,2,,,,,,,
4480386,24-049855,4,False,0109,10/6/2024 4:04:00 PM,1604,22X,14,109,Oakland,1,True,True,C,REAR END,,Sunday,,,M,,False,False,False,,C,OTHER MOTOR VEHICLE,,0,0,A,DAYLIGHT,,,,,,,A,NO PEDESTRIANS INVOLVED,,A,22350,,1,FRUITVALE AV,1,,,A,N,1.0,MONTANA ST,F,,A,11/22/2024 11:27:48 AM,1/28/2025 11:57:52 AM,,,2,,,,,,,
4480380,24-051244,3,False,0109,10/14/2024 9:57:00 PM,2157,26X,14,109,Oakland,1,True,True,D,BROADSIDE,,Monday,,,M,,False,False,False,,C,OTHER MOTOR VEHICLE,,0,0,C,DARK-STREET LIGHTS,,,,,,,A,NO PEDESTRIANS INVOLVED,,A,22450A,,1,71ST AV,2,,,A,,,HERBERT GUICE WY,,,D,11/22/2024 11:27:48 AM,1/28/2025 11:57:52 AM,,,2,,,,,,,
4480365,24-045974,2,False,0109,9/13/2024 6:15:00 PM,1815,09X,14,109,Oakland,1,True,True,E,HIT OBJECT,,Friday,,,F,,False,False,True,,I,FIXED OBJECT,,0,0,A,DAYLIGHT,,,,,,,A,NO PEDESTRIANS INVOLVED,,A,22107,,1,PLEASANT VALLEY AV,1,,,A,W,36.0,PIEDMONT AV,F,,A,11/22/2024 11:22:48 AM,1/28/2025 12:09:50 PM,,,2,,,,,,,
4480346,24-052284,4,False,0109,10/21/2024 2:10:00 PM,1410,26X,14,109,Oakland,1,True,True,C,REAR END,,Monday,,,M,,False,False,False,,C,OTHER MOTOR VEHICLE,,0,0,A,DAYLIGHT,,,,,,,A,NO PEDESTRIANS INVOLVED,,A,22350,,1,47TH AV,2,,,A,N,10.0,12TH ST,F,,D,11/22/2024 11:12:48 AM,1/28/2025 11:57:52 AM,,,2,,,,,,,
4480128,24-052642,2,False,0109,10/22/2024 8:40:00 PM,2040,07X,14,109,Oakland,1,True,True,D,BROADSIDE,,Tuesday,,,M,,False,False,False,,C,OTHER MOTOR VEHICLE,,0,0,C,DARK-STREET LIGHTS,,,,,,,A,NO PEDESTRIANS INVOLVED,,A,21801A,,1,ADELINE ST,1,,,A,N,270.0,28TH ST,F,,D,11/22/2024 9:42:47 AM,1/28/2025 11:57:52 AM,,,2,,,,,,,
4480111,24-052847,3,False,0109,10/24/2024 4:55:00 AM,455,03X,14,109,Oakland,1,True,True,C,REAR END,,Thursday,,,M,,False,False,False,,C,OTHER MOTOR VEHICLE,,0,0,C,DARK-STREET LIGHTS,,,,,,,A,NO PEDESTRIANS INVOLVED,,A,22350,,1,12TH ST,1,,,A,E,10.0,HARRISON ST,F,,A,11/22/2024 9:37:47 AM,1/28/2025 11:57:52 AM,,,2,,,,,,,
4480103,24-053458,2,False,0109,10/27/2024 4:12:00 PM,1612,06X,14,109,Oakland,1,True,True,A,HEAD-ON,,Sunday,,,M,,False,False,True,,E,PARKED MOTOR VEHICLE,,0,0,A,DAYLIGHT,,,,,,,A,NO PEDESTRIANS INVOLVED,,A,22107,,1,31ST ST,1,,,A,W,20.0,WEST ST,F,,D,11/22/2024 9:32:46 AM,1/28/2025 11:57:52 AM,,,2,,,,,,,
4479945,24-042592,2,False,0109,8/25/2024 2:10:00 PM,1410,32X,14,109,Oakland,1,True,True,D,BROADSIDE,,Sunday,,,,,False,False,False,,C,OTHER MOTOR VEHICLE,,1,0,A,DAYLIGHT,,,,,,,A,NO PEDESTRIANS INVOLVED,,A,22350,,1,98TH AV,2,,,A,,,MEDFORD AV,,,A,11/22/2024 8:42:46 AM,1/28/2025 12:08:19 PM,,,2,,,,,,,
4479935,9370-2024-03680,1,False,9370,11/15/2024 1:45:00 AM,145,177,14,109,Oakland,1,True,True,E,HIT OBJECT,,Friday,NotApplicable,False,,,False,True,False,ALAMEDA SUPERIOR COURT WILEY W. MANUEL COURTHOUSE,J,OTHER OBJECT,TIRE DEBRIS,0,0,C,DARK-STREET LIGHTS,37.798884,-122.275513,,,,,A,NO PEDESTRIANS INVOLVED,11/15/2024 1:45:00 AM,C,,,,INTERSTATE 880 NORTHBOUND,,,11/22/2024 8:38:30 AM,A,N,191.0,BROADWAY,F,,D,11/22/2024 8:38:32 AM,11/22/2024 8:38:32 AM,False,True,4,False,11/15/2024 1:50:00 AM,0150,False,,,True
4479933,24-042620,2,False,0109,8/25/2024 5:34:00 PM,1734,08X,14,109,Oakland,1,True,True,D,BROADSIDE,,Sunday,,,,,False,False,False,,C,OTHER MOTOR VEHICLE,,1,0,A,DAYLIGHT,,,,,,,A,NO PEDESTRIANS INVOLVED,,A,21802A,,1,BROADWAY,1,,,A,,,24TH ST,,,A,11/22/2024 8:37:46 AM,1/28/2025 12:08:19 PM,,,2,,,,,,,
4479918,24-042587,2,False,0109,8/25/2024 1:50:00 PM,1350,19X,14,109,Oakland,1,True,True,D,BROADSIDE,,Sunday,,,,,False,False,False,,C,OTHER MOTOR VEHICLE,,1,0,A,DAYLIGHT,,,,,,,A,NO PEDESTRIANS INVOLVED,,A,22107,,1,18TH AV,1,,,A,,,INTERNATIONAL BL,,,A,11/22/2024 8:32:46 AM,1/28/2025 12:08:20 PM,,,2,,,,,,,
4479911,9370-2024-03666,1,False,9370,11/14/2024 11:15:00 AM,1115,176,14,109,Oakland,1,True,True,C,REAR END,,Thursday,NotApplicable,False,,,False,True,True,ALAMEDA SUPERIOR COURT WILEY W. MANUEL COURTHOUSE,C,OTHER MOTOR VEHICLE,,0,0,A,DAYLIGHT,37.779166,-122.236922,,,,,A,NO PEDESTRIANS INVOLVED,11/14/2024 11:15:00 AM,A,VC 22350,False,1,I-880 N/B TO 23RD AVENUE OFF RAMP,,,11/22/2024 8:28:06 AM,B,S,330.0,E. 11TH STREET,F,,A,11/22/2024 8:28:09 AM,11/22/2024 8:28:09 AM,False,True,4,,11/14/2024 11:40:00 AM,1140,True,EMBEDDED,,True
4479881,24-042832,2,False,0109,8/26/2024 10:44:00 PM,2244,04X,14,109,Oakland,1,True,True,D,BROADSIDE,,Monday,,,F,,False,False,False,,G,BICYCLE,,1,0,E,DARK-STREET LIGHTS NOT FUNCTIONING*,,,,,,,B,CROSSING IN CROSS WALK AT INTERSECTION,,A,22107,,1,14TH ST,1,,,A,,,CASTRO ST,,,A,11/22/2024 8:17:46 AM,1/28/2025 12:08:19 PM,,,2,,,,,,,
4479852,24-042665,2,False,0109,8/25/2024 10:31:00 PM,2231,10X,14,109,Oakland,1,True,True,C,REAR END,,Sunday,,,,,False,False,False,,C,OTHER MOTOR VEHICLE,,1,0,C,DARK-STREET LIGHTS,,,,,,,E,IN ROAD - INCLUDES SHOULDER,,A,22350,,1,COLLEGE AV,1,,,A,E,6.0,63RD ST,F,,A,11/22/2024 8:07:46 AM,1/28/2025 12:08:19 PM,,,2,,,,,,,
4479818,24-039705,2,False,0109,8/9/2024 8:46:00 AM,846,01X,14,109,Oakland,1,True,True,A,HEAD-ON,,Friday,,,,,False,False,False,,B,PEDESTRIAN,,1,0,A,DAYLIGHT,,,,,,,C,CROSSING IN CROSS WALK - NOT AT INTERSECTION,,A,21954,,1,5TH ST,1,,,A,W,200.0,CLAY ST,F,,D,11/22/2024 7:47:46 AM,1/28/2025 12:08:20 PM,,,2,,,,,,,
4479786,24-043171,2,False,0109,8/28/2024 11:19:00 PM,2319,33X,14,109,Oakland,1,True,True,D,BROADSIDE,,Wednesday,,,,,False,False,False,,C,OTHER MOTOR VEHICLE,,1,0,C,DARK-STREET LIGHTS,,,,,,,A,NO PEDESTRIANS INVOLVED,,A,21453A,,1,INTERNATIONAL BL,2,,,A,,,105TH AV,,,A,11/22/2024 7:32:46 AM,1/28/2025 12:08:20 PM,,,2,,,,,,,
4479761,24-043056,3,False,0109,8/28/2024 10:53:00 AM,1053,26X,14,109,Oakland,1,True,True,C,REAR END,,Wednesday,,,M,,False,False,False,,C,OTHER MOTOR VEHICLE,,1,0,A,DAYLIGHT,,,,,,,A,NO PEDESTRIANS INVOLVED,,A,22350,,1,SAN LEANDRO BL,2,,,A,,,54TH AV,,,B,11/22/2024 7:22:46 AM,1/28/2025 12:08:20 PM,,,2,,,,,,,
4479756,9370-2024-03663,1,False,9370,11/13/2024 11:53:00 PM,2353,008,14,109,Oakland,1,True,True,D,BROADSIDE,,Wednesday,Yes,False,,,False,True,True,ALAMEDA SUPERIOR COURT WILEY W. MANUEL COURTHOUSE,C,OTHER MOTOR VEHICLE,,0,0,C,DARK-STREET LIGHTS,37.828458,-122.29412,,,,,A,NO PEDESTRIANS INVOLVED,11/13/2024 11:53:00 PM,A,VC 21658(A),False,1,I-80 E/B,,,11/22/2024 7:19:25 AM,A,W,3554.0,POWELL STREET,F,,D,11/22/2024 7:19:28 AM,11/22/2024 7:19:28 AM,False,True,4,,11/13/2024 11:56:00 PM,2356,False,,,True
4479748,24-048440,2,False,0109,9/27/2024 2:10:00 PM,1410,31X,14,109,Oakland,1,True,True,A,HEAD-ON,,Friday,,,,,False,False,False,,C,OTHER MOTOR VEHICLE,,1,0,A,DAYLIGHT,,,,,,,A,NO PEDESTRIANS INVOLVED,,A,21453A,,1,98TH AV,2,,,A,,,RT 880,,,A,11/22/2024 7:17:45 AM,1/28/2025 12:08:18 PM,,,2,,,,,,,
4479741,24-035959,2,False,0109,8/2/2024 12:39:00 PM,1239,29X,14,109,Oakland,1,True,True,A,HEAD-ON,,Friday,,,,,False,False,True,,C,OTHER MOTOR VEHICLE,,1,0,A,DAYLIGHT,,,,,,,A,NO PEDESTRIANS INVOLVED,,A,21460A,,1,FOOTHILL BL,2,,,,E,250.0,60TH AV,F,,D,11/22/2024 7:12:45 AM,1/28/2025 12:08:20 PM,,,2,,,,,,,
4479734,24-048913,2,False,0109,9/30/2024 4:00:00 PM,1600,05Y,14,109,Oakland,1,True,True,D,BROADSIDE,,Monday,,,,,False,False,True,,C,OTHER MOTOR VEHICLE,,2,0,A,DAYLIGHT,,,,,,,A,NO PEDESTRIANS INVOLVED,,A,21802A,,1,20TH ST,1,,,A,,,CAMPBELL ST,,,A,11/22/2024 7:07:45 AM,1/28/2025 12:08:18 PM,,,2,,,,,,,
4479733,24-027765,2,False,0109,6/5/2024 6:52:00 AM,652,27X,14,109,Oakland,1,True,True,B,SIDE SWIPE,,Wednesday,,,,,False,False,False,,C,OTHER MOTOR VEHICLE,,0,0,A,DAYLIGHT,,,,,,,A,NO PEDESTRIANS INVOLVED,,A,21802A,,1,50TH AV,2,,,A,,,BANCROFT AV,,,D,11/22/2024 7:07:45 AM,1/28/2025 12:09:47 PM,,,2,,,,,,,
4479712,24-043380,2,False,0109,8/30/2024 5:13:00 AM,513,17X,14,109,Oakland,1,True,True,D,BROADSIDE,,Friday,,,M,,False,False,False,,C,OTHER MOTOR VEHICLE,,1,0,B,DUSK-DAWN,,,,,,,A,NO PEDESTRIANS INVOLVED,,A,22450A,,1,9TH AV,1,,,A,,,E 21ST ST,,,D,11/22/2024 6:47:45 AM,1/28/2025 12:08:20 PM,,,2,,,,,,,
4479693,24-043508,2,False,0109,8/30/2024 10:44:00 PM,2244,30Y,14,109,Oakland,1,True,True,G,VEHICLE/PEDESTRAIN,,Friday,,,F,,False,False,False,,B,PEDESTRIAN,,1,0,C,DARK-STREET LIGHTS,,,,,,,B,CROSSING IN CROSS WALK AT INTERSECTION,,A,21950A,,1,73RD AV,2,,,A,,,HILLSIDE ST,,,D,11/22/2024 6:37:45 AM,1/28/2025 12:08:20 PM,,,2,,,,,,,
4479692,24-041428,2,False,0109,8/18/2024 11:37:00 AM,1137,19X,14,109,Oakland,1,True,True,D,BROADSIDE,,Sunday,,,,,False,False,False,,C,OTHER MOTOR VEHICLE,,1,0,A,DAYLIGHT,,,,,,,A,NO PEDESTRIANS INVOLVED,,A,21450A,,1,5TH AV,1,,,A,,,INTERNATIONAL BL,,,A,11/22/2024 6:37:45 AM,1/28/2025 12:08:20 PM,,,2,,,,,,,
4479688,24-026158,2,False,0109,5/27/2024 6:19:00 PM,1819,26Y,14,109,Oakland,1,True,True,G,VEHICLE/PEDESTRAIN,,Monday,,,F,,False,False,False,,B,PEDESTRIAN,,1,0,A,DAYLIGHT,,,,,,,D,CROSSING - NOT IN CROSSWALK,,A,21651B,,1,FOOTHILL BL,2,,,A,E,250.0,55TH AV,F,,D,11/22/2024 6:32:45 AM,1/28/2025 12:08:22 PM,,,2,,,,,,,
4479685,9370-2024-03656,1,False,9370,11/13/2024 5:35:00 PM,1735,176,14,109,Oakland,1,True,True,C,REAR END,,Wednesday,NotApplicable,False,,,False,True,False,ALAMEDA SUPERIOR COURT WILEY W. MANUEL COURTHOUSE,C,OTHER MOTOR VEHICLE,,0,0,D,DARK-NO STREET LIGHTS,37.765686,-122.218281,,,,,A,NO PEDESTRIANS INVOLVED,11/13/2024 5:35:00 PM,A,VC 22350,False,1,I-880 N/B,,,11/22/2024 6:31:30 AM,A,S,300.0,HIGH STREET,F,,D,11/22/2024 6:31:31 AM,11/22/2024 6:31:31 AM,False,True,4,,11/13/2024 5:40:00 PM,1740,False,,,True
4479674,24-041325,2,False,0109,8/17/2024 5:16:00 PM,1716,08X,14,109,Oakland,1,True,True,C,REAR END,,Saturday,,,,,False,False,False,,C,OTHER MOTOR VEHICLE,,1,0,A,DAYLIGHT,,,,,,,A,NO PEDESTRIANS INVOLVED,,A,22107,,1,W MACARTHUR BL,1,,,A,E,250.0,MARTIN LUTHER KING JR WY,F,,D,11/22/2024 6:22:45 AM,1/28/2025 12:08:20 PM,,,2,,,,,,,
4479672,24-042757,2,False,0109,8/26/2024 1:05:00 PM,1305,32X,14,109,Oakland,1,True,True,D,BROADSIDE,,Monday,,,,,False,False,False,,C,OTHER MOTOR VEHICLE,,1,0,A,DAYLIGHT,,,,,,,A,NO PEDESTRIANS INVOLVED,,A,21802A,,1,ROYAL ANN ST,2,,,A,,,106TH AV,,,A,11/22/2024 6:17:45 AM,1/28/2025 12:08:20 PM,,,2,,,,,,,
4479661,9370-2024-03640,1,False,9370,11/12/2024 1:00:00 PM,1300,177,14,109,Oakland,1,True,True,C,REAR END,,Tuesday,NotApplicable,False,,,False,True,False,ALAMEDA SUPERIOR COURT WILEY W. MANUEL COURTHOUSE,C,OTHER MOTOR VEHICLE,,0,0,A,DAYLIGHT,37.796638,-122.269794,,,,,A,NO PEDESTRIANS INVOLVED,11/12/2024 1:00:00 PM,A,VC 22350,False,1,I-880 N/B,,,11/22/2024 6:07:20 AM,A,S,2725.0,I-980 E/B,F,,D,11/22/2024 6:07:22 AM,11/22/2024 6:07:22 AM,False,True,4,,11/12/2024 1:04:00 PM,1304,False,,,True
4479322,9335-2024-02702,1,False,9335,11/19/2024 10:12:00 AM,1012,082,14,109,Oakland,1,True,True,B,SIDE SWIPE,,Tuesday,NotApplicable,False,,,False,True,False,ALAMEDA SUPERIOR COURT ALAMEDA,C,OTHER MOTOR VEHICLE,,0,0,A,DAYLIGHT,37.824673,-122.315473,,,,,A,NO PEDESTRIANS INVOLVED,11/19/2024 10:12:00 AM,A,VC 22107,False,1,I-80 W/B,,,11/21/2024 8:22:07 PM,A,E,570.0,SFOBB METERING LIGHTS,F,,A,11/21/2024 8:22:10 PM,11/21/2024 8:22:10 PM,False,True,4,,11/19/2024 10:14:00 AM,1014,False,,,True
4479317,9370-2024-03597,1,False,9370,11/8/2024 10:10:00 AM,1010,177,14,109,Oakland,1,True,True,B,SIDE SWIPE,,Friday,NotApplicable,False,,,False,True,False,ALAMEDA SUPERIOR COURT WILEY W. MANUEL COURTHOUSE,C,OTHER MOTOR VEHICLE,,2,0,A,DAYLIGHT,37.788874,-122.252019,,,,,A,NO PEDESTRIANS INVOLVED,11/8/2024 10:10:00 AM,A,VC 21658(A),False,1,I-880 N/B,,,11/21/2024 8:08:04 PM,A,S,2331.0,5TH AVE,F,,D,11/21/2024 8:08:06 PM,11/21/2024 8:08:06 PM,False,True,4,,11/8/2024 10:16:00 AM,1016,False,,,True
4479315,9370-2024-03595,1,False,9370,11/8/2024 12:12:00 PM,1212,052,14,109,Oakland,1,True,True,B,SIDE SWIPE,,Friday,NotApplicable,False,F,,False,True,False,ALAMEDA SUPERIOR COURT WILEY W. MANUEL COURTHOUSE,C,OTHER MOTOR VEHICLE,,0,0,A,DAYLIGHT,37.753624,-122.150803,,,,,A,NO PEDESTRIANS INVOLVED,11/8/2024 12:12:00 PM,A,VC 21658(A),False,1,I-580 W/B FROM GOLF LINKS ROAD,,,11/21/2024 7:48:00 PM,A,W,50.0,GOLF LINKS RD,F,,D,11/21/2024 7:48:02 PM,11/21/2024 7:48:02 PM,False,True,4,,11/8/2024 12:25:00 PM,1225,False,,,True
4479075,24-041471,2,False,0109,8/18/2024 4:34:00 PM,1634,18X,14,109,Oakland,1,True,True,D,BROADSIDE,,Sunday,,,,,False,False,False,,C,OTHER MOTOR VEHICLE,,1,0,A,DAYLIGHT,,,,,,,A,NO PEDESTRIANS INVOLVED,,A,21802S,,1,22ND AV,1,,,A,,,E 19TH ST,,,A,11/21/2024 2:19:18 PM,1/28/2025 12:08:19 PM,,,2,,,,,,,
4479063,24-041727,2,False,0109,8/20/2024 9:36:00 AM,936,04X,14,109,Oakland,1,True,True,D,BROADSIDE,,Tuesday,,,,,False,False,False,,C,OTHER MOTOR VEHICLE,,2,0,A,DAYLIGHT,,,,,,,A,NO PEDESTRIANS INVOLVED,,A,21453A,,1,17TH ST,1,,,A,,,JEFFERSON ST,,,A,11/21/2024 2:14:18 PM,1/28/2025 12:08:19 PM,,,2,,,,,,,
4479045,24-042508,2,False,0109,8/24/2024 9:19:00 PM,2119,27Y,14,109,Oakland,1,True,True,D,BROADSIDE,,Saturday,,,,,False,False,False,,C,OTHER MOTOR VEHICLE,,1,0,C,DARK-STREET LIGHTS,,,,,,,A,NO PEDESTRIANS INVOLVED,,A,21453A,,1,50TH AV,2,,,A,,,INTERNATIONAL BL,,,A,11/21/2024 2:09:18 PM,1/28/2025 12:08:19 PM,,,2,,,,,,,
4479039,9370-2024-03619,1,False,9370,11/10/2024 7:15:00 PM,1915,008,14,109,Oakland,1,True,True,B,SIDE SWIPE,,Sunday,NotApplicable,False,M,,False,True,False,ALAMEDA SUPERIOR COURT WILEY W. MANUEL COURTHOUSE,C,OTHER MOTOR VEHICLE,,0,0,D,DARK-NO STREET LIGHTS,37.825052,-122.305114,,,,,A,NO PEDESTRIANS INVOLVED,11/10/2024 7:15:00 PM,A,VC 21658(A),False,1,I-80 E/B,,,11/21/2024 2:07:33 PM,A,E,1279.0,WEST GRAND AVENUE OVERCROSSING,F,,D,11/21/2024 2:07:34 PM,11/21/2024 2:07:34 PM,False,True,4,,11/10/2024 7:20:00 PM,1920,False,,,True
4479035,9370-2024-03618,1,False,9370,11/9/2024 6:40:00 PM,1840,055,14,109,Oakland,1,True,True,C,REAR END,,Saturday,No,False,,,False,True,False,ALAMEDA SUPERIOR COURT WILEY W. MANUEL COURTHOUSE,C,OTHER MOTOR VEHICLE,,0,0,C,DARK-STREET LIGHTS,37.821978,-122.259032,,,,,A,NO PEDESTRIANS INVOLVED,11/9/2024 6:40:00 PM,A,VC 21658(A),False,1,I-580 W/B,,,11/21/2024 2:05:30 PM,A,E,265.0,BROADWAY,F,,D,11/21/2024 2:05:32 PM,11/21/2024 2:05:32 PM,False,True,4,,11/9/2024 6:47:00 PM,1847,False,,,True
4479027,9370-2024-03622,1,False,9370,11/8/2024 6:05:00 PM,1805,055,14,109,Oakland,1,True,True,C,REAR END,,Friday,NotApplicable,False,,,False,True,False,ALAMEDA SUPERIOR COURT WILEY W. MANUEL COURTHOUSE,C,OTHER MOTOR VEHICLE,,1,0,C,DARK-STREET LIGHTS,37.825242,-122.270889,,,,,A,NO PEDESTRIANS INVOLVED,11/8/2024 6:05:00 PM,A,VC 22350,False,1,I-580 W/B,,,11/21/2024 2:02:40 PM,A,W,375.0,WEST STREET,F,,D,11/21/2024 2:02:43 PM,11/21/2024 2:02:43 PM,False,True,4,,11/8/2024 6:15:00 PM,1815,False,,False,True
4479010,24-041211,2,False,0109,8/17/2024 11:48:00 PM,2348,19X,14,109,Oakland,1,True,True,G,VEHICLE/PEDESTRAIN,,Saturday,,,F,,False,False,False,,B,PEDESTRIAN,,1,0,C,DARK-STREET LIGHTS,,,,,,,F,NOT IN ROAD,,A,21453A,,1,INTERNATIONAL BL,1,,,A,,,23RD AV,,,A,11/21/2024 1:54:18 PM,1/28/2025 12:08:19 PM,,,2,,,,,,,
4479005,24-043596,2,False,0109,8/31/2024 2:12:00 PM,1412,27X,14,109,Oakland,1,True,True,C,REAR END,,Saturday,,,,,False,False,False,,C,OTHER MOTOR VEHICLE,,1,0,A,DAYLIGHT,,,,,,,A,NO PEDESTRIANS INVOLVED,,A,22350,,1,BANCROFT AV,2,,,A,,,FAIRFAX AV,,,D,11/21/2024 1:49:18 PM,1/28/2025 12:08:19 PM,,,2,,,,,,,
4478995,24-043533,2,False,0109,8/31/2024 2:42:00 AM,242,33X,14,109,Oakland,1,True,True,D,BROADSIDE,,Saturday,,,M,,False,False,False,,C,OTHER MOTOR VEHICLE,,1,0,C,DARK-STREET LIGHTS,,,,,,,A,NO PEDESTRIANS INVOLVED,,A,21453A,,1,INTERNATIONAL BL,2,,,A,,,96TH AV,,,A,11/21/2024 1:44:18 PM,1/28/2025 12:08:19 PM,,,2,,,,,,,
4478969,24-043629,2,False,0109,8/31/2024 6:56:00 PM,1856,19X,14,109,Oakland,1,True,True,A,HEAD-ON,,Saturday,,,M,,False,False,True,,C,OTHER MOTOR VEHICLE,,2,0,A,DAYLIGHT,,,,,,,A,NO PEDESTRIANS INVOLVED,,A,22350,,1,E 12TH ST,1,,,A,E,45.0,1ST AV,F,,A,11/21/2024 1:34:18 PM,1/28/2025 12:08:19 PM,,,2,,,,,,,
4478960,24-040741,2,False,0109,8/15/2024 9:37:00 AM,937,10Y,14,109,Oakland,1,True,True,G,VEHICLE/PEDESTRAIN,,Thursday,,,,,False,False,False,,A,NON-COLLISION,,1,0,A,DAYLIGHT,,,,,,,E,IN ROAD - INCLUDES SHOULDER,,A,22107,,1,SHATTUCK AV,1,,,A,,,52ND ST,,,A,11/21/2024 1:29:18 PM,1/28/2025 12:08:19 PM,,,2,,,,,,,
4478946,24-03968,2,False,0109,8/9/2024 5:54:00 AM,554,08X,14,109,Oakland,1,True,True,G,VEHICLE/PEDESTRAIN,,Friday,,,M,,False,False,False,,B,PEDESTRIAN,,1,0,A,DAYLIGHT,,,,,,,B,CROSSING IN CROSS WALK AT INTERSECTION,,A,21950A,,1,30TH ST,1,,,A,N,10.0,TELEGRAPH AV,F,,A,11/21/2024 1:24:18 PM,1/28/2025 12:08:18 PM,,,2,,,,,,,
4478929,24-041036,2,False,0109,8/15/2024 10:39:00 PM,2239,26Y,14,109,Oakland,1,True,True,D,BROADSIDE,,Thursday,,,,,False,False,False,,C,OTHER MOTOR VEHICLE,,1,0,C,DARK-STREET LIGHTS,,,,,,,A,NO PEDESTRIANS INVOLVED,,A,21453A,,1,SAN LEANDRO ST,2,,,A,W,25.0,69TH AV,F,,A,11/21/2024 1:19:18 PM,1/28/2025 12:08:18 PM,,,2,,,,,,,
4478922,24-041077,2,False,0109,8/16/2024 7:51:00 AM,751,32Y,14,109,Oakland,1,True,True,C,REAR END,,Friday,,,,,False,False,False,,C,OTHER MOTOR VEHICLE,,1,0,A,DAYLIGHT,,,,,,,A,NO PEDESTRIANS INVOLVED,,A,22350,,1,98TH AV,2,,,A,N,30.0,STANLEY AV,F,,D,11/21/2024 1:14:18 PM,1/28/2025 12:08:18 PM,,,2,,,,,,,
4478900,24-042871,2,False,0109,8/27/2024 8:22:00 AM,822,23X,14,109,Oakland,1,True,True,D,BROADSIDE,,Tuesday,,,M,,False,False,False,,C,OTHER MOTOR VEHICLE,,1,0,A,DAYLIGHT,,,,,,,A,NO PEDESTRIANS INVOLVED,,A,22450A,,1,40TH AV,2,,,A,,,12TH ST,,,A,11/21/2024 1:04:18 PM,1/28/2025 12:08:18 PM,,,2,,,,,,,