collision-id,report-number,report-version,is-preliminary,ncic-code,crash-date-time,crash-time-description,beat,city-id,city-code,city-name,county-code,city-is-active,city-is-incorporated,collision-type-code,collision-type-description,collision-type-other-desc,day-of-week,dispatch-notified,has-photographs,hit-run,is-attachments-mailed,is-deleted,is-highway-related,is-tow-away,judicial-district,motor-vehicle-involved-with-code,motor-vehicle-involved-with-desc,motor-vehicle-involved-with-other-desc,number-injured,number-killed,lighting-code,lighting-description,latitude,longitude,milepost-direction,milepost-distance,milepost-marker,milepost-unit-of-measure,pedestrian-action-code,pedestrian-action-desc,prepared-date,primary-collision-factor-code,primary-collision-factor-description,primary-collision-factor-is-cited,primary-collision-party-number,primary-road,reporting-district,reporting-district-code,reviewed-date,roadway-surface-code,secondary-direction,secondary-distance,secondary-road,secondary-unit-of-measure,sketch-desc,traffic-control-device-code,created-date,modified-date,is-county-road,is-freeway,chp-555-version,is-additonal-object-struck,notification-date,notification-time-description,has-digital-media-files,evidence-number,is-location-refer-to-narrative,is-aoi-one-same-as-location
4478884,24-043034,2,False,0109,8/28/2024 8:35:00 AM,835,03X,14,109,Oakland,1,True,True,D,BROADSIDE,,Wednesday,,,,,False,False,False,,C,OTHER MOTOR VEHICLE,,1,0,A,DAYLIGHT,,,,,,,A,NO PEDESTRIANS INVOLVED,,A,21801A,,1,JACKSON ST,1,,,A,,,10TH ST,,,A,11/21/2024 12:59:18 PM,1/28/2025 12:08:18 PM,,,2,,,,,,,
4478883,24-038840,2,False,0109,8/4/2024 8:30:00 PM,2030,31Y,14,109,Oakland,1,True,True,E,HIT OBJECT,,Sunday,,,,,False,False,True,,I,FIXED OBJECT,,2,0,C,DARK-STREET LIGHTS,,,,,,,A,NO PEDESTRIANS INVOLVED,,A,22107,,1,DOOLITTLE DR,2,,,A,E,100.0,AIRPORT ACCESS RD,F,,D,11/21/2024 12:59:18 PM,1/28/2025 12:08:18 PM,,,2,,,,,,,
4478871,24-040211,2,False,0109,8/12/2024 8:50:00 AM,850,29X,14,109,Oakland,1,True,True,A,HEAD-ON,,Monday,,,,,False,False,False,,I,FIXED OBJECT,,1,0,A,DAYLIGHT,,,,,,,A,NO PEDESTRIANS INVOLVED,,A,22107,,1,FONTAINE ST,2,,,A,W,20.0,RT 580,F,,D,11/21/2024 12:54:18 PM,1/28/2025 12:08:18 PM,,,2,,,,,,,
4478845,24-043118,2,False,0109,8/28/2024 4:17:00 PM,1617,23X,14,109,Oakland,1,True,True,B,SIDE SWIPE,,Wednesday,,,,,False,False,False,,C,OTHER MOTOR VEHICLE,,1,0,A,DAYLIGHT,,,,,,,A,NO PEDESTRIANS INVOLVED,,A,21460A,,1,FRUITVALE AV,2,,,A,E,10.0,FRUITVALE AV 2029,F,,B,11/21/2024 12:39:17 PM,1/28/2025 12:08:18 PM,,,2,,,,,,,
4478826,24-042873,2,False,0109,8/27/2024 8:55:00 AM,855,09X,14,109,Oakland,1,True,True,G,VEHICLE/PEDESTRAIN,,Tuesday,,,,,False,False,False,,B,PEDESTRIAN,,1,0,A,DAYLIGHT,,,,,,,D,CROSSING - NOT IN CROSSWALK,,A,21954A,,1,PIEDMONT AV,1,,,A,N,5.0,GLEN AV,F,,D,11/21/2024 12:29:17 PM,1/28/2025 12:08:18 PM,,,2,,,,,,,
4478800,24-049551,2,False,0109,10/4/2024 12:45:00 PM,1245,22X,14,109,Oakland,1,True,True,G,VEHICLE/PEDESTRAIN,,Friday,,,,,False,False,False,,B,PEDESTRIAN,,1,0,A,DAYLIGHT,,,,,,,B,CROSSING IN CROSS WALK AT INTERSECTION,,A,21950A,,1,MACARTHUR BL,2,,,A,,,DOMIND AV,,,A,11/21/2024 12:14:17 PM,1/28/2025 12:08:17 PM,,,2,,,,,,,
4478792,24-050584,2,False,0109,10/10/2024 10:20:00 PM,2220,06X,14,109,Oakland,1,True,True,A,HEAD-ON,,Thursday,,,M,,False,False,True,,C,OTHER MOTOR VEHICLE,,1,0,C,DARK-STREET LIGHTS,,,,,,,A,NO PEDESTRIANS INVOLVED,,A,22102,,1,MARTIN LUTHER KING JR WY,1,,,A,,,23RD ST,,,D,11/21/2024 12:09:17 PM,1/28/2025 12:08:17 PM,,,2,,,,,,,
4478780,24-049619,2,False,0109,10/4/2024 11:07:00 PM,2307,14X,14,109,Oakland,1,True,True,A,HEAD-ON,,Friday,,,F,,False,False,False,,C,OTHER MOTOR VEHICLE,,1,0,C,DARK-STREET LIGHTS,,,,,,,A,NO PEDESTRIANS INVOLVED,,A,21651B,,1,GRAND AV,1,,,A,W,60.0,ELITA AV,F,,D,11/21/2024 12:04:17 PM,1/28/2025 12:08:17 PM,,,2,,,,,,,
4478774,24-049879,2,False,0109,10/6/2024 6:15:00 PM,1815,05X,14,109,Oakland,1,True,True,D,BROADSIDE,,Sunday,,,,,False,False,True,,C,OTHER MOTOR VEHICLE,,3,0,A,DAYLIGHT,,,,,,,A,NO PEDESTRIANS INVOLVED,,A,21801A,,1,18TH ST,1,,,A,,,MARKET ST,,,A,11/21/2024 11:59:17 AM,1/28/2025 12:08:17 PM,,,2,,,,,,,
4478767,24-050082,2,False,0109,10/7/2024 10:24:00 PM,2224,30X,14,109,Oakland,1,True,True,G,VEHICLE/PEDESTRAIN,,Monday,,,,,False,False,False,,B,PEDESTRIAN,,1,0,C,DARK-STREET LIGHTS,,,,,,,E,IN ROAD - INCLUDES SHOULDER,,A,22107,,1,INTERNATIONAL BL,2,,,A,E,114.0,71ST AVE,F,,D,11/21/2024 11:54:17 AM,1/28/2025 12:08:17 PM,,,2,,,,,,,
4478762,24-049421,2,False,0109,10/3/2024 6:17:00 PM,1817,31X,14,109,Oakland,1,True,True,F,OVERTURNED,,Thursday,,,M,,False,False,False,,I,FIXED OBJECT,,2,0,A,DAYLIGHT,,,,,,,A,NO PEDESTRIANS INVOLVED,,A,22107,,1,EDGEWATER DR,2,,,A,W,453.0,OAKPORT ST,F,,D,11/21/2024 11:49:18 AM,1/28/2025 12:08:17 PM,,,2,,,,,,,
4478753,23-056792,2,False,0109,10/25/2024 7:43:00 PM,1943,,14,109,Oakland,1,True,True,E,HIT OBJECT,,Friday,,,,,False,False,False,,I,FIXED OBJECT,,1,0,C,DARK-STREET LIGHTS,,,,,,,A,NO PEDESTRIANS INVOLVED,,A,22107,,1,MACARTHUR BL,1,,,A,,,PIEDMONT AV,,,A,11/21/2024 11:44:17 AM,1/28/2025 12:08:17 PM,,,2,,,,,,,
4478750,24-050431,2,False,0109,10/9/2024 7:23:00 PM,1923,21Y,14,109,Oakland,1,True,True,D,BROADSIDE,,Wednesday,,,M,,False,False,False,,C,OTHER MOTOR VEHICLE,,1,0,C,DARK-STREET LIGHTS,,,,,,,A,NO PEDESTRIANS INVOLVED,,A,22460A,,1,HAROLD ST,2,,,A,,,COOLIDGE AV,,,A,11/21/2024 11:39:18 AM,1/28/2025 12:08:17 PM,,,2,,,,,,,
4478696,24-049384,3,False,0109,10/3/2024 1:47:00 PM,1347,27X,14,109,Oakland,1,True,True,D,BROADSIDE,,Thursday,,,,,False,False,False,,C,OTHER MOTOR VEHICLE,,1,0,A,DAYLIGHT,,,,,,,A,NO PEDESTRIANS INVOLVED,,A,21801A,,1,HIGH ST,2,,,A,S,50.0,BANCROFT AV,F,,D,11/21/2024 11:09:17 AM,1/28/2025 12:08:17 PM,,,2,,,,,,,
4478695,24-050407,2,False,0109,10/9/2024 5:44:00 PM,1744,07X,14,109,Oakland,1,True,True,D,BROADSIDE,,Wednesday,,,,,False,False,False,,C,OTHER MOTOR VEHICLE,,0,0,B,DUSK-DAWN,,,,,,,A,NO PEDESTRIANS INVOLVED,,A,22450,,1,ADELINE ST,1,,,A,,,26TH ST,,,A,11/21/2024 11:09:17 AM,1/28/2025 12:03:51 PM,,,2,,,,,,,
4478679,24-049445,2,False,0109,10/4/2024 9:57:00 PM,2157,19X,14,109,Oakland,1,True,True,A,HEAD-ON,,Friday,,,,,False,False,False,,E,PARKED MOTOR VEHICLE,,1,0,C,DARK-STREET LIGHTS,,,,,,,A,NO PEDESTRIANS INVOLVED,,A,22350,,1,23RD AV,1,,,A,N,245.0,FORD ST,F,,A,11/21/2024 10:59:17 AM,1/28/2025 12:08:16 PM,,,2,,,,,,,
4478677,24-048492,2,False,0109,9/27/2024 8:29:00 PM,2029,30Y,14,109,Oakland,1,True,True,D,BROADSIDE,,Friday,,,M,,False,False,False,,C,OTHER MOTOR VEHICLE,,2,0,C,DARK-STREET LIGHTS,,,,,,,A,NO PEDESTRIANS INVOLVED,,A,22450A,,1,77TH AV,2,,,A,,,HILLSIDE ST,,,A,11/21/2024 10:59:17 AM,1/28/2025 12:08:18 PM,,,2,,,,,,,
4478663,24-046397,2,False,0109,9/16/2024 6:29:00 PM,1829,01X,14,109,Oakland,1,True,True,A,HEAD-ON,,Monday,,,,,False,False,False,,A,NON-COLLISION,,1,0,A,DAYLIGHT,,,,,,,E,IN ROAD - INCLUDES SHOULDER,,A,22107,,1,4TH ST,1,,,A,,,BROADWAY,,,D,11/21/2024 10:54:17 AM,1/28/2025 12:08:18 PM,,,2,,,,,,,
4478660,24-050925,2,False,0109,10/12/2024 7:09:00 PM,1909,32X,14,109,Oakland,1,True,True,B,SIDE SWIPE,,Saturday,,,M,,False,False,False,,E,PARKED MOTOR VEHICLE,,0,0,C,DARK-STREET LIGHTS,,,,,,,A,NO PEDESTRIANS INVOLVED,,A,22107,,1,INTERNATIONAL BL,2,,,A,E,220.0,BRISTOL BL,F,,D,11/21/2024 10:54:17 AM,1/28/2025 12:03:50 PM,,,2,,,,,,,
4478654,24-051140,2,False,0109,10/14/2024 9:03:00 AM,903,28X,14,109,Oakland,1,True,True,C,REAR END,,Monday,,,M,,False,False,False,,E,PARKED MOTOR VEHICLE,,0,0,A,DAYLIGHT,,,,,,,A,NO PEDESTRIANS INVOLVED,,A,22107,,1,REDDING ST,2,,,A,N,50.0,REDDING PL,F,,D,11/21/2024 10:49:17 AM,1/28/2025 12:03:50 PM,,,2,,,,,,,
4478645,24-050543,2,False,0109,10/10/2024 1:40:00 PM,1340,18X,14,109,Oakland,1,True,True,D,BROADSIDE,,Thursday,,,,,False,False,False,,C,OTHER MOTOR VEHICLE,,0,0,A,DAYLIGHT,,,,,,,A,NO PEDESTRIANS INVOLVED,,A,21802A,,1,FOOTHILL BL,1,,,A,,,21ST AV,,,A,11/21/2024 10:44:17 AM,1/28/2025 12:03:49 PM,,,2,,,,,,,
4478610,24-037001,2,False,0109,7/25/2024 9:30:00 AM,930,03X,14,109,Oakland,1,True,True,G,VEHICLE/PEDESTRAIN,,Thursday,,,F,,False,False,False,,B,PEDESTRIAN,,1,0,A,DAYLIGHT,,,,,,,E,IN ROAD - INCLUDES SHOULDER,,A,22107,,1,BROADWAY,1,,,A,N,50.0,5TH ST,F,,D,11/21/2024 10:29:17 AM,1/28/2025 12:08:20 PM,,,2,,,,,,,
4478604,24-050864,2,False,0109,10/12/2024 8:48:00 AM,848,15X,14,109,Oakland,1,True,True,D,BROADSIDE,,Saturday,,,,,False,False,False,,C,OTHER MOTOR VEHICLE,,2,0,A,DAYLIGHT,,,,,,,A,NO PEDESTRIANS INVOLVED,,A,21802A,,1,FOOTHILL BL,1,,,A,,,3RD AV,,,A,11/21/2024 10:24:17 AM,1/28/2025 12:08:16 PM,,,2,,,,,,,
4478512,9370-2024-03674,1,False,9370,11/15/2024 1:45:00 AM,145,177,14,109,Oakland,1,True,True,E,HIT OBJECT,,Friday,NotApplicable,False,,,False,True,False,ALAMEDA SUPERIOR COURT WILEY W. MANUEL COURTHOUSE,J,OTHER OBJECT,VEHICLE DEBRIS,0,0,D,DARK-NO STREET LIGHTS,37.798837,-122.275465,,,,,A,NO PEDESTRIANS INVOLVED,11/15/2024 1:45:00 AM,C,,,,I-880 N/B,,,11/21/2024 9:39:04 AM,A,N,100.0,BROADWAY,F,,D,11/21/2024 9:39:06 AM,11/21/2024 9:39:06 AM,False,True,4,,11/15/2024 1:50:00 AM,0150,False,,,True
4478457,9370-2024-03675,1,False,9370,11/15/2024 1:40:00 AM,140,177,14,109,Oakland,1,True,True,E,HIT OBJECT,,Friday,NotApplicable,False,,,False,True,False,ALAMEDA SUPERIOR COURT WILEY W. MANUEL COURTHOUSE,J,OTHER OBJECT,TIRE,0,0,C,DARK-STREET LIGHTS,37.796792,-122.270461,,,,,A,NO PEDESTRIANS INVOLVED,11/15/2024 1:40:00 AM,C,,,,I-880 N/B,,,11/21/2024 9:20:21 AM,A,N,500.0,JACKSON ST,F,,D,11/21/2024 9:20:23 AM,11/21/2024 9:20:23 AM,False,True,4,,11/15/2024 1:45:00 AM,0145,False,,,True
4478446,9370-2024-03676,1,False,9370,11/15/2024 1:35:00 AM,135,177,14,109,Oakland,1,True,True,E,HIT OBJECT,,Friday,NotApplicable,False,,,False,True,False,ALAMEDA SUPERIOR COURT WILEY W. MANUEL COURTHOUSE,J,OTHER OBJECT,TIRE,0,0,D,DARK-NO STREET LIGHTS,37.799071,-122.276085,,,,,A,NO PEDESTRIANS INVOLVED,11/15/2024 1:35:00 AM,C,,,,I-880 N/B,,,11/21/2024 9:17:49 AM,A,N,379.0,BROADWAY,F,,D,11/21/2024 9:17:51 AM,11/21/2024 9:17:51 AM,False,True,4,,11/15/2024 1:40:00 AM,0140,False,,,True
4478395,24-050745,2,False,0109,10/11/2024 12:38:00 PM,1238,31X,14,109,Oakland,1,True,True,G,VEHICLE/PEDESTRAIN,,Friday,,,M,,False,False,False,,C,OTHER MOTOR VEHICLE,,1,0,A,DAYLIGHT,,,,,,,A,NO PEDESTRIANS INVOLVED,,A,22106,,1,HEGENBERGER RD,2,,,A,N,50.0,LEET DR,F,,D,11/21/2024 8:59:16 AM,1/28/2025 12:08:16 PM,,,2,,,,,,,
4478370,24-050185,2,False,0109,10/8/2024 12:31:00 PM,1231,26Y,14,109,Oakland,1,True,True,B,SIDE SWIPE,,Tuesday,,,,,False,False,False,,E,PARKED MOTOR VEHICLE,,0,0,A,DAYLIGHT,,,,,,,A,NO PEDESTRIANS INVOLVED,,A,,,1,80TH AV,2,,,A,N,5.0,B ST,F,,D,11/21/2024 8:49:16 AM,1/28/2025 12:02:07 PM,,,2,,,,,,,
4478369,24-049264,2,False,0109,10/2/2024 8:37:00 PM,2037,18Y,14,109,Oakland,1,True,True,B,SIDE SWIPE,,Wednesday,,,,,False,False,False,,B,PEDESTRIAN,,1,0,C,DARK-STREET LIGHTS,,,,,,,E,IN ROAD - INCLUDES SHOULDER,,A,21950A,,1,E 12TH ST,1,,,A,,,16TH AV,,,B,11/21/2024 8:49:16 AM,1/28/2025 12:08:16 PM,,,2,,,,,,,
4478361,24-049449,2,False,0109,10/3/2024 10:44:00 PM,2244,11X,14,109,Oakland,1,True,True,D,BROADSIDE,,Thursday,,,M,,False,False,False,,C,OTHER MOTOR VEHICLE,,1,0,C,DARK-STREET LIGHTS,,,,,,,A,NO PEDESTRIANS INVOLVED,,A,21802A,,1,57TH ST,1,,,A,,,SHATTUCK AV,,,A,11/21/2024 8:44:16 AM,1/28/2025 12:08:16 PM,,,2,,,,,,,
4478348,24-050438,2,False,0109,10/9/2024 9:13:00 PM,2113,27X,14,109,Oakland,1,True,True,G,VEHICLE/PEDESTRAIN,,Wednesday,,,,,False,False,False,,B,PEDESTRIAN,,1,0,C,DARK-STREET LIGHTS,,,,,,,B,CROSSING IN CROSS WALK AT INTERSECTION,,A,21453A,,1,INTERNATIONAL BL,2,,,A,,,50TH AV,,,A,11/21/2024 8:39:16 AM,1/28/2025 12:08:16 PM,,,2,,,,,,,
4478333,24-055392,2,False,0109,10/14/2024 3:03:00 PM,1503,25X,14,109,Oakland,1,True,True,C,REAR END,,Monday,,,F,,False,False,False,,C,OTHER MOTOR VEHICLE,,1,0,A,DAYLIGHT,,,,,,,A,NO PEDESTRIANS INVOLVED,,A,22350,,1,MACARTHUR BL,2,,,A,W,300.0,GREEN ACRE RD,F,,A,11/21/2024 8:34:16 AM,1/28/2025 12:08:16 PM,,,2,,,,,,,
4478308,24-051936,2,False,0109,10/19/2024 11:55:00 PM,2355,,14,109,Oakland,1,True,True,B,SIDE SWIPE,,Saturday,,,M,,False,False,False,,C,OTHER MOTOR VEHICLE,,2,0,A,DAYLIGHT,,,,,,,A,NO PEDESTRIANS INVOLVED,,A,22450A,,1,6TH AV,1,,,A,,,INTERNATIONAL BL,,,A,11/21/2024 8:29:15 AM,1/28/2025 12:08:16 PM,,,2,,,,,,,
4478296,24-050216,2,False,0109,10/8/2024 4:52:00 PM,1652,04X,14,109,Oakland,1,True,True,D,BROADSIDE,,Tuesday,,,,,False,False,False,,G,BICYCLE,,1,0,A,DAYLIGHT,,,,,,,A,NO PEDESTRIANS INVOLVED,,A,21453A,,1,BROADWAY,1,,,A,,,21ST ST,,,A,11/21/2024 8:24:15 AM,1/28/2025 12:08:16 PM,,,2,,,,,,,
4478268,24-050400,2,False,0109,10/9/2024 5:11:00 PM,1711,31Y,14,109,Oakland,1,True,True,B,SIDE SWIPE,,Wednesday,,,,,False,False,False,,G,BICYCLE,,1,0,A,DAYLIGHT,,,,,,,A,NO PEDESTRIANS INVOLVED,,A,22107,,1,TYLER ST,2,,,A,S,40.0,RAILROAD AV,F,,D,11/21/2024 8:09:15 AM,1/28/2025 12:08:16 PM,,,2,,,,,,,
4478251,24-007284,2,False,0109,2/10/2024 11:12:00 AM,1112,02X,14,109,Oakland,1,True,True,D,BROADSIDE,,Saturday,,,,,False,False,True,,C,OTHER MOTOR VEHICLE,,1,0,A,DAYLIGHT,,,,,,,A,NO PEDESTRIANS INVOLVED,,A,21453A,,1,7TH ST,1,,,A,,,CASTRO ST,,,A,11/21/2024 7:59:16 AM,1/28/2025 12:02:06 PM,,,2,,,,,,,
4478247,24-049676,2,False,0109,10/5/2024 9:50:00 AM,950,32X,14,109,Oakland,1,True,True,D,BROADSIDE,,Saturday,,,,,False,False,False,,C,OTHER MOTOR VEHICLE,,2,0,A,DAYLIGHT,,,,,,,A,NO PEDESTRIANS INVOLVED,,A,21801A,,1,105TH AV,2,,,A,,,E ST,,,A,11/21/2024 7:59:15 AM,1/28/2025 12:08:16 PM,,,2,,,,,,,
4478240,9370-2024-03672,1,False,9370,11/14/2024 6:00:00 PM,1800,176,14,109,Oakland,1,True,True,C,REAR END,,Thursday,NotApplicable,False,,,False,True,True,ALAMEDA SUPERIOR COURT WILEY W. MANUEL COURTHOUSE,C,OTHER MOTOR VEHICLE,,1,0,D,DARK-NO STREET LIGHTS,37.758382,-122.212217,,,,,A,NO PEDESTRIANS INVOLVED,11/14/2024 6:00:00 PM,A,VC 22350,False,1,I-880 S/B,,,11/21/2024 7:57:18 AM,A,S,2040.0,66TH AVE,F,,D,11/21/2024 7:57:21 AM,11/21/2024 7:57:21 AM,False,True,4,,11/14/2024 6:00:00 PM,1800,False,,,True
4478201,9370-2024-03671,1,False,9370,11/14/2024 5:20:00 PM,1720,176,14,109,Oakland,1,True,True,C,REAR END,,Thursday,NotApplicable,False,,,False,True,False,ALAMEDA SUPERIOR COURT WILEY W. MANUEL COURTHOUSE,C,OTHER MOTOR VEHICLE,,0,0,B,DUSK-DAWN,37.764071,-122.216805,,,,,A,NO PEDESTRIANS INVOLVED,11/14/2024 5:20:00 PM,A,VC 22350,False,1,I-880 N/B,,,11/21/2024 7:38:46 AM,A,S,1830.0,HIGH ST,F,,D,11/21/2024 7:38:49 AM,11/21/2024 7:38:49 AM,False,True,4,,11/14/2024 5:25:00 PM,1725,False,,,True
4478121,9370-2024-03688,1,False,9370,11/14/2024 5:20:00 PM,1720,008,14,109,Oakland,1,True,True,B,SIDE SWIPE,,Thursday,NotApplicable,False,,,False,True,False,ALAMEDA SUPERIOR COURT WILEY W. MANUEL COURTHOUSE,C,OTHER MOTOR VEHICLE,,0,0,B,DUSK-DAWN,37.825632,-122.302726,,,,,A,NO PEDESTRIANS INVOLVED,11/14/2024 5:20:00 PM,A,VC 21658(A),False,1,I-80 E/B,,,11/21/2024 7:03:34 AM,A,E,1995.0,MARITIME STREET,F,,D,11/21/2024 7:03:39 AM,11/21/2024 7:03:39 AM,False,True,4,,11/14/2024 5:24:00 PM,1724,False,,,True
4478109,9370-2024-03357,1,False,9370,10/17/2024 12:34:00 AM,34,052,14,109,Oakland,1,True,True,C,REAR END,,Thursday,Yes,False,M,,False,True,False,ALAMEDA SUPERIOR COURT WILEY W. MANUEL COURTHOUSE,C,OTHER MOTOR VEHICLE,,0,0,C,DARK-STREET LIGHTS,37.756457,-122.148803,,,,,A,NO PEDESTRIANS INVOLVED,10/17/2024 12:34:00 AM,A,VC 22350,False,1,I-580 E/B,,,11/21/2024 6:54:50 AM,A,W,1240.0,GOLF LINKS RD,F,,D,11/21/2024 6:54:52 AM,11/21/2024 6:54:52 AM,False,True,4,,10/17/2024 12:39:00 AM,0039,False,,,True
4478086,24-016329,3,False,0109,4/2/2024 2:30:00 PM,1430,33X,14,109,Oakland,1,True,True,C,REAR END,,Tuesday,,,,,False,False,False,,C,OTHER MOTOR VEHICLE,,0,0,A,DAYLIGHT,,,,,,,A,NO PEDESTRIANS INVOLVED,,A,22350,,1,98TH AV,2,,,A,N,0.2,SAN LEANDRO ST,M,,A,11/21/2024 6:44:15 AM,1/28/2025 11:49:22 AM,,,2,,,,,,,
4478031,9370-2024-03643,1,False,9370,11/12/2024 6:10:00 PM,1810,024,14,109,Oakland,1,True,True,B,SIDE SWIPE,,Tuesday,NotApplicable,False,,,False,True,True,ALAMEDA SUPERIOR COURT WILEY W. MANUEL COURTHOUSE,C,OTHER MOTOR VEHICLE,,0,0,D,DARK-NO STREET LIGHTS,37.849436,-122.223794,,,,,A,NO PEDESTRIANS INVOLVED,11/12/2024 6:10:00 PM,B,UNSAFE MERGE,,1,SR-24 E/B,,,11/21/2024 6:06:42 AM,A,E,1200.0,SR-13 N/B,F,,D,11/21/2024 6:06:44 AM,11/21/2024 6:06:44 AM,False,True,4,,11/12/2024 6:15:00 PM,1815,False,,,True
4478014,9370-2024-03515,1,False,9370,11/1/2024 6:30:00 PM,1830,177,14,109,Oakland,1,True,True,H,OTHER,BACKING,Friday,NotApplicable,False,M,,False,True,False,ALAMEDA SUPERIOR COURT WILEY W. MANUEL COURTHOUSE,C,OTHER MOTOR VEHICLE,,0,0,B,DUSK-DAWN,37.825772,-122.290621,,,,,A,NO PEDESTRIANS INVOLVED,11/1/2024 6:30:00 PM,A,VC 22106,False,1,I-880 N/B,,,11/21/2024 5:46:42 AM,A,N,320.0,BEACH STREET,F,,D,11/21/2024 5:46:43 AM,11/21/2024 5:46:43 AM,False,True,4,,11/1/2024 6:50:00 PM,1850,False,,,True
4477424,24-002647,3,False,0109,1/16/2024 11:51:00 AM,1151,09X,14,109,Oakland,1,True,True,A,HEAD-ON,,Tuesday,,,,,False,False,False,,C,OTHER MOTOR VEHICLE,,2,0,A,DAYLIGHT,,,,,,,A,NO PEDESTRIANS INVOLVED,,A,21453,,1,MACARTHUR BL,1,,,A,,,PIEDMONT AV,,,A,11/20/2024 1:54:05 PM,1/28/2025 11:49:21 AM,,,2,,,,,,,
4477382,9370-2024-03670,1,False,9370,11/14/2024 4:45:00 PM,1645,008,14,109,Oakland,1,True,True,C,REAR END,,Thursday,NotApplicable,False,M,,False,True,False,ALAMEDA SUPERIOR COURT WILEY W. MANUEL COURTHOUSE,C,OTHER MOTOR VEHICLE,,0,0,C,DARK-STREET LIGHTS,37.823062,-122.312288,,,,,A,NO PEDESTRIANS INVOLVED,11/14/2024 4:45:00 PM,A,VC 22350,False,1,I-80 E/B,,,11/20/2024 1:34:07 PM,A,E,500.0,SFOBB,F,,D,11/20/2024 1:34:08 PM,11/20/2024 1:34:08 PM,False,True,4,,11/14/2024 4:46:00 PM,1646,False,,,True
4477380,24-015006,3,False,0109,3/25/2024 4:06:00 PM,1606,04X,14,109,Oakland,1,True,True,G,VEHICLE/PEDESTRAIN,,Monday,,,,,False,False,False,,B,PEDESTRIAN,,1,0,A,DAYLIGHT,,,,,,,B,CROSSING IN CROSS WALK AT INTERSECTION,,A,21950A,,2,19TH ST,1,,,A,E,5.0,FRANKLIN ST,F,,A,11/20/2024 1:34:05 PM,1/28/2025 11:49:20 AM,,,2,,,,,,,
4477360,24-049614,2,False,0109,10/4/2024 10:25:00 PM,2225,05X,14,109,Oakland,1,True,True,G,VEHICLE/PEDESTRAIN,,Friday,,,M,,False,False,False,,B,PEDESTRIAN,,1,0,C,DARK-STREET LIGHTS,,,,,,,B,CROSSING IN CROSS WALK AT INTERSECTION,,A,21453A,,1,14TH ST,1,,,C,,,ADELINE ST,,,A,11/20/2024 1:29:05 PM,1/28/2025 12:08:15 PM,,,2,,,,,,,
4477356,24-051072,2,False,0109,10/13/2024 5:45:00 PM,1745,13Z,14,109,Oakland,1,True,True,B,SIDE SWIPE,,Sunday,,,,,False,False,False,,C,OTHER MOTOR VEHICLE,,1,0,A,DAYLIGHT,,,,,,,A,NO PEDESTRIANS INVOLVED,,A,22350,,1,GRIZZLEY PEAK,1,,,A,E,0.75,SOUTH PARK DR,M,,D,11/20/2024 1:24:05 PM,1/28/2025 11:57:48 AM,,,2,,,,,,,
4477348,24-049638,2,False,0109,10/5/2024 5:00:00 AM,500,22X,14,109,Oakland,1,True,True,G,VEHICLE/PEDESTRAIN,,Saturday,,,F,,False,False,False,,B,PEDESTRIAN,,1,0,C,DARK-STREET LIGHTS,,,,,,,E,IN ROAD - INCLUDES SHOULDER,,A,22107,,1,SKYLINE BL,2,,,A,W,75.0,CASTLE DR,F,,D,11/20/2024 1:19:05 PM,1/28/2025 12:08:15 PM,,,2,,,,,,,
4477346,24-049393,3,False,0109,10/3/2024 3:13:00 PM,1513,19X,14,109,Oakland,1,True,True,G,VEHICLE/PEDESTRAIN,,Thursday,,,,,False,False,False,,C,OTHER MOTOR VEHICLE,,1,0,A,DAYLIGHT,,,,,,,A,NO PEDESTRIANS INVOLVED,,A,21453A,,1,14TH AV,1,,,A,,,INTERNATIONAL BL,,,A,11/20/2024 1:19:05 PM,1/28/2025 11:57:48 AM,,,2,,,,,,,
4477336,24-050219,2,False,0109,10/8/2024 5:30:00 PM,1730,13Y,14,109,Oakland,1,True,True,B,SIDE SWIPE,,Tuesday,,,,,False,False,False,,G,BICYCLE,,1,0,A,DAYLIGHT,,,,,,,A,NO PEDESTRIANS INVOLVED,,A,22107,,1,CLAREMONT AV,1,,,A,N,200.0,ALVARADO RD,F,,D,11/20/2024 1:09:05 PM,1/28/2025 11:57:48 AM,,,2,,,,,,,
4477211,9370-2024-03669,1,False,9370,11/14/2024 1:30:00 PM,1330,176,14,109,Oakland,1,True,True,B,SIDE SWIPE,,Thursday,NotApplicable,False,,,False,True,False,ALAMEDA SUPERIOR COURT WILEY W. MANUEL COURTHOUSE,C,OTHER MOTOR VEHICLE,,0,0,A,DAYLIGHT,37.75467,-122.20881,,,,,A,NO PEDESTRIANS INVOLVED,11/14/2024 1:30:00 PM,A,VC 21658(A),False,,I-880 S/B,,,11/20/2024 11:37:27 AM,A,N,325.0,66TH AVE,F,,D,11/20/2024 11:37:29 AM,11/20/2024 11:37:29 AM,False,True,4,,11/14/2024 1:35:00 PM,1335,False,,,True
4477154,24-051049,2,False,0109,10/13/2024 3:55:00 PM,1555,13Z,14,109,Oakland,1,True,True,E,HIT OBJECT,,Sunday,,,,,False,False,False,,I,FIXED OBJECT,,2,0,A,DAYLIGHT,,,,,,,A,NO PEDESTRIANS INVOLVED,,A,22106,,1,ASPINWALL RD,1,,,A,W,50.0,VISTA DEL MAR CT,F,,D,11/20/2024 11:04:04 AM,1/28/2025 11:57:48 AM,,,2,,,,,,,
4477153,24-051355,2,False,0109,10/15/2024 3:40:00 PM,1540,12X,14,109,Oakland,1,True,True,B,SIDE SWIPE,,Tuesday,,,F,,False,False,False,,C,OTHER MOTOR VEHICLE,,1,0,A,DAYLIGHT,,,,,,,A,NO PEDESTRIANS INVOLVED,,A,22107,,1,42ND ST,2,,,A,E,234.0,41ST ST,F,,D,11/20/2024 11:04:04 AM,1/28/2025 11:57:48 AM,,,2,,,,,,,