collision-id,report-number,report-version,is-preliminary,ncic-code,crash-date-time,crash-time-description,beat,city-id,city-code,city-name,county-code,city-is-active,city-is-incorporated,collision-type-code,collision-type-description,collision-type-other-desc,day-of-week,dispatch-notified,has-photographs,hit-run,is-attachments-mailed,is-deleted,is-highway-related,is-tow-away,judicial-district,motor-vehicle-involved-with-code,motor-vehicle-involved-with-desc,motor-vehicle-involved-with-other-desc,number-injured,number-killed,lighting-code,lighting-description,latitude,longitude,milepost-direction,milepost-distance,milepost-marker,milepost-unit-of-measure,pedestrian-action-code,pedestrian-action-desc,prepared-date,primary-collision-factor-code,primary-collision-factor-description,primary-collision-factor-is-cited,primary-collision-party-number,primary-road,reporting-district,reporting-district-code,reviewed-date,roadway-surface-code,secondary-direction,secondary-distance,secondary-road,secondary-unit-of-measure,sketch-desc,traffic-control-device-code,created-date,modified-date,is-county-road,is-freeway,chp-555-version,is-additonal-object-struck,notification-date,notification-time-description,has-digital-media-files,evidence-number,is-location-refer-to-narrative,is-aoi-one-same-as-location
4477068,24-051700,2,False,0109,10/17/2024 5:07:00 PM,1707,09X,14,109,Oakland,1,True,True,D,BROADSIDE,,Thursday,,,,,False,False,True,,C,OTHER MOTOR VEHICLE,,2,0,A,DAYLIGHT,,,,,,,A,NO PEDESTRIANS INVOLVED,,A,21461,,1,HOWE ST,1,,,A,N,250.0,MACARTHUR BL,F,,A,11/20/2024 10:24:04 AM,1/28/2025 11:57:48 AM,,,2,,,,,,,
4477055,24-052142,2,False,0109,10/20/2024 6:30:00 PM,1830,30Y,14,109,Oakland,1,True,True,C,REAR END,,Sunday,,,,,False,False,False,,C,OTHER MOTOR VEHICLE,,1,0,C,DARK-STREET LIGHTS,,,,,,,A,NO PEDESTRIANS INVOLVED,,A,21703,,1,BANCROFT AV,2,,,A,,,73RD AV,,,A,11/20/2024 10:19:04 AM,1/28/2025 11:57:48 AM,,,2,,,,,,,
4477047,24-052976,2,False,0109,10/24/2024 9:52:00 PM,2152,24X,14,109,Oakland,1,True,True,C,REAR END,,Thursday,,,,,False,False,False,,C,OTHER MOTOR VEHICLE,,1,0,C,DARK-STREET LIGHTS,,,,,,,A,NO PEDESTRIANS INVOLVED,,A,22350,,1,FOOTHILL BL,2,,,A,E,10.0,COURTLAND AV,F,,A,11/20/2024 10:14:04 AM,1/28/2025 11:57:48 AM,,,2,,,,,,,
4477038,24-050598,2,False,0109,10/11/2024 12:53:00 AM,53,27X,14,109,Oakland,1,True,True,A,HEAD-ON,,Friday,,,M,,False,False,False,,C,OTHER MOTOR VEHICLE,,3,0,C,DARK-STREET LIGHTS,,,,,,,A,NO PEDESTRIANS INVOLVED,,A,21453A,,1,FAIRFAX AV,2,,,A,,,FOOTHILL BL,,,A,11/20/2024 10:09:04 AM,1/28/2025 11:57:48 AM,,,2,,,,,,,
4476939,9370-2024-03654,1,False,9370,11/13/2024 5:30:00 AM,530,025,14,109,Oakland,1,True,True,C,REAR END,,Wednesday,NotApplicable,False,,,False,True,False,ALAMEDA SUPERIOR COURT WILEY W. MANUEL COURTHOUSE,C,OTHER MOTOR VEHICLE,,0,0,B,DUSK-DAWN,37.829884,-122.267438,,,,,A,NO PEDESTRIANS INVOLVED,11/13/2024 5:30:00 AM,A,VC 22350,False,1,SR-24 W/B,,,11/20/2024 9:26:39 AM,A,E,57.0,40TH STREET,F,,D,11/20/2024 9:26:42 AM,11/20/2024 9:26:42 AM,False,True,4,,11/13/2024 5:35:00 AM,0535,True,EMBEDDED,,True
4476894,24029661,2,False,0109,6/14/2024 8:12:00 PM,2012,26Y,14,109,Oakland,1,True,True,G,VEHICLE/PEDESTRAIN,,Friday,,,,,False,False,False,,C,OTHER MOTOR VEHICLE,,1,0,C,DARK-STREET LIGHTS,,,,,,,A,NO PEDESTRIANS INVOLVED,,D,,,,71ST AV,2,,,A,,,INTERNATIONAL BL,,,C,11/20/2024 9:14:03 AM,1/28/2025 12:07:51 PM,,,2,,,,,,,
4476648,24-045729,2,False,0109,9/12/2024 2:20:00 PM,1420,31X,14,109,Oakland,1,True,True,D,BROADSIDE,,Thursday,,,,,False,False,False,,C,OTHER MOTOR VEHICLE,,1,0,A,DAYLIGHT,,,,,,,A,NO PEDESTRIANS INVOLVED,,A,21800A,,,RUSSET ST,2,,,A,,,105TH AV,,,D,11/20/2024 7:24:01 AM,1/28/2025 12:04:56 PM,,,2,,,,,,,
4476528,9370-2024-03601,1,False,9370,11/9/2024 1:55:00 AM,155,177,14,109,Oakland,1,True,True,E,HIT OBJECT,,Saturday,Yes,False,,,False,True,True,ALAMEDA SUPERIOR COURT WILEY W. MANUEL COURTHOUSE,I,FIXED OBJECT,CONCRETE WALL,0,0,C,DARK-STREET LIGHTS,37.78843,-122.251539,,,,,A,NO PEDESTRIANS INVOLVED,11/9/2024 1:55:00 AM,A,VC 23152(a),True,1,INTERSTATE 880 SOUTHBOUND,,,11/20/2024 6:04:09 AM,A,N,1800.0,16TH AVE,F,,A,11/20/2024 6:04:10 AM,11/20/2024 6:04:10 AM,False,True,4,False,11/9/2024 1:59:00 AM,0159,False,,,True
4476525,9370-2024-03613,1,False,9370,11/10/2024 2:10:00 AM,210,013,14,109,Oakland,1,True,True,E,HIT OBJECT,,Sunday,Yes,False,,,False,True,True,ALAMEDA SUPERIOR COURT WILEY W. MANUEL COURTHOUSE,I,FIXED OBJECT,CONCRETE BARRIER WALL,1,0,C,DARK-STREET LIGHTS,37.825358,-122.210356,,,,,A,NO PEDESTRIANS INVOLVED,11/10/2024 2:10:00 AM,A,VC 23152(A),True,1,SR-13 S/B,,,11/20/2024 5:54:29 AM,A,N,1600.0,PARK BOULEVARD,F,,D,11/20/2024 5:54:33 AM,11/20/2024 5:54:33 AM,False,True,4,,11/10/2024 2:12:00 AM,0212,False,,,True
4475779,9370-2024-03649,1,False,9370,11/13/2024 12:35:00 AM,35,013,14,109,Oakland,1,True,True,B,SIDE SWIPE,,Wednesday,No,False,,,False,True,True,ALAMEDA SUPERIOR COURT WILEY W. MANUEL COURTHOUSE,I,FIXED OBJECT,CONCRETE WALL,0,0,C,DARK-STREET LIGHTS,37.796247,-122.18368,,,,,A,NO PEDESTRIANS INVOLVED,11/13/2024 12:35:00 AM,A,VC 22107,False,1,SR-13 S/B,,,11/19/2024 1:05:38 PM,A,S,949.0,REDWOOD RD,F,,D,11/19/2024 1:05:41 PM,11/19/2024 1:05:41 PM,False,True,4,False,11/13/2024 12:40:00 AM,0040,False,,,
4475625,9370-2024-03562,1,False,9370,11/5/2024 9:03:00 PM,2103,052,14,109,Oakland,1,True,True,E,HIT OBJECT,,Tuesday,NotApplicable,False,M,,False,True,True,ALAMEDA SUPERIOR COURT WILEY W. MANUEL COURTHOUSE,I,FIXED OBJECT,GUARD RAIL,0,0,D,DARK-NO STREET LIGHTS,37.783508,-122.178455,,,,,A,NO PEDESTRIANS INVOLVED,11/5/2024 9:03:00 PM,A,VC 23152(a),True,1,I-580 E/B,,,11/19/2024 12:05:30 PM,A,W,1500.0,SEMINARY AVE,F,,D,11/19/2024 12:05:34 PM,11/19/2024 12:05:34 PM,False,True,4,,11/5/2024 9:34:00 PM,2134,False,,,True
4475462,24-001796,1,False,3300,11/4/2024 9:09:00 AM,909,A12,14,109,Oakland,1,True,True,C,REAR END,,Monday,Yes,True,,,False,False,False,WILEY W. MANUEL COURTHOUSE,C,OTHER MOTOR VEHICLE,,,,A,DAYLIGHT,37.79451,-122.23084,,,,,A,NO PEDESTRIANS INVOLVED,,B,,False,1,2032 E 26TH ST,18Y,,,A,,,E 26TH ST,,,D,11/19/2024 10:58:40 AM,11/19/2024 10:58:40 AM,,,4,,,,,,,
4495311,9370-2024-03902,1,False,9370,12/6/2024 11:54:00 AM,1154,054,14,109,Oakland,1,True,True,H,OTHER,ROCK,Friday,NotApplicable,False,,,False,True,False,ALAMEDA SUPERIOR COURT WILEY W. MANUEL COURTHOUSE,A,NON-COLLISION,,0,0,A,DAYLIGHT,37.815206,-122.251105,,,,,A,NO PEDESTRIANS INVOLVED,12/6/2024 11:54:00 AM,C,,,,I-580 W/B,,,12/6/2024 6:50:45 PM,A,E,1900.0,HARRISON ST,F,,D,12/6/2024 6:50:48 PM,12/6/2024 6:50:48 PM,False,True,4,,12/6/2024 12:00:00 PM,1200,False,,,True
4495275,9370-2024-03764,1,False,9370,11/23/2024 12:00:00 PM,1200,053,14,109,Oakland,1,True,True,E,HIT OBJECT,,Saturday,NotApplicable,False,,,False,True,True,ALAMEDA SUPERIOR COURT WILEY W. MANUEL COURTHOUSE,I,FIXED OBJECT,METAL GUARD RAIL,0,0,A,DAYLIGHT,37.790364,-122.201777,,,,,A,NO PEDESTRIANS INVOLVED,11/23/2024 12:00:00 PM,A,VC 22350,False,1,I-580 E/B,,,12/6/2024 4:26:07 PM,B,W,504.0,38TH AVE,F,,D,12/6/2024 4:26:09 PM,12/6/2024 4:26:09 PM,False,True,4,,11/23/2024 12:10:00 PM,1210,True,EMBEDDED,,True
4495213,9370-2024-03835,1,False,9370,11/24/2024 11:10:00 AM,1110,176,14,109,Oakland,1,True,True,B,SIDE SWIPE,,Sunday,NotApplicable,False,M,,False,True,False,ALAMEDA SUPERIOR COURT WILEY W. MANUEL COURTHOUSE,C,OTHER MOTOR VEHICLE,,0,0,A,DAYLIGHT,37.735605,-122.191904,,,,,A,NO PEDESTRIANS INVOLVED,11/24/2024 11:10:00 AM,A,VC 21658(A),False,1,I-880 N/B,,,12/6/2024 3:12:01 PM,A,N,1650.0,98TH AVE,F,,D,12/6/2024 3:12:03 PM,12/6/2024 3:12:03 PM,False,True,4,,11/24/2024 11:15:00 AM,1115,True,EMBEDDED,,True
4495107,9370-2024-03887,1,False,9370,12/4/2024 10:45:00 PM,2245,025,14,109,Oakland,1,True,True,E,HIT OBJECT,,Wednesday,NotApplicable,False,,,False,True,False,ALAMEDA SUPERIOR COURT WILEY W. MANUEL COURTHOUSE,J,OTHER OBJECT,SAND BARRIER / ENERGITE,0,0,C,DARK-STREET LIGHTS,37.825875,-122.273544,,,,,A,NO PEDESTRIANS INVOLVED,12/4/2024 10:45:00 PM,C,,,,SR-24 W/B TO I-580 WB TRANSITION,,,12/6/2024 1:59:29 PM,A,E,473.0,MARKET ST,F,,D,12/6/2024 1:59:31 PM,12/6/2024 1:59:31 PM,False,True,4,False,12/4/2024 10:45:00 PM,2245,False,,,False
4495075,9370-2024-03876,1,False,9370,12/3/2024 5:15:00 PM,1715,177,14,109,Oakland,1,True,True,B,SIDE SWIPE,,Tuesday,NotApplicable,False,,,False,True,False,ALAMEDA SUPERIOR COURT WILEY W. MANUEL COURTHOUSE,C,OTHER MOTOR VEHICLE,,0,0,A,DAYLIGHT,37.797483,-122.272627,,,,,A,NO PEDESTRIANS INVOLVED,12/3/2024 5:15:00 PM,A,VC 21658(A),False,,I-880 S/B,,,12/6/2024 1:49:54 PM,A,N,400.0,JACKSON STREET,F,,D,12/6/2024 1:49:55 PM,12/6/2024 1:49:55 PM,False,True,4,,12/3/2024 5:20:00 PM,1720,False,,,True
4495056,24-030639,2,False,0109,6/20/2024 12:37:00 PM,1237,29X,14,109,Oakland,1,True,True,C,REAR END,,Thursday,,,M,,False,False,False,,C,OTHER MOTOR VEHICLE,,1,0,A,DAYLIGHT,,,,,,,A,NO PEDESTRIANS INVOLVED,,D,22350,,1,SEMINARY AV,2,,,A,,,OUTLOOK AV,,,A,12/6/2024 1:43:56 PM,1/28/2025 11:36:12 AM,,,2,,,,,,,
4495054,9370-2024-03870,1,False,9370,12/2/2024 6:00:00 PM,1800,177,14,109,Oakland,1,True,True,B,SIDE SWIPE,,Monday,NotApplicable,False,,,False,True,False,ALAMEDA SUPERIOR COURT WILEY W. MANUEL COURTHOUSE,C,OTHER MOTOR VEHICLE,,0,0,C,DARK-STREET LIGHTS,37.799709,-122.278322,,,,,A,NO PEDESTRIANS INVOLVED,12/2/2024 6:00:00 PM,A,VC 21658(A),False,1,I-880 S/B,,,12/6/2024 1:43:02 PM,A,N,570.0,I-980 W/B,F,,D,12/6/2024 1:43:04 PM,12/6/2024 1:43:04 PM,False,True,4,,12/2/2024 6:01:00 PM,1801,False,,,True
4495050,9370-2024-03808,1,False,9370,11/26/2024 10:50:00 PM,2250,054,14,109,Oakland,1,True,True,E,HIT OBJECT,,Tuesday,NotApplicable,False,,,False,True,False,ALAMEDA SUPERIOR COURT WILEY W. MANUEL COURTHOUSE,J,OTHER OBJECT,TIRE,0,0,D,DARK-NO STREET LIGHTS,37.806191,-122.23654,,,,,A,NO PEDESTRIANS INVOLVED,11/26/2024 10:50:00 PM,C,,,,I-580 W/B,,,12/6/2024 1:40:34 PM,A,W,1000.0,PARK BLVD,F,,D,12/6/2024 1:40:36 PM,12/6/2024 1:40:36 PM,False,True,4,,11/26/2024 10:55:00 PM,2255,False,,,True
4495027,9370-2024-03765,1,False,9370,11/22/2024 11:25:00 AM,1125,008,14,109,Oakland,1,True,True,E,HIT OBJECT,,Friday,NotApplicable,False,,,False,True,False,ALAMEDA SUPERIOR COURT WILEY W. MANUEL COURTHOUSE,I,FIXED OBJECT,CONCRETE WALL,1,0,A,DAYLIGHT,37.824911,-122.305194,,,,,A,NO PEDESTRIANS INVOLVED,11/22/2024 11:25:00 AM,A,VC 22350,False,1,I-80 E/B,,,12/6/2024 1:30:41 PM,B,E,1250.0,WEST GRAND / MARITIME,F,,D,12/6/2024 1:30:43 PM,12/6/2024 1:30:43 PM,False,True,4,,11/22/2024 11:29:00 AM,1129,False,,,True
4494997,9370-2024-03772,1,False,9370,11/22/2024 2:40:00 PM,1440,053,14,109,Oakland,1,True,True,D,BROADSIDE,,Friday,NotApplicable,False,F,,False,True,False,ALAMEDA SUPERIOR COURT WILEY W. MANUEL COURTHOUSE,C,OTHER MOTOR VEHICLE,,0,0,A,DAYLIGHT,37.813256,-122.272504,,,,,A,NO PEDESTRIANS INVOLVED,11/22/2024 2:40:00 PM,A,VC 22350,False,1,I-980 E/B,,,12/6/2024 1:19:35 PM,B,W,85.0,23RD ST,F,,D,12/6/2024 1:19:37 PM,12/6/2024 1:19:37 PM,False,True,4,,11/22/2024 2:45:00 PM,1445,False,,,True
4494988,9370-2024-03758,1,False,9370,11/22/2024 1:30:00 PM,1330,178,14,109,Oakland,1,True,True,C,REAR END,,Friday,Yes,False,,,False,True,False,ALAMEDA SUPERIOR COURT WILEY W. MANUEL COURTHOUSE,C,OTHER MOTOR VEHICLE,,1,0,A,DAYLIGHT,37.802353,-122.284711,,,,,A,NO PEDESTRIANS INVOLVED,11/22/2024 1:30:00 PM,A,VC 22350,False,1,I-880 N/B,,,12/6/2024 1:16:04 PM,B,N,410.0,MARKET ST,F,,D,12/6/2024 1:16:10 PM,12/6/2024 1:16:10 PM,False,True,4,True,11/22/2024 1:35:00 PM,1335,False,,,True
4494980,9370-2024-03791,1,False,9370,11/25/2024 10:45:00 AM,1045,052,14,109,Oakland,1,True,True,B,SIDE SWIPE,,Monday,Yes,False,F,,False,True,True,ALAMEDA SUPERIOR COURT ALAMEDA,C,OTHER MOTOR VEHICLE,,1,0,A,DAYLIGHT,37.78413,-122.181716,,,,,A,NO PEDESTRIANS INVOLVED,11/25/2024 10:45:00 AM,A,VC 21658(A),False,1,I-580 W/B,,,12/6/2024 1:11:39 PM,B,W,920.0,SR-13 S/B TO I-580 E/B,F,,D,12/6/2024 1:11:41 PM,12/6/2024 1:11:41 PM,False,True,4,True,11/25/2024 10:50:00 AM,1050,False,,,True
4494947,24-036176,2,False,0109,7/19/2024 9:50:00 PM,2150,27X,14,109,Oakland,1,True,True,D,BROADSIDE,,Friday,,,,,False,False,False,,C,OTHER MOTOR VEHICLE,,0,0,C,DARK-STREET LIGHTS,,,,,,,A,NO PEDESTRIANS INVOLVED,,D,,,,HIGH ST,2,,,A,S,30.0,BOND ST,F,,D,12/6/2024 12:53:56 PM,1/28/2025 12:09:21 PM,,,2,,,,,,,
4494735,24051923,2,False,0109,10/20/2024 11:28:00 PM,2328,19X,14,109,Oakland,1,True,True,E,HIT OBJECT,,Sunday,,,M,,False,False,False,,I,FIXED OBJECT,,0,0,C,DARK-STREET LIGHTS,,,,,,,A,NO PEDESTRIANS INVOLVED,,A,,,1,FOOTHILL BL,1,,,A,W,7.0,5TH AV,F,,A,12/6/2024 10:43:55 AM,1/28/2025 12:08:39 PM,,,2,,,,,,,
4494734,24026163,2,False,0109,5/27/2024 6:34:00 PM,1834,03X,14,109,Oakland,1,True,True,D,BROADSIDE,,Monday,,,,,False,False,False,,C,OTHER MOTOR VEHICLE,,0,0,A,DAYLIGHT,,,,,,,A,NO PEDESTRIANS INVOLVED,,A,21453A,,,6TH ST,1,,,A,,,OAK ST,,,A,12/6/2024 10:43:55 AM,1/28/2025 12:09:03 PM,,,2,,,,,,,
4493950,9370-2024-03753,1,False,9370,11/22/2024 3:35:00 PM,1535,098,14,109,Oakland,1,True,True,C,REAR END,,Friday,NotApplicable,False,M,,False,True,False,ALAMEDA SUPERIOR COURT WILEY W. MANUEL COURTHOUSE,C,OTHER MOTOR VEHICLE,,0,0,A,DAYLIGHT,37.822888,-122.269003,,,,,A,NO PEDESTRIANS INVOLVED,11/22/2024 3:35:00 PM,A,VC 22350,False,1,I-980 W/B,,,12/5/2024 2:52:28 PM,B,E,1000.0,27TH STREET,F,,D,12/5/2024 2:52:30 PM,12/5/2024 2:52:30 PM,False,True,4,,11/22/2024 3:40:00 PM,1540,True,EMBEDDED,,True
4493949,9370-2024-03799,1,False,9370,11/25/2024 7:15:00 PM,1915,055,14,109,Oakland,1,True,True,C,REAR END,,Monday,Yes,False,,,False,True,True,ALAMEDA SUPERIOR COURT WILEY W. MANUEL COURTHOUSE,C,OTHER MOTOR VEHICLE,,1,0,D,DARK-NO STREET LIGHTS,37.823609,-122.264461,,,,,A,NO PEDESTRIANS INVOLVED,11/25/2024 7:15:00 PM,A,VC 22350,False,1,I-580 W/B,,,12/5/2024 2:50:15 PM,B,E,490.0,SR-24 E/B,F,,D,12/5/2024 2:50:18 PM,12/5/2024 2:50:18 PM,False,True,4,,11/25/2024 7:20:00 PM,1920,False,,,True
4493942,24051219,2,False,0109,10/14/2024 5:07:00 PM,1707,34X,14,109,Oakland,1,True,True,B,SIDE SWIPE,,Monday,,,,,False,False,False,,C,OTHER MOTOR VEHICLE,,0,0,A,DAYLIGHT,,,,,,,A,NO PEDESTRIANS INVOLVED,,A,22107,,1,INTERNATIONAL BL,2,,,A,E,50.0,90TH AV,F,,D,12/5/2024 2:38:49 PM,1/28/2025 12:08:39 PM,,,2,,,,,,,
4493908,24049685,2,False,0109,10/5/2024 11:10:00 AM,1110,06X,14,109,Oakland,1,True,True,D,BROADSIDE,,Saturday,,,M,,False,False,False,,C,OTHER MOTOR VEHICLE,,0,0,A,DAYLIGHT,,,,,,,A,NO PEDESTRIANS INVOLVED,,A,21453A,,1,MARTIN LUTHER KING JR WY,1,,,A,,,W MACARTHUR BL,,,A,12/5/2024 2:18:49 PM,1/28/2025 12:08:39 PM,,,2,,,,,,,
4493891,24049770,2,False,0109,10/5/2024 11:23:00 PM,2323,29X,14,109,Oakland,1,True,True,D,BROADSIDE,,Saturday,,,,,False,False,False,,C,OTHER MOTOR VEHICLE,,0,0,C,DARK-STREET LIGHTS,,,,,,,A,NO PEDESTRIANS INVOLVED,,A,21453A,,,MACARTHUR BL,2,,,A,,,5 SEMINARY AV,,,A,12/5/2024 2:08:49 PM,1/28/2025 12:08:39 PM,,,2,,,,,,,
4493688,24052544,2,False,0109,10/22/2024 1:30:00 PM,1330,23X,14,109,Oakland,1,True,True,D,BROADSIDE,,Tuesday,,,M,,False,False,True,,C,OTHER MOTOR VEHICLE,,0,0,A,DAYLIGHT,,,,,,,A,NO PEDESTRIANS INVOLVED,,A,22350,,1,42ND AV,2,,,A,,,FOOTHILL BL,,,A,12/5/2024 12:23:48 PM,1/28/2025 12:08:39 PM,,,2,,,,,,,
4493667,24050202,2,False,0109,10/8/2024 2:55:00 PM,1455,35X,14,109,Oakland,1,True,True,C,REAR END,,Tuesday,,,M,,False,False,False,,C,OTHER MOTOR VEHICLE,,0,0,A,DAYLIGHT,,,,,,,A,NO PEDESTRIANS INVOLVED,,A,22350,,1,98TH AV,2,,,A,S,75.0,GOLF LINKS RD,F,,D,12/5/2024 12:08:48 PM,1/28/2025 12:08:39 PM,,,2,,,,,,,
4493650,24050940,2,False,0109,10/12/2024 9:28:00 PM,2128,09X,14,109,Oakland,1,True,True,D,BROADSIDE,,Saturday,,,M,,False,False,False,,C,OTHER MOTOR VEHICLE,,0,0,C,DARK-STREET LIGHTS,,,,,,,A,NO PEDESTRIANS INVOLVED,,A,21453A,,1,OAKLAND AV,1,,,A,,,SANTA CLARA AV,,,A,12/5/2024 11:58:48 AM,1/28/2025 12:08:39 PM,,,2,,,,,,,
4493616,24050657,2,False,0109,10/11/2024 7:50:00 AM,750,20X,14,109,Oakland,1,True,True,B,SIDE SWIPE,,Friday,,,M,,False,False,True,,C,OTHER MOTOR VEHICLE,,0,0,A,DAYLIGHT,,,,,,,A,NO PEDESTRIANS INVOLVED,,A,22106,,1,FRUITVALE AV,2,,,A,S,50.0,BROOKDALE AV,F,,D,12/5/2024 11:38:48 AM,1/28/2025 12:08:39 PM,,,2,,,,,,,
4493612,24050560,2,False,0109,10/10/2024 5:17:00 PM,1717,26X,14,109,Oakland,1,True,True,D,BROADSIDE,,Thursday,,,M,,False,False,False,,C,OTHER MOTOR VEHICLE,,0,0,A,DAYLIGHT,,,,,,,A,NO PEDESTRIANS INVOLVED,,A,22450A,,1,INTERNATIONAL BL,2,,,A,,,44TH AV,,,A,12/5/2024 11:33:48 AM,1/28/2025 12:08:39 PM,,,2,,,,,,,
4493553,24-042791,2,False,0109,8/26/2024 4:00:00 PM,1600,23X,14,109,Oakland,1,True,True,D,BROADSIDE,,Monday,,,M,,False,False,True,,C,OTHER MOTOR VEHICLE,,0,0,A,DAYLIGHT,,,,,,,A,NO PEDESTRIANS INVOLVED,,A,21453A,,1,E 9TH ST,2,,,A,,,FRUITVALE BL,,,A,12/5/2024 11:08:48 AM,1/28/2025 12:09:28 PM,,,2,,,,,,,
4493521,24-040690,2,False,0109,8/15/2024 12:17:00 AM,17,23X,14,109,Oakland,1,True,True,C,REAR END,,Thursday,,,M,,False,False,False,,C,OTHER MOTOR VEHICLE,,0,0,C,DARK-STREET LIGHTS,,,,,,,A,NO PEDESTRIANS INVOLVED,,A,22107,,1,35TH AV,2,,,A,N,300.0,SAN LEANDRO ST,F,,D,12/5/2024 10:53:48 AM,1/28/2025 12:09:28 PM,,,2,,,,,,,
4493518,24-041305,2,False,0109,8/17/2024 1:43:00 PM,1343,10Y,14,109,Oakland,1,True,True,B,SIDE SWIPE,,Saturday,,,,,False,False,False,,C,OTHER MOTOR VEHICLE,,0,0,A,DAYLIGHT,,,,,,,A,NO PEDESTRIANS INVOLVED,,A,22350,,1,ADELINE ST,1,,,A,,,58TH ST,,,A,12/5/2024 10:48:48 AM,1/28/2025 12:09:28 PM,,,2,,,,,,,
4493422,24-042457,2,False,0109,8/25/2024 4:20:00 AM,420,19X,14,109,Oakland,1,True,True,A,HEAD-ON,,Sunday,,,M,,False,False,True,,E,PARKED MOTOR VEHICLE,,0,0,C,DARK-STREET LIGHTS,,,,,,,A,NO PEDESTRIANS INVOLVED,,A,22107,,1,INTERNATIONAL BL,1,,,A,W,72.0,12TH AV,F,,D,12/5/2024 10:03:48 AM,1/28/2025 12:09:28 PM,,,2,,,,,,,
4493409,24-016267,2,False,0109,5/23/2024 6:40:00 AM,640,34X,14,109,Oakland,1,True,True,D,BROADSIDE,,Thursday,,,,,False,False,False,,C,OTHER MOTOR VEHICLE,,2,0,A,DAYLIGHT,,,,,,,A,NO PEDESTRIANS INVOLVED,,A,21802A,,1,98TH AV,2,,,A,,,OLIVE ST,,,A,12/5/2024 9:58:48 AM,1/28/2025 12:08:22 PM,,,2,,,,,,,
4493367,24-043643,2,False,0109,8/31/2024 8:02:00 PM,2002,344X,14,109,Oakland,1,True,True,B,SIDE SWIPE,,Saturday,,,F,,False,False,False,,E,PARKED MOTOR VEHICLE,,0,0,C,DARK-STREET LIGHTS,,,,,,,A,NO PEDESTRIANS INVOLVED,,A,22107,,1,86TH AV,2,,,A,W,50.0,HOLLY ST,F,,D,12/5/2024 9:43:48 AM,1/28/2025 12:09:28 PM,,,2,,,,,,,
4493308,24-041764,2,False,0109,8/27/2024 1:30:00 PM,1330,03X,14,109,Oakland,1,True,True,D,BROADSIDE,,Tuesday,,,,,False,False,False,,C,OTHER MOTOR VEHICLE,,0,0,A,DAYLIGHT,,,,,,,A,NO PEDESTRIANS INVOLVED,,A,21802A,,1,5TH ST,1,,,A,,,CASTRO ST,,,A,12/5/2024 9:08:48 AM,1/28/2025 12:09:28 PM,,,2,,,,,,,
4493283,24-043389,2,False,0109,8/30/2024 9:05:00 AM,905,09X,14,109,Oakland,1,True,True,B,SIDE SWIPE,,Friday,,,M,,False,False,False,,C,OTHER MOTOR VEHICLE,,0,0,A,DAYLIGHT,,,,,,,A,NO PEDESTRIANS INVOLVED,,A,21453A,,1,40TH ST,1,,,A,,,BROADWAY,,,A,12/5/2024 8:53:47 AM,1/28/2025 12:09:28 PM,,,2,,,,,,,
4493174,9370-2024-03665,1,False,9370,11/14/2024 8:06:00 AM,806,008,14,109,Oakland,1,True,True,B,SIDE SWIPE,,Thursday,NotApplicable,False,M,,False,True,False,ALAMEDA SUPERIOR COURT WILEY W. MANUEL COURTHOUSE,C,OTHER MOTOR VEHICLE,,0,0,A,DAYLIGHT,37.824921,-122.313485,,,,,A,NO PEDESTRIANS INVOLVED,11/14/2024 8:06:00 AM,A,VC 21658(A),False,1,I-80 W/B,,,12/5/2024 8:13:33 AM,A,W,1135.0,W. GRAND AVENUE,F,,D,12/5/2024 8:13:35 AM,12/5/2024 8:13:35 AM,False,True,4,,11/14/2024 8:07:00 AM,0807,False,,,True
4492973,9335-2024-02840,1,False,9335,12/3/2024 12:30:00 PM,1230,082,14,109,Oakland,1,True,True,B,SIDE SWIPE,,Tuesday,NotApplicable,False,,,False,True,False,ALAMEDA SUPERIOR COURT ALAMEDA,C,OTHER MOTOR VEHICLE,,0,0,A,DAYLIGHT,37.824383,-122.315033,,,,,A,NO PEDESTRIANS INVOLVED,12/3/2024 12:30:00 PM,D,,,,INTERSTATE 80 WESTBOUND,,,12/5/2024 4:06:55 AM,A,W,0.5,SFOBB TOLL PLAZA,M,,A,12/5/2024 4:06:58 AM,12/5/2024 4:06:58 AM,False,True,4,,12/3/2024 1:00:00 PM,1300,False,,False,True
4492667,24049783,3,False,0109,10/6/2024 1:30:00 AM,130,35X,14,109,Oakland,1,True,True,B,SIDE SWIPE,,Sunday,,,M,,False,False,False,,E,PARKED MOTOR VEHICLE,,0,0,C,DARK-STREET LIGHTS,,,,,,,A,NO PEDESTRIANS INVOLVED,,A,22107,,1,88TH AV,2,,,A,E,100.0,MACARTHUR,F,,D,12/4/2024 4:38:45 PM,1/28/2025 12:08:39 PM,,,2,,,,,,,
4492666,24050699,2,False,0109,10/11/2024 10:40:00 AM,1040,31X,14,109,Oakland,1,True,True,A,HEAD-ON,,Friday,,,M,,False,False,False,,I,FIXED OBJECT,,0,0,A,DAYLIGHT,,,,,,,A,NO PEDESTRIANS INVOLVED,,A,22350,,1,105TH AV,2,,,A,W,5.0,ACALANES DR,F,,D,12/4/2024 4:38:45 PM,1/28/2025 12:08:39 PM,,,2,,,,,,,