collision-id,report-number,report-version,is-preliminary,ncic-code,crash-date-time,crash-time-description,beat,city-id,city-code,city-name,county-code,city-is-active,city-is-incorporated,collision-type-code,collision-type-description,collision-type-other-desc,day-of-week,dispatch-notified,has-photographs,hit-run,is-attachments-mailed,is-deleted,is-highway-related,is-tow-away,judicial-district,motor-vehicle-involved-with-code,motor-vehicle-involved-with-desc,motor-vehicle-involved-with-other-desc,number-injured,number-killed,lighting-code,lighting-description,latitude,longitude,milepost-direction,milepost-distance,milepost-marker,milepost-unit-of-measure,pedestrian-action-code,pedestrian-action-desc,prepared-date,primary-collision-factor-code,primary-collision-factor-description,primary-collision-factor-is-cited,primary-collision-party-number,primary-road,reporting-district,reporting-district-code,reviewed-date,roadway-surface-code,secondary-direction,secondary-distance,secondary-road,secondary-unit-of-measure,sketch-desc,traffic-control-device-code,created-date,modified-date,is-county-road,is-freeway,chp-555-version,is-additonal-object-struck,notification-date,notification-time-description,has-digital-media-files,evidence-number,is-location-refer-to-narrative,is-aoi-one-same-as-location
4492529,9370-2024-03873,1,False,9370,12/2/2024 6:44:00 PM,1844,178,14,109,Oakland,1,True,True,C,REAR END,,Monday,NotApplicable,False,,,False,True,False,ALAMEDA SUPERIOR COURT WILEY W. MANUEL COURTHOUSE,C,OTHER MOTOR VEHICLE,,0,0,D,DARK-NO STREET LIGHTS,37.802834,-122.28931,,,,,A,NO PEDESTRIANS INVOLVED,12/2/2024 6:44:00 PM,A,VC 22350,False,1,I-880 S/B,,,12/4/2024 2:32:36 PM,A,S,500.0,UNION ST,F,,D,12/4/2024 2:32:38 PM,12/4/2024 2:32:38 PM,False,True,4,,12/2/2024 6:44:00 PM,1844,False,,,True
4492336,24-032862,2,False,0109,7/2/2024 8:59:00 AM,859,15X,14,109,Oakland,1,True,True,D,BROADSIDE,,Tuesday,,,,,False,False,False,,E,PARKED MOTOR VEHICLE,,0,0,A,DAYLIGHT,,,,,,,A,NO PEDESTRIANS INVOLVED,,A,22106,,1,NEWTON AV,1,,,A,,,LESTER AV,,,D,12/4/2024 12:58:45 PM,1/28/2025 12:08:31 PM,,,2,,,,,,,
4491894,24-025713,2,False,0109,5/25/2024 1:58:00 AM,158,29X,14,109,Oakland,1,True,True,D,BROADSIDE,,Saturday,,,,,False,False,False,,C,OTHER MOTOR VEHICLE,,1,0,C,DARK-STREET LIGHTS,,,,,,,A,NO PEDESTRIANS INVOLVED,,A,21453A,,,BANCROFT AV,2,,,A,,,SEMINARY AV,,,A,12/4/2024 9:43:34 AM,1/28/2025 12:08:22 PM,,,2,,,,,,,
4491862,24-037159,2,False,0109,7/26/2024 7:08:00 AM,708,18X,14,109,Oakland,1,True,True,B,SIDE SWIPE,,Friday,,,M,,False,False,False,,C,OTHER MOTOR VEHICLE,,0,0,A,DAYLIGHT,,,,,,,A,NO PEDESTRIANS INVOLVED,,A,22107,,1,E 21ST ST,1,,,A,E,150.0,17TH AV,F,,D,12/4/2024 9:33:34 AM,1/28/2025 12:09:28 PM,,,2,,,,,,,
4491663,24-035072,2,False,0109,7/14/2024 9:51:00 AM,951,35X,14,109,Oakland,1,True,True,B,SIDE SWIPE,,Sunday,,,,,False,False,True,,C,OTHER MOTOR VEHICLE,,0,0,A,DAYLIGHT,,,,,,,A,NO PEDESTRIANS INVOLVED,,A,22107,,1,THERMAL ST,2,,,A,W,160.0,CHEROKEE ST,F,,D,12/4/2024 8:18:33 AM,1/28/2025 12:09:29 PM,,,2,,,,,,,
4491657,24-035037,2,False,0109,7/14/2024 4:00:00 AM,400,33X,14,109,Oakland,1,True,True,F,OVERTURNED,,Sunday,,,M,,False,False,False,,C,OTHER MOTOR VEHICLE,,0,0,C,DARK-STREET LIGHTS,,,,,,,A,NO PEDESTRIANS INVOLVED,,D,,,,85TH AV,2,,,A,,,SAN LEANDRO ST,,,A,12/4/2024 8:13:33 AM,1/28/2025 12:09:29 PM,,,2,,,,,,,
4491547,24-051407,2,False,0109,10/15/2024 11:15:00 PM,2315,06X,14,109,Oakland,1,True,True,D,BROADSIDE,,Tuesday,,,M,,False,False,False,,C,OTHER MOTOR VEHICLE,,1,0,C,DARK-STREET LIGHTS,,,,,,,A,NO PEDESTRIANS INVOLVED,,A,22350,,2,MARTIN LUTHER KING JR WY,1,,,A,,,27TH ST,,,A,12/4/2024 7:23:33 AM,1/28/2025 12:08:54 PM,,,2,,,,,,,
4491477,24-051652,2,False,0109,10/17/2024 12:20:00 PM,1220,31Y,14,109,Oakland,1,True,True,D,BROADSIDE,,Thursday,,,,,False,False,False,,C,OTHER MOTOR VEHICLE,,5,0,A,DAYLIGHT,,,,,,,A,NO PEDESTRIANS INVOLVED,,A,21453A,,1,85TH AV,1,,,A,,,SAN LEANDRO ST,,,A,12/4/2024 6:43:32 AM,1/28/2025 12:08:54 PM,,,2,,,,,,,
4491469,24-051554,2,False,0109,10/16/2024 7:09:00 PM,1909,20X,14,109,Oakland,1,True,True,A,HEAD-ON,,Wednesday,,,,,False,False,False,,G,BICYCLE,,1,0,C,DARK-STREET LIGHTS,,,,,,,A,NO PEDESTRIANS INVOLVED,,A,22350,,1,23RD AV,2,,,A,S,10.0,FOOTHILL BL,F,,A,12/4/2024 6:38:32 AM,1/28/2025 12:08:54 PM,,,2,,,,,,,
4491462,24-051673,2,False,0109,10/17/2024 2:34:00 PM,1434,35X,14,109,Oakland,1,True,True,D,BROADSIDE,,Thursday,,,F,,False,False,False,,C,OTHER MOTOR VEHICLE,,1,0,A,DAYLIGHT,,,,,,,A,NO PEDESTRIANS INVOLVED,,A,22107,,1,FONTAINE ST,2,,,A,,,FONTAINE OVERPASS,,,D,12/4/2024 6:33:32 AM,1/28/2025 12:08:54 PM,,,2,,,,,,,
4491206,9335-2024-02837,1,False,9335,12/3/2024 6:50:00 AM,650,082,14,109,Oakland,1,True,True,B,SIDE SWIPE,,Tuesday,NotApplicable,False,,,False,True,False,ALAMEDA SUPERIOR COURT ALAMEDA,C,OTHER MOTOR VEHICLE,,0,0,A,DAYLIGHT,37.824377,-122.31507,,,,,A,NO PEDESTRIANS INVOLVED,12/3/2024 6:50:00 AM,A,VC 22107,False,1,INTERSTATE 80 WESTBOUND,,,12/3/2024 8:41:11 PM,A,W,300.0,SFO BAY BRIDGE TOLL PLAZA,F,,A,12/3/2024 8:41:13 PM,12/3/2024 8:41:13 PM,False,True,4,,12/3/2024 7:00:00 AM,0700,False,,,True
4491201,9370-2024-03819,1,False,9370,11/27/2024 6:30:00 AM,630,013,14,109,Oakland,1,True,True,E,HIT OBJECT,,Wednesday,Yes,False,,,False,True,True,ALAMEDA SUPERIOR COURT WILEY W. MANUEL COURTHOUSE,I,FIXED OBJECT,GUARD RAIL,1,0,B,DUSK-DAWN,37.793213,-122.181694,,,,,A,NO PEDESTRIANS INVOLVED,11/27/2024 6:30:00 AM,A,VC 22350,False,1,SR-13 S/B,,,12/3/2024 7:54:23 PM,B,S,223.0,CARSON ST,F,,D,12/3/2024 7:54:24 PM,12/3/2024 7:54:24 PM,False,True,4,,11/27/2024 6:31:00 AM,0631,False,,,True
4491200,9370-2024-03817,1,False,9370,11/27/2024 5:35:00 AM,535,013,14,109,Oakland,1,True,True,E,HIT OBJECT,,Wednesday,NotApplicable,False,,,False,True,False,ALAMEDA SUPERIOR COURT WILEY W. MANUEL COURTHOUSE,I,FIXED OBJECT,GUARD RAIL,0,0,C,DARK-STREET LIGHTS,37.792894,-122.181502,,,,,A,NO PEDESTRIANS INVOLVED,11/27/2024 5:35:00 AM,A,VC 22350,False,1,SR-13 S/B,,,12/3/2024 7:53:45 PM,B,S,343.0,CARSON ST,F,,D,12/3/2024 7:53:47 PM,12/3/2024 7:53:47 PM,False,True,4,,11/27/2024 5:38:00 AM,0538,False,,,True
4491141,9370-2024-03742,1,False,9370,11/21/2024 5:30:00 PM,1730,177,14,109,Oakland,1,True,True,B,SIDE SWIPE,,Thursday,NotApplicable,False,M,,False,True,False,ALAMEDA SUPERIOR COURT WILEY W. MANUEL COURTHOUSE,C,OTHER MOTOR VEHICLE,,0,0,D,DARK-NO STREET LIGHTS,37.787388,-122.248213,,,,,A,NO PEDESTRIANS INVOLVED,11/21/2024 5:30:00 PM,A,VC 21658(A),False,1,I-880 S/B,,,12/3/2024 4:52:46 PM,A,N,150.0,16TH ST,F,,D,12/3/2024 4:52:47 PM,12/3/2024 4:52:47 PM,False,True,4,,11/21/2024 6:00:00 PM,1800,False,,,True
4491072,9335-2024-02767,1,False,9335,11/26/2024 8:10:00 AM,810,082,14,109,Oakland,1,True,True,B,SIDE SWIPE,,Tuesday,NotApplicable,False,,,False,True,False,ALAMEDA SUPERIOR COURT WILEY W. MANUEL COURTHOUSE,C,OTHER MOTOR VEHICLE,,0,0,A,DAYLIGHT,37.824371,-122.315066,,,,,A,NO PEDESTRIANS INVOLVED,11/26/2024 8:10:00 AM,A,VC 22350,False,2,I-80 W/B,,,12/3/2024 3:57:56 PM,B,W,320.0,SFOBB TOLL PLAZA,F,,D,12/3/2024 3:58:01 PM,12/3/2024 3:58:01 PM,False,True,4,,11/26/2024 8:15:00 AM,0815,True,AREA PHOTO FILE,,True
4491013,24-034135,2,False,0109,7/9/2024 2:59:00 AM,259,26X,14,109,Oakland,1,True,True,D,BROADSIDE,,Tuesday,,,M,,False,False,False,,C,OTHER MOTOR VEHICLE,,0,0,C,DARK-STREET LIGHTS,,,,,,,A,NO PEDESTRIANS INVOLVED,,A,21453A,,1,HIGH ST,2,,,A,,,SAN LEANDRO ST,,,A,12/3/2024 3:08:31 PM,1/28/2025 12:09:29 PM,,,2,,,,,,,
4491001,24-033934,2,False,0109,7/7/2024 8:10:00 PM,2010,27X,14,109,Oakland,1,True,True,B,SIDE SWIPE,,Sunday,,,M,,False,False,True,,C,OTHER MOTOR VEHICLE,,0,0,A,DAYLIGHT,,,,,,,A,NO PEDESTRIANS INVOLVED,,A,22450A,,1,64TH AV,2,,,A,,,BANCROFT AV,,,A,12/3/2024 3:03:31 PM,1/28/2025 12:09:29 PM,,,2,,,,,,,
4490994,24-034123,2,False,0109,7/8/2024 10:22:00 PM,2222,20X,14,109,Oakland,1,True,True,E,HIT OBJECT,,Monday,,,M,,False,False,False,,I,FIXED OBJECT,,0,0,C,DARK-STREET LIGHTS,,,,,,,A,NO PEDESTRIANS INVOLVED,,A,22107,,1,23RD AV,1,,,A,S,5.0,E 15TH ST,F,,A,12/3/2024 2:58:31 PM,1/28/2025 12:09:29 PM,,,2,,,,,,,
4490986,24-035532,2,False,0109,7/16/2024 1:40:00 PM,1340,34X,14,109,Oakland,1,True,True,C,REAR END,,Tuesday,,,M,,False,False,True,,E,PARKED MOTOR VEHICLE,,0,0,A,DAYLIGHT,,,,,,,A,NO PEDESTRIANS INVOLVED,,A,22107,,1,AUSEON AV,2,,,A,N,100.0,HOLLY ST,F,,D,12/3/2024 2:48:31 PM,1/28/2025 12:09:29 PM,,,2,,,,,,,
4490898,9370-2024-03798,1,False,9370,11/26/2024 5:33:00 AM,533,008,14,109,Oakland,1,True,True,B,SIDE SWIPE,,Tuesday,NotApplicable,False,,,False,True,False,ALAMEDA SUPERIOR COURT WILEY W. MANUEL COURTHOUSE,C,OTHER MOTOR VEHICLE,,0,0,D,DARK-NO STREET LIGHTS,37.825951,-122.302554,,,,,A,NO PEDESTRIANS INVOLVED,11/26/2024 5:33:00 AM,A,VC 21658(A),False,1,I-80 W/B,,,12/3/2024 2:12:43 PM,B,E,3236.0,SAN FRANCISCO OAKLAND BAY BRIDGE TOLL PLAZA,F,,D,12/3/2024 2:12:44 PM,12/3/2024 2:12:44 PM,False,True,4,,11/26/2024 5:38:00 AM,0538,False,,,True
4490878,24-048118,2,False,0109,9/25/2024 7:11:00 PM,1911,10Y,14,109,Oakland,1,True,True,D,BROADSIDE,,Wednesday,,,,,False,False,False,,C,OTHER MOTOR VEHICLE,,1,0,B,DUSK-DAWN,,,,,,,A,NO PEDESTRIANS INVOLVED,,A,21802A,,1,MARTIN LUTHER KING JR WY,1,,,A,,,45TH ST,,,A,12/3/2024 2:03:31 PM,1/28/2025 12:09:50 PM,,,2,,,,,,,
4490471,24-033899,2,False,0109,7/7/2024 4:08:00 PM,1608,31Y,14,109,Oakland,1,True,True,D,BROADSIDE,,Sunday,,,,,False,False,False,,C,OTHER MOTOR VEHICLE,,0,0,A,DAYLIGHT,,,,,,,A,NO PEDESTRIANS INVOLVED,,A,21801A,,1,98TH AV,2,,,A,,,MADDUX DR,,,A,12/3/2024 10:38:29 AM,1/28/2025 12:09:21 PM,,,2,,,,,,,
4490424,24-037948,2,False,0109,7/29/2024 11:41:00 PM,2341,23X,14,109,Oakland,1,True,True,A,HEAD-ON,,Monday,,,M,,False,False,False,,C,OTHER MOTOR VEHICLE,,0,0,C,DARK-STREET LIGHTS,,,,,,,A,NO PEDESTRIANS INVOLVED,,A,22350,,1,35TH AV,2,,,A,,,E 17TH ST,,,D,12/3/2024 10:13:29 AM,1/28/2025 12:09:21 PM,,,2,,,,,,,
4490396,24-035556,2,False,0109,7/16/2024 5:14:00 PM,1714,34X,14,109,Oakland,1,True,True,H,OTHER,,Tuesday,,,,,False,False,True,,C,OTHER MOTOR VEHICLE,,0,0,A,DAYLIGHT,,,,,,,A,NO PEDESTRIANS INVOLVED,,A,22350,,1,INTERNATIONAL BL,2,,,A,W,350.0,96TH AV,F,,A,12/3/2024 9:58:29 AM,1/28/2025 12:09:21 PM,,,2,,,,,,,
4490377,24-033178,2,False,0109,7/3/2024 11:25:00 PM,2325,23X,14,109,Oakland,1,True,True,D,BROADSIDE,,Wednesday,,,M,,False,False,False,,C,OTHER MOTOR VEHICLE,,0,0,C,DARK-STREET LIGHTS,,,,,,,A,NO PEDESTRIANS INVOLVED,,A,21453A,,1,COURTLAND AV,2,,,A,,,FOOTHILL BL,,,A,12/3/2024 9:48:29 AM,1/28/2025 12:09:21 PM,,,2,,,,,,,
4490373,24-033274,2,False,0109,7/4/2024 4:44:00 PM,1644,34X,14,109,Oakland,1,True,True,B,SIDE SWIPE,,Thursday,,,,,False,False,False,,C,OTHER MOTOR VEHICLE,,0,0,A,DAYLIGHT,,,,,,,A,NO PEDESTRIANS INVOLVED,,A,21655,,1,INTERNATIONAL BL,2,,,A,S,30.0,94TH AV,F,,A,12/3/2024 9:43:29 AM,1/28/2025 12:09:21 PM,,,2,,,,,,,
4490346,24-033125,2,False,0109,7/3/2024 5:56:00 PM,1756,33X,14,109,Oakland,1,True,True,C,REAR END,,Wednesday,,,,,False,False,False,,C,OTHER MOTOR VEHICLE,,0,0,A,DAYLIGHT,,,,,,,A,NO PEDESTRIANS INVOLVED,,A,22350,,1,98TH AV,2,,,A,S,10.0,INTERNATIONAL BL,F,,A,12/3/2024 9:33:29 AM,1/28/2025 12:09:21 PM,,,2,,,,,,,
4490335,24-037987,2,False,0109,7/29/2024 11:30:00 PM,2330,14X,14,109,Oakland,1,True,True,B,SIDE SWIPE,,Monday,,,,,False,False,False,,C,OTHER MOTOR VEHICLE,,0,0,C,DARK-STREET LIGHTS,,,,,,,A,NO PEDESTRIANS INVOLVED,,A,22107,,1,MONTECITO AV,1,,,A,,,LEE ST,,,D,12/3/2024 9:28:29 AM,1/28/2025 12:09:21 PM,,,2,,,,,,,
4490232,24-029678,2,False,0109,6/14/2024 11:42:00 PM,2342,01X,14,109,Oakland,1,True,True,D,BROADSIDE,,Friday,,,,,False,False,True,,C,OTHER MOTOR VEHICLE,,2,0,C,DARK-STREET LIGHTS,,,,,,,A,NO PEDESTRIANS INVOLVED,,A,,,1,4TH ST,1,,,A,,,WASHINGTON ST,,,A,12/3/2024 8:43:28 AM,1/28/2025 12:02:09 PM,,,2,,,,,,,
4490128,24-032344,2,False,0109,7/31/2024 6:00:00 AM,600,24X,14,109,Oakland,1,True,True,B,SIDE SWIPE,,Wednesday,,,,,False,False,True,,E,PARKED MOTOR VEHICLE,,0,0,A,DAYLIGHT,,,,,,,A,NO PEDESTRIANS INVOLVED,,A,23152A,,1,WALNUT ST,2,,,A,E,20.0,39TH AV,F,,D,12/3/2024 7:53:28 AM,1/28/2025 12:09:16 PM,,,2,,,,,,,
4490055,24-040107,2,False,0109,8/11/2024 4:00:00 PM,1600,03X,14,109,Oakland,1,True,True,D,BROADSIDE,,Sunday,,,,,False,False,False,,C,OTHER MOTOR VEHICLE,,0,0,A,DAYLIGHT,,,,,,,A,NO PEDESTRIANS INVOLVED,,A,21453,,,10TH ST,1,,,A,,,MADISON ST,,,A,12/3/2024 7:18:28 AM,1/28/2025 12:09:00 PM,,,2,,,,,,,
4490053,24-043681,2,False,0109,9/1/2024 4:14:00 AM,414,34X,14,109,Oakland,1,True,True,C,REAR END,,Sunday,,,,,False,False,False,,E,PARKED MOTOR VEHICLE,,0,0,C,DARK-STREET LIGHTS,,,,,,,A,NO PEDESTRIANS INVOLVED,,C,,,,A ST,2,,,A,E,20.0,87TH AV,F,,D,12/3/2024 7:18:28 AM,1/28/2025 12:09:04 PM,,,2,,,,,,,
4490052,24-047952,2,False,0109,9/24/2024 6:30:00 PM,1830,03Y,14,109,Oakland,1,True,True,B,SIDE SWIPE,,Tuesday,,,,,False,False,False,,C,OTHER MOTOR VEHICLE,,0,0,A,DAYLIGHT,,,,,,,A,NO PEDESTRIANS INVOLVED,,A,21453A,,,CASTRO ST,1,,,A,,,11TH ST,,,A,12/3/2024 7:18:28 AM,1/28/2025 12:09:08 PM,,,2,,,,,,,
4489994,24-040518,3,False,0109,8/14/2024 12:26:00 AM,26,04X,14,109,Oakland,1,True,True,F,OVERTURNED,,Wednesday,,,,,False,False,False,,E,PARKED MOTOR VEHICLE,,0,0,C,DARK-STREET LIGHTS,,,,,,,A,NO PEDESTRIANS INVOLVED,,A,22107,,1,JEFFERSON ST,1,,,A,S,40.0,15TH ST,F,,A,12/3/2024 6:43:28 AM,1/28/2025 12:08:48 PM,,,2,,,,,,,
4489935,9370-2024-03834,1,False,9370,11/28/2024 9:20:00 PM,2120,053,14,109,Oakland,1,True,True,E,HIT OBJECT,,Thursday,NotApplicable,False,,,False,True,False,ALAMEDA SUPERIOR COURT WILEY W. MANUEL COURTHOUSE,J,OTHER OBJECT,TRAFFIC CONE,0,0,B,DUSK-DAWN,37.801469,-122.229493,,,,,A,NO PEDESTRIANS INVOLVED,11/28/2024 9:20:00 PM,C,,,,I-580 W/B,,,12/3/2024 5:47:46 AM,A,W,202.0,BEAUMONT AVE,F,,D,12/3/2024 5:47:47 AM,12/3/2024 5:47:47 AM,False,True,4,True,11/28/2024 9:23:00 PM,2123,False,,,True
4489931,9370-2024-03862,1,False,9370,11/27/2024 2:15:00 PM,1415,055,14,109,Oakland,1,True,True,C,REAR END,,Wednesday,NotApplicable,False,,,False,True,False,ALAMEDA SUPERIOR COURT WILEY W. MANUEL COURTHOUSE,C,OTHER MOTOR VEHICLE,,0,0,A,DAYLIGHT,37.827272,-122.28506,,,,,A,NO PEDESTRIANS INVOLVED,11/27/2024 2:15:00 PM,A,VC 22350,False,1,I-580 W/B,,,12/3/2024 5:36:38 AM,A,W,130.0,HOLLIS ST,F,,D,12/3/2024 5:36:41 AM,12/3/2024 5:36:41 AM,False,True,4,,11/27/2024 2:20:00 PM,1420,False,,,True
4489663,9370-2024-03802,1,False,9370,11/26/2024 5:10:00 PM,1710,055,14,109,Oakland,1,True,True,C,REAR END,,Tuesday,NotApplicable,False,M,,False,True,False,ALAMEDA SUPERIOR COURT WILEY W. MANUEL COURTHOUSE,C,OTHER MOTOR VEHICLE,,0,0,A,DAYLIGHT,37.824786,-122.269886,,,,,A,NO PEDESTRIANS INVOLVED,11/26/2024 5:10:00 PM,A,VC 22350,False,1,I-580 W/B,,,12/2/2024 8:00:26 PM,A,W,50.0,WEST ST,F,,D,12/2/2024 8:00:29 PM,12/2/2024 8:00:29 PM,False,True,4,,11/26/2024 5:15:00 PM,1715,False,,,True
4489610,9370-2024-03508,1,False,9370,11/1/2024 11:05:00 AM,1105,901,14,109,Oakland,1,True,True,E,HIT OBJECT,,Friday,NotApplicable,False,M,,False,False,False,ALAMEDA SUPERIOR COURT WILEY W. MANUEL COURTHOUSE,I,FIXED OBJECT,STOPLIGHT,0,0,A,DAYLIGHT,37.775393,-122.185515,,,,,A,NO PEDESTRIANS INVOLVED,11/1/2024 11:05:00 AM,A,VC 22350,False,1,SEMINARY AVE,,,12/2/2024 4:43:06 PM,A,,,MACARTHUR BLVD,,,A,12/2/2024 4:43:08 PM,12/2/2024 4:43:08 PM,True,False,4,,11/1/2024 11:10:00 AM,1110,False,,,True
4489604,9370-2024-03747,1,False,9370,11/21/2024 8:30:00 AM,830,024,14,109,Oakland,1,True,True,E,HIT OBJECT,,Thursday,NotApplicable,False,,,False,True,False,ALAMEDA SUPERIOR COURT WILEY W. MANUEL COURTHOUSE,I,FIXED OBJECT,POSTED SIGN,0,0,A,DAYLIGHT,37.819469,-122.205743,,,,,A,NO PEDESTRIANS INVOLVED,11/21/2024 8:30:00 AM,A,VC 22107,False,1,SR-13 S/B FROM MONTEREY BLVD,,,12/2/2024 4:36:49 PM,B,S,205.0,MONTEREY BLVD,F,,D,12/2/2024 4:36:51 PM,12/2/2024 4:36:51 PM,False,True,4,,11/21/2024 8:31:00 AM,0831,False,,,True
4489601,9335-2024-01799,1,False,9335,8/5/2024 1:15:00 PM,1315,084,14,109,Oakland,1,True,True,C,REAR END,,Monday,Yes,False,,,False,True,True,ALAMEDA SUPERIOR COURT ALAMEDA,E,PARKED MOTOR VEHICLE,,0,1,A,DAYLIGHT,37.822534,-122.320367,,,,,A,NO PEDESTRIANS INVOLVED,8/5/2024 1:15:00 PM,A,VC 23152(a),False,1,INTERSTATE 80 EASTBOUND,,,12/2/2024 4:31:13 PM,A,E,2.3,NORTHGATE RD,M,,A,12/2/2024 4:31:17 PM,12/2/2024 4:31:17 PM,False,True,4,,8/5/2024 1:21:00 PM,1321,True,AREA PHOTO FILE,,True
4489566,9370-2024-03853,1,False,9370,12/1/2024 5:05:00 PM,1705,176,14,109,Oakland,1,True,True,B,SIDE SWIPE,,Sunday,NotApplicable,False,M,,False,True,False,ALAMEDA SUPERIOR COURT WILEY W. MANUEL COURTHOUSE,C,OTHER MOTOR VEHICLE,,0,0,A,DAYLIGHT,37.744078,-122.199283,,,,,A,NO PEDESTRIANS INVOLVED,12/1/2024 5:05:00 PM,A,VC 22107,False,1,I-880 N/B,,,12/2/2024 3:53:16 PM,A,S,1330.0,HEGENBERGER RD,F,,D,12/2/2024 3:53:19 PM,12/2/2024 3:53:19 PM,False,True,4,,12/1/2024 5:10:00 PM,1710,False,,,True
4489538,9370-2024-03806,1,False,9370,11/26/2024 10:10:00 PM,2210,054,14,109,Oakland,1,True,True,E,HIT OBJECT,,Tuesday,NotApplicable,False,,,False,True,False,ALAMEDA SUPERIOR COURT WILEY W. MANUEL COURTHOUSE,J,OTHER OBJECT,DARK OBJECT DEBRIS,0,0,C,DARK-STREET LIGHTS,37.807805,-122.239976,,,,,A,NO PEDESTRIANS INVOLVED,11/26/2024 10:10:00 PM,C,,,,I-580 W/B,,,12/2/2024 3:28:09 PM,A,E,1921.0,LAKESHORE AVE,F,,D,12/2/2024 3:28:10 PM,12/2/2024 3:28:10 PM,False,True,4,,11/26/2024 10:20:00 PM,2220,False,,,True
4489530,9370-2024-03815,1,False,9370,11/26/2024 10:00:00 AM,1000,054,14,109,Oakland,1,True,True,E,HIT OBJECT,,Tuesday,NotApplicable,False,,,False,True,False,ALAMEDA SUPERIOR COURT WILEY W. MANUEL COURTHOUSE,J,OTHER OBJECT,TIRE,0,0,D,DARK-NO STREET LIGHTS,37.80564,-122.235452,,,,,A,NO PEDESTRIANS INVOLVED,11/26/2024 10:00:00 AM,C,,,,I-580 W/B,,,12/2/2024 3:24:22 PM,A,E,750.0,PARK BLVD,F,,D,12/2/2024 3:24:25 PM,12/2/2024 3:24:25 PM,False,True,4,,11/26/2024 10:05:00 AM,1005,False,,,True
4489519,9370-2024-03795,1,False,9370,11/25/2024 5:27:00 PM,1727,055,14,109,Oakland,1,True,True,B,SIDE SWIPE,,Monday,Yes,False,,,False,True,False,ALAMEDA SUPERIOR COURT WILEY W. MANUEL COURTHOUSE,C,OTHER MOTOR VEHICLE,,0,0,D,DARK-NO STREET LIGHTS,37.8228,-122.261037,,,,,A,NO PEDESTRIANS INVOLVED,11/25/2024 5:27:00 PM,A,VC 22107,False,1,I-580 W/B,,,12/2/2024 3:15:39 PM,B,E,175.0,I-980 W/B,F,,D,12/2/2024 3:15:42 PM,12/2/2024 3:15:42 PM,False,True,4,,11/25/2024 5:30:00 PM,1730,False,,,True
4489490,9370-2024-03763,1,False,9370,11/23/2024 6:20:00 AM,620,176,14,109,Oakland,1,True,True,B,SIDE SWIPE,,Saturday,NotApplicable,False,M,,False,True,True,ALAMEDA SUPERIOR COURT WILEY W. MANUEL COURTHOUSE,C,OTHER MOTOR VEHICLE,,0,0,A,DAYLIGHT,37.74242,-122.197719,,,,,A,NO PEDESTRIANS INVOLVED,11/23/2024 6:20:00 AM,A,VC 21658(a),False,1,I-880 N/B,,,12/2/2024 3:02:22 PM,B,S,553.0,HEGENBERGER RD,F,,D,12/2/2024 3:02:24 PM,12/2/2024 3:02:24 PM,False,True,4,,11/23/2024 6:45:00 AM,0645,True,EMBEDDED,,True
4489478,9370-2024-03756,1,False,9370,11/22/2024 9:57:00 PM,2157,177,14,109,Oakland,1,True,True,B,SIDE SWIPE,,Friday,Yes,False,,,False,True,False,ALAMEDA SUPERIOR COURT WILEY W. MANUEL COURTHOUSE,I,FIXED OBJECT,CONCRETE MEDIAN,1,0,C,DARK-STREET LIGHTS,37.791774,-122.261987,,,,,A,NO PEDESTRIANS INVOLVED,11/22/2024 9:57:00 PM,A,VC 22350,False,1,INTERSTATE 880 SOUTHBOUND,,,12/2/2024 2:55:09 PM,B,S,1767.0,OAK STREET,F,,D,12/2/2024 2:55:11 PM,12/2/2024 2:55:11 PM,False,True,4,,11/22/2024 9:59:00 PM,2159,False,,,True
4489073,9370-2024-03769,1,False,9370,11/22/2024 8:55:00 PM,2055,052,14,109,Oakland,1,True,True,C,REAR END,,Friday,NotApplicable,False,,,False,True,False,ALAMEDA SUPERIOR COURT WILEY W. MANUEL COURTHOUSE,C,OTHER MOTOR VEHICLE,,1,0,A,DAYLIGHT,37.784054,-122.185447,,,,,A,NO PEDESTRIANS INVOLVED,11/22/2024 8:55:00 PM,A,VC 22350,False,1,I-580 E/B,,,12/2/2024 11:55:34 AM,B,E,689.0,BUELL ST,F,,D,12/2/2024 11:55:38 AM,12/2/2024 11:55:38 AM,False,True,4,,11/22/2024 8:57:00 PM,2057,False,,,True
4489061,9370-2024-03754,1,False,9370,11/22/2024 5:45:00 PM,1745,177,14,109,Oakland,1,True,True,B,SIDE SWIPE,,Friday,NotApplicable,False,,,False,True,False,ALAMEDA SUPERIOR COURT WILEY W. MANUEL COURTHOUSE,C,OTHER MOTOR VEHICLE,,1,0,C,DARK-STREET LIGHTS,37.785499,-122.244138,,,,,A,NO PEDESTRIANS INVOLVED,11/22/2024 5:45:00 PM,A,VC 21658(A),False,1,I-880 S/B,,,12/2/2024 11:52:32 AM,B,S,300.0,16TH AVENUE,F,,D,12/2/2024 11:52:39 AM,12/2/2024 11:52:39 AM,False,True,4,,11/22/2024 5:50:00 PM,1750,True,EMBEDDED,,True
4489007,9370-2024-03741,1,False,9370,11/21/2024 4:15:00 PM,1615,176,14,109,Oakland,1,True,True,C,REAR END,,Thursday,NotApplicable,False,,,False,True,True,ALAMEDA SUPERIOR COURT WILEY W. MANUEL COURTHOUSE,C,OTHER MOTOR VEHICLE,,0,0,A,DAYLIGHT,37.72887,-122.185887,,,,,A,NO PEDESTRIANS INVOLVED,11/21/2024 4:15:00 PM,A,VC 22350,False,1,I-880 N/B,,,12/2/2024 11:31:50 AM,A,S,1300.0,98TH AVENUE,F,,D,12/2/2024 11:31:52 AM,12/2/2024 11:31:52 AM,False,True,4,,11/21/2024 4:20:00 PM,1620,True,EMBEDDED,,True