collision-id,report-number,report-version,is-preliminary,ncic-code,crash-date-time,crash-time-description,beat,city-id,city-code,city-name,county-code,city-is-active,city-is-incorporated,collision-type-code,collision-type-description,collision-type-other-desc,day-of-week,dispatch-notified,has-photographs,hit-run,is-attachments-mailed,is-deleted,is-highway-related,is-tow-away,judicial-district,motor-vehicle-involved-with-code,motor-vehicle-involved-with-desc,motor-vehicle-involved-with-other-desc,number-injured,number-killed,lighting-code,lighting-description,latitude,longitude,milepost-direction,milepost-distance,milepost-marker,milepost-unit-of-measure,pedestrian-action-code,pedestrian-action-desc,prepared-date,primary-collision-factor-code,primary-collision-factor-description,primary-collision-factor-is-cited,primary-collision-party-number,primary-road,reporting-district,reporting-district-code,reviewed-date,roadway-surface-code,secondary-direction,secondary-distance,secondary-road,secondary-unit-of-measure,sketch-desc,traffic-control-device-code,created-date,modified-date,is-county-road,is-freeway,chp-555-version,is-additonal-object-struck,notification-date,notification-time-description,has-digital-media-files,evidence-number,is-location-refer-to-narrative,is-aoi-one-same-as-location
4485951,24-046989,2,False,0109,9/18/2024 5:30:00 PM,1730,03X,14,109,Oakland,1,True,True,B,SIDE SWIPE,,Wednesday,,,F,,False,False,False,,C,OTHER MOTOR VEHICLE,,1,0,A,DAYLIGHT,,,,,,,B,CROSSING IN CROSS WALK AT INTERSECTION,,A,21453A,,1,12TH ST,1,,,A,,,BROADWAY,,,A,11/27/2024 10:03:10 AM,1/28/2025 12:08:54 PM,,,2,,,,,,,
4485910,24-048747,2,False,0109,9/29/2024 1:08:00 PM,1308,27X,14,109,Oakland,1,True,True,D,BROADSIDE,,Sunday,,,,,False,False,False,,C,OTHER MOTOR VEHICLE,,1,0,A,DAYLIGHT,,,,,,,A,NO PEDESTRIANS INVOLVED,,A,21801A,,1,HIGH ST,2,,,A,,,INTERNATIONAL BL,,,A,11/27/2024 9:48:10 AM,1/28/2025 12:08:54 PM,,,2,,,,,,,
4485901,24-035232,2,False,0109,7/15/2024 11:54:00 AM,1154,07X,14,109,Oakland,1,True,True,H,OTHER,,Monday,,,,,False,False,False,,G,BICYCLE,,1,0,A,DAYLIGHT,,,,,,,A,NO PEDESTRIANS INVOLVED,,A,21801A,,1,PERALTA ST,1,,,A,,,PERALTA ST 3033,,,D,11/27/2024 9:43:10 AM,1/28/2025 12:08:57 PM,,,2,,,,,,,
4485876,24-033823,2,False,0109,7/7/2024 3:02:00 AM,302,23X,14,109,Oakland,1,True,True,D,BROADSIDE,,Sunday,,,F,,False,False,True,,C,OTHER MOTOR VEHICLE,,1,0,C,DARK-STREET LIGHTS,,,,,,,A,NO PEDESTRIANS INVOLVED,,A,22350,,1,INTERNATIONAL BL,2,,,A,,,38TH AV,,,A,11/27/2024 9:33:10 AM,1/28/2025 12:08:57 PM,,,2,,,,,,,
4485867,24-033358,2,False,0109,7/5/2024 3:12:00 AM,312,04X,14,109,Oakland,1,True,True,A,HEAD-ON,,Friday,,,F,,False,False,True,,J,OTHER OBJECT,,1,0,C,DARK-STREET LIGHTS,,,,,,,A,NO PEDESTRIANS INVOLVED,,A,22107,,1,FRANK H OGAWA PLZ,1,,,A,,,SAN PABLO AV,,,A,11/27/2024 9:28:10 AM,1/28/2025 12:08:57 PM,,,2,,,,,,,
4485864,24-038127,2,False,0109,7/31/2024 5:46:00 AM,546,19X,14,109,Oakland,1,True,True,D,BROADSIDE,,Wednesday,,,M,,False,False,True,,C,OTHER MOTOR VEHICLE,,1,0,B,DUSK-DAWN,,,,,,,A,NO PEDESTRIANS INVOLVED,,D,,,,INTERNATIONAL BL,1,,,A,E,6.0,12TH AV,F,,D,11/27/2024 9:28:10 AM,1/28/2025 12:08:57 PM,,,2,,,,,,,
4485857,24-034475,2,False,0109,7/10/2024 4:06:00 PM,1606,10X,14,109,Oakland,1,True,True,D,BROADSIDE,,Wednesday,,,,,False,False,False,,C,OTHER MOTOR VEHICLE,,1,0,A,DAYLIGHT,,,,,,,A,NO PEDESTRIANS INVOLVED,,A,21804A,,1,46TH ST,1,,,A,E,310.0,MARKET ST,F,,D,11/27/2024 9:23:10 AM,1/28/2025 12:08:57 PM,,,2,,,,,,,
4485837,24-034104,2,False,0109,7/8/2024 6:17:00 PM,1817,29X,14,109,Oakland,1,True,True,D,BROADSIDE,,Monday,,,M,,False,False,False,,C,OTHER MOTOR VEHICLE,,3,0,A,DAYLIGHT,,,,,,,A,NO PEDESTRIANS INVOLVED,,A,21801A,,1,73RD AV,2,,,A,,,LOCKWOOD ST APT#19,,,A,11/27/2024 9:18:10 AM,1/28/2025 12:08:57 PM,,,2,,,,,,,
4485784,24-033929,2,False,0109,7/7/2024 7:52:00 PM,1952,09X,14,109,Oakland,1,True,True,B,SIDE SWIPE,,Sunday,,,,,False,False,False,,C,OTHER MOTOR VEHICLE,,2,0,A,DAYLIGHT,,,,,,,A,NO PEDESTRIANS INVOLVED,,A,22107,,1,40TH ST,1,,,A,W,40.0,PIEDMONT AV,F,,A,11/27/2024 8:58:10 AM,1/28/2025 12:08:57 PM,,,2,,,,,,,
4485779,24-041024,2,False,0109,8/15/2024 8:30:00 PM,2030,19X,14,109,Oakland,1,True,True,D,BROADSIDE,,Thursday,,,,,False,False,False,,C,OTHER MOTOR VEHICLE,,1,0,C,DARK-STREET LIGHTS,,,,,,,A,NO PEDESTRIANS INVOLVED,,A,21453A,,,KENNEDY ST,1,,,A,,,E 7TH ST,,,A,11/27/2024 8:58:09 AM,1/28/2025 12:08:20 PM,,,2,,,,,,,
4485759,24-035396,2,False,0109,7/15/2024 6:26:00 PM,1826,34X,14,109,Oakland,1,True,True,D,BROADSIDE,,Monday,,,,,False,False,False,,C,OTHER MOTOR VEHICLE,,2,0,A,DAYLIGHT,,,,,,,A,NO PEDESTRIANS INVOLVED,,D,,,,BANCROFT AV,2,,,A,,,82ND AV,,,A,11/27/2024 8:53:09 AM,1/28/2025 12:08:57 PM,,,2,,,,,,,
4485743,24-049257,2,False,0109,10/2/2024 7:39:00 PM,1939,19X,14,109,Oakland,1,True,True,D,BROADSIDE,,Wednesday,,,,,False,False,False,,,,,1,0,C,DARK-STREET LIGHTS,,,,,,,A,NO PEDESTRIANS INVOLVED,,A,21453A,,1,4TH AV,1,,,A,,,E 12TH ST,,,A,11/27/2024 8:48:09 AM,1/28/2025 12:03:51 PM,,,2,,,,,,,
4485732,24-033884,2,False,0109,7/7/2024 3:29:00 PM,1529,30X,14,109,Oakland,1,True,True,C,REAR END,,Sunday,,,M,,False,False,False,,C,OTHER MOTOR VEHICLE,,1,0,A,DAYLIGHT,,,,,,,A,NO PEDESTRIANS INVOLVED,,A,22350,,1,90TH AV,2,,,A,E,5.0,BANCROFT AV,F,,A,11/27/2024 8:43:09 AM,1/28/2025 12:08:57 PM,,,2,,,,,,,
4485711,24-033796,2,False,0109,7/7/2024 12:12:00 AM,12,01X,14,109,Oakland,1,True,True,B,SIDE SWIPE,,Sunday,,,,,False,False,False,,C,OTHER MOTOR VEHICLE,,1,0,C,DARK-STREET LIGHTS,,,,,,,E,IN ROAD - INCLUDES SHOULDER,,A,21453A,,1,5TH ST,1,,,A,,,BRUSH ST,,,A,11/27/2024 8:38:08 AM,1/28/2025 12:08:57 PM,,,2,,,,,,,
4485699,24-053189,2,False,0109,10/25/2024 8:02:00 PM,2002,24Y,14,109,Oakland,1,True,True,D,BROADSIDE,,Friday,,,M,,False,False,False,,C,OTHER MOTOR VEHICLE,,3,0,C,DARK-STREET LIGHTS,,,,,,,A,NO PEDESTRIANS INVOLVED,,A,21453A,,1,HIGH ST,2,,,A,,,REDDING ST,,,A,11/27/2024 8:33:08 AM,1/28/2025 12:03:49 PM,,,2,,,,,,,
4485688,24-033952,2,False,0109,7/7/2024 10:20:00 PM,2220,27X,14,109,Oakland,1,True,True,D,BROADSIDE,,Sunday,,,M,,False,False,False,,C,OTHER MOTOR VEHICLE,,1,0,C,DARK-STREET LIGHTS,,,,,,,A,NO PEDESTRIANS INVOLVED,,A,22450A,,1,48TH AV,2,,,A,,,BANCROFT,,,A,11/27/2024 8:28:08 AM,1/28/2025 12:08:56 PM,,,2,,,,,,,
4485647,24-033456,2,False,0109,7/5/2024 3:42:00 PM,1542,08X,14,109,Oakland,1,True,True,G,VEHICLE/PEDESTRAIN,,Friday,,,,,False,False,False,,B,PEDESTRIAN,,1,0,A,DAYLIGHT,,,,,,,B,CROSSING IN CROSS WALK AT INTERSECTION,,A,21950A,,1,BROADWAY,1,,,A,,,24TH ST,,,A,11/27/2024 8:08:08 AM,1/28/2025 12:08:56 PM,,,2,,,,,,,
4485611,24-034191,2,False,0109,7/9/2024 11:09:00 AM,1109,32X,14,109,Oakland,1,True,True,C,REAR END,,Tuesday,,,,,False,False,False,,C,OTHER MOTOR VEHICLE,,0,0,A,DAYLIGHT,,,,,,,A,NO PEDESTRIANS INVOLVED,,A,21801A,,1,106TH AV,2,,,C,N,15.0,MACARTHUR BL,F,,A,11/27/2024 7:53:08 AM,1/28/2025 12:08:34 PM,,,2,,,,,,,
4485594,24-045558,2,False,0109,9/11/2024 2:48:00 PM,1448,04X,14,109,Oakland,1,True,True,B,SIDE SWIPE,,Wednesday,,,,,False,False,False,,E,PARKED MOTOR VEHICLE,,1,0,A,DAYLIGHT,,,,,,,A,NO PEDESTRIANS INVOLVED,,A,22107,,1,JACKSON ST,1,,,A,N,164.0,17TH ST,F,,D,11/27/2024 7:43:08 AM,1/28/2025 12:08:34 PM,,,2,,,,,,,
4485589,24-046531,2,False,0109,9/17/2024 1:28:00 PM,1328,06X,14,109,Oakland,1,True,True,C,REAR END,,Tuesday,,,,,False,False,False,,C,OTHER MOTOR VEHICLE,,1,0,A,DAYLIGHT,,,,,,,A,NO PEDESTRIANS INVOLVED,,A,22350,,1,34TH ST,1,,,A,,,SAN PABLO AV,,,A,11/27/2024 7:38:08 AM,1/28/2025 12:08:54 PM,,,2,,,,,,,
4485582,24-046524,2,False,0109,9/17/2024 1:05:00 PM,1305,06X,14,109,Oakland,1,True,True,G,VEHICLE/PEDESTRAIN,,Tuesday,,,,,False,False,False,,B,PEDESTRIAN,,1,0,A,DAYLIGHT,,,,,,,B,CROSSING IN CROSS WALK AT INTERSECTION,,A,21950A,,1,SAN PABLO AV,1,,,A,,,35TH ST,,,A,11/27/2024 7:33:08 AM,1/28/2025 12:08:54 PM,,,2,,,,,,,
4485577,24-044453,2,False,0109,9/5/2024 3:00:00 PM,1500,17X,14,109,Oakland,1,True,True,D,BROADSIDE,,Thursday,,,,,False,False,False,,C,OTHER MOTOR VEHICLE,,2,0,A,DAYLIGHT,,,,,,,A,NO PEDESTRIANS INVOLVED,,A,22107,,1,PARK BL,1,,,A,S,117.0,MACARTHUR BL,F,,A,11/27/2024 7:33:08 AM,1/28/2025 12:08:55 PM,,,2,,,,,,,
4485563,24-043667,2,False,0109,9/1/2024 12:27:00 AM,27,03X,14,109,Oakland,1,True,True,D,BROADSIDE,,Sunday,,,M,,False,False,False,,C,OTHER MOTOR VEHICLE,,1,0,C,DARK-STREET LIGHTS,,,,,,,A,NO PEDESTRIANS INVOLVED,,D,,,,12TH ST,1,,,A,,,CLAY ST,,,A,11/27/2024 7:28:08 AM,1/28/2025 12:08:55 PM,,,2,,,,,,,
4485551,24-043994,2,False,0109,9/3/2024 8:35:00 AM,835,17X,14,109,Oakland,1,True,True,G,VEHICLE/PEDESTRAIN,,Tuesday,,,,,False,False,False,,B,PEDESTRIAN,,3,0,A,DAYLIGHT,,,,,,,B,CROSSING IN CROSS WALK AT INTERSECTION,,A,21950A,,1,PARK BL,1,,,A,,,34TH ST,,,A,11/27/2024 7:23:08 AM,1/28/2025 12:08:55 PM,,,2,,,,,,,
4485511,24-038872,2,False,0109,8/5/2024 2:05:00 AM,205,34X,14,109,Oakland,1,True,True,H,OTHER,,Monday,,,,,False,False,False,,E,PARKED MOTOR VEHICLE,,0,0,C,DARK-STREET LIGHTS,,,,,,,A,NO PEDESTRIANS INVOLVED,,A,22107,,1,86TH AV,2,,,A,E,15.0,PLYMOUTH ST,F,,A,11/27/2024 7:03:08 AM,1/28/2025 12:09:02 PM,,,2,,,,,,,
4485468,24-041387,2,False,0109,8/18/2024 5:31:00 AM,531,18X,14,109,Oakland,1,True,True,A,HEAD-ON,,Sunday,,,M,,False,False,False,,C,OTHER MOTOR VEHICLE,,0,0,C,DARK-STREET LIGHTS,,,,,,,A,NO PEDESTRIANS INVOLVED,,A,22107,,1,23RD AV,1,,,A,,,22ND ST,,,D,11/27/2024 6:38:07 AM,1/28/2025 12:09:02 PM,,,2,,,,,,,
4485451,24-041290,2,False,0109,8/19/2024 12:00:00 PM,1200,07X,14,109,Oakland,1,True,True,C,REAR END,,Monday,,,,,False,False,False,,C,OTHER MOTOR VEHICLE,,0,0,A,DAYLIGHT,,,,,,,A,NO PEDESTRIANS INVOLVED,,A,22350,,1,25TH ST,1,,,A,N,5.0,SAN PABLO AV,F,,A,11/27/2024 6:28:07 AM,1/28/2025 12:09:02 PM,,,2,,,,,,,
4485450,24-041381,2,False,0109,8/17/2024 11:47:00 PM,2347,24X,14,109,Oakland,1,True,True,A,HEAD-ON,,Saturday,,,M,,False,False,False,,E,PARKED MOTOR VEHICLE,,0,0,C,DARK-STREET LIGHTS,,,,,,,A,NO PEDESTRIANS INVOLVED,,A,22350,,1,HARPER ST,2,,,A,W,20.0,35TH AV,F,,D,11/27/2024 6:28:07 AM,1/28/2025 12:09:02 PM,,,2,,,,,,,
4485441,24-041612,2,False,0109,8/19/2024 2:00:00 PM,1400,19X,14,109,Oakland,1,True,True,D,BROADSIDE,,Monday,,,,,False,False,False,,C,OTHER MOTOR VEHICLE,,0,0,A,DAYLIGHT,,,,,,,A,NO PEDESTRIANS INVOLVED,,A,21453A,,1,KENNEDY ST,1,,,A,,,7TH ST,,,A,11/27/2024 6:18:07 AM,1/28/2025 12:09:02 PM,,,2,,,,,,,
4505912,9335-2024-02889,1,False,9335,12/8/2024 2:50:00 AM,250,082,14,109,Oakland,1,True,True,E,HIT OBJECT,,Sunday,NotApplicable,False,,,False,True,False,ALAMEDA SUPERIOR COURT ALAMEDA,I,FIXED OBJECT,CONCRETE BARRIER WALL,0,0,C,DARK-STREET LIGHTS,37.824799,-122.313832,,,,,A,NO PEDESTRIANS INVOLVED,12/8/2024 2:50:00 AM,A,VC 22107,False,1,I-80 W/B,,,12/16/2024 2:11:22 PM,A,E,21.0,SFOBB TOLL PLAZA WEST EDGE,F,,D,12/16/2024 2:11:28 PM,12/16/2024 2:11:28 PM,False,True,4,True,12/8/2024 3:00:00 AM,0300,True,EMBEDDED,,True
4505843,24-049696,2,False,0109,10/5/2024 12:50:00 PM,1250,33X,14,109,Oakland,1,True,True,B,SIDE SWIPE,,Saturday,,,M,,False,False,False,,E,PARKED MOTOR VEHICLE,,0,0,A,DAYLIGHT,,,,,,,A,NO PEDESTRIANS INVOLVED,,A,22107,,1,INTERNATIONAL,2,,,A,E,25.0,96TH AV,F,,A,12/16/2024 1:45:10 PM,1/28/2025 12:08:37 PM,,,2,,,,,,,
4505826,24-049252,2,False,0109,10/2/2024 7:14:00 PM,1914,10X,14,109,Oakland,1,True,True,A,HEAD-ON,,Wednesday,,,M,,False,False,False,,I,FIXED OBJECT,,0,0,B,DUSK-DAWN,,,,,,,A,NO PEDESTRIANS INVOLVED,,A,22350,,1,MARKET ST,2,,,A,,,4121 MARKET ST,,,B,12/16/2024 1:35:10 PM,1/28/2025 12:08:37 PM,,,2,,,,,,,
4505821,9370-2024-03907,1,False,9370,12/6/2024 9:25:00 PM,2125,052,14,109,Oakland,1,True,True,E,HIT OBJECT,,Friday,NotApplicable,False,M,,False,True,False,ALAMEDA SUPERIOR COURT WILEY W. MANUEL COURTHOUSE,I,FIXED OBJECT,CONCRETE BARRIER WALL,0,0,C,DARK-STREET LIGHTS,37.745582,-122.150043,,,,,A,NO PEDESTRIANS INVOLVED,12/6/2024 9:25:00 PM,A,VC 22107,False,1,I-580 E/B TO 106TH AVENUE,,,12/16/2024 1:34:42 PM,A,W,325.0,STANLEY AVENUE,F,,A,12/16/2024 1:34:43 PM,12/16/2024 1:34:43 PM,False,True,4,,12/6/2024 9:30:00 PM,2130,False,,,True
4505801,9370-2024-03933,1,False,9370,12/5/2024 11:50:00 AM,1150,055,14,109,Oakland,1,True,True,B,SIDE SWIPE,,Thursday,NotApplicable,False,,,False,True,False,ALAMEDA SUPERIOR COURT WILEY W. MANUEL COURTHOUSE,C,OTHER MOTOR VEHICLE,,0,0,A,DAYLIGHT,37.825031,-122.272783,,,,,A,NO PEDESTRIANS INVOLVED,12/5/2024 11:50:00 AM,B,UNSAFE MERGE,,1,I-580 E/B TO SR-24 E/B,,,12/16/2024 1:27:03 PM,A,E,685.0,MARKET STREET,F,,D,12/16/2024 1:27:08 PM,12/16/2024 1:27:08 PM,False,True,4,,12/5/2024 12:14:00 PM,1214,True,EMBEDDED,,True
4505665,9370-2024-03645,1,False,9370,11/12/2024 5:30:00 PM,1730,177,14,109,Oakland,1,True,True,C,REAR END,,Tuesday,NotApplicable,False,M,,False,True,False,ALAMEDA SUPERIOR COURT WILEY W. MANUEL COURTHOUSE,D,MOTOR VEHICLE ON OTHER ROADWAY,,0,0,D,DARK-NO STREET LIGHTS,37.79365,-122.264436,,,,,A,NO PEDESTRIANS INVOLVED,11/12/2024 5:30:00 PM,A,VC 21658(A),True,1,I-880 S/B,,,12/16/2024 12:42:18 PM,A,S,100.0,BROADWAY,F,,D,12/16/2024 12:42:19 PM,12/16/2024 12:42:19 PM,False,True,4,,11/12/2024 6:00:00 PM,1800,False,,,True
4505650,9370-2024-03748,1,False,9370,11/22/2024 9:15:00 AM,915,176,14,109,Oakland,1,True,True,C,REAR END,,Friday,NotApplicable,False,,,False,True,False,ALAMEDA SUPERIOR COURT WILEY W. MANUEL COURTHOUSE,C,OTHER MOTOR VEHICLE,,0,0,A,DAYLIGHT,37.766145,-122.218973,,,,,A,NO PEDESTRIANS INVOLVED,11/22/2024 9:15:00 AM,A,VC 21658(A),False,1,I-880 S/B,,,12/16/2024 12:36:31 PM,B,S,791.0,HIGH STREET,F,,D,12/16/2024 12:36:32 PM,12/16/2024 12:36:32 PM,False,True,4,,11/22/2024 9:33:00 AM,0933,False,,,True
4505637,9370-2024-03910,1,False,9370,12/6/2024 3:10:00 PM,1510,024,14,109,Oakland,1,True,True,C,REAR END,,Friday,NotApplicable,False,,,False,True,True,ALAMEDA SUPERIOR COURT WILEY W. MANUEL COURTHOUSE,C,OTHER MOTOR VEHICLE,,1,0,A,DAYLIGHT,37.851938,-122.222499,,,,,A,NO PEDESTRIANS INVOLVED,12/6/2024 3:10:00 PM,A,VC 22350,False,1,SR-24 E/B,,,12/16/2024 12:34:30 PM,A,E,500.0,OLD TUNNEL ROAD,F,,A,12/16/2024 12:34:31 PM,12/16/2024 12:34:31 PM,False,True,4,,12/6/2024 3:15:00 PM,1515,False,,,True
4505631,9370-2024-03937,1,False,9370,12/6/2024 8:30:00 PM,2030,176,14,109,Oakland,1,True,True,C,REAR END,,Friday,NotApplicable,False,,,False,True,False,ALAMEDA SUPERIOR COURT WILEY W. MANUEL COURTHOUSE,C,OTHER MOTOR VEHICLE,,0,0,C,DARK-STREET LIGHTS,37.765269,-122.218434,,,,,A,NO PEDESTRIANS INVOLVED,12/6/2024 8:30:00 PM,A,VC 22106,False,1,I-880 S/B FROM OAKPORT STREET,,,12/16/2024 12:30:59 PM,A,S,1170.0,HIGH STEET,F,,D,12/16/2024 12:31:01 PM,12/16/2024 12:31:01 PM,False,True,4,,12/6/2024 8:40:00 PM,2040,False,,,True
4505581,24-05464,3,False,0109,10/31/2024 12:47:00 AM,47,20X,14,109,Oakland,1,True,True,D,BROADSIDE,,Thursday,,,M,,False,False,True,,E,PARKED MOTOR VEHICLE,,0,0,C,DARK-STREET LIGHTS,,,,,,,A,NO PEDESTRIANS INVOLVED,,A,22107,,1,E 7TH ST,2,,,B,,,29TH AV,,,D,12/16/2024 12:05:09 PM,1/28/2025 12:10:16 PM,,,2,,,,,,,
4505198,24-055442,2,False,0109,11/7/2024 5:38:00 PM,1738,18X,14,109,Oakland,1,True,True,D,BROADSIDE,,Thursday,,,,,False,False,False,,C,OTHER MOTOR VEHICLE,,0,0,C,DARK-STREET LIGHTS,,,,,,,A,NO PEDESTRIANS INVOLVED,,A,21800A,,,21ST AV,1,,,A,,,E 21ST ST,,,A,12/16/2024 10:05:05 AM,1/28/2025 11:44:44 AM,,,2,,,,,,,
4505196,24-057610,2,False,0109,11/21/2024 9:55:00 AM,955,03X,14,109,Oakland,1,True,True,D,BROADSIDE,,Thursday,,,,,False,False,False,,C,OTHER MOTOR VEHICLE,,2,0,A,DAYLIGHT,,,,,,,A,NO PEDESTRIANS INVOLVED,,A,21453A,,,JACKSON ST,1,,,B,,,6TH ST,,,A,12/16/2024 10:05:05 AM,1/28/2025 11:44:45 AM,,,2,,,,,,,
4505189,24-058052,2,False,0109,11/24/2024 10:32:00 AM,1032,04X,14,109,Oakland,1,True,True,G,VEHICLE/PEDESTRAIN,,Sunday,,,,,False,False,False,,C,OTHER MOTOR VEHICLE,,1,0,A,DAYLIGHT,,,,,,,A,NO PEDESTRIANS INVOLVED,,A,21453A,,,21ST ST,1,,,A,,,WEBSTER ST,,,A,12/16/2024 10:00:05 AM,1/28/2025 11:44:45 AM,,,2,,,,,,,
4505078,24-055817,3,False,0109,10/9/2024 5:00:00 PM,1700,03X,14,109,Oakland,1,True,True,H,OTHER,,Wednesday,,,F,,False,False,False,,G,BICYCLE,,1,0,A,DAYLIGHT,,,,,,,A,NO PEDESTRIANS INVOLVED,,A,22107,,1,14TH ST,1,,,A,,,HARRISON ST,,,A,12/16/2024 9:30:04 AM,1/28/2025 12:02:19 PM,,,2,,,,,,,
4505073,9370-2024-03890,1,False,9370,12/4/2024 12:30:00 PM,1230,098,14,109,Oakland,1,True,True,B,SIDE SWIPE,,Wednesday,NotApplicable,False,,,False,True,False,ALAMEDA SUPERIOR COURT WILEY W. MANUEL COURTHOUSE,D,MOTOR VEHICLE ON OTHER ROADWAY,,1,0,A,DAYLIGHT,37.811361,-122.274373,,,,,A,NO PEDESTRIANS INVOLVED,12/4/2024 12:30:00 PM,A,VC 21651(a),False,1,I-980 E/B,,,12/16/2024 9:29:51 AM,A,E,500.0,18TH STREET,F,,D,12/16/2024 9:29:53 AM,12/16/2024 9:29:53 AM,False,True,4,,12/4/2024 12:35:00 PM,1235,False,,,True
4505055,24-056778,2,False,0109,11/16/2024 1:45:00 PM,1345,02X,14,109,Oakland,1,True,True,D,BROADSIDE,,Saturday,,,,,False,False,False,,C,OTHER MOTOR VEHICLE,,0,0,A,DAYLIGHT,,,,,,,A,NO PEDESTRIANS INVOLVED,,A,21801A,,1,8TH ST,1,,,A,,,ADELINE ST,,,A,12/16/2024 9:25:04 AM,1/28/2025 12:02:19 PM,,,2,,,,,,,
4504970,9370-2024-03900,2,False,9370,12/6/2024 7:40:00 AM,740,052,14,109,Oakland,1,True,True,C,REAR END,,Friday,Yes,False,,,False,True,True,ALAMEDA SUPERIOR COURT WILEY W. MANUEL COURTHOUSE,C,OTHER MOTOR VEHICLE,,0,0,A,DAYLIGHT,37.778048,-122.168086,,,,,A,NO PEDESTRIANS INVOLVED,12/6/2024 7:40:00 AM,A,VC 22350,False,1,INTERSTATE 580 EASTBOUND,,,12/30/2024 10:06:07 AM,A,W,700.0,EDWARDS AVE,F,,D,12/16/2024 8:51:44 AM,12/30/2024 10:06:10 AM,False,True,4,,12/6/2024 7:45:00 AM,0745,False,,,True
4504912,2024-00012368,2,False,0109,11/8/2024 5:45:00 PM,1745,,14,109,Oakland,1,True,True,D,BROADSIDE,,Friday,,,,,False,False,False,,C,OTHER MOTOR VEHICLE,,1,0,C,DARK-STREET LIGHTS,37.8188,122.244721,,,,,A,NO PEDESTRIANS INVOLVED,,A,21453A,,1,GRAND AV,,,,A,,,WILDWOOD AV,,,A,12/16/2024 8:30:03 AM,1/28/2025 12:02:19 PM,,,2,,,,,,,
4504891,9370-2024-03912,1,False,9370,12/6/2024 1:47:00 PM,1347,052,14,109,Oakland,1,True,True,B,SIDE SWIPE,,Friday,NotApplicable,False,,,False,True,False,ALAMEDA SUPERIOR COURT WILEY W. MANUEL COURTHOUSE,C,OTHER MOTOR VEHICLE,,0,0,A,DAYLIGHT,37.795537,-122.207667,,,,,A,NO PEDESTRIANS INVOLVED,12/6/2024 1:47:00 PM,A,VC 21658(A),False,1,I-580 W/B,,,12/16/2024 8:19:26 AM,A,E,940.0,COOLIDGE AVE,F,,D,12/16/2024 8:19:28 AM,12/16/2024 8:19:28 AM,False,True,4,,12/6/2024 1:58:00 PM,1358,False,,,True
4504089,9335-2024-02880,1,False,9335,11/28/2024 9:15:00 PM,2115,082,14,109,Oakland,1,True,True,B,SIDE SWIPE,,Thursday,NotApplicable,False,M,,False,True,False,ALAMEDA SUPERIOR COURT WILEY W. MANUEL COURTHOUSE,C,OTHER MOTOR VEHICLE,,0,0,C,DARK-STREET LIGHTS,37.824253,-122.317033,,,,,A,NO PEDESTRIANS INVOLVED,11/28/2024 9:15:00 PM,A,VC 21658(a),False,1,I-80 W/B,,,12/14/2024 1:25:22 PM,A,E,100.0,SFOBB TOLL PLAZA METERING LIGHTS,F,,D,12/14/2024 1:25:29 PM,12/14/2024 1:25:29 PM,False,True,4,,12/7/2024 8:00:00 PM,2000,False,,,True
4503559,9370-2024-03892,1,False,9370,12/3/2024 7:43:00 AM,743,901,14,109,Oakland,1,True,True,E,HIT OBJECT,,Tuesday,NotApplicable,False,,,False,False,False,ALAMEDA SUPERIOR COURT WILEY W. MANUEL COURTHOUSE,I,FIXED OBJECT,RAILROAD SIGN,0,0,A,DAYLIGHT,37.769659,-122.219766,,,,,A,NO PEDESTRIANS INVOLVED,12/3/2024 7:43:00 AM,B,UNSAFE OPERATION,,1,ACCESS ROAD,,,12/13/2024 1:19:02 PM,D,W,260.0,HIGH STREET,F,,D,12/13/2024 1:19:07 PM,12/13/2024 1:19:07 PM,False,False,4,,12/3/2024 7:44:00 AM,0744,True,AREA PHOTO FILE,False,True
4503501,24038080,2,False,0109,7/30/2024 6:45:00 PM,1845,04X,14,109,Oakland,1,True,True,D,BROADSIDE,,Tuesday,,,,,False,False,True,,C,OTHER MOTOR VEHICLE,,2,0,B,DUSK-DAWN,,,,,,,A,NO PEDESTRIANS INVOLVED,,A,21453A,,1,BRUSH ST,1,,,A,,,14TH ST,,,A,12/13/2024 12:44:55 PM,1/28/2025 12:04:14 PM,,,2,,,,,,,
4503492,24-034526,2,False,0109,7/11/2024 1:32:00 AM,132,22Y,14,109,Oakland,1,True,True,C,REAR END,,Thursday,,,,,False,False,True,,E,PARKED MOTOR VEHICLE,,1,0,C,DARK-STREET LIGHTS,,,,,,,A,NO PEDESTRIANS INVOLVED,,A,23152A,,1,MAPLE AV,2,,,A,,,WISCONSIN ST,,,D,12/13/2024 12:39:55 PM,1/28/2025 12:04:14 PM,,,2,,,,,,,
4503468,24-052303,2,False,0109,10/21/2024 3:28:00 PM,1528,27X,14,109,Oakland,1,True,True,B,SIDE SWIPE,,Monday,,,M,,False,False,False,,C,OTHER MOTOR VEHICLE,,0,0,A,DAYLIGHT,,,,,,,A,NO PEDESTRIANS INVOLVED,,A,21453A,,1,FOOTHILL BL,2,,,A,,,VICKSBURG AV,,,A,12/13/2024 12:24:55 PM,1/28/2025 12:10:16 PM,,,2,,,,,,,
4503465,24-052255,2,False,0109,10/21/2024 11:47:00 AM,1147,19X,14,109,Oakland,1,True,True,D,BROADSIDE,,Monday,,,,,False,False,False,,C,OTHER MOTOR VEHICLE,,0,0,A,DAYLIGHT,,,,,,,A,NO PEDESTRIANS INVOLVED,,A,21453A,,1,21ST AV,1,,,A,,,INTERNATIONAL BL,,,A,12/13/2024 12:24:55 PM,1/28/2025 12:10:16 PM,,,2,,,,,,,