collision-id,report-number,report-version,is-preliminary,ncic-code,crash-date-time,crash-time-description,beat,city-id,city-code,city-name,county-code,city-is-active,city-is-incorporated,collision-type-code,collision-type-description,collision-type-other-desc,day-of-week,dispatch-notified,has-photographs,hit-run,is-attachments-mailed,is-deleted,is-highway-related,is-tow-away,judicial-district,motor-vehicle-involved-with-code,motor-vehicle-involved-with-desc,motor-vehicle-involved-with-other-desc,number-injured,number-killed,lighting-code,lighting-description,latitude,longitude,milepost-direction,milepost-distance,milepost-marker,milepost-unit-of-measure,pedestrian-action-code,pedestrian-action-desc,prepared-date,primary-collision-factor-code,primary-collision-factor-description,primary-collision-factor-is-cited,primary-collision-party-number,primary-road,reporting-district,reporting-district-code,reviewed-date,roadway-surface-code,secondary-direction,secondary-distance,secondary-road,secondary-unit-of-measure,sketch-desc,traffic-control-device-code,created-date,modified-date,is-county-road,is-freeway,chp-555-version,is-additonal-object-struck,notification-date,notification-time-description,has-digital-media-files,evidence-number,is-location-refer-to-narrative,is-aoi-one-same-as-location
4503457,24-051908,2,False,0109,10/18/2024 6:49:00 PM,1849,20X,14,109,Oakland,1,True,True,B,SIDE SWIPE,,Friday,,,,,False,False,False,,E,PARKED MOTOR VEHICLE,,0,0,C,DARK-STREET LIGHTS,,,,,,,A,NO PEDESTRIANS INVOLVED,,A,22107,,1,23RD AV,2,,,A,N,25.0,15TH ST,F,,D,12/13/2024 12:19:55 PM,1/28/2025 12:10:16 PM,,,2,,,,,,,
4503409,24-051379,2,False,0109,10/15/2024 5:35:00 PM,1735,19X,14,109,Oakland,1,True,True,C,REAR END,,Tuesday,,,,,False,False,False,,C,OTHER MOTOR VEHICLE,,0,0,A,DAYLIGHT,,,,,,,A,NO PEDESTRIANS INVOLVED,,A,22350,,1,LAKE MERRITT BL,1,,,A,S,39.0,12TH ST,F,,A,12/13/2024 11:34:55 AM,1/28/2025 12:10:16 PM,,,2,,,,,,,
4503408,24-052537,2,False,0109,10/22/2024 1:52:00 AM,152,14X,14,109,Oakland,1,True,True,A,HEAD-ON,,Tuesday,,,,,False,False,False,,C,OTHER MOTOR VEHICLE,,0,0,A,DAYLIGHT,,,,,,,A,NO PEDESTRIANS INVOLVED,,A,21453A,,1,GRAND AV,1,,,A,,,BAY PL,,,A,12/13/2024 11:34:55 AM,1/28/2025 12:10:16 PM,,,2,,,,,,,
4503407,24-057830,2,False,0109,11/22/2024 7:36:00 PM,1936,24X,14,109,Oakland,1,True,True,B,SIDE SWIPE,,Friday,,,M,,False,False,True,,E,PARKED MOTOR VEHICLE,,0,0,C,DARK-STREET LIGHTS,,,,,,,A,NO PEDESTRIANS INVOLVED,,A,22107,,1,SUTTER ST,2,,,B,W,10.0,HIGH ST,F,,D,12/13/2024 11:34:55 AM,1/28/2025 12:04:09 PM,,,2,,,,,,,
4503384,24-056476,2,False,0109,11/14/2024 12:05:00 PM,1205,33X,14,109,Oakland,1,True,True,D,BROADSIDE,,Thursday,,,,,False,False,True,,C,OTHER MOTOR VEHICLE,,0,0,A,DAYLIGHT,,,,,,,A,NO PEDESTRIANS INVOLVED,,A,21801A,,1,85TH AV,2,,,B,,,E ST,,,D,12/13/2024 11:24:55 AM,1/28/2025 12:04:09 PM,,,2,,,,,,,
4503379,24-026818,2,False,0109,5/30/2024 3:55:00 PM,1555,35X,14,109,Oakland,1,True,True,C,REAR END,,Thursday,,,,,False,False,False,,C,OTHER MOTOR VEHICLE,,0,0,A,DAYLIGHT,,,,,,,A,NO PEDESTRIANS INVOLVED,,A,22515A,,1,88TH AVE,2,,,A,,,DOWLING ST,,,A,12/13/2024 11:19:55 AM,1/28/2025 12:02:21 PM,,,2,,,,,,,
4503374,24-056871,2,False,0109,11/17/2024 7:50:00 AM,750,28X,14,109,Oakland,1,True,True,B,SIDE SWIPE,,Sunday,,,M,,False,False,True,,E,PARKED MOTOR VEHICLE,,0,0,A,DAYLIGHT,,,,,,,A,NO PEDESTRIANS INVOLVED,,A,22107,,1,HIGH ST,2,,,A,S,40.0,WALNUT ST,F,,D,12/13/2024 11:19:55 AM,1/28/2025 12:04:09 PM,,,2,,,,,,,
4503367,24-056072,2,False,0109,11/11/2024 6:20:00 PM,1820,32Y,14,109,Oakland,1,True,True,D,BROADSIDE,,Monday,,,M,,False,False,True,,C,OTHER MOTOR VEHICLE,,0,0,C,DARK-STREET LIGHTS,,,,,,,A,NO PEDESTRIANS INVOLVED,,A,22102,,1,MACARTHUR BL,2,,,A,E,20.0,TRUMAN AV,F,,D,12/13/2024 11:14:55 AM,1/28/2025 12:04:09 PM,,,2,,,,,,,
4503359,24-051942,3,False,0109,10/19/2024 2:05:00 AM,205,19X,14,109,Oakland,1,True,True,D,BROADSIDE,,Saturday,,,F,,False,False,False,,C,OTHER MOTOR VEHICLE,,2,0,C,DARK-STREET LIGHTS,,,,,,,F,NOT IN ROAD,,A,21453A,,1,22ND AV,1,,,A,,,INTERNATIONAL BL,,,A,12/13/2024 11:09:55 AM,1/28/2025 12:04:13 PM,,,2,,,,,,,
4503357,24-055810,2,False,0109,11/10/2024 5:30:00 AM,530,18X,14,109,Oakland,1,True,True,C,REAR END,,Sunday,,,M,,False,False,False,,E,PARKED MOTOR VEHICLE,,0,0,B,DUSK-DAWN,,,,,,,A,NO PEDESTRIANS INVOLVED,,A,22350,,1,E 21ST ST,1,,,A,E,200.0,20TH AV,F,,D,12/13/2024 11:09:55 AM,1/28/2025 12:04:09 PM,,,2,,,,,,,
4503275,24-013299,2,False,0109,3/16/2024 1:02:00 AM,102,32X,14,109,Oakland,1,True,True,C,REAR END,,Saturday,,,,,False,False,True,,E,PARKED MOTOR VEHICLE,,1,0,C,DARK-STREET LIGHTS,,,,,,,A,NO PEDESTRIANS INVOLVED,,A,23152A,,1,INTERNATIONAL BL,2,,,A,,,102ND AV,,,D,12/13/2024 10:24:55 AM,1/28/2025 12:02:19 PM,,,2,,,,,,,
4503198,24-055129,2,False,0109,11/6/2024 11:40:00 AM,1140,12Y,14,109,Oakland,1,True,True,B,SIDE SWIPE,,Wednesday,,,,,False,False,False,,E,PARKED MOTOR VEHICLE,,0,0,A,DAYLIGHT,,,,,,,A,NO PEDESTRIANS INVOLVED,,A,22107,,1,CLAREMONT AV,1,,,A,,,COLLEGE AV,,,A,12/13/2024 9:54:55 AM,1/28/2025 12:02:19 PM,,,2,,,,,,,
4502917,9370-2024-03920,1,False,9370,12/7/2024 3:00:00 PM,1500,052,14,109,Oakland,1,True,True,B,SIDE SWIPE,,Saturday,NotApplicable,False,M,,False,True,False,ALAMEDA SUPERIOR COURT WILEY W. MANUEL COURTHOUSE,C,OTHER MOTOR VEHICLE,,0,0,A,DAYLIGHT,37.776579,-122.164914,,,,,A,NO PEDESTRIANS INVOLVED,12/7/2024 3:00:00 PM,A,VC 21658(a),False,1,I-580 E/B,,,12/13/2024 7:55:17 AM,A,W,200.0,EDWARDS AVE,F,,D,12/13/2024 7:55:18 AM,12/13/2024 7:55:18 AM,False,True,4,,12/7/2024 4:38:00 PM,1638,False,,,True
4502791,9370-2024-03888,1,False,9370,12/4/2024 10:45:00 PM,2245,025,14,109,Oakland,1,True,True,E,HIT OBJECT,,Wednesday,Yes,False,,,False,True,True,ALAMEDA SUPERIOR COURT WILEY W. MANUEL COURTHOUSE,I,FIXED OBJECT,IMPACT BARRELS,1,0,D,DARK-NO STREET LIGHTS,37.825852,-122.273451,,,,,A,NO PEDESTRIANS INVOLVED,12/4/2024 10:45:00 PM,A,VC 22107,False,1,SR-24 WB TO I-580 WB TRANSITION,,,12/13/2024 5:54:52 AM,A,E,473.0,MARKET ST,F,,D,12/13/2024 5:54:53 AM,12/13/2024 5:54:53 AM,False,True,4,,12/4/2024 10:45:00 PM,2245,False,,,True
4502785,9370-2024-03854,1,False,9370,12/1/2024 5:06:00 PM,1706,177,14,109,Oakland,1,True,True,H,OTHER,TIRE/WHEEL,Sunday,Yes,False,,,False,True,True,ALAMEDA SUPERIOR COURT WILEY W. MANUEL COURTHOUSE,A,NON-COLLISION,,1,0,B,DUSK-DAWN,37.785262,-122.243542,,,,,A,NO PEDESTRIANS INVOLVED,12/1/2024 5:06:00 PM,C,,,,I-880 S/B,,,12/13/2024 5:33:46 AM,A,S,333.0,16TH AVE,F,,D,12/13/2024 5:33:48 AM,12/13/2024 5:33:48 AM,False,True,4,,12/1/2024 5:11:00 PM,1711,False,,,True
4502778,9370-2024-03842,1,False,9370,11/30/2024 2:55:00 AM,255,008,14,109,Oakland,1,True,True,E,HIT OBJECT,,Saturday,Yes,False,,,False,True,False,ALAMEDA SUPERIOR COURT WILEY W. MANUEL COURTHOUSE,I,FIXED OBJECT,IMPACT BARRIER,0,0,C,DARK-STREET LIGHTS,37.824717,-122.313698,,,,,A,NO PEDESTRIANS INVOLVED,11/30/2024 2:55:00 AM,A,VC 23152(a),True,1,I-80 W/B,,,12/13/2024 5:00:50 AM,A,E,1202.0,MARITIME STREET,F,,A,12/13/2024 5:00:52 AM,12/13/2024 5:00:52 AM,False,True,4,,11/30/2024 3:00:00 AM,0300,False,,,True
4502777,9370-2024-03837,1,False,9370,11/29/2024 12:35:00 AM,35,176,14,109,Oakland,1,True,True,B,SIDE SWIPE,,Friday,NotApplicable,False,M,,False,True,True,ALAMEDA SUPERIOR COURT WILEY W. MANUEL COURTHOUSE,C,OTHER MOTOR VEHICLE,,0,0,C,DARK-STREET LIGHTS,37.743396,-122.198959,,,,,A,NO PEDESTRIANS INVOLVED,11/29/2024 12:35:00 AM,A,VC 21658(A),False,1,I-880 S/B,,,12/13/2024 4:53:47 AM,A,N,1136.0,HEGENBERGER RD,F,,D,12/13/2024 4:53:50 AM,12/13/2024 4:53:50 AM,False,True,4,,11/29/2024 12:36:00 AM,0036,False,,,True
4502463,9370-2024-03872,1,False,9370,12/3/2024 7:00:00 AM,700,008,14,109,Oakland,1,True,True,C,REAR END,,Tuesday,NotApplicable,False,,,False,True,False,ALAMEDA SUPERIOR COURT WILEY W. MANUEL COURTHOUSE,C,OTHER MOTOR VEHICLE,,0,0,A,DAYLIGHT,37.826667,-122.299674,,,,,A,NO PEDESTRIANS INVOLVED,12/3/2024 7:00:00 AM,A,VC 21658(a),False,1,I-80 W/B,,,12/12/2024 5:57:06 PM,A,E,0.56,WEST GRAND AVENUE,M,,D,12/12/2024 5:57:08 PM,12/12/2024 5:57:08 PM,False,True,4,,12/3/2024 7:05:00 AM,0705,False,,,True
4502461,9370-2024-03846,1,False,9370,11/30/2024 12:30:00 PM,1230,009,14,109,Oakland,1,True,True,B,SIDE SWIPE,,Saturday,NotApplicable,False,,,False,True,False,ALAMEDA SUPERIOR COURT WILEY W. MANUEL COURTHOUSE,C,OTHER MOTOR VEHICLE,,0,0,A,DAYLIGHT,37.826483,-122.300629,,,,,A,NO PEDESTRIANS INVOLVED,11/30/2024 12:30:00 PM,D,,,,I-80 W/B,,,12/12/2024 5:43:42 PM,A,E,1600.0,I-880 N/B TO I-80 W/B,F,,D,12/12/2024 5:43:45 PM,12/12/2024 5:43:45 PM,False,True,4,,11/30/2024 12:36:00 PM,1236,False,,,True
4502131,24-025527,2,False,0109,5/23/2024 10:26:00 PM,2226,30X,14,109,Oakland,1,True,True,C,REAR END,,Thursday,,,M,,False,False,True,,,,,0,0,C,DARK-STREET LIGHTS,,,,,,,A,NO PEDESTRIANS INVOLVED,,A,22107,,1,82ND AV,2,,,A,N,350.0,BIRCH ST,F,,D,12/12/2024 1:24:51 PM,1/28/2025 11:44:29 AM,,,2,,,,,,,
4502059,24-046186,2,False,0109,9/15/2024 11:40:00 AM,1140,27X,14,109,Oakland,1,True,True,C,REAR END,,Sunday,,,,,False,False,False,,C,OTHER MOTOR VEHICLE,,2,0,A,DAYLIGHT,,,,,,,A,NO PEDESTRIANS INVOLVED,,A,23152A,,1,FOOTHILL BL,2,,,A,W,50.0,48TH AV,F,,A,12/12/2024 12:59:51 PM,1/28/2025 11:44:30 AM,,,2,,,,,,,
4501757,24-053945,2,False,0109,10/30/2024 9:50:00 AM,950,19X,14,109,Oakland,1,True,True,A,HEAD-ON,,Wednesday,,,,,False,False,False,,C,OTHER MOTOR VEHICLE,,0,0,A,DAYLIGHT,,,,,,,A,NO PEDESTRIANS INVOLVED,,A,21801A,,1,5TH AV,1,,,A,,,E 10TH ST,,,A,12/12/2024 10:24:49 AM,1/28/2025 12:04:09 PM,,,2,,,,,,,
4501590,24-057528,2,False,0109,11/20/2024 5:27:00 PM,1727,07X,14,109,Oakland,1,True,True,A,HEAD-ON,,Wednesday,,,,,False,False,False,,C,OTHER MOTOR VEHICLE,,1,0,C,DARK-STREET LIGHTS,,,,,,,A,NO PEDESTRIANS INVOLVED,,A,21804A,,1,ADELINE AV,1,,,B,N,100.0,30TH ST,F,,D,12/12/2024 9:14:48 AM,1/28/2025 11:44:38 AM,,,2,,,,,,,
4501503,24-011529,3,False,0109,3/6/2024 10:45:00 AM,1045,02X,14,109,Oakland,1,True,True,B,SIDE SWIPE,,Wednesday,,,,,False,False,False,,C,OTHER MOTOR VEHICLE,,0,0,A,DAYLIGHT,,,,,,,A,NO PEDESTRIANS INVOLVED,,A,22107,,,BRUSH ST,1,,,A,,,5TH ST,,,C,12/12/2024 8:44:47 AM,1/28/2025 12:10:18 PM,,,2,,,,,,,
4501446,24-055554,2,False,0109,11/8/2024 12:27:00 PM,1227,19X,14,109,Oakland,1,True,True,D,BROADSIDE,,Friday,,,,,False,False,False,,C,OTHER MOTOR VEHICLE,,0,0,A,DAYLIGHT,,,,,,,A,NO PEDESTRIANS INVOLVED,,A,21453A,,,E 12TH ST,1,,,A,,,14TH AV,,,A,12/12/2024 8:29:47 AM,1/28/2025 12:10:16 PM,,,2,,,,,,,
4501437,24-057617,2,False,0109,11/21/2024 10:51:00 AM,1051,10X,14,109,Oakland,1,True,True,D,BROADSIDE,,Thursday,,,,,False,False,False,,C,OTHER MOTOR VEHICLE,,2,0,A,DAYLIGHT,,,,,,,A,NO PEDESTRIANS INVOLVED,,A,21453A,,1,52ND ST,1,,,B,,,MARTIN LUTHER KING JR WY,,,A,12/12/2024 8:24:47 AM,1/28/2025 11:44:49 AM,,,2,,,,,,,
4501417,24-057525,2,False,0109,11/20/2024 5:08:00 PM,1708,35X,14,109,Oakland,1,True,True,C,REAR END,,Wednesday,,,,,False,False,False,,C,OTHER MOTOR VEHICLE,,2,0,C,DARK-STREET LIGHTS,,,,,,,A,NO PEDESTRIANS INVOLVED,,A,22350,,1,BANCROFT AV,2,,,A,W,100.0,83RD AV,F,,A,12/12/2024 8:14:47 AM,1/28/2025 11:44:49 AM,,,2,,,,,,,
4501376,24-056086,2,False,0109,11/11/2024 8:54:00 PM,2054,05X,14,109,Oakland,1,True,True,C,REAR END,,Monday,,,M,,False,False,False,,C,OTHER MOTOR VEHICLE,,1,0,B,DUSK-DAWN,,,,,,,A,NO PEDESTRIANS INVOLVED,,A,22350,,1,ADELINE ST,1,,,A,S,3.0,W GRAND AV,F,,D,12/12/2024 7:54:47 AM,1/28/2025 11:44:49 AM,,,2,,,,,,,
4501363,24-055745,2,False,0109,11/9/2024 7:31:00 PM,1931,33X,14,109,Oakland,1,True,True,B,SIDE SWIPE,,Saturday,,,,,False,False,False,,C,OTHER MOTOR VEHICLE,,3,0,C,DARK-STREET LIGHTS,,,,,,,A,NO PEDESTRIANS INVOLVED,,A,22107,,1,INTERNATIONAL BL,2,,,A,,,85TH AV,,,A,12/12/2024 7:49:47 AM,1/28/2025 11:44:49 AM,,,2,,,,,,,
4501352,24-055581,2,False,0109,11/8/2024 5:02:00 PM,1702,32X,14,109,Oakland,1,True,True,B,SIDE SWIPE,,Friday,,,,,False,False,True,,E,PARKED MOTOR VEHICLE,,1,0,A,DAYLIGHT,,,,,,,A,NO PEDESTRIANS INVOLVED,,A,22350,,1,C ST,2,,,A,W,180.0,100TH AV,F,,D,12/12/2024 7:44:47 AM,1/28/2025 11:44:49 AM,,,2,,,,,,,
4501326,24-056798,2,False,0109,11/16/2024 1:20:00 PM,1320,23X,14,109,Oakland,1,True,True,B,SIDE SWIPE,,Saturday,,,,,False,False,False,,C,OTHER MOTOR VEHICLE,,0,0,A,DAYLIGHT,,,,,,,A,NO PEDESTRIANS INVOLVED,,A,21801A,,1,35TH AV,2,,,A,,,E 12TH ST,,,A,12/12/2024 7:24:47 AM,1/28/2025 11:44:43 AM,,,2,,,,,,,
4501315,24-055143,2,False,0109,11/6/2024 3:30:00 PM,1530,32X,14,109,Oakland,1,True,True,B,SIDE SWIPE,,Wednesday,,,,,False,False,False,,E,PARKED MOTOR VEHICLE,,0,0,A,DAYLIGHT,,,,,,,A,NO PEDESTRIANS INVOLVED,,A,22107,,1,MACARTHUR BL,2,,,A,E,20.0,98TH AV,F,,A,12/12/2024 7:19:46 AM,1/28/2025 11:44:43 AM,,,2,,,,,,,
4501280,24-054748,3,False,0109,11/4/2024 3:30:00 AM,330,35X,14,109,Oakland,1,True,True,D,BROADSIDE,,Monday,,,M,,False,False,False,,E,PARKED MOTOR VEHICLE,,0,0,C,DARK-STREET LIGHTS,,,,,,,A,NO PEDESTRIANS INVOLVED,,A,22107,,1,90TH AV,2,,,A,S,300.0,HILLSIDE ST,F,,D,12/12/2024 6:54:46 AM,1/28/2025 11:44:43 AM,,,2,,,,,,,
4501272,24-054828,2,False,0109,11/4/2024 1:25:00 PM,1325,15X,14,109,Oakland,1,True,True,C,REAR END,,Monday,,,,,False,False,False,,C,OTHER MOTOR VEHICLE,,0,0,A,DAYLIGHT,,,,,,,A,NO PEDESTRIANS INVOLVED,,A,22350,,1,LAKESHORE AV,1,,,A,S,10.0,MACARTHUR BL,F,,A,12/12/2024 6:49:46 AM,1/28/2025 11:44:43 AM,,,2,,,,,,,
4501254,24-058796,2,False,0109,11/29/2024 11:41:00 AM,1141,30X,14,109,Oakland,1,True,True,A,HEAD-ON,,Friday,,,M,,False,False,False,,E,PARKED MOTOR VEHICLE,,0,0,A,DAYLIGHT,,,,,,,A,NO PEDESTRIANS INVOLVED,,A,22107,,1,77TH AV,2,,,A,N,100.0,KRAUSE AV,F,,D,12/12/2024 6:34:46 AM,1/28/2025 11:44:43 AM,,,2,,,,,,,
4501250,24-058573,2,False,0109,11/27/2024 2:02:00 PM,1402,34X,14,109,Oakland,1,True,True,B,SIDE SWIPE,,Wednesday,,,M,,False,False,True,,E,PARKED MOTOR VEHICLE,,0,0,A,DAYLIGHT,,,,,,,A,NO PEDESTRIANS INVOLVED,,A,22107,,1,BANCROFT AV,2,,,A,E,50.0,82ND AV,F,,D,12/12/2024 6:29:46 AM,1/28/2025 11:44:43 AM,,,2,,,,,,,
4501242,24-058323,2,False,0109,11/26/2024 12:45:00 AM,45,03X,14,109,Oakland,1,True,True,A,HEAD-ON,,Tuesday,,,,,False,False,True,,I,FIXED OBJECT,,1,0,C,DARK-STREET LIGHTS,,,,,,,A,NO PEDESTRIANS INVOLVED,,A,22107,,1,HARRISON ST,1,,,B,,,7TH ST,,,A,12/12/2024 6:24:46 AM,1/28/2025 11:44:43 AM,,,2,,,,,,,
4501228,24-046217,2,False,0109,9/15/2024 3:22:00 PM,1522,26X,14,109,Oakland,1,True,True,A,HEAD-ON,,Sunday,,,M,,False,False,False,,C,OTHER MOTOR VEHICLE,,2,0,A,DAYLIGHT,,,,,,,A,NO PEDESTRIANS INVOLVED,,A,21453A,,1,SAN LEANDRO ST,2,,,A,,,66TH AV,,,A,12/12/2024 6:09:46 AM,1/28/2025 12:13:16 PM,,,2,,,,,,,
4500658,24-048670,2,False,0109,9/29/2024 12:00:00 AM,0,33X,14,109,Oakland,1,True,True,B,SIDE SWIPE,,Sunday,,,F,,False,False,False,,C,OTHER MOTOR VEHICLE,,0,0,C,DARK-STREET LIGHTS,,,,,,,A,NO PEDESTRIANS INVOLVED,,A,22107,,1,INTERNATIONAL BL,2,,,A,W,10.0,87TH AV,F,,A,12/11/2024 2:24:45 PM,1/28/2025 12:13:16 PM,,,2,,,,,,,
4500657,24-047324,2,False,0109,9/20/2024 10:10:00 PM,2210,35X,14,109,Oakland,1,True,True,A,HEAD-ON,,Friday,,,M,,False,False,True,,C,OTHER MOTOR VEHICLE,,0,0,C,DARK-STREET LIGHTS,,,,,,,A,NO PEDESTRIANS INVOLVED,,A,21801A,,1,90TH AV,2,,,A,,,BANCROFT AV,,,A,12/11/2024 2:24:45 PM,1/28/2025 12:13:16 PM,,,2,,,,,,,
4500630,24-048581,2,False,0109,9/28/2024 4:39:00 AM,439,27X,14,109,Oakland,1,True,True,B,SIDE SWIPE,,Saturday,,,F,,False,False,False,,E,PARKED MOTOR VEHICLE,,0,0,C,DARK-STREET LIGHTS,,,,,,,A,NO PEDESTRIANS INVOLVED,,A,22107,,1,50TH AV,2,,,A,S,161.0,VICKSBURG AV,F,,D,12/11/2024 2:14:44 PM,1/28/2025 12:13:16 PM,,,2,,,,,,,
4500618,24-047596,2,False,0109,9/22/2024 7:12:00 PM,1912,08X,14,109,Oakland,1,True,True,B,SIDE SWIPE,,Sunday,,,,,False,False,False,,C,OTHER MOTOR VEHICLE,,0,0,A,DAYLIGHT,,,,,,,A,NO PEDESTRIANS INVOLVED,,A,22107,,1,OAKLAND AV,1,,,A,,,PERRY PL,,,A,12/11/2024 2:09:44 PM,1/28/2025 12:13:16 PM,,,2,,,,,,,
4500608,24-046408,2,False,0109,9/16/2024 6:00:00 PM,1800,30X,14,109,Oakland,1,True,True,B,SIDE SWIPE,,Monday,,,M,,False,False,False,,C,OTHER MOTOR VEHICLE,,0,0,A,DAYLIGHT,,,,,,,A,NO PEDESTRIANS INVOLVED,,A,22350A,,1,HAVENSCOURT BL,2,,,A,W,3.0,ARTHUR ST,F,,A,12/11/2024 2:04:44 PM,1/28/2025 12:13:16 PM,,,2,,,,,,,
4500594,24-057291,2,False,0109,11/19/2024 12:00:00 PM,1200,22Y,14,109,Oakland,1,True,True,D,BROADSIDE,,Tuesday,,,,,False,False,False,,C,OTHER MOTOR VEHICLE,,2,0,A,DAYLIGHT,,,,,,,A,NO PEDESTRIANS INVOLVED,,A,21453A,,,MACARTHUR BL,2,,,A,,,MAPLE AV,,,A,12/11/2024 1:59:44 PM,1/28/2025 11:44:38 AM,,,2,,,,,,,
4500593,24-044803,2,False,0109,9/9/2024 8:18:00 PM,2018,02X,14,109,Oakland,1,True,True,D,BROADSIDE,,Monday,,,,,False,False,False,,E,PARKED MOTOR VEHICLE,,0,0,C,DARK-STREET LIGHTS,,,,,,,A,NO PEDESTRIANS INVOLVED,,A,22107,,1,PERALTA ST,1,,,A,,,14TH ST,,,A,12/11/2024 1:59:44 PM,1/28/2025 12:13:16 PM,,,2,,,,,,,
4500584,24-043782,2,False,0109,9/1/2024 5:09:00 PM,1709,09X,14,109,Oakland,1,True,True,C,REAR END,,Sunday,,,M,,False,False,False,,C,OTHER MOTOR VEHICLE,,0,0,A,DAYLIGHT,,,,,,,A,NO PEDESTRIANS INVOLVED,,A,22350,,1,PLEASANT VALLEY AV,1,,,A,E,60.0,GILBRT ST,F,,A,12/11/2024 1:54:44 PM,1/28/2025 12:13:17 PM,,,2,,,,,,,
4500553,24-057592,2,False,0109,11/21/2024 6:45:00 AM,645,03X,14,109,Oakland,1,True,True,D,BROADSIDE,,Thursday,,,,,False,False,False,,C,OTHER MOTOR VEHICLE,,2,0,B,DUSK-DAWN,,,,,,,A,NO PEDESTRIANS INVOLVED,,A,21453A,,1,8TH ST,1,,,B,,,HARRISON ST,,,A,12/11/2024 1:44:44 PM,1/28/2025 11:44:45 AM,,,2,,,,,,,
4500517,24-057904,3,False,0109,11/23/2024 11:12:00 AM,1112,33X,14,109,Oakland,1,True,True,B,SIDE SWIPE,,Saturday,,,M,,False,False,False,,C,OTHER MOTOR VEHICLE,,4,0,A,DAYLIGHT,,,,,,,A,NO PEDESTRIANS INVOLVED,,A,22107,,1,INTERNATIONAL BL,2,,,A,,,92ND AV,,,A,12/11/2024 1:29:44 PM,1/28/2025 11:44:45 AM,,,2,,,,,,,
4500480,9370-2024-03859,1,False,9370,12/2/2024 12:40:00 AM,40,023,14,109,Oakland,1,True,True,E,HIT OBJECT,,Monday,Yes,False,,,False,True,True,ALAMEDA SUPERIOR COURT WILEY W. MANUEL COURTHOUSE,I,FIXED OBJECT,RAISED CONCRETE CURB EDGE,0,0,D,DARK-NO STREET LIGHTS,37.859781,-122.210976,,,,,A,NO PEDESTRIANS INVOLVED,12/2/2024 12:40:00 AM,A,VC 23152(A),True,1,SR-24 E/B,,,12/11/2024 1:14:18 PM,A,E,958.0,GRIZZLY PEAK BLVD,F,,D,12/11/2024 1:14:19 PM,12/11/2024 1:14:19 PM,False,True,4,,12/2/2024 12:46:00 AM,0046,False,,,True
4500477,9370-2024-03714,1,False,9370,11/19/2024 8:20:00 AM,820,052,14,109,Oakland,1,True,True,C,REAR END,,Tuesday,NotApplicable,False,M,,False,True,False,ALAMEDA SUPERIOR COURT WILEY W. MANUEL COURTHOUSE,C,OTHER MOTOR VEHICLE,,0,0,A,DAYLIGHT,37.759013,-122.147997,,,,,A,NO PEDESTRIANS INVOLVED,11/19/2024 8:20:00 AM,A,VC 21658(A),False,3,I-580 E/B,,,12/11/2024 1:12:20 PM,A,W,500.0,GOLF LINKS RD,F,,D,12/11/2024 1:12:23 PM,12/11/2024 1:12:23 PM,False,True,4,,11/19/2024 8:22:00 AM,0822,False,,,True
4500421,24-056786,3,False,0109,11/16/2024 2:05:00 PM,1405,34X,14,109,Oakland,1,True,True,D,BROADSIDE,,Saturday,,,F,,False,False,True,,C,OTHER MOTOR VEHICLE,,2,0,A,DAYLIGHT,,,,,,,A,NO PEDESTRIANS INVOLVED,,A,22350,,1,BANCROFT AV,2,,,A,,,84TH AV,,,A,12/11/2024 12:49:44 PM,1/28/2025 11:44:46 AM,,,2,,,,,,,
4500408,24-055189,2,False,0109,11/6/2024 8:25:00 PM,2025,12X,14,109,Oakland,1,True,True,G,VEHICLE/PEDESTRAIN,,Wednesday,,,,,False,False,False,,B,PEDESTRIAN,,1,0,,,,,,,,,B,CROSSING IN CROSS WALK AT INTERSECTION,,A,21950A,,1,TELEGRAPH AV,1,,,A,,,63RD ST,,,A,12/11/2024 12:44:44 PM,1/28/2025 11:44:46 AM,,,2,,,,,,,
4500398,24-054729,2,False,0109,11/4/2024 11:15:00 PM,2315,33X,14,109,Oakland,1,True,True,G,VEHICLE/PEDESTRAIN,,Monday,,,M,,False,False,False,,B,PEDESTRIAN,,1,0,D,DARK-NO STREET LIGHTS,,,,,,,B,CROSSING IN CROSS WALK AT INTERSECTION,,A,21453A,,1,81ST AV,2,,,A,,,SAN LEANDRO ST,,,A,12/11/2024 12:39:44 PM,1/28/2025 11:44:46 AM,,,2,,,,,,,
4500245,24-056204,2,False,0109,11/12/2024 3:08:00 PM,1508,18X,14,109,Oakland,1,True,True,C,REAR END,,Tuesday,,,,,False,False,False,,C,OTHER MOTOR VEHICLE,,0,0,A,DAYLIGHT,,,,,,,A,NO PEDESTRIANS INVOLVED,,A,21703,,1,14TH AV,1,,,A,S,5.0,E 22ND ST,M,,D,12/11/2024 11:19:43 AM,1/28/2025 12:10:16 PM,,,2,,,,,,,
4500244,24-056941,3,False,0109,11/17/2024 4:30:00 PM,1630,31Y,14,109,Oakland,1,True,True,A,HEAD-ON,,Sunday,,,,,False,False,True,,I,FIXED OBJECT,,0,0,C,DARK-STREET LIGHTS,,,,,,,A,NO PEDESTRIANS INVOLVED,,A,22350,,1,SAN LEANDRO ST,2,,,A,,,98TH AV,,,A,12/11/2024 11:19:43 AM,1/28/2025 11:44:44 AM,,,2,,,,,,,
4500187,24-044209,2,False,0109,9/4/2024 5:34:00 AM,534,05Y,14,109,Oakland,1,True,True,A,HEAD-ON,,Wednesday,,,M,,False,False,False,,E,PARKED MOTOR VEHICLE,,0,0,A,DAYLIGHT,,,,,,,A,NO PEDESTRIANS INVOLVED,,A,22107,,1,BURMA RD,1,,,A,,,MARITIME ST,,,C,12/11/2024 10:59:43 AM,1/28/2025 12:08:34 PM,,,2,,,,,,,
4499820,24-049869,2,False,0109,10/6/2024 5:28:00 PM,1728,30X,14,109,Oakland,1,True,True,B,SIDE SWIPE,,Sunday,,,,,False,False,False,,C,OTHER MOTOR VEHICLE,,0,0,A,DAYLIGHT,,,,,,,A,NO PEDESTRIANS INVOLVED,,A,21453,,1,73RD AV,2,,,A,,,INTERNATIONAL BL,,,A,12/11/2024 8:29:42 AM,1/28/2025 11:57:52 AM,,,2,,,,,,,