collision-id,report-number,report-version,is-preliminary,ncic-code,crash-date-time,crash-time-description,beat,city-id,city-code,city-name,county-code,city-is-active,city-is-incorporated,collision-type-code,collision-type-description,collision-type-other-desc,day-of-week,dispatch-notified,has-photographs,hit-run,is-attachments-mailed,is-deleted,is-highway-related,is-tow-away,judicial-district,motor-vehicle-involved-with-code,motor-vehicle-involved-with-desc,motor-vehicle-involved-with-other-desc,number-injured,number-killed,lighting-code,lighting-description,latitude,longitude,milepost-direction,milepost-distance,milepost-marker,milepost-unit-of-measure,pedestrian-action-code,pedestrian-action-desc,prepared-date,primary-collision-factor-code,primary-collision-factor-description,primary-collision-factor-is-cited,primary-collision-party-number,primary-road,reporting-district,reporting-district-code,reviewed-date,roadway-surface-code,secondary-direction,secondary-distance,secondary-road,secondary-unit-of-measure,sketch-desc,traffic-control-device-code,created-date,modified-date,is-county-road,is-freeway,chp-555-version,is-additonal-object-struck,notification-date,notification-time-description,has-digital-media-files,evidence-number,is-location-refer-to-narrative,is-aoi-one-same-as-location
4499813,9370-2024-03620,1,False,9370,11/9/2024 10:49:00 PM,2249,901,14,109,Oakland,1,True,True,D,BROADSIDE,,Saturday,Yes,False,,,False,False,False,ALAMEDA SUPERIOR COURT WILEY W. MANUEL COURTHOUSE,C,OTHER MOTOR VEHICLE,,0,0,C,DARK-STREET LIGHTS,37.804488,-122.233033,,,,,A,NO PEDESTRIANS INVOLVED,11/9/2024 10:49:00 PM,B,UNSAFE OPERATION,,1,PARK BOULEVARD,,,12/11/2024 8:26:26 AM,A,,,CHATHAM ROAD,,,A,12/11/2024 8:26:28 AM,12/11/2024 8:26:28 AM,True,False,4,,11/9/2024 10:50:00 PM,2250,True,AREA PHOTO FILE,,True
4499771,24-043107,2,False,0109,8/28/2024 3:11:00 PM,1511,04X,14,109,Oakland,1,True,True,D,BROADSIDE,,Wednesday,,,,,False,False,False,,C,OTHER MOTOR VEHICLE,,1,0,A,DAYLIGHT,,,,,,,A,NO PEDESTRIANS INVOLVED,,A,22107,,1,14TH ST,1,,,A,E,30.0,FRANKLIN ST,F,,A,12/11/2024 8:04:41 AM,1/28/2025 12:10:20 PM,,,2,,,,,,,
4499764,24-043265,2,False,0109,8/29/2024 12:42:00 PM,1242,17X,14,109,Oakland,1,True,True,D,BROADSIDE,,Thursday,,,,,False,False,False,,C,OTHER MOTOR VEHICLE,,1,0,A,DAYLIGHT,,,,,,,A,NO PEDESTRIANS INVOLVED,,A,21802A,,1,E 32ND ST,1,,,A,,,BEAUMONT ST,,,A,12/11/2024 7:59:41 AM,1/28/2025 12:10:21 PM,,,2,,,,,,,
4499578,9370-2024-03877,1,False,9370,12/3/2024 5:30:00 PM,1730,176,14,109,Oakland,1,True,True,B,SIDE SWIPE,,Tuesday,NotApplicable,False,,,False,True,False,ALAMEDA SUPERIOR COURT WILEY W. MANUEL COURTHOUSE,C,OTHER MOTOR VEHICLE,,0,0,C,DARK-STREET LIGHTS,37.740942,-122.195173,,,,,A,NO PEDESTRIANS INVOLVED,12/3/2024 5:30:00 PM,A,VC 21658(A),False,1,I-880 NB TO HEGENBERGER ROAD,,,12/11/2024 5:39:08 AM,A,,,EDES AVE,,,A,12/11/2024 5:39:10 AM,12/11/2024 5:39:10 AM,False,True,4,,12/3/2024 6:02:00 PM,1802,False,,,True
4499273,9370-2024-03904,1,False,9370,12/6/2024 5:10:00 PM,1710,080,14,109,Oakland,1,True,True,B,SIDE SWIPE,,Friday,NotApplicable,False,,,False,True,False,ALAMEDA SUPERIOR COURT WILEY W. MANUEL COURTHOUSE,C,OTHER MOTOR VEHICLE,,0,0,B,DUSK-DAWN,37.829125,-122.293889,,,,,A,NO PEDESTRIANS INVOLVED,12/6/2024 5:10:00 PM,A,VC 22107,False,,I-80 W/B,,,12/10/2024 4:58:07 PM,A,E,361.0,I-580 W/B,F,,D,12/10/2024 4:58:09 PM,12/10/2024 4:58:09 PM,False,True,4,,12/6/2024 5:15:00 PM,1715,False,,,True
4499267,9370-2024-03878,1,False,9370,12/3/2024 6:58:00 PM,1858,901,14,109,Oakland,1,True,True,D,BROADSIDE,,Tuesday,Yes,False,,,False,False,False,ALAMEDA SUPERIOR COURT WILEY W. MANUEL COURTHOUSE,C,OTHER MOTOR VEHICLE,,0,0,C,DARK-STREET LIGHTS,37.773032,-122.216358,,,,,A,NO PEDESTRIANS INVOLVED,12/3/2024 6:58:00 PM,A,VC 21453(A),False,1,INTERNATIONAL BLVD,,,12/10/2024 4:49:39 PM,A,,,42ND AVE,,,D,12/10/2024 4:49:42 PM,12/10/2024 4:49:42 PM,False,False,4,,12/3/2024 6:58:00 PM,1858,False,,,True
4499176,9370-2024-03897,1,False,9370,12/5/2024 4:30:00 PM,1630,024,14,109,Oakland,1,True,True,B,SIDE SWIPE,,Thursday,NotApplicable,False,,,False,True,True,ALAMEDA SUPERIOR COURT WILEY W. MANUEL COURTHOUSE,C,OTHER MOTOR VEHICLE,,0,0,A,DAYLIGHT,37.834154,-122.266281,,,,,A,NO PEDESTRIANS INVOLVED,12/5/2024 4:30:00 PM,A,VC 21658(A),False,1,SR-24 W/B,,,12/10/2024 3:27:19 PM,A,W,1200.0,TELEGRAPH AVE,F,,D,12/10/2024 3:27:22 PM,12/10/2024 3:27:22 PM,False,True,4,,12/5/2024 4:35:00 PM,1635,False,,,True
4499169,9370-2024-03871,1,False,9370,12/3/2024 5:55:00 AM,555,176,14,109,Oakland,1,True,True,C,REAR END,,Tuesday,NotApplicable,False,,,False,True,False,ALAMEDA SUPERIOR COURT WILEY W. MANUEL COURTHOUSE,C,OTHER MOTOR VEHICLE,,0,0,C,DARK-STREET LIGHTS,37.765652,-122.218286,,,,,A,NO PEDESTRIANS INVOLVED,12/3/2024 5:55:00 AM,A,VC 22107,False,1,INTERSTATE 880 NORTHBOUND,,,12/10/2024 3:24:04 PM,A,S,600.0,HIGH STREET,F,,D,12/10/2024 3:24:06 PM,12/10/2024 3:24:06 PM,False,True,4,False,12/3/2024 5:57:00 AM,0557,False,,,True
4499165,9370-2024-03809,1,False,9370,11/26/2024 8:55:00 PM,2055,901,14,109,Oakland,1,True,True,F,OVERTURNED,,Tuesday,Yes,False,,,False,False,True,ALAMEDA SUPERIOR COURT WILEY W. MANUEL COURTHOUSE,I,FIXED OBJECT,RAISED CURB,1,0,C,DARK-STREET LIGHTS,37.775094,-122.213952,,,,,A,NO PEDESTRIANS INVOLVED,11/26/2024 8:55:00 PM,A,VC 22107,False,1,42ND AVENUE,,,12/10/2024 3:20:44 PM,A,S,50.0,BOND ST,F,,D,12/10/2024 3:20:48 PM,12/10/2024 3:20:48 PM,False,False,4,False,11/26/2024 8:55:00 PM,2055,False,,,True
4499146,9370-2024-03883,1,False,9370,12/4/2024 5:24:00 PM,1724,176,14,109,Oakland,1,True,True,C,REAR END,,Wednesday,NotApplicable,False,,,False,True,True,ALAMEDA SUPERIOR COURT WILEY W. MANUEL COURTHOUSE,C,OTHER MOTOR VEHICLE,,2,0,D,DARK-NO STREET LIGHTS,37.776896,-122.236125,,,,,A,NO PEDESTRIANS INVOLVED,12/4/2024 5:24:00 PM,A,VC 22350,False,1,I-880 N/B TO 23RD STREET,,,12/10/2024 3:11:22 PM,A,S,470.0,23RD AVE,F,,D,12/10/2024 3:11:25 PM,12/10/2024 3:11:25 PM,False,True,4,,12/4/2024 5:25:00 PM,1725,False,,,True
4499123,9370-2024-03885,1,False,9370,12/3/2024 5:30:00 PM,1730,052,14,109,Oakland,1,True,True,B,SIDE SWIPE,,Tuesday,NotApplicable,False,,,False,True,False,ALAMEDA SUPERIOR COURT WILEY W. MANUEL COURTHOUSE,C,OTHER MOTOR VEHICLE,,0,0,C,DARK-STREET LIGHTS,37.784158,-122.183744,,,,,A,NO PEDESTRIANS INVOLVED,12/3/2024 5:30:00 PM,A,VC 21658(A),False,1,I-580 W/B,,,12/10/2024 2:49:47 PM,A,E,1300.0,HIGH STREET,F,,D,12/10/2024 2:49:49 PM,12/10/2024 2:49:49 PM,False,True,4,,12/3/2024 5:31:00 PM,1731,False,,,True
4499106,24-053773,2,False,0109,10/29/2024 11:24:00 AM,1124,03X,14,109,Oakland,1,True,True,C,REAR END,,Tuesday,,,,,False,False,True,,C,OTHER MOTOR VEHICLE,,1,0,A,DAYLIGHT,,,,,,,A,NO PEDESTRIANS INVOLVED,,A,22350,,1,8TH ST,1,,,A,E,20.0,OAK ST,F,,A,12/10/2024 2:39:39 PM,1/28/2025 12:04:13 PM,,,2,,,,,,,
4499094,24-052686,2,False,0109,10/23/2024 7:30:00 AM,730,05X,14,109,Oakland,1,True,True,D,BROADSIDE,,Wednesday,,,,,False,False,False,,C,OTHER MOTOR VEHICLE,,1,0,B,DUSK-DAWN,,,,,,,A,NO PEDESTRIANS INVOLVED,,A,21802A,,1,ADELINE ST,1,,,A,,,16TH ST,,,D,12/10/2024 2:34:39 PM,1/28/2025 12:04:13 PM,,,2,,,,,,,
4499092,24-052351,2,False,0109,10/21/2024 7:49:00 PM,1949,32Y,14,109,Oakland,1,True,True,D,BROADSIDE,,Monday,,,,,False,False,False,,C,OTHER MOTOR VEHICLE,,1,0,C,DARK-STREET LIGHTS,,,,,,,A,NO PEDESTRIANS INVOLVED,,A,21453A,,1,BANCROFT AV,2,,,A,,,106TH AV,,,A,12/10/2024 2:34:39 PM,1/28/2025 12:10:19 PM,,,2,,,,,,,
4499091,24-052741,2,False,0109,10/23/2024 1:19:00 PM,1319,05X,14,109,Oakland,1,True,True,D,BROADSIDE,,Wednesday,,,,,False,False,False,,C,OTHER MOTOR VEHICLE,,3,0,A,DAYLIGHT,,,,,,,A,NO PEDESTRIANS INVOLVED,,A,21801A,,1,W GRAND AV,1,,,A,,,ADELINE ST,,,A,12/10/2024 2:34:39 PM,1/28/2025 12:04:13 PM,,,2,,,,,,,
4499081,24-053525,2,False,0109,10/28/2024 7:31:00 AM,731,34X,14,109,Oakland,1,True,True,B,SIDE SWIPE,,Monday,,,M,,False,False,True,,E,PARKED MOTOR VEHICLE,,0,0,A,DAYLIGHT,,,,,,,A,NO PEDESTRIANS INVOLVED,,A,22107,,1,BIRCH ST,2,,,A,W,100.0,85TH AV,F,,D,12/10/2024 2:29:38 PM,1/28/2025 11:57:52 AM,,,2,,,,,,,
4499075,24-052604,2,False,0109,10/22/2024 5:35:00 PM,1735,08X,14,109,Oakland,1,True,True,D,BROADSIDE,,Tuesday,,,M,,False,False,False,,G,BICYCLE,,1,0,A,DAYLIGHT,,,,,,,A,NO PEDESTRIANS INVOLVED,,A,22450A,,1,TELEGRAPH AV,1,,,A,,,23RD ST,,,A,12/10/2024 2:24:39 PM,1/28/2025 12:04:13 PM,,,2,,,,,,,
4499061,9370-2024-03886,1,False,9370,12/4/2024 5:45:00 PM,1745,008,14,109,Oakland,1,True,True,B,SIDE SWIPE,,Wednesday,NotApplicable,False,M,,False,True,False,ALAMEDA SUPERIOR COURT WILEY W. MANUEL COURTHOUSE,C,OTHER MOTOR VEHICLE,,0,0,C,DARK-STREET LIGHTS,37.825335,-122.312591,,,,,A,NO PEDESTRIANS INVOLVED,12/4/2024 5:45:00 PM,A,VC 21658(A),False,1,I-80 W/B,,,12/10/2024 2:19:31 PM,A,E,350.0,SAN FRANCISCO-OAKLAND BAY BRIDGE TOLL PLAZA,F,,D,12/10/2024 2:19:32 PM,12/10/2024 2:19:32 PM,False,True,4,True,12/4/2024 5:47:00 PM,1747,False,,,True
4499039,24-052151,2,False,0109,10/20/2024 8:18:00 PM,2018,35X,14,109,Oakland,1,True,True,D,BROADSIDE,,Sunday,,,,,False,False,True,,C,OTHER MOTOR VEHICLE,,1,0,C,DARK-STREET LIGHTS,,,,,,,A,NO PEDESTRIANS INVOLVED,,A,21453A,,1,BANCROFT AV,2,,,A,,,90TH AV,,,A,12/10/2024 2:09:39 PM,1/28/2025 12:10:19 PM,,,2,,,,,,,
4499036,24-052545,2,False,0109,10/22/2024 1:14:00 PM,1314,26Y,14,109,Oakland,1,True,True,G,VEHICLE/PEDESTRAIN,,Tuesday,,,,,False,False,False,,B,PEDESTRIAN,,2,0,A,DAYLIGHT,,,,,,,F,NOT IN ROAD,,A,22107,,1,66TH AV,2,,,A,S,100.0,INTERNATIONAL BL,F,,A,12/10/2024 2:09:39 PM,1/28/2025 12:04:13 PM,,,2,,,,,,,
4499030,24-051736,2,False,0109,10/17/2024 9:23:00 PM,2123,32X,14,109,Oakland,1,True,True,B,SIDE SWIPE,,Thursday,,,,,False,False,False,,E,PARKED MOTOR VEHICLE,,0,0,C,DARK-STREET LIGHTS,,,,,,,A,NO PEDESTRIANS INVOLVED,,A,22107,,1,BANCROFT AV,2,,,A,W,100.0,102ND AV,F,,A,12/10/2024 2:04:39 PM,1/28/2025 12:10:16 PM,,,2,,,,,,,
4499026,24-052575,2,False,0109,10/22/2024 4:01:00 PM,1601,10X,14,109,Oakland,1,True,True,G,VEHICLE/PEDESTRAIN,,Tuesday,,,,,False,False,False,,B,PEDESTRIAN,,1,0,A,DAYLIGHT,,,,,,,C,CROSSING IN CROSS WALK - NOT AT INTERSECTION,,A,21950A,,1,BOYER ST,1,,,A,S,4.0,54TH ST,F,,A,12/10/2024 2:04:39 PM,1/28/2025 12:04:13 PM,,,2,,,,,,,
4499019,9370-2024-03874,1,False,9370,12/3/2024 3:10:00 PM,1510,008,14,109,Oakland,1,True,True,E,HIT OBJECT,,Tuesday,NotApplicable,False,,,False,True,False,ALAMEDA SUPERIOR COURT WILEY W. MANUEL COURTHOUSE,J,OTHER OBJECT,GUARDRAIL,1,0,A,DAYLIGHT,37.828486,-122.293622,,,,,A,NO PEDESTRIANS INVOLVED,12/3/2024 3:10:00 PM,A,VC 22107,False,1,I-80 WB TO I-880 SB,,,12/10/2024 2:00:14 PM,A,W,3550.0,POWELL STREET,F,,D,12/10/2024 2:00:17 PM,12/10/2024 2:00:17 PM,False,True,4,,12/3/2024 3:40:00 PM,1515,False,,,True
4499016,24-054444,2,False,0109,11/2/2024 2:07:00 AM,207,19X,14,109,Oakland,1,True,True,H,OTHER,,Saturday,,,M,,False,False,True,,E,PARKED MOTOR VEHICLE,,0,0,C,DARK-STREET LIGHTS,,,,,,,A,NO PEDESTRIANS INVOLVED,,A,22107,,1,22ND AV,1,,,B,N,100.0,INTERNATIONAL BL,F,,A,12/10/2024 1:59:38 PM,1/28/2025 12:02:19 PM,,,2,,,,,,,
4499011,24-053289,2,False,0109,10/26/2024 11:04:00 AM,1104,27Y,14,109,Oakland,1,True,True,B,SIDE SWIPE,,Saturday,,,,,False,False,False,,C,OTHER MOTOR VEHICLE,,1,0,A,DAYLIGHT,,,,,,,A,NO PEDESTRIANS INVOLVED,,D,,,,BANCROFT AV,2,,,A,,,65TH AV,,,D,12/10/2024 1:59:38 PM,1/28/2025 12:04:13 PM,,,2,,,,,,,
4499010,24-052997,2,False,0109,10/25/2024 2:18:00 AM,218,13X,14,109,Oakland,1,True,True,F,OVERTURNED,,Friday,,,,,False,False,False,,A,NON-COLLISION,,1,0,D,DARK-NO STREET LIGHTS,,,,,,,A,NO PEDESTRIANS INVOLVED,,A,22107,,1,ARROWHEAD DR,1,,,A,E,750.0,E CIR,F,,D,12/10/2024 1:59:38 PM,1/28/2025 12:10:20 PM,,,2,,,,,,,
4499003,24-052930,2,False,0109,10/24/2024 3:54:00 PM,1554,19X,14,109,Oakland,1,True,True,B,SIDE SWIPE,,Thursday,,,,,False,False,False,,E,PARKED MOTOR VEHICLE,,0,0,A,DAYLIGHT,,,,,,,A,NO PEDESTRIANS INVOLVED,,A,22107,,1,2ND AV,1,,,A,N,150.0,INTERNATIONAL BL,F,,D,12/10/2024 1:54:38 PM,1/28/2025 12:10:15 PM,,,2,,,,,,,
4499001,24-053031,2,False,0109,10/25/2024 8:05:00 AM,805,30X,14,109,Oakland,1,True,True,D,BROADSIDE,,Friday,,,,,False,False,False,,C,OTHER MOTOR VEHICLE,,1,0,A,DAYLIGHT,,,,,,,A,NO PEDESTRIANS INVOLVED,,A,21801A,,1,73RD AV,2,,,A,,,ARTHUR ST,,,A,12/10/2024 1:54:38 PM,1/28/2025 12:10:19 PM,,,2,,,,,,,
4498986,24-051858,2,False,0109,10/18/2024 10:04:00 AM,1004,26X,14,109,Oakland,1,True,True,C,REAR END,,Friday,,,M,,False,False,False,,B,PEDESTRIAN,,1,0,A,DAYLIGHT,,,,,,,D,CROSSING - NOT IN CROSSWALK,,A,22106,,1,50TH AV,2,,,A,S,30.0,E 8TH ST,F,,D,12/10/2024 1:49:38 PM,1/28/2025 12:04:13 PM,,,2,,,,,,,
4498969,24-052787,2,False,0109,10/23/2024 6:26:00 PM,1826,20X,14,109,Oakland,1,True,True,A,HEAD-ON,,Wednesday,,,M,,False,False,False,,C,OTHER MOTOR VEHICLE,,1,0,A,DAYLIGHT,,,,,,,A,NO PEDESTRIANS INVOLVED,,A,21801A,,1,27TH AV,2,,,A,,,INTERNATIONAL BL,,,A,12/10/2024 1:39:38 PM,1/28/2025 12:10:20 PM,,,2,,,,,,,
4498959,9370-2024-03793,1,False,9370,11/26/2024 5:15:00 AM,515,013,14,109,Oakland,1,True,True,E,HIT OBJECT,,Tuesday,NotApplicable,False,,,False,True,True,ALAMEDA SUPERIOR COURT WILEY W. MANUEL COURTHOUSE,I,FIXED OBJECT,GUARD RAIL,1,0,C,DARK-STREET LIGHTS,37.793172,-122.18152,,,,,A,NO PEDESTRIANS INVOLVED,11/26/2024 5:15:00 AM,A,VC 22350,False,1,SR-13 S/B,,,12/10/2024 1:35:58 PM,B,S,460.0,CARSON ST,F,,D,12/10/2024 1:35:59 PM,12/10/2024 1:35:59 PM,False,True,4,,11/26/2024 5:25:00 AM,0525,False,,,True
4498955,24-052183,2,False,0109,10/21/2024 1:38:00 AM,138,26X,14,109,Oakland,1,True,True,B,SIDE SWIPE,,Monday,,,M,,False,False,False,,J,OTHER OBJECT,,1,0,C,DARK-STREET LIGHTS,,,,,,,A,NO PEDESTRIANS INVOLVED,,A,22107,,1,SAN LEANDRO ST,2,,,A,W,100.0,66TH AV,F,,D,12/10/2024 1:34:38 PM,1/28/2025 12:04:13 PM,,,2,,,,,,,
4498954,24-057155,2,False,0109,11/18/2024 8:00:00 AM,800,05X,14,109,Oakland,1,True,True,B,SIDE SWIPE,,Monday,,,,,False,False,False,,C,OTHER MOTOR VEHICLE,,0,0,A,DAYLIGHT,,,,,,,A,NO PEDESTRIANS INVOLVED,,A,22107,,1,14TH ST,1,,,A,W,5.0,BRUSH ST,F,,A,12/10/2024 1:34:38 PM,1/28/2025 12:10:16 PM,,,2,,,,,,,
4498942,24-052294,3,False,0109,10/21/2024 3:00:00 PM,1500,05X,14,109,Oakland,1,True,True,D,BROADSIDE,,Monday,,,M,,False,False,False,,C,OTHER MOTOR VEHICLE,,1,0,A,DAYLIGHT,,,,,,,A,NO PEDESTRIANS INVOLVED,,A,21802A,,1,28TH ST,1,,,A,,,MARTIN LUTHER KING JR WY,,,D,12/10/2024 1:29:38 PM,1/28/2025 12:04:13 PM,,,2,,,,,,,
4498919,24-054945,2,False,0109,11/5/2024 10:12:00 AM,1012,23X,14,109,Oakland,1,True,True,C,REAR END,,Tuesday,,,,,False,False,False,,C,OTHER MOTOR VEHICLE,,0,0,A,DAYLIGHT,,,,,,,A,NO PEDESTRIANS INVOLVED,,A,21703,,1,35TH AV,2,,,A,N,200.0,INTERNATIONAL BL,F,,A,12/10/2024 1:19:38 PM,1/28/2025 12:04:08 PM,,,2,,,,,,,
4498909,24-055133,2,False,0109,11/6/2024 1:19:00 PM,1319,22X,14,109,Oakland,1,True,True,B,SIDE SWIPE,,Wednesday,,,,,False,False,False,,C,OTHER MOTOR VEHICLE,,0,0,A,DAYLIGHT,,,,,,,A,NO PEDESTRIANS INVOLVED,,A,22107,,1,MACARTHUR BL,2,,,A,,,DIMOND AV,,,A,12/10/2024 1:14:38 PM,1/28/2025 12:04:08 PM,,,2,,,,,,,
4498900,24-054963,2,False,0109,11/5/2024 11:55:00 AM,1155,03X,14,109,Oakland,1,True,True,D,BROADSIDE,,Tuesday,,,,,False,False,True,,C,OTHER MOTOR VEHICLE,,0,0,A,DAYLIGHT,,,,,,,A,NO PEDESTRIANS INVOLVED,,A,21453A,,1,MARTIN LUTHER KING JR WY,1,,,A,,,11TH ST,,,A,12/10/2024 1:09:38 PM,1/28/2025 12:04:08 PM,,,2,,,,,,,
4498872,24-015696,2,False,0109,3/29/2024 5:00:00 AM,500,24X,14,109,Oakland,1,True,True,B,SIDE SWIPE,,Friday,,,M,,False,False,False,,E,PARKED MOTOR VEHICLE,,0,0,C,DARK-STREET LIGHTS,,,,,,,A,NO PEDESTRIANS INVOLVED,,A,22107,,1,HAGEMAN AV,2,,,A,E,0.1,35TH AV,M,,A,12/10/2024 12:54:38 PM,1/28/2025 12:10:18 PM,,,2,,,,,,,
4498860,24-022003,2,False,0109,5/5/2024 11:25:00 PM,2325,19X,14,109,Oakland,1,True,True,B,SIDE SWIPE,,Sunday,,,M,,False,False,True,,E,PARKED MOTOR VEHICLE,,0,0,C,DARK-STREET LIGHTS,,,,,,,A,NO PEDESTRIANS INVOLVED,,A,22107,,1,16TH AV,1,,,A,,,E 15TH ST,,,D,12/10/2024 12:49:38 PM,1/28/2025 12:10:18 PM,,,2,,,,,,,
4498850,24-021521,2,False,0109,5/1/2024 7:00:00 AM,700,35X,14,109,Oakland,1,True,True,B,SIDE SWIPE,,Wednesday,,,M,,False,False,False,,E,PARKED MOTOR VEHICLE,,0,0,B,DUSK-DAWN,,,,,,,A,NO PEDESTRIANS INVOLVED,,A,22107,,1,90TH AV,2,,,A,S,50.0,PALMERA CT,F,,A,12/10/2024 12:44:38 PM,1/28/2025 12:10:18 PM,,,2,,,,,,,
4498838,24-029844,2,False,0109,6/10/2024 8:15:00 AM,815,17X,14,109,Oakland,1,True,True,G,VEHICLE/PEDESTRAIN,,Monday,,,,,False,False,False,,G,BICYCLE,,1,0,A,DAYLIGHT,,,,,,,B,CROSSING IN CROSS WALK AT INTERSECTION,,D,,,,PARK BL,1,,,A,,,MACARTHUR BL,,,A,12/10/2024 12:39:38 PM,1/28/2025 12:04:15 PM,,,2,,,,,,,
4498835,24-022864,2,False,0109,5/9/2024 8:50:00 AM,850,01X,14,109,Oakland,1,True,True,B,SIDE SWIPE,,Thursday,,,M,,False,False,True,,E,PARKED MOTOR VEHICLE,,0,0,A,DAYLIGHT,,,,,,,A,NO PEDESTRIANS INVOLVED,,A,22107,,1,DELAWARE ST,2,,,A,W,80.0,CURRAN WY,F,,B,12/10/2024 12:39:38 PM,1/28/2025 12:10:18 PM,,,2,,,,,,,
4498828,24-026663,2,False,0109,5/29/2024 5:40:00 PM,1740,27X,14,109,Oakland,1,True,True,D,BROADSIDE,,Wednesday,,,M,,False,False,False,,C,OTHER MOTOR VEHICLE,,0,0,A,DAYLIGHT,,,,,,,A,NO PEDESTRIANS INVOLVED,,A,22450A,,1,E 17H ST,2,,,A,,,62ND AV,,,A,12/10/2024 12:34:37 PM,1/28/2025 12:10:18 PM,,,2,,,,,,,
4498808,24-030896,2,False,0109,6/21/2024 6:13:00 PM,1813,03X,14,109,Oakland,1,True,True,H,OTHER,,Friday,,,,,False,False,True,,C,OTHER MOTOR VEHICLE,,0,0,A,DAYLIGHT,,,,,,,A,NO PEDESTRIANS INVOLVED,,A,21453A,,1,WEBSTER ST,1,,,A,,,11TH ST,,,A,12/10/2024 12:24:38 PM,1/28/2025 12:10:18 PM,,,2,,,,,,,
4498806,24-053090,2,False,0109,10/25/2024 10:16:00 AM,1016,23X,14,109,Oakland,1,True,True,B,SIDE SWIPE,,Friday,,,,,False,False,False,,C,OTHER MOTOR VEHICLE,,0,0,A,DAYLIGHT,,,,,,,A,NO PEDESTRIANS INVOLVED,,D,,,,33RD AV,2,,,A,S,100.0,E 17TH ST,F,,D,12/10/2024 12:24:38 PM,1/28/2025 12:04:09 PM,,,2,,,,,,,
4498802,9370-2024-03852,1,False,9370,12/1/2024 12:25:00 PM,1225,177,14,109,Oakland,1,True,True,C,REAR END,,Sunday,NotApplicable,False,M,,False,True,False,ALAMEDA SUPERIOR COURT WILEY W. MANUEL COURTHOUSE,C,OTHER MOTOR VEHICLE,,0,0,A,DAYLIGHT,37.812426,-122.273725,,,,,A,NO PEDESTRIANS INVOLVED,12/1/2024 12:25:00 PM,A,VC 22350,False,1,I-980 W/B,,,12/10/2024 12:21:30 PM,A,E,1250.0,18TH STREET,F,,D,12/10/2024 12:21:34 PM,12/10/2024 12:21:34 PM,False,True,4,,12/1/2024 12:30:00 PM,1230,False,,,True
4498799,24-053162,2,False,0109,10/25/2024 3:57:00 PM,1557,31Y,14,109,Oakland,1,True,True,C,REAR END,,Friday,,,M,,False,False,False,,C,OTHER MOTOR VEHICLE,,0,0,A,DAYLIGHT,,,,,,,A,NO PEDESTRIANS INVOLVED,,A,22350,,1,98TH AV,2,,,A,,,AIRPORT ACCESS RD,,,A,12/10/2024 12:19:38 PM,1/28/2025 12:04:09 PM,,,2,,,,,,,
4498798,24-030589,2,False,0109,6/20/2024 3:00:00 AM,300,05Y,14,109,Oakland,1,True,True,C,REAR END,,Thursday,,,M,,False,False,True,,E,PARKED MOTOR VEHICLE,,0,0,C,DARK-STREET LIGHTS,,,,,,,A,NO PEDESTRIANS INVOLVED,,A,22107,,1,14TH ST,1,,,A,,,MANDELA PKWY,,,D,12/10/2024 12:19:38 PM,1/28/2025 12:10:18 PM,,,2,,,,,,,
4498797,24-050788,2,False,0109,10/12/2024 5:40:00 PM,1740,07X,14,109,Oakland,1,True,True,D,BROADSIDE,,Saturday,,,,,False,False,True,,C,OTHER MOTOR VEHICLE,,1,0,A,DAYLIGHT,,,,,,,A,NO PEDESTRIANS INVOLVED,,A,21801A,,1,W GRAND AV,1,,,A,,,MYRTLE ST,,,D,12/10/2024 12:19:38 PM,1/28/2025 12:10:20 PM,,,2,,,,,,,
4498782,24-029257,3,False,0109,6/12/2024 5:23:00 PM,1723,29X,14,109,Oakland,1,True,True,B,SIDE SWIPE,,Wednesday,,,M,,False,False,True,,C,OTHER MOTOR VEHICLE,,0,0,A,DAYLIGHT,,,,,,,E,IN ROAD - INCLUDES SHOULDER,,A,22107,,1,GARFIELD AV,2,,,A,,,76TH AV,,,A,12/10/2024 12:09:38 PM,1/28/2025 12:10:18 PM,,,2,,,,,,,
4498772,24-032298,2,False,0109,6/29/2024 2:32:00 AM,232,31X,14,109,Oakland,1,True,True,A,HEAD-ON,,Saturday,,,,,False,False,False,,E,PARKED MOTOR VEHICLE,,0,0,C,DARK-STREET LIGHTS,,,,,,,A,NO PEDESTRIANS INVOLVED,,A,23152A,,1,GHORMLEY AV,2,,,A,,,BERNHARDT ST,,,D,12/10/2024 12:04:37 PM,1/28/2025 12:10:18 PM,,,2,,,,,,,
4498767,9370-2024-03882,1,False,9370,12/4/2024 6:10:00 PM,1810,055,14,109,Oakland,1,True,True,C,REAR END,,Wednesday,NotApplicable,False,,,False,True,True,ALAMEDA SUPERIOR COURT WILEY W. MANUEL COURTHOUSE,C,OTHER MOTOR VEHICLE,,2,0,D,DARK-NO STREET LIGHTS,37.825185,-122.271523,,,,,A,NO PEDESTRIANS INVOLVED,12/4/2024 6:10:00 PM,A,VC 22350,False,1,I-580 W/B,,,12/10/2024 12:03:05 PM,A,W,210.0,WEST ST,F,,D,12/10/2024 12:03:06 PM,12/10/2024 12:03:06 PM,False,True,4,,12/4/2024 6:15:00 PM,1815,False,,,True
4498752,24-054518,2,False,0109,11/2/2024 1:25:00 PM,1325,26X,14,109,Oakland,1,True,True,B,SIDE SWIPE,,Saturday,,,,,False,False,False,,C,OTHER MOTOR VEHICLE,,0,0,A,DAYLIGHT,,,,,,,A,NO PEDESTRIANS INVOLVED,,A,22107,,1,COLISEUM WY,2,,,A,W,10.0,66TH AV,F,,D,12/10/2024 11:54:37 AM,1/28/2025 12:04:08 PM,,,2,,,,,,,