collision-id,report-number,report-version,is-preliminary,ncic-code,crash-date-time,crash-time-description,beat,city-id,city-code,city-name,county-code,city-is-active,city-is-incorporated,collision-type-code,collision-type-description,collision-type-other-desc,day-of-week,dispatch-notified,has-photographs,hit-run,is-attachments-mailed,is-deleted,is-highway-related,is-tow-away,judicial-district,motor-vehicle-involved-with-code,motor-vehicle-involved-with-desc,motor-vehicle-involved-with-other-desc,number-injured,number-killed,lighting-code,lighting-description,latitude,longitude,milepost-direction,milepost-distance,milepost-marker,milepost-unit-of-measure,pedestrian-action-code,pedestrian-action-desc,prepared-date,primary-collision-factor-code,primary-collision-factor-description,primary-collision-factor-is-cited,primary-collision-party-number,primary-road,reporting-district,reporting-district-code,reviewed-date,roadway-surface-code,secondary-direction,secondary-distance,secondary-road,secondary-unit-of-measure,sketch-desc,traffic-control-device-code,created-date,modified-date,is-county-road,is-freeway,chp-555-version,is-additonal-object-struck,notification-date,notification-time-description,has-digital-media-files,evidence-number,is-location-refer-to-narrative,is-aoi-one-same-as-location
4498744,24-056136,2,False,0109,11/12/2024 8:09:00 AM,809,07X,14,109,Oakland,1,True,True,C,REAR END,,Tuesday,,,,,False,False,False,,C,OTHER MOTOR VEHICLE,,0,0,A,DAYLIGHT,,,,,,,A,NO PEDESTRIANS INVOLVED,,A,22106,,1,ADELINE ST,1,,,A,S,50.0,WEST GRAND AV,F,,D,12/10/2024 11:49:37 AM,1/28/2025 12:04:07 PM,,,2,,,,,,,
4498740,24-056394,2,False,0109,11/13/2024 8:01:00 PM,2001,18X,14,109,Oakland,1,True,True,G,VEHICLE/PEDESTRAIN,,Wednesday,,,,,False,False,False,,B,PEDESTRIAN,,1,0,A,DAYLIGHT,,,,,,,B,CROSSING IN CROSS WALK AT INTERSECTION,,A,21950A,,1,14TH AV,1,,,A,,,E 21ST ST,,,A,12/10/2024 11:44:37 AM,1/28/2025 12:04:07 PM,,,2,,,,,,,
4498725,24-055836,2,False,0109,11/10/2024 10:30:00 AM,1030,29X,14,109,Oakland,1,True,True,E,HIT OBJECT,,Sunday,,,M,,False,False,False,,I,FIXED OBJECT,,0,0,A,DAYLIGHT,,,,,,,A,NO PEDESTRIANS INVOLVED,,A,22107,,1,CAMDEN ST,2,,,A,W,45.0,64TH AV,F,,D,12/10/2024 11:34:37 AM,1/28/2025 12:04:07 PM,,,2,,,,,,,
4498719,24-055507,2,False,0109,11/8/2024 5:30:00 AM,530,32X,14,109,Oakland,1,True,True,E,HIT OBJECT,,Friday,,,M,,False,False,True,,I,FIXED OBJECT,,0,0,C,DARK-STREET LIGHTS,,,,,,,A,NO PEDESTRIANS INVOLVED,,A,22107,,1,E ST,2,,,A,E,34.0,105TH AV,F,,D,12/10/2024 11:29:37 AM,1/28/2025 12:04:07 PM,,,2,,,,,,,
4498718,24-055731,2,False,0109,11/9/2024 3:39:00 PM,1539,30Y,14,109,Oakland,1,True,True,C,REAR END,,Saturday,,,M,,False,False,False,,E,PARKED MOTOR VEHICLE,,0,0,A,DAYLIGHT,,,,,,,A,NO PEDESTRIANS INVOLVED,,A,22350,,1,FONTAINE ST,2,,,A,W,20.0,HOLMES AV,F,,D,12/10/2024 11:29:37 AM,1/28/2025 12:04:07 PM,,,2,,,,,,,
4498710,24-055218,2,False,0109,11/6/2024 10:15:00 PM,2215,17X,14,109,Oakland,1,True,True,A,HEAD-ON,,Wednesday,,,M,,False,False,False,,E,PARKED MOTOR VEHICLE,,0,0,C,DARK-STREET LIGHTS,,,,,,,A,NO PEDESTRIANS INVOLVED,,A,22107,,1,10TH AV,1,,,A,N,30.0,INTERNATIONAL BL,F,,D,12/10/2024 11:24:37 AM,1/28/2025 12:04:07 PM,,,2,,,,,,,
4498707,24-054347,2,False,0109,11/1/2024 10:15:00 AM,1015,31X,14,109,Oakland,1,True,True,C,REAR END,,Friday,,,,,False,False,False,,C,OTHER MOTOR VEHICLE,,0,0,A,DAYLIGHT,,,,,,,A,NO PEDESTRIANS INVOLVED,,A,22350,,1,DOOLITTLE DR,2,,,A,W,2400.0,LANGLEY ST,F,,D,12/10/2024 11:24:37 AM,1/28/2025 12:04:07 PM,,,2,,,,,,,
4498700,24-054800,2,False,0109,11/4/2024 10:43:00 AM,1043,17X,14,109,Oakland,1,True,True,B,SIDE SWIPE,,Monday,,,,,False,False,False,,E,PARKED MOTOR VEHICLE,,0,0,A,DAYLIGHT,,,,,,,A,NO PEDESTRIANS INVOLVED,,A,22107,,1,BEAUMONT AV,1,,,A,W,30.0,E 32ND ST,F,,A,12/10/2024 11:19:37 AM,1/28/2025 12:13:08 PM,,,2,,,,,,,
4498688,24-029992,2,False,0109,6/16/2024 10:00:00 PM,2200,17X,14,109,Oakland,1,True,True,B,SIDE SWIPE,,Sunday,,,,,False,False,False,,G,BICYCLE,,1,0,B,DUSK-DAWN,,,,,,,A,NO PEDESTRIANS INVOLVED,,A,21950A,,1,8TH AV,1,,,A,,,PARK BL,,,A,12/10/2024 11:14:37 AM,1/28/2025 12:04:15 PM,,,2,,,,,,,
4498682,24-053354,2,False,0109,10/26/2024 10:56:00 PM,2256,07X,14,109,Oakland,1,True,True,G,VEHICLE/PEDESTRAIN,,Saturday,,,F,,False,False,False,,E,PARKED MOTOR VEHICLE,,0,0,C,DARK-STREET LIGHTS,,,,,,,A,NO PEDESTRIANS INVOLVED,,A,22107,,1,MEAD AV,1,,,A,W,100.0,SAN PABLO,F,,D,12/10/2024 11:09:37 AM,1/28/2025 12:04:10 PM,,,2,,,,,,,
4498671,24-053324,2,False,0109,10/26/2024 8:00:00 AM,800,22X,14,109,Oakland,1,True,True,B,SIDE SWIPE,,Saturday,,,M,,False,False,False,,C,OTHER MOTOR VEHICLE,,0,0,A,DAYLIGHT,,,,,,,A,NO PEDESTRIANS INVOLVED,,A,22107,,1,MACARTHUR BL,2,,,A,E,50.0,LINCOLN AV,F,,D,12/10/2024 11:04:37 AM,1/28/2025 12:04:10 PM,,,2,,,,,,,
4498656,24-053343,2,False,0109,10/26/2024 6:53:00 PM,1853,23X,14,109,Oakland,1,True,True,A,HEAD-ON,,Saturday,,,M,,False,False,True,,I,FIXED OBJECT,,0,0,C,DARK-STREET LIGHTS,,,,,,,A,NO PEDESTRIANS INVOLVED,,A,22517,,1,FARNAM ST,2,,,A,E,25.0,33RD AV,F,,D,12/10/2024 10:59:37 AM,1/28/2025 12:04:10 PM,,,2,,,,,,,
4498655,24-027065,2,False,0109,5/31/2024 9:09:00 PM,2109,05X,14,109,Oakland,1,True,True,E,HIT OBJECT,,Friday,,,M,,False,False,True,,I,FIXED OBJECT,,1,0,C,DARK-STREET LIGHTS,,,,,,,A,NO PEDESTRIANS INVOLVED,,A,22350,,1,MANDELA PKWY,1,,,A,W,590.0,UNION ST,F,,D,12/10/2024 10:59:37 AM,1/28/2025 12:04:15 PM,,,2,,,,,,,
4498654,24-027043,2,False,0109,5/31/2024 6:39:00 PM,1839,09X,14,109,Oakland,1,True,True,G,VEHICLE/PEDESTRAIN,,Friday,,,,,False,False,False,,B,PEDESTRIAN,,1,0,A,DAYLIGHT,,,,,,,B,CROSSING IN CROSS WALK AT INTERSECTION,,A,21950A,,1,40TH ST,1,,,A,,,HOWE ST,,,A,12/10/2024 10:59:37 AM,1/28/2025 12:04:15 PM,,,2,,,,,,,
4498641,24-053260,2,False,0109,10/26/2024 1:00:00 AM,100,17Y,14,109,Oakland,1,True,True,D,BROADSIDE,,Saturday,,,M,,False,False,False,,E,PARKED MOTOR VEHICLE,,0,0,A,DAYLIGHT,,,,,,,A,NO PEDESTRIANS INVOLVED,,A,22107,,1,13TH AV,1,,,A,N,50.0,E 33RD ST,F,,D,12/10/2024 10:54:37 AM,1/28/2025 12:04:10 PM,,,2,,,,,,,
4498636,24-020918,2,False,0109,4/27/2024 6:04:00 PM,1804,02X,14,109,Oakland,1,True,True,B,SIDE SWIPE,,Saturday,,,,,False,False,False,,C,OTHER MOTOR VEHICLE,,1,0,A,DAYLIGHT,,,,,,,A,NO PEDESTRIANS INVOLVED,,A,22107,,1,7TH ST,1,,,A,,,CHESTER ST,,,D,12/10/2024 10:54:37 AM,1/28/2025 12:04:15 PM,,,2,,,,,,,
4498620,24-053250,2,False,0109,10/26/2024 6:00:00 AM,600,30X,14,109,Oakland,1,True,True,B,SIDE SWIPE,,Saturday,,,M,,False,False,True,,E,PARKED MOTOR VEHICLE,,0,0,B,DUSK-DAWN,,,,,,,A,NO PEDESTRIANS INVOLVED,,A,22107,,1,HOLLY ST,2,,,A,E,75.0,79TH AV,F,,D,12/10/2024 10:49:37 AM,1/28/2025 12:04:10 PM,,,2,,,,,,,
4498606,24-019194,2,False,0109,4/18/2024 6:03:00 PM,1803,03X,14,109,Oakland,1,True,True,C,REAR END,,Thursday,,,,,False,False,False,,C,OTHER MOTOR VEHICLE,,1,0,A,DAYLIGHT,,,,,,,A,NO PEDESTRIANS INVOLVED,,A,22350,,1,WEBSTER TUBE,1,,,A,S,0.1,6TH ST,M,,D,12/10/2024 10:44:40 AM,1/28/2025 12:04:15 PM,,,2,,,,,,,
4498602,24-051747,2,False,0109,10/17/2024 11:39:00 PM,2339,30X,14,109,Oakland,1,True,True,A,HEAD-ON,,Thursday,,,M,,False,False,False,,C,OTHER MOTOR VEHICLE,,0,0,C,DARK-STREET LIGHTS,,,,,,,A,NO PEDESTRIANS INVOLVED,,A,22107,,1,MACARTHUR BL,2,,,A,,,RITCHIE ST,,,A,12/10/2024 10:44:38 AM,1/28/2025 12:04:10 PM,,,2,,,,,,,
4498590,24-051603,2,False,0109,10/17/2024 5:24:00 AM,524,08X,14,109,Oakland,1,True,True,B,SIDE SWIPE,,Thursday,,,,,False,False,False,,E,PARKED MOTOR VEHICLE,,0,0,C,DARK-STREET LIGHTS,,,,,,,A,NO PEDESTRIANS INVOLVED,,A,22107,,1,34TH ST,1,,,B,W,10.0,ANDOVER ST,F,,D,12/10/2024 10:39:37 AM,1/28/2025 12:04:10 PM,,,2,,,,,,,
4498573,24-051208,2,False,0109,10/18/2024 3:15:00 PM,1515,31X,14,109,Oakland,1,True,True,B,SIDE SWIPE,,Friday,,,,,False,False,False,,C,OTHER MOTOR VEHICLE,,0,0,A,DAYLIGHT,,,,,,,A,NO PEDESTRIANS INVOLVED,,A,22107,,1,98TH AV,2,,,A,S,5.0,MADDUX DR,F,,A,12/10/2024 10:34:37 AM,1/28/2025 12:04:10 PM,,,2,,,,,,,
4498557,24-054169,2,False,0109,10/31/2024 8:45:00 AM,845,16X,14,109,Oakland,1,True,True,G,VEHICLE/PEDESTRAIN,,Thursday,,,,,False,False,False,,B,PEDESTRIAN,,1,0,A,DAYLIGHT,,,,,,,B,CROSSING IN CROSS WALK AT INTERSECTION,,A,21950A,,1,MACARTHUR BL,1,,,B,,,RANDOLPH AV,,,A,12/10/2024 10:29:37 AM,1/28/2025 12:10:20 PM,,,2,,,,,,,
4498542,24-052056,2,False,0109,10/20/2024 12:47:00 AM,47,18X,14,109,Oakland,1,True,True,C,REAR END,,Sunday,,,M,,False,False,False,,C,OTHER MOTOR VEHICLE,,0,0,C,DARK-STREET LIGHTS,,,,,,,F,NOT IN ROAD,,A,22107,,1,23RD AV,1,,,A,N,20.0,E 30TH ST,F,,D,12/10/2024 10:24:37 AM,1/28/2025 12:04:10 PM,,,2,,,,,,,
4498468,24-047252,2,False,0109,9/20/2024 12:45:00 PM,1245,03X,14,109,Oakland,1,True,True,D,BROADSIDE,,Friday,,,,,False,False,False,,C,OTHER MOTOR VEHICLE,,0,0,A,DAYLIGHT,,,,,,,A,NO PEDESTRIANS INVOLVED,,A,21453A,,1,12TH ST,1,,,A,,,MADISON ST,,,A,12/10/2024 9:49:37 AM,1/28/2025 12:04:11 PM,,,2,,,,,,,
4498467,24-044821,2,False,0109,9/8/2024 1:06:00 AM,106,30X,14,109,Oakland,1,True,True,C,REAR END,,Sunday,,,,,False,False,False,,,,,0,0,C,DARK-STREET LIGHTS,,,,,,,A,NO PEDESTRIANS INVOLVED,,A,23152B,,1,INTERNATIONAL BL,2,,,A,E,15.0,82ND AV,F,,A,12/10/2024 9:49:37 AM,1/28/2025 12:04:10 PM,,,2,,,,,,,
4498458,24-044926,2,False,0109,9/8/2024 4:10:00 PM,1610,32Y,14,109,Oakland,1,True,True,C,REAR END,,Sunday,,,M,,False,False,False,,C,OTHER MOTOR VEHICLE,,0,0,A,DAYLIGHT,,,,,,,A,NO PEDESTRIANS INVOLVED,,A,23152A,,1,BANCROFT AV,2,,,A,W,5.0,DURANT AV,F,,A,12/10/2024 9:44:37 AM,1/28/2025 12:04:10 PM,,,2,,,,,,,
4498438,24-048095,2,False,0109,9/25/2024 4:05:00 PM,1605,23X,14,109,Oakland,1,True,True,D,BROADSIDE,,Wednesday,,,,,False,False,False,,C,OTHER MOTOR VEHICLE,,0,0,B,DUSK-DAWN,,,,,,,A,NO PEDESTRIANS INVOLVED,,A,21453A,,1,HIGH ST,2,,,A,,,BOND ST,,,A,12/10/2024 9:39:37 AM,1/28/2025 12:04:10 PM,,,2,,,,,,,
4498418,24-043958,2,False,0109,9/2/2024 11:56:00 PM,2356,18X,14,109,Oakland,1,True,True,E,HIT OBJECT,,Monday,,,,,False,False,False,,E,PARKED MOTOR VEHICLE,,0,0,E,DARK-STREET LIGHTS NOT FUNCTIONING*,,,,,,,A,NO PEDESTRIANS INVOLVED,,A,23152A,,1,E 17TH ST,1,,,A,E,5.0,22ND AV,F,,D,12/10/2024 9:34:37 AM,1/28/2025 12:04:10 PM,,,2,,,,,,,
4498398,24-048802,2,False,0109,9/29/2024 10:42:00 PM,2242,31Z,14,109,Oakland,1,True,True,A,HEAD-ON,,Sunday,,,M,,False,False,False,,I,FIXED OBJECT,,0,0,C,DARK-STREET LIGHTS,,,,,,,A,NO PEDESTRIANS INVOLVED,,A,22107,,1,BERNHARDT DR,2,,,A,N,45.0,FOSTER AV,F,,A,12/10/2024 9:29:37 AM,1/28/2025 12:04:10 PM,,,2,,,,,,,
4498378,9370-2024-03838,1,False,9370,11/29/2024 6:37:00 PM,1837,052,14,109,Oakland,1,True,True,C,REAR END,,Friday,NotApplicable,False,,,False,True,False,ALAMEDA SUPERIOR COURT WILEY W. MANUEL COURTHOUSE,C,OTHER MOTOR VEHICLE,,0,0,D,DARK-NO STREET LIGHTS,37.771989,-122.156532,,,,,A,NO PEDESTRIANS INVOLVED,11/29/2024 6:37:00 PM,A,VC 22350,False,1,I-580 E/B,,,12/10/2024 9:21:12 AM,A,W,70.0,KELLER AVE,F,,D,12/10/2024 9:21:14 AM,12/10/2024 9:21:14 AM,False,True,4,False,11/29/2024 6:40:00 PM,1840,False,,,True
4498329,24-010395,2,False,0109,2/28/2024 8:36:00 PM,2036,06X,14,109,Oakland,1,True,True,G,VEHICLE/PEDESTRAIN,,Wednesday,,,,,False,False,False,,B,PEDESTRIAN,,1,0,C,DARK-STREET LIGHTS,,,,,,,B,CROSSING IN CROSS WALK AT INTERSECTION,,D,,,,SAN PABLO,1,,,A,,,WEST GRAND AV,,,A,12/10/2024 9:04:36 AM,1/28/2025 12:04:15 PM,,,2,,,,,,,
4498285,24-046273,2,False,0109,9/15/2024 7:54:00 PM,1954,04X,14,109,Oakland,1,True,True,H,OTHER,,Sunday,,,,,False,False,True,,E,PARKED MOTOR VEHICLE,,1,0,A,DAYLIGHT,,,,,,,A,NO PEDESTRIANS INVOLVED,,A,22107,,1,HARRISON ST,1,,,A,N,200.0,18TH ST,F,,A,12/10/2024 8:49:37 AM,1/28/2025 12:10:20 PM,,,2,,,,,,,
4498281,24-047937,2,False,0109,9/24/2024 4:23:00 PM,1623,18X,14,109,Oakland,1,True,True,B,SIDE SWIPE,,Tuesday,,,,,False,False,False,,E,PARKED MOTOR VEHICLE,,1,0,A,DAYLIGHT,,,,,,,A,NO PEDESTRIANS INVOLVED,,A,22107,,1,14TH AV,1,,,A,N,30.0,27TH ST,F,,D,12/10/2024 8:49:37 AM,1/28/2025 12:10:20 PM,,,2,,,,,,,
4498267,24-048778,2,False,0109,9/29/2024 7:43:00 PM,1943,04X,14,109,Oakland,1,True,True,D,BROADSIDE,,Sunday,,,,,False,False,True,,C,OTHER MOTOR VEHICLE,,1,0,C,DARK-STREET LIGHTS,,,,,,,A,NO PEDESTRIANS INVOLVED,,A,21453A,,1,14TH ST,1,,,A,,,CLAY ST,,,A,12/10/2024 8:44:37 AM,1/28/2025 12:10:20 PM,,,2,,,,,,,
4498221,24-055140,2,False,0109,11/6/2024 2:27:00 PM,1427,30X,14,109,Oakland,1,True,True,D,BROADSIDE,,Wednesday,,,F,,False,False,False,,C,OTHER MOTOR VEHICLE,,0,0,A,DAYLIGHT,,,,,,,A,NO PEDESTRIANS INVOLVED,,A,22350,,1,82ND AV,2,,,A,,,BANCROFT AV,,,A,12/10/2024 8:29:36 AM,1/28/2025 11:44:38 AM,,,2,,,,,,,
4498061,24-058319,2,False,0109,11/26/2024 12:28:00 AM,28,30X,14,109,Oakland,1,True,True,E,HIT OBJECT,,Tuesday,,,F,,False,False,False,,C,OTHER MOTOR VEHICLE,,0,0,C,DARK-STREET LIGHTS,,,,,,,A,NO PEDESTRIANS INVOLVED,,A,21802A,,1,MACARTHUR BL,2,,,A,,,75TH AV,,,A,12/10/2024 7:24:36 AM,1/28/2025 11:44:29 AM,,,2,,,,,,,
4498040,24-054851,2,False,0109,11/4/2024 3:00:00 PM,1500,27X,14,109,Oakland,1,True,True,B,SIDE SWIPE,,Monday,,,M,,False,False,False,,C,OTHER MOTOR VEHICLE,,0,0,A,DAYLIGHT,,,,,,,A,NO PEDESTRIANS INVOLVED,,A,22107,,1,HIGH ST,2,,,A,S,30.0,BOND ST,F,,D,12/10/2024 7:14:36 AM,1/28/2025 11:44:29 AM,,,2,,,,,,,
4497412,24-042989,2,False,0109,8/27/2024 11:16:00 PM,2316,23X,14,109,Oakland,1,True,True,C,REAR END,,Tuesday,,,,,False,False,False,,E,PARKED MOTOR VEHICLE,,0,0,C,DARK-STREET LIGHTS,,,,,,,A,NO PEDESTRIANS INVOLVED,,A,23152,,1,36TH AV,2,,,A,,,E 18TH ST,,,D,12/9/2024 2:09:07 PM,1/28/2025 12:10:17 PM,,,2,,,,,,,
4497398,24-039859,2,False,0109,8/10/2024 3:45:00 AM,345,21X,14,109,Oakland,1,True,True,A,HEAD-ON,,Saturday,,,,,False,False,True,,I,FIXED OBJECT,,0,0,C,DARK-STREET LIGHTS,,,,,,,A,NO PEDESTRIANS INVOLVED,,A,23152A,,1,E 24TH ST,2,,,A,,,INYO AV,,,D,12/9/2024 2:04:06 PM,1/28/2025 12:10:17 PM,,,2,,,,,,,
4497368,24-033095,2,False,0109,7/3/2024 1:47:00 PM,1347,26Y,14,109,Oakland,1,True,True,C,REAR END,,Wednesday,,,M,,False,False,False,,C,OTHER MOTOR VEHICLE,,0,0,A,DAYLIGHT,,,,,,,A,NO PEDESTRIANS INVOLVED,,A,22350,,1,INTERNATIONAL BL,2,,,A,,,57TH AV,,,A,12/9/2024 1:54:06 PM,1/28/2025 12:10:17 PM,,,2,,,,,,,
4497353,24-037467,2,False,0109,7/27/2024 3:11:00 AM,311,23X,14,109,Oakland,1,True,True,C,REAR END,,Saturday,,,M,,False,False,False,,E,PARKED MOTOR VEHICLE,,0,0,C,DARK-STREET LIGHTS,,,,,,,A,NO PEDESTRIANS INVOLVED,,A,23152,,1,FOOTHILL BL,2,,,A,E,180.0,42ND AV,F,,D,12/9/2024 1:49:06 PM,1/28/2025 12:10:17 PM,,,2,,,,,,,
4496768,9370-2024-03805,1,False,9370,11/26/2024 11:00:00 PM,2300,176,14,109,Oakland,1,True,True,B,SIDE SWIPE,,Tuesday,NotApplicable,False,,,False,True,False,ALAMEDA SUPERIOR COURT WILEY W. MANUEL COURTHOUSE,C,OTHER MOTOR VEHICLE,,0,0,D,DARK-NO STREET LIGHTS,37.772278,-122.224807,,,,,A,NO PEDESTRIANS INVOLVED,11/26/2024 11:00:00 PM,A,VC 22350,False,1,I-880 N/B,,,12/9/2024 9:57:52 AM,A,S,1000.0,29TH AVE,F,,D,12/9/2024 9:57:55 AM,12/9/2024 9:57:55 AM,False,True,4,,11/26/2024 11:05:00 PM,2305,False,,,True
4496757,24033333,2,False,0109,4/7/2024 11:06:00 PM,2306,27X,14,109,Oakland,1,True,True,A,HEAD-ON,,Sunday,,,M,,False,False,False,,C,OTHER MOTOR VEHICLE,,0,0,C,DARK-STREET LIGHTS,,,,,,,A,NO PEDESTRIANS INVOLVED,,A,21801A,,1,BANCROFT AV,2,,,A,,,FAIRFAX AV,,,A,12/9/2024 9:54:05 AM,1/28/2025 12:11:54 PM,,,2,,,,,,,
4496702,9370-2024-03810,1,False,9370,11/26/2024 10:15:00 PM,2215,053,14,109,Oakland,1,True,True,E,HIT OBJECT,,Tuesday,NotApplicable,False,,,False,True,False,ALAMEDA SUPERIOR COURT WILEY W. MANUEL COURTHOUSE,J,OTHER OBJECT,TIRE,0,0,D,DARK-NO STREET LIGHTS,37.806013,-122.236116,,,,,A,NO PEDESTRIANS INVOLVED,11/26/2024 10:15:00 PM,C,,,,I-580 W/B (MACARTHUR FREEWAY),,,12/9/2024 9:34:00 AM,A,E,967.0,PARK BLVD,F,,D,12/9/2024 9:34:01 AM,12/9/2024 9:34:01 AM,False,True,4,,11/26/2024 10:30:00 PM,2230,False,,,True
4496692,24-018242,2,False,0109,4/18/2024 7:40:00 AM,740,02X,14,109,Oakland,1,True,True,C,REAR END,,Thursday,,,,,False,False,False,,C,OTHER MOTOR VEHICLE,,0,0,A,DAYLIGHT,,,,,,,A,NO PEDESTRIANS INVOLVED,,A,21453A,,1,14TH ST,1,,,A,,,ADELINE ST,,,A,12/9/2024 9:29:04 AM,1/28/2025 12:11:53 PM,,,2,,,,,,,
4496628,24-027331,2,False,0109,6/2/2024 5:44:00 PM,1744,23X,14,109,Oakland,1,True,True,D,BROADSIDE,,Sunday,,,,,False,False,False,,C,OTHER MOTOR VEHICLE,,1,0,A,DAYLIGHT,,,,,,,A,NO PEDESTRIANS INVOLVED,,A,23152A,,1,FRUITVALE AV,2,,,A,,,INTERNATIONAL BL,,,A,12/9/2024 9:09:04 AM,1/28/2025 12:11:54 PM,,,2,,,,,,,
4496582,24-024757,3,False,0109,5/19/2024 5:36:00 PM,1736,04X,14,109,Oakland,1,True,True,C,REAR END,,Sunday,,,M,,False,False,False,,E,PARKED MOTOR VEHICLE,,1,0,A,DAYLIGHT,,,,,,,A,NO PEDESTRIANS INVOLVED,,A,22107,,1,W GRAND AVE,1,,,A,E,40.0,MARKET ST,F,,A,12/9/2024 8:49:04 AM,1/28/2025 12:02:21 PM,,,2,,,,,,,
4496531,24-027105,3,False,0109,6/1/2024 3:54:00 AM,354,08X,14,109,Oakland,1,True,True,C,REAR END,,Saturday,,,,,False,False,False,,E,PARKED MOTOR VEHICLE,,0,0,C,DARK-STREET LIGHTS,,,,,,,A,NO PEDESTRIANS INVOLVED,,A,22350,,1,TELEGRAPH AV,1,,,A,,,39TH ST,,,A,12/9/2024 8:29:04 AM,1/28/2025 12:02:21 PM,,,2,,,,,,,
4496436,9370-2024-03767,1,False,9370,11/23/2024 11:00:00 AM,1100,024,14,109,Oakland,1,True,True,E,HIT OBJECT,,Saturday,NotApplicable,False,,,False,True,False,ALAMEDA SUPERIOR COURT WILEY W. MANUEL COURTHOUSE,I,FIXED OBJECT,CONCRETE WALL,0,0,A,DAYLIGHT,37.848486,-122.243543,,,,,A,NO PEDESTRIANS INVOLVED,11/23/2024 11:00:00 AM,A,VC 22350,False,1,SR-24 W/B,,,12/9/2024 7:40:00 AM,B,E,125.0,BROADWAY,F,,D,12/9/2024 7:40:04 AM,12/9/2024 7:40:04 AM,False,True,4,,11/23/2024 11:14:00 AM,1114,False,,,True
4496396,24-021783,3,False,0109,5/3/2024 5:24:00 PM,1724,04X,14,109,Oakland,1,True,True,C,REAR END,,Friday,,,,,False,False,False,,I,FIXED OBJECT,,0,0,A,DAYLIGHT,,,,,,,A,NO PEDESTRIANS INVOLVED,,B,,,1,22ND ST,1,,,A,W,27.0,BROADWAY,F,,A,12/9/2024 7:24:04 AM,1/28/2025 12:02:11 PM,,,2,,,,,,,
4496388,9370-2024-03803,1,False,9370,11/26/2024 7:00:00 PM,1900,008,14,109,Oakland,1,True,True,B,SIDE SWIPE,,Tuesday,NotApplicable,False,,,False,True,False,ALAMEDA SUPERIOR COURT WILEY W. MANUEL COURTHOUSE,C,OTHER MOTOR VEHICLE,,0,0,C,DARK-STREET LIGHTS,37.826464,-122.298826,,,,,A,NO PEDESTRIANS INVOLVED,11/26/2024 7:00:00 PM,B,UNSAFE MERGE,,1,I-80 E/B,,,12/9/2024 7:21:31 AM,A,W,1410.0,I-580 E/B,F,,D,12/9/2024 7:21:32 AM,12/9/2024 7:21:32 AM,False,True,4,,11/26/2024 7:01:00 PM,1901,True,AREA PHOTO FILE,,True
4496370,24-035960,3,False,0109,7/19/2024 12:48:00 PM,1248,34X,14,109,Oakland,1,True,True,D,BROADSIDE,,Friday,,,,,False,False,False,,C,OTHER MOTOR VEHICLE,,0,0,A,DAYLIGHT,,,,,,,A,NO PEDESTRIANS INVOLVED,,B,,,1,PLYMOUTH ST,2,,,A,E,86.0,98TH AV,F,,A,12/9/2024 7:14:04 AM,1/28/2025 12:02:12 PM,,,2,,,,,,,
4496329,24-043395,3,False,0109,8/30/2024 9:36:00 AM,936,19X,14,109,Oakland,1,True,True,D,BROADSIDE,,Friday,,,,,False,False,True,,C,OTHER MOTOR VEHICLE,,1,0,A,DAYLIGHT,,,,,,,A,NO PEDESTRIANS INVOLVED,,A,21209,,1,22ND AVE,1,,,A,,,12TH ST,,,A,12/9/2024 6:54:04 AM,1/28/2025 12:02:13 PM,,,2,,,,,,,
4496307,24-033075,3,False,0109,7/3/2024 11:45:00 AM,1145,14X,14,109,Oakland,1,True,True,B,SIDE SWIPE,,Wednesday,,,,,False,False,False,,C,OTHER MOTOR VEHICLE,,0,0,A,DAYLIGHT,,,,,,,A,NO PEDESTRIANS INVOLVED,,A,22106,,1,PERKINS ST,1,,,A,N,34.0,GRAND AV,F,,A,12/9/2024 6:39:03 AM,1/28/2025 12:02:12 PM,,,2,,,,,,,
4496294,24-013971,3,False,0109,3/19/2024 2:10:00 PM,1410,08X,14,109,Oakland,1,True,True,C,REAR END,,Tuesday,,,,,False,False,False,,C,OTHER MOTOR VEHICLE,,0,0,A,DAYLIGHT,,,,,,,A,NO PEDESTRIANS INVOLVED,,B,,,1,BROADWAY,1,,,A,S,20.0,BROOK ST,F,,A,12/9/2024 6:34:03 AM,1/28/2025 12:02:13 PM,,,2,,,,,,,
4496234,9370-2024-03759,1,False,9370,11/23/2024 6:15:00 AM,615,008,14,109,Oakland,1,True,True,B,SIDE SWIPE,,Saturday,NotApplicable,False,,,False,True,False,ALAMEDA SUPERIOR COURT WILEY W. MANUEL COURTHOUSE,I,FIXED OBJECT,TOLL BOOTH GUARD RAIL,0,0,A,DAYLIGHT,37.82489,-122.313775,,,,,A,NO PEDESTRIANS INVOLVED,11/23/2024 6:15:00 AM,A,VC 22107,False,1,I-80 W/B,,,12/9/2024 5:42:50 AM,B,E,0.0,TOLL PLAZA,F,,D,12/9/2024 5:42:54 AM,12/9/2024 5:42:54 AM,False,True,4,,11/23/2024 6:29:00 AM,0629,False,,,True
4516111,9370-2024-04007,1,False,9370,12/14/2024 1:49:00 PM,1349,053,14,109,Oakland,1,True,True,C,REAR END,,Saturday,Yes,False,F,,False,True,True,ALAMEDA SUPERIOR COURT WILEY W. MANUEL COURTHOUSE,C,OTHER MOTOR VEHICLE,,1,0,A,DAYLIGHT,37.793283,-122.204306,,,,,A,NO PEDESTRIANS INVOLVED,12/14/2024 1:49:00 PM,A,VC 22350,False,1,I-580 W/B,,,12/26/2024 5:08:38 AM,B,W,439.0,35TH AVENUE,F,,D,12/26/2024 5:08:41 AM,12/26/2024 5:08:41 AM,False,True,4,True,12/14/2024 1:52:00 PM,1352,False,,,True