collision-id,report-number,report-version,is-preliminary,ncic-code,crash-date-time,crash-time-description,beat,city-id,city-code,city-name,county-code,city-is-active,city-is-incorporated,collision-type-code,collision-type-description,collision-type-other-desc,day-of-week,dispatch-notified,has-photographs,hit-run,is-attachments-mailed,is-deleted,is-highway-related,is-tow-away,judicial-district,motor-vehicle-involved-with-code,motor-vehicle-involved-with-desc,motor-vehicle-involved-with-other-desc,number-injured,number-killed,lighting-code,lighting-description,latitude,longitude,milepost-direction,milepost-distance,milepost-marker,milepost-unit-of-measure,pedestrian-action-code,pedestrian-action-desc,prepared-date,primary-collision-factor-code,primary-collision-factor-description,primary-collision-factor-is-cited,primary-collision-party-number,primary-road,reporting-district,reporting-district-code,reviewed-date,roadway-surface-code,secondary-direction,secondary-distance,secondary-road,secondary-unit-of-measure,sketch-desc,traffic-control-device-code,created-date,modified-date,is-county-road,is-freeway,chp-555-version,is-additonal-object-struck,notification-date,notification-time-description,has-digital-media-files,evidence-number,is-location-refer-to-narrative,is-aoi-one-same-as-location
4515750,9370-2024-04002,1,False,9370,12/14/2024 1:20:00 PM,1320,055,14,109,Oakland,1,True,True,B,SIDE SWIPE,,Saturday,Yes,False,M,,False,True,False,ALAMEDA SUPERIOR COURT WILEY W. MANUEL COURTHOUSE,C,OTHER MOTOR VEHICLE,,0,0,A,DAYLIGHT,37.823939,-122.266567,,,,,A,NO PEDESTRIANS INVOLVED,12/14/2024 1:20:00 PM,A,VC 21658(a),False,1,I-580 W/B,,,12/24/2024 2:59:23 PM,B,E,1800.0,WEST STREET,F,,D,12/24/2024 2:59:25 PM,12/24/2024 2:59:25 PM,False,True,4,,12/14/2024 1:30:00 PM,1330,False,,,
4515632,9370-2024-04103,1,False,9370,12/21/2024 5:00:00 PM,1700,176,14,109,Oakland,1,True,True,C,REAR END,,Saturday,NotApplicable,False,M,,False,True,False,ALAMEDA SUPERIOR COURT WILEY W. MANUEL COURTHOUSE,C,OTHER MOTOR VEHICLE,,0,0,C,DARK-STREET LIGHTS,37.772297,-122.225351,,,,,A,NO PEDESTRIANS INVOLVED,12/21/2024 5:00:00 PM,A,VC 22350,False,1,I-880 S/B,,,12/24/2024 1:39:35 PM,B,N,1240.0,HIGH STREET,F,,D,12/24/2024 1:39:36 PM,12/24/2024 1:39:36 PM,False,True,4,,12/21/2024 5:10:00 PM,1710,False,,,True
4515622,9370-2024-04099,1,False,9370,12/21/2024 4:20:00 PM,1620,024,14,109,Oakland,1,True,True,B,SIDE SWIPE,,Saturday,NotApplicable,False,,,False,True,False,ALAMEDA SUPERIOR COURT WILEY W. MANUEL COURTHOUSE,C,OTHER MOTOR VEHICLE,,0,0,A,DAYLIGHT,37.848563,-122.227652,,,,,A,NO PEDESTRIANS INVOLVED,12/21/2024 4:20:00 PM,A,VC 22107,False,1,SR-24 E/B,,,12/24/2024 1:35:30 PM,B,W,700.0,TUNNEL RD,F,,D,12/24/2024 1:35:31 PM,12/24/2024 1:35:31 PM,False,True,4,,12/21/2024 4:25:00 PM,1625,False,,,True
4515385,24-043106,2,False,0109,8/28/2024 2:41:00 PM,1441,04X,14,109,Oakland,1,True,True,D,BROADSIDE,,Wednesday,,,,,False,False,False,,C,OTHER MOTOR VEHICLE,,2,0,A,DAYLIGHT,,,,,,,A,NO PEDESTRIANS INVOLVED,,A,21453A,,,WEST GRAND AV,1,,,A,,,MARTIN LUTHER KING JR WY,,,A,12/24/2024 11:26:47 AM,1/28/2025 12:07:00 PM,,,2,,,,,,,
4515349,24-033537,2,False,0109,7/6/2024 3:02:00 AM,302,04X,14,109,Oakland,1,True,True,B,SIDE SWIPE,,Saturday,,,,,False,False,False,,C,OTHER MOTOR VEHICLE,,1,0,A,DAYLIGHT,,,,,,,A,NO PEDESTRIANS INVOLVED,,A,21801A,,1,TELEGRAPH AV,1,,,A,,,W GRAND AV,,,A,12/24/2024 11:11:47 AM,1/28/2025 12:12:53 PM,,,2,,,,,,,
4515340,24-032253,2,False,0109,7/8/2024 6:55:00 PM,1855,04X,14,109,Oakland,1,True,True,G,VEHICLE/PEDESTRAIN,,Monday,,,,,False,False,False,,B,PEDESTRIAN,,2,0,A,DAYLIGHT,,,,,,,B,CROSSING IN CROSS WALK AT INTERSECTION,,A,21950A,,1,19TH ST,1,,,A,,,BROADWAY,,,A,12/24/2024 11:06:47 AM,1/28/2025 12:12:53 PM,,,2,,,,,,,
4515320,24-034685,2,False,0109,7/11/2024 10:22:00 PM,2222,02X,14,109,Oakland,1,True,True,B,SIDE SWIPE,,Thursday,,,,,False,False,False,,G,BICYCLE,,1,0,C,DARK-STREET LIGHTS,,,,,,,A,NO PEDESTRIANS INVOLVED,,A,216501,,1,7TH ST,1,,,A,,,FILBERT ST,,,A,12/24/2024 10:56:47 AM,1/28/2025 12:12:53 PM,,,2,,,,,,,
4515315,24-035430,2,False,0109,7/15/2024 10:44:00 PM,2244,30X,14,109,Oakland,1,True,True,H,OTHER,,Monday,,,,,False,False,False,,I,FIXED OBJECT,,1,0,C,DARK-STREET LIGHTS,,,,,,,A,NO PEDESTRIANS INVOLVED,,A,22107,,1,CHURCH ST,2,,,A,S,95.0,FOOTHILL BL,F,,A,12/24/2024 10:51:47 AM,1/28/2025 12:12:53 PM,,,2,,,,,,,
4515307,24-035572,2,False,0109,7/16/2024 7:17:00 PM,1917,31X,14,109,Oakland,1,True,True,C,REAR END,,Tuesday,,,M,,False,False,False,,C,OTHER MOTOR VEHICLE,,1,0,A,DAYLIGHT,,,,,,,A,NO PEDESTRIANS INVOLVED,,A,22350,,1,98TH AV,2,,,A,N,12.0,EDES AV,F,,A,12/24/2024 10:46:47 AM,1/28/2025 12:12:53 PM,,,2,,,,,,,
4515305,24-036164,2,False,0109,7/20/2024 4:40:00 PM,1640,26Y,14,109,Oakland,1,True,True,D,BROADSIDE,,Saturday,,,,,False,False,False,,C,OTHER MOTOR VEHICLE,,1,0,A,DAYLIGHT,,,,,,,A,NO PEDESTRIANS INVOLVED,,A,216555,,1,INTERNATIONAL BL,2,,,A,,,SEMINARY AV,,,A,12/24/2024 10:46:47 AM,1/28/2025 12:12:53 PM,,,2,,,,,,,
4515208,24-036884,2,False,0109,7/24/2024 4:38:00 PM,1638,19X,14,109,Oakland,1,True,True,D,BROADSIDE,,Wednesday,,,M,,False,False,False,,C,OTHER MOTOR VEHICLE,,1,0,A,DAYLIGHT,,,,,,,A,NO PEDESTRIANS INVOLVED,,A,21453A,,1,13TH AV,1,,,A,,,INTERNATIONAL BL,,,A,12/24/2024 9:56:47 AM,1/28/2025 12:12:53 PM,,,2,,,,,,,
4515192,24-059726,2,False,0109,12/4/2024 4:51:00 PM,1651,19X,14,109,Oakland,1,True,True,D,BROADSIDE,,Wednesday,,,,,False,False,False,,C,OTHER MOTOR VEHICLE,,0,0,A,DAYLIGHT,,,,,,,A,NO PEDESTRIANS INVOLVED,,A,22107,,1,INTERNATIONAL BL,1,,,A,,,3RD AV,,,A,12/24/2024 9:51:47 AM,1/28/2025 12:12:52 PM,,,2,,,,,,,
4515163,24-059669,2,False,0109,12/4/2024 8:40:00 AM,840,03X,14,109,Oakland,1,True,True,B,SIDE SWIPE,,Wednesday,,,,,False,False,False,,C,OTHER MOTOR VEHICLE,,0,0,A,DAYLIGHT,,,,,,,A,NO PEDESTRIANS INVOLVED,,A,22107,,1,HARRISON ST,1,,,A,S,50.0,7TH ST,F,,D,12/24/2024 9:36:47 AM,1/28/2025 12:12:51 PM,,,2,,,,,,,
4515003,9370-2024-04096,1,False,9370,12/21/2024 3:44:00 AM,344,054,14,109,Oakland,1,True,True,E,HIT OBJECT,,Saturday,Yes,False,,,False,True,True,ALAMEDA SUPERIOR COURT WILEY W. MANUEL COURTHOUSE,J,OTHER OBJECT,METAL GUARDRAIL,0,0,D,DARK-NO STREET LIGHTS,37.818574,-122.253616,,,,,A,NO PEDESTRIANS INVOLVED,12/21/2024 3:44:00 AM,A,VC 23152(a),False,1,I-580 W/B,,,12/24/2024 8:53:07 AM,B,W,430.0,HARRISON ST,F,,D,12/24/2024 8:53:10 AM,12/24/2024 8:53:10 AM,False,True,4,,12/21/2024 12:00:00 AM,0348,False,,,True
4514894,9370-2024-04085,1,False,9370,12/20/2024 5:15:00 AM,515,177,14,109,Oakland,1,True,True,E,HIT OBJECT,,Friday,NotApplicable,False,,,False,True,True,ALAMEDA SUPERIOR COURT WILEY W. MANUEL COURTHOUSE,I,FIXED OBJECT,CONCRETE BARRIER,0,0,B,DUSK-DAWN,37.778192,-122.237454,,,,,A,NO PEDESTRIANS INVOLVED,12/20/2024 5:15:00 AM,A,VC 22107,False,1,I-880 S/B,,,12/24/2024 8:22:08 AM,A,N,1600.0,29TH AVENUE,F,,D,12/24/2024 8:22:10 AM,12/24/2024 8:22:10 AM,False,True,4,,12/20/2024 5:20:00 AM,0520,False,,,True
4514878,9370-2024-04114,1,False,9370,12/22/2024 11:40:00 PM,2340,176,14,109,Oakland,1,True,True,E,HIT OBJECT,,Sunday,NotApplicable,False,,,False,True,False,ALAMEDA SUPERIOR COURT WILEY W. MANUEL COURTHOUSE,J,OTHER OBJECT,SIGN,0,0,C,DARK-STREET LIGHTS,37.774136,-122.231052,,,,,A,NO PEDESTRIANS INVOLVED,12/22/2024 11:40:00 PM,C,,,,I-880 S/B,,,12/24/2024 8:15:06 AM,B,S,744.0,29TH AVE,F,,D,12/24/2024 8:15:08 AM,12/24/2024 8:15:08 AM,False,True,4,,12/22/2024 11:48:00 PM,2348,False,,,True
4514870,9370-2024-04115,1,False,9370,12/23/2024 12:00:00 AM,0,176,14,109,Oakland,1,True,True,E,HIT OBJECT,,Monday,NotApplicable,False,,,False,True,False,ALAMEDA SUPERIOR COURT WILEY W. MANUEL COURTHOUSE,J,OTHER OBJECT,SIGN,0,0,C,DARK-STREET LIGHTS,37.77412,-122.23112,,,,,A,NO PEDESTRIANS INVOLVED,12/23/2024 12:00:00 AM,C,,,,I-880 S/B,,,12/24/2024 8:11:53 AM,B,S,730.0,29TH AVE,F,,D,12/24/2024 8:11:55 AM,12/24/2024 8:11:55 AM,False,True,4,,12/23/2024 12:10:00 AM,0010,False,,,True
4514827,24-041542,2,False,0109,8/19/2024 5:51:00 AM,551,02X,14,109,Oakland,1,True,True,F,OVERTURNED,,Monday,,,,,False,False,True,,A,NON-COLLISION,,1,0,B,DUSK-DAWN,,,,,,,A,NO PEDESTRIANS INVOLVED,,A,22350,,1,7TH ST,1,,,A,,,MARITIME ST,,,A,12/24/2024 7:46:45 AM,1/28/2025 12:12:45 PM,,,2,,,,,,,
4514776,9370-2024-04073,1,False,9370,12/18/2024 5:57:00 PM,1757,025,14,109,Oakland,1,True,True,C,REAR END,,Wednesday,NotApplicable,False,,,False,True,False,ALAMEDA SUPERIOR COURT WILEY W. MANUEL COURTHOUSE,C,OTHER MOTOR VEHICLE,,0,0,D,DARK-NO STREET LIGHTS,37.832924,-122.265636,,,,,A,NO PEDESTRIANS INVOLVED,12/18/2024 5:57:00 PM,A,VC 22350,False,1,SR-24 E/B TO 52ND STREET,,,12/24/2024 7:22:28 AM,A,W,1725.0,52ND ST,F,,D,12/24/2024 7:22:30 AM,12/24/2024 7:22:30 AM,False,True,4,,12/18/2024 5:58:00 PM,1758,False,,,True
4514770,24-059169,3,False,0109,12/1/2024 9:25:00 PM,2125,27X,14,109,Oakland,1,True,True,A,HEAD-ON,,Sunday,,,,,False,False,False,,C,OTHER MOTOR VEHICLE,,1,0,C,DARK-STREET LIGHTS,,,,,,,A,NO PEDESTRIANS INVOLVED,,A,21453A,,1,FAIRFAX AV,2,,,A,,,BANCROFT AV,,,A,12/24/2024 7:16:44 AM,1/28/2025 12:13:20 PM,,,2,,,,,,,
4514748,9370-2024-03941,1,False,9370,12/9/2024 10:35:00 PM,2235,013,14,109,Oakland,1,True,True,B,SIDE SWIPE,,Monday,Yes,False,M,,False,True,False,ALAMEDA SUPERIOR COURT WILEY W. MANUEL COURTHOUSE,C,OTHER MOTOR VEHICLE,,0,0,C,DARK-STREET LIGHTS,37.822159,-122.207789,,,,,A,NO PEDESTRIANS INVOLVED,12/9/2024 10:35:00 PM,A,VC 21658(a),False,1,SR-13 S/B,,,12/24/2024 7:05:31 AM,A,N,257.0,PARK BLVD,F,,D,12/24/2024 7:05:32 AM,12/24/2024 7:05:32 AM,False,True,4,,12/9/2024 10:37:00 PM,2237,False,,,True
4514745,9370-2024-04047,1,False,9370,12/17/2024 10:58:00 PM,2258,176,14,109,Oakland,1,True,True,C,REAR END,,Tuesday,Yes,False,,,False,True,True,ALAMEDA SUPERIOR COURT WILEY W. MANUEL COURTHOUSE,C,OTHER MOTOR VEHICLE,,1,0,C,DARK-STREET LIGHTS,37.753408,-122.208022,,,,,A,NO PEDESTRIANS INVOLVED,12/17/2024 10:58:00 PM,A,VC 23152(A),True,1,I-880 S/B FROM 66TH AVENUE,,,12/24/2024 7:04:55 AM,A,S,150.0,66TH AVENUE,F,,D,12/24/2024 7:04:57 AM,12/24/2024 7:04:57 AM,False,True,4,,12/17/2024 11:02:00 PM,2302,False,,,True
4514691,24-059225,3,False,0109,12/2/2024 8:55:00 AM,855,03X,14,109,Oakland,1,True,True,C,REAR END,,Monday,,,,,False,False,False,,C,OTHER MOTOR VEHICLE,,1,0,A,DAYLIGHT,,,,,,,A,NO PEDESTRIANS INVOLVED,,A,22350,,1,POSEY TUBE,1,,,A,S,400.0,6TH ST,F,,D,12/24/2024 6:31:44 AM,1/28/2025 12:13:20 PM,,,2,,,,,,,
4514681,24-059203,3,False,0109,12/2/2024 6:54:00 AM,654,32Y,14,109,Oakland,1,True,True,D,BROADSIDE,,Monday,,,M,,False,False,False,,C,OTHER MOTOR VEHICLE,,1,0,A,DAYLIGHT,,,,,,,A,NO PEDESTRIANS INVOLVED,,A,22450A,,1,100TH AVE,2,,,A,,,VOLTAIRE AV,,,D,12/24/2024 6:26:44 AM,1/28/2025 12:13:21 PM,,,2,,,,,,,
4514675,24-059146,3,False,0109,12/1/2024 6:00:00 PM,1800,26X,14,109,Oakland,1,True,True,G,VEHICLE/PEDESTRAIN,,Sunday,,,,,False,False,False,,B,PEDESTRIAN,,1,0,A,DAYLIGHT,,,,,,,B,CROSSING IN CROSS WALK AT INTERSECTION,,A,21950A,,1,54TH AVE,2,,,A,,,INTERNATIONAL BL,,,A,12/24/2024 6:21:44 AM,1/28/2025 12:13:20 PM,,,2,,,,,,,
4514645,24-043135,2,False,0109,8/28/2024 6:00:00 PM,1800,18X,14,109,Oakland,1,True,True,D,BROADSIDE,,Wednesday,,,,,False,False,False,,C,OTHER MOTOR VEHICLE,,4,0,A,DAYLIGHT,,,,,,,A,NO PEDESTRIANS INVOLVED,,A,21802A,,1,23RD AV,1,,,A,,,E 22ND ST,,,A,12/24/2024 5:56:44 AM,1/28/2025 12:12:45 PM,,,2,,,,,,,
4514314,9370-2024-04077,1,False,9335,12/19/2024 6:10:00 PM,1810,904,14,109,Oakland,1,True,True,B,SIDE SWIPE,,Thursday,NotApplicable,False,,,False,True,False,ALAMEDA SUPERIOR COURT WILEY W. MANUEL COURTHOUSE,C,OTHER MOTOR VEHICLE,,0,0,C,DARK-STREET LIGHTS,37.823063,-122.318075,,,,,A,NO PEDESTRIANS INVOLVED,12/19/2024 6:10:00 PM,A,VC 21658(A),False,1,I-80 E/B,,,12/23/2024 7:54:10 PM,A,E,2488.0,MARITIME STREET,F,,D,12/23/2024 7:54:12 PM,12/23/2024 7:54:12 PM,False,True,4,,12/19/2024 6:35:00 PM,1835,True,AREA PHOTO FILE,,True
4514313,9335-2024-02924,1,False,9335,12/11/2024 11:00:00 AM,1100,082,14,109,Oakland,1,True,True,B,SIDE SWIPE,,Wednesday,NotApplicable,False,M,,False,True,False,ALAMEDA SUPERIOR COURT ADMINISTRATION BUILDING,C,OTHER MOTOR VEHICLE,,0,0,A,DAYLIGHT,37.822702,-122.322509,,,,,A,NO PEDESTRIANS INVOLVED,12/11/2024 11:00:00 AM,A,VC 21750(a),False,1,I-80,,,12/23/2024 7:51:59 PM,A,W,0.3,SFOBB TOLL PLAZA,M,,D,12/23/2024 7:52:02 PM,12/23/2024 7:52:02 PM,False,True,4,,12/11/2024 11:05:00 AM,1105,False,,,True
4514311,9370-2024-04053,1,False,9370,12/18/2024 8:45:00 AM,845,176,14,109,Oakland,1,True,True,C,REAR END,,Wednesday,NotApplicable,False,,,False,True,False,ALAMEDA SUPERIOR COURT WILEY W. MANUEL COURTHOUSE,C,OTHER MOTOR VEHICLE,,0,0,A,DAYLIGHT,37.751714,-122.206105,,,,,A,NO PEDESTRIANS INVOLVED,12/18/2024 8:45:00 AM,A,VC 22350,False,1,I-880 N/B,,,12/23/2024 7:46:02 PM,A,S,960.0,66TH AVE,F,,D,12/23/2024 7:46:05 PM,12/23/2024 7:46:05 PM,False,True,4,,12/18/2024 8:46:00 AM,0846,False,,,True
4514288,9370-2024-04030,1,False,9370,12/16/2024 1:01:00 PM,1301,024,14,109,Oakland,1,True,True,E,HIT OBJECT,,Monday,NotApplicable,False,,,False,True,True,ALAMEDA SUPERIOR COURT WILEY W. MANUEL COURTHOUSE,J,OTHER OBJECT,METAL ATTENUATORS,1,0,A,DAYLIGHT,37.848688,-122.243613,,,,,A,NO PEDESTRIANS INVOLVED,12/16/2024 1:01:00 PM,A,VC 22350,False,1,SR-24 W/B,,,12/23/2024 5:50:29 PM,B,E,1300.0,PRESLEY WAY,F,,D,12/23/2024 5:50:31 PM,12/23/2024 5:50:31 PM,False,True,4,,12/16/2024 1:05:00 PM,1305,False,,,True
4514252,9370-2024-03896,1,False,9370,12/5/2024 11:53:00 AM,1153,901,14,109,Oakland,1,True,True,E,HIT OBJECT,,Thursday,NotApplicable,False,F,,False,True,True,ALAMEDA SUPERIOR COURT WILEY W. MANUEL COURTHOUSE,I,FIXED OBJECT,CURB,0,0,A,DAYLIGHT,37.779378,-122.180997,,,,,A,NO PEDESTRIANS INVOLVED,12/5/2024 11:53:00 AM,A,VC 22350,False,1,SEMINARY AVE (3500 BLOCK),,,12/23/2024 4:33:20 PM,A,S,85.0,OUTLOOK AVENUE,F,,A,12/23/2024 4:33:22 PM,12/23/2024 4:33:22 PM,False,False,4,True,12/5/2024 11:54:00 AM,1154,False,,,True
4513792,9370-2024-03988,1,False,9370,12/14/2024 2:30:00 AM,230,024,14,109,Oakland,1,True,True,E,HIT OBJECT,,Saturday,NotApplicable,False,,,False,True,True,ALAMEDA SUPERIOR COURT WILEY W. MANUEL COURTHOUSE,J,OTHER OBJECT,CONCRETE BARRIER,0,0,D,DARK-NO STREET LIGHTS,37.845918,-122.249095,,,,,A,NO PEDESTRIANS INVOLVED,12/14/2024 2:30:00 AM,A,VC 22350,False,1,SR-24 W/B,,,12/23/2024 12:29:00 PM,B,E,880.0,COLLEGE AVE,F,,D,12/23/2024 12:29:01 PM,12/23/2024 12:29:01 PM,False,True,4,,12/14/2024 2:35:00 AM,0235,False,,,True
4513781,9370-2024-03996,1,False,9370,12/13/2024 5:02:00 PM,1702,176,14,109,Oakland,1,True,True,C,REAR END,,Friday,NotApplicable,False,,,False,True,True,ALAMEDA SUPERIOR COURT WILEY W. MANUEL COURTHOUSE,C,OTHER MOTOR VEHICLE,,0,0,C,DARK-STREET LIGHTS,37.753585,-122.207745,,,,,A,NO PEDESTRIANS INVOLVED,12/13/2024 5:02:00 PM,A,VC 22350,False,1,I-880 N/B,,,12/23/2024 12:24:14 PM,A,S,130.0,66TH AVE,F,,D,12/23/2024 12:24:15 PM,12/23/2024 12:24:15 PM,False,True,4,,12/13/2024 5:05:00 PM,1705,False,,,True
4513779,9370-2024-03935,1,False,9370,12/9/2024 4:00:00 PM,1600,748,14,109,Oakland,1,True,True,A,HEAD-ON,,Monday,NotApplicable,False,,,False,True,False,ALAMEDA SUPERIOR COURT WILEY W. MANUEL COURTHOUSE,C,OTHER MOTOR VEHICLE,,0,0,A,DAYLIGHT,37.83944,-122.25895,,,,,A,NO PEDESTRIANS INVOLVED,12/9/2024 4:00:00 PM,A,VC 22350,False,1,5300 CLAREMONT AVE,,,12/23/2024 12:23:14 PM,A,E,310.0,CLAREMONT AVE,F,,D,12/23/2024 12:23:16 PM,12/23/2024 12:23:16 PM,False,False,4,,12/9/2024 6:00:00 PM,1800,False,,,True
4513760,9370-2024-04028,1,False,9370,12/16/2024 12:06:00 PM,1206,053,14,109,Oakland,1,True,True,A,HEAD-ON,,Monday,NotApplicable,False,,,False,True,False,ALAMEDA SUPERIOR COURT WILEY W. MANUEL COURTHOUSE,C,OTHER MOTOR VEHICLE,,1,0,A,DAYLIGHT,37.796436,-122.210035,,,,,A,NO PEDESTRIANS INVOLVED,12/16/2024 12:06:00 PM,A,VC 22350,False,1,I-580 W/B,,,12/23/2024 12:14:34 PM,B,E,160.0,COOLIDGE AVE,F,,D,12/23/2024 12:14:35 PM,12/23/2024 12:14:35 PM,False,True,4,,12/16/2024 12:11:00 PM,1211,False,,,True
4513756,9370-2024-04013,1,False,9370,12/15/2024 2:10:00 PM,1410,023,14,109,Oakland,1,True,True,C,REAR END,,Sunday,NotApplicable,False,M,,False,True,False,ALAMEDA SUPERIOR COURT WILEY W. MANUEL COURTHOUSE,C,OTHER MOTOR VEHICLE,,0,0,C,DARK-STREET LIGHTS,37.857799,-122.21266,,,,,A,NO PEDESTRIANS INVOLVED,12/15/2024 2:10:00 PM,A,VC 22350,False,1,SR-24 E/B,,,12/23/2024 12:12:29 PM,A,E,1685.0,CALDECOTT TUNL BORE 2 EAST EDGE,F,,D,12/23/2024 12:12:31 PM,12/23/2024 12:12:31 PM,False,True,4,,12/15/2024 2:14:00 PM,1414,False,,,True
4513744,9370-2024-03784,1,False,9370,11/25/2024 10:20:00 AM,1020,054,14,109,Oakland,1,True,True,E,HIT OBJECT,,Monday,Yes,False,,,False,True,True,ALAMEDA SUPERIOR COURT WILEY W. MANUEL COURTHOUSE,I,FIXED OBJECT,TREE,1,0,A,DAYLIGHT,37.784091,-122.178334,,,,,A,NO PEDESTRIANS INVOLVED,11/25/2024 10:20:00 AM,A,VC 22350,False,1,I-580 W/B,,,12/23/2024 12:08:54 PM,B,W,200.0,SEMINARY AVE,F,,D,12/23/2024 12:08:58 PM,12/23/2024 12:08:58 PM,False,True,4,,11/25/2024 10:25:00 AM,1025,False,,,True
4513419,9370-2024-03992,1,False,9370,12/14/2024 7:40:00 AM,740,178,14,109,Oakland,1,True,True,E,HIT OBJECT,,Saturday,Yes,False,,,False,True,True,ALAMEDA SUPERIOR COURT WILEY W. MANUEL COURTHOUSE,I,FIXED OBJECT,RAISED CONCRETE WALL,0,0,A,DAYLIGHT,37.803112,-122.288997,,,,,A,NO PEDESTRIANS INVOLVED,12/14/2024 7:40:00 AM,A,VC 22350,True,1,INTERSTATE 880 NORTHBOUND,,,12/23/2024 9:51:42 AM,B,N,1000.0,MARKET ST,F,,D,12/23/2024 9:51:44 AM,12/23/2024 9:51:44 AM,False,True,4,,12/14/2024 7:40:00 AM,0740,False,,,True
4513293,9370-2024-04001,1,False,9370,12/14/2024 1:30:00 AM,130,176,14,109,Oakland,1,True,True,E,HIT OBJECT,,Saturday,Yes,False,,,False,True,True,ALAMEDA SUPERIOR COURT WILEY W. MANUEL COURTHOUSE,I,FIXED OBJECT,CONCRETE BARRIER WALL,0,0,C,DARK-STREET LIGHTS,37.772251,-122.225072,,,,,A,NO PEDESTRIANS INVOLVED,12/14/2024 1:30:00 AM,A,VC 23152(a),True,1,I-880 N/B,,,12/23/2024 9:01:44 AM,B,S,900.0,FRUITVALE AVENUE,F,,D,12/23/2024 9:01:46 AM,12/23/2024 9:01:46 AM,False,True,4,,12/14/2024 1:32:00 AM,0132,False,,,True
4513115,9370-2024-03985,1,False,9370,12/13/2024 11:45:00 PM,2345,054,14,109,Oakland,1,True,True,B,SIDE SWIPE,,Friday,NotApplicable,False,,,False,True,False,ALAMEDA SUPERIOR COURT WILEY W. MANUEL COURTHOUSE,C,OTHER MOTOR VEHICLE,,1,0,D,DARK-NO STREET LIGHTS,37.8073,-122.239031,,,,,A,NO PEDESTRIANS INVOLVED,12/13/2024 11:45:00 PM,A,VC 22350,False,1,I-580 W/B,,,12/23/2024 7:49:43 AM,B,E,2300.0,LAKESHORE AVE,F,,D,12/23/2024 7:49:45 AM,12/23/2024 7:49:45 AM,False,True,4,,12/13/2024 11:50:00 PM,2350,False,,,True
4513063,24-052782,2,False,0109,10/23/2024 5:47:00 PM,1747,06X,14,109,Oakland,1,True,True,D,BROADSIDE,,Wednesday,,,M,,False,False,True,,C,OTHER MOTOR VEHICLE,,0,0,B,DUSK-DAWN,,,,,,,A,NO PEDESTRIANS INVOLVED,,A,21453A,,1,40TH ST,1,,,A,,,MARKET ST,,,A,12/23/2024 7:21:37 AM,1/28/2025 12:13:35 PM,,,2,,,,,,,
4513021,9370-2024-03993,1,False,9370,12/13/2024 3:50:00 PM,1550,055,14,109,Oakland,1,True,True,B,SIDE SWIPE,,Friday,NotApplicable,False,,,False,True,False,ALAMEDA SUPERIOR COURT WILEY W. MANUEL COURTHOUSE,C,OTHER MOTOR VEHICLE,,0,0,A,DAYLIGHT,37.822585,-122.260549,,,,,A,NO PEDESTRIANS INVOLVED,12/13/2024 3:50:00 PM,A,VC 21658(a),False,1,I-580 W/B (MACARTHUR FREEWAY),,,12/23/2024 6:59:28 AM,B,E,900.0,WEBSTER STREET,F,,D,12/23/2024 6:59:31 AM,12/23/2024 6:59:31 AM,False,True,4,,12/13/2024 4:00:00 PM,1600,False,,,True
4513001,9370-2024-03974,1,False,9370,12/12/2024 6:40:00 AM,640,008,14,109,Oakland,1,True,True,B,SIDE SWIPE,,Thursday,NotApplicable,False,,,False,True,False,ALAMEDA SUPERIOR COURT WILEY W. MANUEL COURTHOUSE,C,OTHER MOTOR VEHICLE,,0,0,C,DARK-STREET LIGHTS,37.828004,-122.294615,,,,,A,NO PEDESTRIANS INVOLVED,12/12/2024 6:40:00 AM,A,VC 21658(A),True,1,I-580 W/B TO I-80 W/B,,,12/23/2024 6:45:42 AM,B,W,1400.0,MANDELA PARKWAY,F,,D,12/23/2024 6:45:44 AM,12/23/2024 6:45:44 AM,False,True,4,False,12/12/2024 6:50:00 AM,0650,True,EMBEDDED,,True
4512948,9370-2024-03964,1,False,9370,12/11/2024 12:50:00 AM,50,055,14,109,Oakland,1,True,True,E,HIT OBJECT,,Wednesday,Yes,False,,,False,True,True,ALAMEDA SUPERIOR COURT WILEY W. MANUEL COURTHOUSE,I,FIXED OBJECT,CONCRETE BARRIER WALL,0,0,C,DARK-STREET LIGHTS,37.826994,-122.285192,,,,,A,NO PEDESTRIANS INVOLVED,12/11/2024 12:50:00 AM,A,VC 23152(a),True,1,I-580 E/B,,,12/23/2024 6:22:27 AM,B,W,140.0,HOLLIS ST,F,,D,12/23/2024 6:22:31 AM,12/23/2024 6:22:31 AM,False,True,4,,12/11/2024 1:03:00 AM,0103,False,,,True