collision-id,report-number,report-version,is-preliminary,ncic-code,crash-date-time,crash-time-description,beat,city-id,city-code,city-name,county-code,city-is-active,city-is-incorporated,collision-type-code,collision-type-description,collision-type-other-desc,day-of-week,dispatch-notified,has-photographs,hit-run,is-attachments-mailed,is-deleted,is-highway-related,is-tow-away,judicial-district,motor-vehicle-involved-with-code,motor-vehicle-involved-with-desc,motor-vehicle-involved-with-other-desc,number-injured,number-killed,lighting-code,lighting-description,latitude,longitude,milepost-direction,milepost-distance,milepost-marker,milepost-unit-of-measure,pedestrian-action-code,pedestrian-action-desc,prepared-date,primary-collision-factor-code,primary-collision-factor-description,primary-collision-factor-is-cited,primary-collision-party-number,primary-road,reporting-district,reporting-district-code,reviewed-date,roadway-surface-code,secondary-direction,secondary-distance,secondary-road,secondary-unit-of-measure,sketch-desc,traffic-control-device-code,created-date,modified-date,is-county-road,is-freeway,chp-555-version,is-additonal-object-struck,notification-date,notification-time-description,has-digital-media-files,evidence-number,is-location-refer-to-narrative,is-aoi-one-same-as-location
4510392,24-055557,2,False,0109,11/8/2024 12:20:00 PM,1220,24X,14,109,Oakland,1,True,True,B,SIDE SWIPE,,Friday,,,,,False,False,False,,C,OTHER MOTOR VEHICLE,,1,0,A,DAYLIGHT,,,,,,,A,NO PEDESTRIANS INVOLVED,,A,22517,,1,PENNIMAN AV,2,,,A,E,40.0,SHORT ST,F,,D,12/19/2024 12:15:26 PM,1/28/2025 12:04:12 PM,,,2,,,,,,,
4510391,24-054891,2,False,0109,11/4/2024 10:00:00 PM,2200,02X,14,109,Oakland,1,True,True,D,BROADSIDE,,Monday,,,,,False,False,True,,C,OTHER MOTOR VEHICLE,,2,0,C,DARK-STREET LIGHTS,,,,,,,A,NO PEDESTRIANS INVOLVED,,A,21801A,,1,14TH ST,1,,,A,,,BRUSH ST,,,A,12/19/2024 12:15:26 PM,1/28/2025 12:04:12 PM,,,2,,,,,,,
4510325,9370-2024-03915,1,False,9370,12/7/2024 5:30:00 PM,1730,008,14,109,Oakland,1,True,True,B,SIDE SWIPE,,Saturday,NotApplicable,False,,,False,True,False,ALAMEDA SUPERIOR COURT WILEY W. MANUEL COURTHOUSE,C,OTHER MOTOR VEHICLE,,0,0,D,DARK-NO STREET LIGHTS,37.827179,-122.292432,,,,,A,NO PEDESTRIANS INVOLVED,12/7/2024 5:30:00 PM,A,VC 21658(A),False,,I-80 W/B,,,12/19/2024 11:37:02 AM,A,E,1800.0,I-880 S/B,F,,D,12/19/2024 11:37:03 AM,12/19/2024 11:37:03 AM,False,True,4,,12/7/2024 5:35:00 PM,1735,False,,,True
4510291,24-054711,2,False,0109,11/3/2024 8:29:00 PM,2029,08X,14,109,Oakland,1,True,True,F,OVERTURNED,,Sunday,,,,,False,False,False,,E,PARKED MOTOR VEHICLE,,1,0,C,DARK-STREET LIGHTS,,,,,,,A,NO PEDESTRIANS INVOLVED,,A,22350,,1,STANFORD AV,1,,,A,W,300.0,LOWELL ST,F,,A,12/19/2024 11:20:26 AM,1/28/2025 12:04:11 PM,,,2,,,,,,,
4510277,24-054555,2,False,0109,11/2/2024 7:08:00 PM,1908,04X,14,109,Oakland,1,True,True,G,VEHICLE/PEDESTRAIN,,Saturday,,,M,,False,False,False,,B,PEDESTRIAN,,1,0,C,DARK-STREET LIGHTS,,,,,,,B,CROSSING IN CROSS WALK AT INTERSECTION,,A,21950A,,1,SAN PABLO AV,1,,,A,,,18TH ST,,,D,12/19/2024 11:15:26 AM,1/28/2025 12:04:12 PM,,,2,,,,,,,
4510276,24-056492,2,False,0109,11/14/2024 2:04:00 PM,1404,16X,14,109,Oakland,1,True,True,G,VEHICLE/PEDESTRAIN,,Thursday,,,M,,False,False,False,,B,PEDESTRIAN,,1,0,A,DAYLIGHT,,,,,,,D,CROSSING - NOT IN CROSSWALK,,A,22350,,1,HAMPEL ST,1,,,A,W,200.0,LA CRESTA AV,F,,D,12/19/2024 11:15:26 AM,1/28/2025 12:04:12 PM,,,2,,,,,,,
4509979,24-059095,2,False,0109,12/1/2024 11:03:00 AM,1103,03X,14,109,Oakland,1,True,True,D,BROADSIDE,,Sunday,,,,,False,False,False,,C,OTHER MOTOR VEHICLE,,0,0,A,DAYLIGHT,,,,,,,A,NO PEDESTRIANS INVOLVED,,A,22100A,,1,7TH ST,1,,,A,,,WEBSTER,,,A,12/19/2024 9:20:24 AM,1/28/2025 12:13:38 PM,,,2,,,,,,,
4509978,24-059178,2,False,0109,12/2/2024 1:35:00 AM,135,35X,14,109,Oakland,1,True,True,A,HEAD-ON,,Monday,,,M,,False,False,False,,I,FIXED OBJECT,,0,0,C,DARK-STREET LIGHTS,,,,,,,A,NO PEDESTRIANS INVOLVED,,A,22107,,1,90TH AV,2,,,A,S,200.0,MACARTHUR BL,F,,A,12/19/2024 9:20:24 AM,1/28/2025 12:13:38 PM,,,2,,,,,,,
4509918,24-046019,2,False,0109,9/14/2024 8:31:00 AM,831,30X,14,109,Oakland,1,True,True,C,REAR END,,Saturday,,,M,,False,False,False,,C,OTHER MOTOR VEHICLE,,1,0,A,DAYLIGHT,,,,,,,A,NO PEDESTRIANS INVOLVED,,A,22350,,1,77TH AV,2,,,A,,,MACARTHUR BL,,,A,12/19/2024 9:00:24 AM,1/28/2025 12:13:36 PM,,,2,,,,,,,
4509885,9370-2024-04034,1,False,9370,12/17/2024 6:30:00 AM,630,008,14,109,Oakland,1,True,True,B,SIDE SWIPE,,Tuesday,NotApplicable,False,,,False,True,False,ALAMEDA SUPERIOR COURT WILEY W. MANUEL COURTHOUSE,C,OTHER MOTOR VEHICLE,,0,0,B,DUSK-DAWN,37.824867,-122.31076,,,,,A,NO PEDESTRIANS INVOLVED,12/17/2024 6:30:00 AM,A,VC 22350,False,1,I-80 W/B,,,12/19/2024 8:51:33 AM,B,E,850.0,SAN FRANCISCO-OAKLAND BAY BRIDGE TOLL PLAZA,F,,D,12/19/2024 8:51:37 AM,12/19/2024 8:51:37 AM,False,True,4,,12/17/2024 6:31:00 AM,0631,False,,,True
4509883,24-047973,2,False,0109,9/24/2024 8:50:00 PM,2050,08X,14,109,Oakland,1,True,True,B,SIDE SWIPE,,Tuesday,,,M,,False,False,False,,C,OTHER MOTOR VEHICLE,,1,0,B,DUSK-DAWN,,,,,,,A,NO PEDESTRIANS INVOLVED,,D,,,,TELEGRAPH AV,1,,,A,,,36TH ST,,,D,12/19/2024 8:50:24 AM,1/28/2025 12:13:36 PM,,,2,,,,,,,
4509882,24-048593,2,False,0109,9/28/2024 11:53:00 AM,1153,01X,14,109,Oakland,1,True,True,B,SIDE SWIPE,,Saturday,,,,,False,False,False,,G,BICYCLE,,1,0,A,DAYLIGHT,,,,,,,A,NO PEDESTRIANS INVOLVED,,A,21801A,,1,5TH ST,1,,,A,,,WASHINGTON ST,,,A,12/19/2024 8:50:24 AM,1/28/2025 12:13:36 PM,,,2,,,,,,,
4509846,24-048756,2,False,0109,9/29/2024 4:23:00 PM,1623,08X,14,109,Oakland,1,True,True,H,OTHER,,Sunday,,,,,False,False,False,,A,NON-COLLISION,,1,0,A,DAYLIGHT,,,,,,,A,NO PEDESTRIANS INVOLVED,,A,22350,,1,TELEGRAPH AV,1,,,A,S,50.0,30TH ST,F,,D,12/19/2024 8:40:24 AM,1/28/2025 12:13:36 PM,,,2,,,,,,,
4509841,9370-2024-03997,1,False,9370,12/14/2024 6:20:00 PM,1820,176,14,109,Oakland,1,True,True,C,REAR END,,Saturday,NotApplicable,False,M,,False,True,False,ALAMEDA SUPERIOR COURT WILEY W. MANUEL COURTHOUSE,C,OTHER MOTOR VEHICLE,,0,0,C,DARK-STREET LIGHTS,37.754459,-122.208607,,,,,A,NO PEDESTRIANS INVOLVED,12/14/2024 6:20:00 PM,A,VC 22350,False,1,I-880 S/B,,,12/19/2024 8:39:39 AM,A,N,200.0,66TH AVE,F,,D,12/19/2024 8:39:41 AM,12/19/2024 8:39:41 AM,False,True,4,,12/14/2024 6:27:00 PM,1827,False,,,True
4509829,24-053743,2,False,0109,10/29/2024 9:25:00 AM,925,23X,14,109,Oakland,1,True,True,B,SIDE SWIPE,,Tuesday,,,,,False,False,False,,C,OTHER MOTOR VEHICLE,,0,0,A,DAYLIGHT,,,,,,,A,NO PEDESTRIANS INVOLVED,,A,22107,,1,HIGH ST,2,,,A,,,SAN LEANDRO ST,,,A,12/19/2024 8:35:24 AM,1/28/2025 12:13:34 PM,,,2,,,,,,,
4509804,9335-2024-02909,1,False,9335,12/11/2024 6:51:00 AM,651,082,14,109,Oakland,1,True,True,B,SIDE SWIPE,,Wednesday,NotApplicable,False,M,,False,True,False,ALAMEDA SUPERIOR COURT WILEY W. MANUEL COURTHOUSE,C,OTHER MOTOR VEHICLE,,0,0,A,DAYLIGHT,37.822951,-122.321094,,,,,A,NO PEDESTRIANS INVOLVED,12/11/2024 6:51:00 AM,A,VC 22107,False,1,I-80 W/B,,,12/19/2024 8:24:53 AM,A,W,0.22,THE SFOBB METERING LIGHTS,M,,A,12/19/2024 8:24:55 AM,12/19/2024 8:24:55 AM,False,True,4,,12/11/2024 6:53:00 AM,0653,True,EMBEDDED,False,True
4509746,24-054030,2,False,0109,10/30/2024 7:02:00 PM,1902,19X,14,109,Oakland,1,True,True,D,BROADSIDE,,Wednesday,,,,,False,False,False,,C,OTHER MOTOR VEHICLE,,0,0,C,DARK-STREET LIGHTS,,,,,,,A,NO PEDESTRIANS INVOLVED,,A,21453A,,1,5TH AV,1,,,A,,,E 10TH ST,,,A,12/19/2024 8:00:24 AM,1/28/2025 12:13:35 PM,,,2,,,,,,,
4509727,24-050062,2,False,0109,10/8/2024 6:35:00 PM,1835,26X,14,109,Oakland,1,True,True,C,REAR END,,Tuesday,,,,,False,False,False,,C,OTHER MOTOR VEHICLE,,0,0,A,DAYLIGHT,,,,,,,A,NO PEDESTRIANS INVOLVED,,A,22350,,1,INTERNATIONAL BL,2,,,A,E,25.0,55TH AV,F,,A,12/19/2024 7:50:24 AM,1/28/2025 12:13:35 PM,,,2,,,,,,,
4509712,24-050236,2,False,0109,10/8/2024 7:03:00 PM,1903,26Y,14,109,Oakland,1,True,True,C,REAR END,,Tuesday,,,,,False,False,False,,C,OTHER MOTOR VEHICLE,,0,0,B,DUSK-DAWN,,,,,,,A,NO PEDESTRIANS INVOLVED,,A,22107,,1,73RD AV,2,,,A,,,HAMILTON ST,,,A,12/19/2024 7:45:23 AM,1/28/2025 12:13:35 PM,,,2,,,,,,,
4509698,24-051206,2,False,0109,10/14/2024 2:35:00 PM,1435,08X,14,109,Oakland,1,True,True,B,SIDE SWIPE,,Monday,,,,,False,False,False,,C,OTHER MOTOR VEHICLE,,0,0,A,DAYLIGHT,,,,,,,A,NO PEDESTRIANS INVOLVED,,A,21804A,,1,38TH ST,1,,,A,E,25.0,WEBSTER ST,F,,D,12/19/2024 7:35:23 AM,1/28/2025 12:13:35 PM,,,2,,,,,,,
4509690,24-051680,2,False,0109,10/17/2024 2:11:00 PM,1411,19X,14,109,Oakland,1,True,True,D,BROADSIDE,,Thursday,,,,,False,False,False,,C,OTHER MOTOR VEHICLE,,0,0,A,DAYLIGHT,,,,,,,A,NO PEDESTRIANS INVOLVED,,A,21802A,,1,15TH AV,1,,,A,,,INTERNATIONAL BL,,,D,12/19/2024 7:30:23 AM,1/28/2025 12:13:35 PM,,,2,,,,,,,
4509649,24-052359,2,False,0109,10/21/2024 9:05:00 PM,2105,19X,14,109,Oakland,1,True,True,D,BROADSIDE,,Monday,,,M,,False,False,False,,C,OTHER MOTOR VEHICLE,,0,0,C,DARK-STREET LIGHTS,,,,,,,A,NO PEDESTRIANS INVOLVED,,A,21453A,,1,E 12TH ST,1,,,A,,,14TH AV,,,A,12/19/2024 7:05:23 AM,1/28/2025 12:13:35 PM,,,2,,,,,,,
4509643,24-052609,2,False,0109,10/22/2024 5:40:00 PM,1740,23X,14,109,Oakland,1,True,True,C,REAR END,,Tuesday,,,,,False,False,False,,C,OTHER MOTOR VEHICLE,,0,0,A,DAYLIGHT,,,,,,,A,NO PEDESTRIANS INVOLVED,,A,22350,,1,INTERNATIONAL BL,2,,,A,,,35TH AV,,,A,12/19/2024 7:00:23 AM,1/28/2025 12:13:35 PM,,,2,,,,,,,
4509621,24-050074,2,False,0109,10/7/2024 5:00:00 PM,1700,30X,14,109,Oakland,1,True,True,A,HEAD-ON,,Monday,,,M,,False,False,False,,C,OTHER MOTOR VEHICLE,,0,0,C,DARK-STREET LIGHTS,,,,,,,A,NO PEDESTRIANS INVOLVED,,A,21453A,,1,FOOTHILL BL,2,,,A,,,HAVENSCOURT BL,,,A,12/19/2024 6:45:23 AM,1/28/2025 12:13:35 PM,,,2,,,,,,,
4509605,24-053131,2,False,0109,10/25/2024 12:50:00 PM,1250,09X,14,109,Oakland,1,True,True,C,REAR END,,Friday,,,,,False,False,False,,C,OTHER MOTOR VEHICLE,,0,0,A,DAYLIGHT,,,,,,,A,NO PEDESTRIANS INVOLVED,,A,22350,,1,WEST MACARTHUR BL,1,,,A,S,45.0,LEIGHTON ST,F,,D,12/19/2024 6:40:23 AM,1/28/2025 12:13:35 PM,,,2,,,,,,,
4509599,24-052972,2,False,0109,10/24/2024 8:31:00 PM,2031,19X,14,109,Oakland,1,True,True,A,HEAD-ON,,Thursday,,,F,,False,False,False,,I,FIXED OBJECT,,0,0,C,DARK-STREET LIGHTS,,,,,,,A,NO PEDESTRIANS INVOLVED,,A,22107,,1,23RD AV,1,,,A,N,50.0,E 23RD ST,F,,A,12/19/2024 6:35:23 AM,1/28/2025 12:13:35 PM,,,2,,,,,,,
4509575,24-047112,2,False,0109,9/19/2024 1:32:00 PM,1332,32X,14,109,Oakland,1,True,True,D,BROADSIDE,,Thursday,,,M,,False,False,True,,C,OTHER MOTOR VEHICLE,,1,0,A,DAYLIGHT,,,,,,,A,NO PEDESTRIANS INVOLVED,,A,21453A,,1,98TH AV,2,,,A,,,INTERNATIONAL BL,,,A,12/19/2024 6:15:23 AM,1/28/2025 12:13:36 PM,,,2,,,,,,,
4509574,24-045922,2,False,0109,9/12/2024 1:30:00 PM,1330,26X,14,109,Oakland,1,True,True,D,BROADSIDE,,Thursday,,,M,,False,False,False,,G,BICYCLE,,1,0,A,DAYLIGHT,,,,,,,D,CROSSING - NOT IN CROSSWALK,,D,,,,E 12TH ST,2,,,A,W,30.0,49TH AV,F,,D,12/19/2024 6:15:23 AM,1/28/2025 12:13:36 PM,,,2,,,,,,,
4509323,9370-2024-03705,1,False,9370,11/13/2024 8:20:00 PM,2020,177,14,109,Oakland,1,True,True,H,OTHER,DEBRIS,Wednesday,NotApplicable,False,M,,False,True,False,ALAMEDA SUPERIOR COURT WILEY W. MANUEL COURTHOUSE,J,OTHER OBJECT,DEBRIS,0,0,C,DARK-STREET LIGHTS,37.78774,-122.249171,,,,,A,NO PEDESTRIANS INVOLVED,11/13/2024 8:20:00 PM,A,VC 23114(a),False,1,I-880 SB,,,12/18/2024 5:04:30 PM,A,S,200.0,16TH AVE,F,,D,12/18/2024 5:04:32 PM,12/18/2024 5:04:32 PM,False,True,4,,11/13/2024 12:00:00 AM,2030,False,,,True
4509080,9370-2024-03972,1,False,9370,12/11/2024 6:25:00 PM,1825,008,14,109,Oakland,1,True,True,C,REAR END,,Wednesday,NotApplicable,False,M,,False,True,False,ALAMEDA SUPERIOR COURT WILEY W. MANUEL COURTHOUSE,C,OTHER MOTOR VEHICLE,,0,0,C,DARK-STREET LIGHTS,37.834203,-122.295046,,,,,A,NO PEDESTRIANS INVOLVED,12/11/2024 6:25:00 PM,A,VC 22350,False,1,I-80 W/B,,,12/18/2024 2:00:07 PM,A,W,1400.0,POWELL ST,F,,D,12/18/2024 2:00:08 PM,12/18/2024 2:00:08 PM,False,True,4,,12/11/2024 6:30:00 PM,1830,False,,False,True
4509046,9370-2024-03928,1,False,9370,12/7/2024 3:57:00 AM,357,176,14,109,Oakland,1,True,True,C,REAR END,,Saturday,NotApplicable,False,,,False,True,True,ALAMEDA SUPERIOR COURT WILEY W. MANUEL COURTHOUSE,C,OTHER MOTOR VEHICLE,,0,0,C,DARK-STREET LIGHTS,37.772325,-122.225406,,,,,A,NO PEDESTRIANS INVOLVED,12/7/2024 3:57:00 AM,C,,,,I-880 S/B,,,12/18/2024 1:44:43 PM,A,N,2060.0,HIGH STREET,F,,D,12/18/2024 1:44:44 PM,12/18/2024 1:44:44 PM,False,True,4,,12/7/2024 4:04:00 AM,0404,False,,False,True
4509045,9370-2024-03908,1,False,9370,12/7/2024 3:55:00 AM,355,176,14,109,Oakland,1,True,True,C,REAR END,,Saturday,NotApplicable,False,M,,False,True,True,ALAMEDA SUPERIOR COURT WILEY W. MANUEL COURTHOUSE,C,OTHER MOTOR VEHICLE,,0,0,C,DARK-STREET LIGHTS,37.772369,-122.225553,,,,,A,NO PEDESTRIANS INVOLVED,12/7/2024 3:55:00 AM,A,VC 22350,False,1,I-880 S/B,,,12/18/2024 1:44:16 PM,A,N,2090.0,HIGH STREET,F,,D,12/18/2024 1:44:18 PM,12/18/2024 1:44:18 PM,False,True,4,True,12/7/2024 3:57:00 AM,0357,False,,,True
4509043,9370-2024-03914,2,False,9370,12/7/2024 2:27:00 PM,1427,901,14,109,Oakland,1,True,True,D,BROADSIDE,,Saturday,Yes,False,M,,False,False,False,ALAMEDA SUPERIOR COURT RENÉ C. DAVIDSON COURTHOUSE,C,OTHER MOTOR VEHICLE,,1,0,A,DAYLIGHT,37.824773,-122.272342,,,,,A,NO PEDESTRIANS INVOLVED,12/7/2024 2:27:00 PM,A,VC 21453(a),False,1,WEST STREET,,,12/20/2024 1:06:45 PM,A,,,35TH STREET,,,A,12/18/2024 1:42:40 PM,12/20/2024 1:06:46 PM,False,False,4,,12/7/2024 2:27:00 PM,1427,False,,,True
4509027,9370-2024-01247,1,False,9370,4/14/2024 3:35:00 AM,335,052,14,109,Oakland,1,True,True,D,BROADSIDE,,Sunday,Yes,False,M,,False,True,True,ALAMEDA SUPERIOR COURT WILEY W. MANUEL COURTHOUSE,C,OTHER MOTOR VEHICLE,,0,1,C,DARK-STREET LIGHTS,37.761893,-122.149217,,,,,A,NO PEDESTRIANS INVOLVED,4/14/2024 3:35:00 AM,A,VC 22350,False,2,I-580 E/B,,,12/18/2024 1:36:48 PM,B,E,1350.0,KELLER AVE,F,,D,12/18/2024 1:36:55 PM,12/18/2024 1:36:55 PM,False,True,4,True,4/14/2024 3:37:00 AM,0337,True,AREA PHOTO FILE,True,
4509008,24-056388,2,False,0109,11/13/2024 5:00:00 PM,1700,26X,14,109,Oakland,1,True,True,D,BROADSIDE,,Wednesday,,,M,,False,False,False,,C,OTHER MOTOR VEHICLE,,0,0,C,DARK-STREET LIGHTS,,,,,,,A,NO PEDESTRIANS INVOLVED,,D,,,,52ND AV,2,,,B,,,INTERNATIONAL BL,,,A,12/18/2024 1:30:20 PM,1/28/2025 12:04:07 PM,,,2,,,,,,,
4508898,24-057758,2,False,0109,11/22/2024 7:44:00 AM,744,21Y,14,109,Oakland,1,True,True,G,VEHICLE/PEDESTRAIN,,Friday,,,F,,False,False,False,,B,PEDESTRIAN,,1,0,A,DAYLIGHT,,,,,,,B,CROSSING IN CROSS WALK AT INTERSECTION,,A,21950A,,1,FOOTHILL BL,2,,,A,,,34TH AV,,,A,12/18/2024 12:25:19 PM,1/28/2025 12:12:32 PM,,,2,,,,,,,
4508894,24055509,2,False,0109,11/8/2024 8:00:00 AM,800,24Y,14,109,Oakland,1,True,True,B,SIDE SWIPE,,Friday,,,M,,False,False,False,,E,PARKED MOTOR VEHICLE,,0,0,A,DAYLIGHT,,,,,,,A,NO PEDESTRIANS INVOLVED,,A,22107,,1,PORTER ST,2,,,A,E,15.0,MAYBELLE WY,F,,D,12/18/2024 12:25:19 PM,1/28/2025 11:44:37 AM,,,2,,,,,,,
4508885,24-055535,2,False,0109,11/8/2024 10:23:00 AM,1023,33X,14,109,Oakland,1,True,True,G,VEHICLE/PEDESTRAIN,,Friday,,,M,,False,False,False,,G,BICYCLE,,1,0,A,DAYLIGHT,,,,,,,B,CROSSING IN CROSS WALK AT INTERSECTION,,A,22107,,1,D ST,2,,,A,,,98TH AV,,,A,12/18/2024 12:20:19 PM,1/28/2025 12:12:32 PM,,,2,,,,,,,
4508884,24058188,2,False,0109,11/25/2024 9:20:00 AM,920,32X,14,109,Oakland,1,True,True,H,OTHER,,Monday,,,M,,False,False,False,,E,PARKED MOTOR VEHICLE,,0,0,A,DAYLIGHT,,,,,,,A,NO PEDESTRIANS INVOLVED,,A,22350,,1,TRUMAN AV,2,,,B,S,100.0,STANLEY AV,F,,D,12/18/2024 12:20:19 PM,1/28/2025 11:44:42 AM,,,2,,,,,,,
4508852,24057970,2,False,0109,11/23/2024 8:26:00 PM,2026,30X,14,109,Oakland,1,True,True,E,HIT OBJECT,,Saturday,,,M,,False,False,False,,I,FIXED OBJECT,,0,0,C,DARK-STREET LIGHTS,,,,,,,A,NO PEDESTRIANS INVOLVED,,A,22107,,1,INTERNATIONAL BL,2,,,B,,,67TH AV,,,D,12/18/2024 12:05:19 PM,1/28/2025 11:44:42 AM,,,2,,,,,,,
4508831,24057877,2,False,0109,11/23/2024 4:14:00 AM,414,12X,14,109,Oakland,1,True,True,E,HIT OBJECT,,Saturday,,,F,,False,False,False,,E,PARKED MOTOR VEHICLE,,0,0,C,DARK-STREET LIGHTS,,,,,,,A,NO PEDESTRIANS INVOLVED,,A,22350,,1,41ST ST,1,,,B,N,120.0,40TH ST,F,,A,12/18/2024 11:55:19 AM,1/28/2025 11:44:42 AM,,,2,,,,,,,
4508816,24056927,2,False,0109,11/17/2024 3:30:00 PM,1530,27X,14,109,Oakland,1,True,True,A,HEAD-ON,,Sunday,,,M,,False,False,False,,C,OTHER MOTOR VEHICLE,,0,0,A,DAYLIGHT,,,,,,,A,NO PEDESTRIANS INVOLVED,,A,22107,,1,WADEAN PL,2,,,A,,,54TH AV,,,A,12/18/2024 11:45:19 AM,1/28/2025 11:44:42 AM,,,2,,,,,,,
4508796,24056639,2,False,0109,11/15/2024 11:57:00 AM,1157,26X,14,109,Oakland,1,True,True,C,REAR END,,Friday,,,M,,False,False,False,,C,OTHER MOTOR VEHICLE,,0,0,A,DAYLIGHT,,,,,,,A,NO PEDESTRIANS INVOLVED,,A,22350,,1,INTERNATIONAL BL,2,,,A,W,20.0,46TH AV,F,,A,12/18/2024 11:30:19 AM,1/28/2025 11:44:38 AM,,,2,,,,,,,
4508794,24056287,2,False,0109,11/13/2024 1:55:00 AM,155,28X,14,109,Oakland,1,True,True,B,SIDE SWIPE,,Wednesday,,,M,,False,False,False,,E,PARKED MOTOR VEHICLE,,0,0,C,DARK-STREET LIGHTS,,,,,,,A,NO PEDESTRIANS INVOLVED,,A,22107,,1,VIRGINIA ST,2,,,A,,,HERRIOTT AV,,,D,12/18/2024 11:30:19 AM,1/28/2025 11:44:38 AM,,,2,,,,,,,
4508747,24055796,2,False,0109,11/10/2024 4:28:00 AM,428,21X,14,109,Oakland,1,True,True,A,HEAD-ON,,Sunday,,,,,False,False,False,,I,FIXED OBJECT,,0,0,C,DARK-STREET LIGHTS,,,,,,,A,NO PEDESTRIANS INVOLVED,,A,22107,,1,FRUITVALE AV,2,,,A,,,CORDOVA ST,,,D,12/18/2024 11:00:19 AM,1/28/2025 11:44:37 AM,,,2,,,,,,,
4508621,9370-2024-04000,1,False,9370,12/14/2024 6:05:00 AM,605,024,14,109,Oakland,1,True,True,D,BROADSIDE,,Saturday,NotApplicable,False,,,False,True,False,ALAMEDA SUPERIOR COURT WILEY W. MANUEL COURTHOUSE,C,OTHER MOTOR VEHICLE,,0,0,D,DARK-NO STREET LIGHTS,37.845235,-122.250464,,,,,A,NO PEDESTRIANS INVOLVED,12/14/2024 6:05:00 AM,A,VC 22350,False,1,SR 24 W/B,,,12/18/2024 10:13:49 AM,B,E,410.0,COLLEGE AVE,F,,D,12/18/2024 10:13:52 AM,12/18/2024 10:13:52 AM,False,True,4,,12/14/2024 6:05:00 AM,0605,False,,,True
4508567,9201-2024-00006,1,False,9370,12/1/2024 4:10:00 AM,410,901,14,109,Oakland,1,True,True,D,BROADSIDE,,Sunday,NotApplicable,False,,,False,False,False,ALAMEDA SUPERIOR COURT WILEY W. MANUEL COURTHOUSE,C,OTHER MOTOR VEHICLE,,0,0,C,DARK-STREET LIGHTS,37.729473,-122.194074,,,,,A,NO PEDESTRIANS INVOLVED,12/1/2024 4:10:00 AM,A,VC 22350,False,1,98TH AVENUE,,,12/18/2024 9:46:11 AM,A,,,BIGGE STREET,,,A,12/18/2024 9:46:16 AM,12/18/2024 9:46:16 AM,False,False,4,,12/1/2024 4:15:00 AM,0415,False,,False,True
4508473,9370-2024-03995,1,False,9370,12/14/2024 12:00:00 AM,2050,008,14,109,Oakland,1,True,True,C,REAR END,,Saturday,NotApplicable,False,M,,False,True,True,ALAMEDA SUPERIOR COURT WILEY W. MANUEL COURTHOUSE,C,OTHER MOTOR VEHICLE,,0,0,D,DARK-NO STREET LIGHTS,37.82422,-122.311368,,,,,A,NO PEDESTRIANS INVOLVED,12/14/2024 12:00:00 AM,A,VC 21658(a),False,1,I-80 E/B,,,12/18/2024 9:16:31 AM,B,W,512.0,MARITIME STREET,F,,D,12/18/2024 9:16:32 AM,12/18/2024 9:16:32 AM,False,True,4,,12/14/2024 12:00:00 AM,2055,False,,,True
4508318,24-053837,2,False,0109,10/29/2024 4:46:00 PM,1646,19X,14,109,Oakland,1,True,True,D,BROADSIDE,,Tuesday,,,,,False,False,False,,C,OTHER MOTOR VEHICLE,,0,0,A,DAYLIGHT,,,,,,,A,NO PEDESTRIANS INVOLVED,,A,21802A,,1,8TH AV,1,,,A,,,E 11TH ST,,,A,12/18/2024 8:15:16 AM,1/28/2025 12:13:27 PM,,,2,,,,,,,
4508313,9370-2024-03999,1,False,9370,12/13/2024 11:45:00 PM,2345,054,14,109,Oakland,1,True,True,C,REAR END,,Friday,NotApplicable,False,M,,False,True,False,ALAMEDA SUPERIOR COURT WILEY W. MANUEL COURTHOUSE,C,OTHER MOTOR VEHICLE,,0,0,D,DARK-NO STREET LIGHTS,37.808377,-122.241446,,,,,A,NO PEDESTRIANS INVOLVED,12/13/2024 11:45:00 PM,A,VC 22350,False,1,I-580 W/B,,,12/18/2024 8:13:45 AM,B,E,1448.0,LAKESHORE AVE,F,,D,12/18/2024 8:13:47 AM,12/18/2024 8:13:47 AM,False,True,4,,12/13/2024 11:45:00 PM,2345,False,,,True
4508297,24-054270,2,False,0109,10/31/2024 9:03:00 PM,2103,03X,14,109,Oakland,1,True,True,F,OVERTURNED,,Thursday,,,,,False,False,False,,C,OTHER MOTOR VEHICLE,,0,0,C,DARK-STREET LIGHTS,,,,,,,A,NO PEDESTRIANS INVOLVED,,A,21453A,,1,JEFFERSON ST,1,,,A,,,7TH ST,,,A,12/18/2024 8:05:16 AM,1/28/2025 12:13:26 PM,,,2,,,,,,,
4508291,9370-2024-03961,1,False,9370,12/11/2024 10:00:00 PM,2200,008,14,109,Oakland,1,True,True,B,SIDE SWIPE,,Wednesday,NotApplicable,False,M,,False,True,False,ALAMEDA SUPERIOR COURT WILEY W. MANUEL COURTHOUSE,C,OTHER MOTOR VEHICLE,,0,0,C,DARK-STREET LIGHTS,37.826405,-122.298341,,,,,A,NO PEDESTRIANS INVOLVED,12/11/2024 10:00:00 PM,A,VC 22107,False,1,I-80 E/B,,,12/18/2024 8:00:57 AM,A,W,2122.0,BEACH ST,F,,D,12/18/2024 8:00:58 AM,12/18/2024 8:00:58 AM,False,True,4,,12/11/2024 10:07:00 PM,2207,False,,,True