collision-id,report-number,report-version,is-preliminary,ncic-code,crash-date-time,crash-time-description,beat,city-id,city-code,city-name,county-code,city-is-active,city-is-incorporated,collision-type-code,collision-type-description,collision-type-other-desc,day-of-week,dispatch-notified,has-photographs,hit-run,is-attachments-mailed,is-deleted,is-highway-related,is-tow-away,judicial-district,motor-vehicle-involved-with-code,motor-vehicle-involved-with-desc,motor-vehicle-involved-with-other-desc,number-injured,number-killed,lighting-code,lighting-description,latitude,longitude,milepost-direction,milepost-distance,milepost-marker,milepost-unit-of-measure,pedestrian-action-code,pedestrian-action-desc,prepared-date,primary-collision-factor-code,primary-collision-factor-description,primary-collision-factor-is-cited,primary-collision-party-number,primary-road,reporting-district,reporting-district-code,reviewed-date,roadway-surface-code,secondary-direction,secondary-distance,secondary-road,secondary-unit-of-measure,sketch-desc,traffic-control-device-code,created-date,modified-date,is-county-road,is-freeway,chp-555-version,is-additonal-object-struck,notification-date,notification-time-description,has-digital-media-files,evidence-number,is-location-refer-to-narrative,is-aoi-one-same-as-location
4521419,9370-2024-04143,1,False,9370,12/24/2024 11:35:00 AM,1135,013,14,109,Oakland,1,True,True,E,HIT OBJECT,,Tuesday,NotApplicable,False,,,False,True,True,ALAMEDA SUPERIOR COURT WILEY W. MANUEL COURTHOUSE,I,FIXED OBJECT,DIRT EMBANKMENT,1,0,A,DAYLIGHT,37.808135,-122.194405,,,,,A,NO PEDESTRIANS INVOLVED,12/24/2024 11:35:00 AM,A,VC 22350,False,1,SR-13 N/B,,,12/31/2024 9:32:03 AM,B,S,1270.0,JOAQUIN MILLER RD,F,,D,12/31/2024 9:32:05 AM,12/31/2024 9:32:05 AM,False,True,4,,12/24/2024 11:38:00 AM,1138,False,,,True
4521318,9370-2024-03984,1,False,9370,12/14/2024 2:40:00 AM,240,054,14,109,Oakland,1,True,True,E,HIT OBJECT,,Saturday,NotApplicable,False,,,False,True,True,ALAMEDA SUPERIOR COURT WILEY W. MANUEL COURTHOUSE,I,FIXED OBJECT,CONCRETE BARRIER WALL,2,0,C,DARK-STREET LIGHTS,37.808288,-122.240988,,,,,A,NO PEDESTRIANS INVOLVED,12/14/2024 2:40:00 AM,A,VC 22350,False,1,I-580 W/B,,,12/31/2024 8:49:40 AM,B,W,209.0,LAKE PARK AVE,F,,D,12/31/2024 8:49:42 AM,12/31/2024 8:49:42 AM,False,True,4,True,12/14/2024 2:45:00 AM,0245,False,,,True
4521226,9370-2024-04130,1,False,9370,12/24/2024 6:40:00 AM,640,052,14,109,Oakland,1,True,True,E,HIT OBJECT,,Tuesday,NotApplicable,False,,,False,True,True,ALAMEDA SUPERIOR COURT WILEY W. MANUEL COURTHOUSE,I,FIXED OBJECT,CEMENT CENTER DIVIDER,0,0,B,DUSK-DAWN,37.784956,-122.191484,,,,,A,NO PEDESTRIANS INVOLVED,12/24/2024 6:40:00 AM,A,VC 22350,False,1,I-580 W/B,,,12/31/2024 7:59:03 AM,B,W,850.0,MACARTHUR BLVD,F,,D,12/31/2024 7:59:06 AM,12/31/2024 7:59:06 AM,False,True,4,,12/24/2024 6:45:00 AM,0645,False,,,True
4521156,9370-2024-04140,1,False,9370,12/23/2024 8:30:00 PM,2030,008,14,109,Oakland,1,True,True,B,SIDE SWIPE,,Monday,NotApplicable,False,M,,False,True,False,ALAMEDA SUPERIOR COURT WILEY W. MANUEL COURTHOUSE,C,OTHER MOTOR VEHICLE,,0,0,D,DARK-NO STREET LIGHTS,37.827845,-122.292788,,,,,A,NO PEDESTRIANS INVOLVED,12/23/2024 8:30:00 PM,A,VC 21658(A),False,1,I-80 W/B TO I-580 E/B,,,12/31/2024 7:17:44 AM,B,W,800.0,MANDELA PARKWAY,F,,D,12/31/2024 7:17:46 AM,12/31/2024 7:17:46 AM,False,True,4,,12/23/2024 8:40:00 PM,2040,False,,,True
4521117,24-054272,3,False,0109,10/31/2024 9:46:00 PM,2146,19X,14,109,Oakland,1,True,True,D,BROADSIDE,,Thursday,,,,,False,False,False,,C,OTHER MOTOR VEHICLE,,1,0,C,DARK-STREET LIGHTS,,,,,,,A,NO PEDESTRIANS INVOLVED,,A,21453A,,1,2ND AV,1,,,A,,,INTERNATIONAL BL,,,A,12/31/2024 6:57:26 AM,1/28/2025 12:13:41 PM,,,2,,,,,,,
4521106,24-049891,2,False,0109,10/6/2024 8:41:00 PM,2041,29X,14,109,Oakland,1,True,True,B,SIDE SWIPE,,Sunday,,,,,False,False,False,,C,OTHER MOTOR VEHICLE,,1,0,C,DARK-STREET LIGHTS,,,,,,,A,NO PEDESTRIANS INVOLVED,,A,22107,,1,66TH AV,2,,,A,S,5.0,MACARTHRU BL,F,,D,12/31/2024 6:52:26 AM,1/28/2025 12:13:41 PM,,,2,,,,,,,
4521082,24-052598,2,False,0109,10/22/2024 2:30:00 PM,1430,23X,14,109,Oakland,1,True,True,A,HEAD-ON,,Tuesday,,,,,False,False,False,,G,BICYCLE,,1,0,A,DAYLIGHT,,,,,,,B,CROSSING IN CROSS WALK AT INTERSECTION,,A,22450A,,1,HOWARD ST,2,,,A,,,HIGH ST,,,A,12/31/2024 6:37:26 AM,1/28/2025 12:13:41 PM,,,2,,,,,,,
4521021,9370-2024-04113,1,False,9370,12/22/2024 11:40:00 PM,2340,176,14,109,Oakland,1,True,True,E,HIT OBJECT,,Sunday,NotApplicable,False,,,False,True,False,ALAMEDA SUPERIOR COURT WILEY W. MANUEL COURTHOUSE,J,OTHER OBJECT,DEBRIS,0,0,D,DARK-NO STREET LIGHTS,37.774127,-122.231125,,,,,A,NO PEDESTRIANS INVOLVED,12/22/2024 11:40:00 PM,C,,,,I-880 S/B,,,12/31/2024 5:30:15 AM,B,N,940.0,FRUITVALE AVE,F,,D,12/31/2024 5:30:16 AM,12/31/2024 5:30:16 AM,False,True,4,,12/22/2024 11:50:00 PM,2350,False,,,True
4521019,9370-2024-04112,1,False,9370,12/22/2024 11:35:00 PM,2335,176,14,109,Oakland,1,True,True,E,HIT OBJECT,,Sunday,NotApplicable,False,,,False,True,False,ALAMEDA SUPERIOR COURT WILEY W. MANUEL COURTHOUSE,J,OTHER OBJECT,DEBRIS,0,0,D,DARK-NO STREET LIGHTS,37.774127,-122.231125,,,,,A,NO PEDESTRIANS INVOLVED,12/22/2024 11:35:00 PM,C,,,,I-880 S/B,,,12/31/2024 5:26:57 AM,B,N,940.0,FRUITVALE AVE,F,,D,12/31/2024 5:27:01 AM,12/31/2024 5:27:01 AM,False,True,4,,12/22/2024 11:50:00 PM,2350,True,EMBEDDED,,True
4520145,9370-2024-04111,1,False,9370,12/22/2024 6:30:00 PM,1830,177,14,109,Oakland,1,True,True,B,SIDE SWIPE,,Sunday,NotApplicable,False,M,,False,True,False,ALAMEDA SUPERIOR COURT WILEY W. MANUEL COURTHOUSE,C,OTHER MOTOR VEHICLE,,0,0,A,DAYLIGHT,37.789484,-122.255164,,,,,A,NO PEDESTRIANS INVOLVED,12/22/2024 6:30:00 PM,A,VC 21658(A),False,1,I-880 N/B,,,12/30/2024 12:06:53 PM,B,S,930.0,5TH AVENUE,F,,D,12/30/2024 12:06:56 PM,12/30/2024 12:06:56 PM,False,True,4,,12/22/2024 6:40:00 PM,1840,False,,,True
4520088,9370-2024-04126,1,False,9370,12/23/2024 4:25:00 PM,1625,178,14,109,Oakland,1,True,True,B,SIDE SWIPE,,Monday,NotApplicable,False,M,,False,True,False,ALAMEDA SUPERIOR COURT WILEY W. MANUEL COURTHOUSE,C,OTHER MOTOR VEHICLE,,0,0,A,DAYLIGHT,37.826285,-122.290758,,,,,A,NO PEDESTRIANS INVOLVED,12/23/2024 4:25:00 PM,A,VC 21750(a),False,1,I-880 N/B TO I-80 E/B,,,12/30/2024 11:44:37 AM,A,N,2860.0,W. GRAND AVENUE,F,,D,12/30/2024 11:44:40 AM,12/30/2024 11:44:40 AM,False,True,4,,12/23/2024 4:30:00 PM,1630,False,,,True
4520007,9370-2024-04097,1,False,9370,12/21/2024 10:25:00 AM,1025,052,14,109,Oakland,1,True,True,B,SIDE SWIPE,,Saturday,NotApplicable,False,,,False,True,False,ALAMEDA SUPERIOR COURT WILEY W. MANUEL COURTHOUSE,D,MOTOR VEHICLE ON OTHER ROADWAY,,0,0,A,DAYLIGHT,37.730237,-122.138616,,,,,A,NO PEDESTRIANS INVOLVED,12/21/2024 10:25:00 AM,A,VC 22350,False,1,I-580 W/B,,,12/30/2024 11:14:03 AM,B,W,145.0,FOOTHILL BLVD,F,,D,12/30/2024 11:14:06 AM,12/30/2024 11:14:06 AM,False,True,4,,12/21/2024 10:30:00 AM,1030,False,,,True
4519950,24-050142,2,False,0109,10/8/2024 9:06:00 AM,906,19X,14,109,Oakland,1,True,True,B,SIDE SWIPE,,Tuesday,,,,,False,False,False,,G,BICYCLE,,1,0,A,DAYLIGHT,,,,,,,A,NO PEDESTRIANS INVOLVED,,A,22107,,1,2ND AV,1,,,A,,,10TH ST,,,D,12/30/2024 10:52:10 AM,1/28/2025 12:13:41 PM,,,2,,,,,,,
4519943,24-051537,2,False,0109,10/16/2024 5:31:00 PM,1731,16X,14,109,Oakland,1,True,True,G,VEHICLE/PEDESTRAIN,,Wednesday,,,,,False,False,False,,B,PEDESTRIAN,,1,0,A,DAYLIGHT,,,,,,,B,CROSSING IN CROSS WALK AT INTERSECTION,,A,21950A,,1,HAMPLE,1,,,A,,,PARK BL,,,A,12/30/2024 10:47:10 AM,1/28/2025 12:13:41 PM,,,2,,,,,,,
4519915,24-053832,2,False,0109,10/29/2024 3:57:00 PM,1557,33X,14,109,Oakland,1,True,True,D,BROADSIDE,,Tuesday,,,,,False,False,True,,C,OTHER MOTOR VEHICLE,,2,0,A,DAYLIGHT,,,,,,,A,NO PEDESTRIANS INVOLVED,,A,22450A,,1,92ND AV,2,,,A,,,E ST,,,A,12/30/2024 10:37:10 AM,1/28/2025 12:13:40 PM,,,2,,,,,,,
4519773,24-052013,2,False,0109,10/19/2024 5:30:00 PM,1730,22X,14,109,Oakland,1,True,True,A,HEAD-ON,,Saturday,,,M,,False,False,False,,C,OTHER MOTOR VEHICLE,,1,0,A,DAYLIGHT,,,,,,,A,NO PEDESTRIANS INVOLVED,,A,22350,,1,MACARTHUR BL,2,,,A,E,5.0,MADRONE PATH,F,,D,12/30/2024 9:47:10 AM,1/28/2025 12:13:42 PM,,,2,,,,,,,
4519698,9370-2024-04154,1,False,9370,12/20/2024 8:15:00 PM,2015,024,14,109,Oakland,1,True,True,B,SIDE SWIPE,,Friday,NotApplicable,False,,,False,True,False,ALAMEDA SUPERIOR COURT WILEY W. MANUEL COURTHOUSE,C,OTHER MOTOR VEHICLE,,0,0,D,DARK-NO STREET LIGHTS,37.849468,-122.223806,,,,,A,NO PEDESTRIANS INVOLVED,12/20/2024 8:15:00 PM,A,VC 21658(A),False,1,SR-24 EASTBOUND,,,12/30/2024 9:20:11 AM,A,E,1250.0,SR-13,F,,D,12/30/2024 9:20:14 AM,12/30/2024 9:20:14 AM,False,True,4,,12/20/2024 8:21:00 PM,2021,False,,,True
4519667,9370-2024-04173,1,False,9370,12/20/2024 5:09:00 PM,1709,177,14,109,Oakland,1,True,True,B,SIDE SWIPE,,Friday,NotApplicable,False,,,False,True,False,ALAMEDA SUPERIOR COURT WILEY W. MANUEL COURTHOUSE,C,OTHER MOTOR VEHICLE,,0,0,A,DAYLIGHT,37.78946,-122.256021,,,,,A,NO PEDESTRIANS INVOLVED,12/20/2024 5:09:00 PM,A,VC 21658(A),False,1,I-880 S/B,,,12/30/2024 9:11:01 AM,A,N,3540.0,16TH AVE,F,,D,12/30/2024 9:11:03 AM,12/30/2024 9:11:03 AM,False,True,4,,12/20/2024 5:40:00 PM,1740,False,,,True
4519646,9370-2024-04088,1,False,9370,12/20/2024 12:43:00 PM,1243,052,14,109,Oakland,1,True,True,B,SIDE SWIPE,,Friday,NotApplicable,False,M,,False,True,True,ALAMEDA SUPERIOR COURT WILEY W. MANUEL COURTHOUSE,C,OTHER MOTOR VEHICLE,,1,0,A,DAYLIGHT,37.749538,-122.151356,,,,,A,NO PEDESTRIANS INVOLVED,12/20/2024 12:43:00 PM,A,VC 22350,False,1,I-580 E/B,,,12/30/2024 9:05:22 AM,A,W,1758.0,106TH AVENUE,F,,D,12/30/2024 9:05:24 AM,12/30/2024 9:05:24 AM,False,True,4,False,12/20/2024 12:48:00 PM,1248,True,EMBEDDED,,True
4519596,9370-2024-04116,1,False,9370,12/23/2024 5:50:00 AM,550,176,14,109,Oakland,1,True,True,A,HEAD-ON,,Monday,NotApplicable,False,,,False,True,True,ALAMEDA SUPERIOR COURT WILEY W. MANUEL COURTHOUSE,I,FIXED OBJECT,ATTENUATOR BARRIER,0,0,B,DUSK-DAWN,37.774738,-122.231933,,,,,A,NO PEDESTRIANS INVOLVED,12/23/2024 5:50:00 AM,A,VC 22107,False,1,I-880 N/B TO 29TH AVE,,,12/30/2024 8:48:32 AM,B,S,400.0,29TH AVE,F,,D,12/30/2024 8:48:34 AM,12/30/2024 8:48:34 AM,False,True,4,True,12/23/2024 5:55:00 AM,0555,False,,,True
4519571,9370-2024-04027,1,False,9370,12/16/2024 12:25:00 PM,1225,178,14,109,Oakland,1,True,True,A,HEAD-ON,,Monday,NotApplicable,False,F,,False,True,True,ALAMEDA SUPERIOR COURT WILEY W. MANUEL COURTHOUSE,C,OTHER MOTOR VEHICLE,,1,0,A,DAYLIGHT,37.802173,-122.283909,,,,,A,NO PEDESTRIANS INVOLVED,12/16/2024 12:25:00 PM,A,VC 22350,False,1,I-880 N/B,,,12/30/2024 8:40:54 AM,B,N,120.0,MARKET ST,F,,D,12/30/2024 8:40:56 AM,12/30/2024 8:40:56 AM,False,True,4,,12/16/2024 12:27:00 PM,1227,False,,False,True
4519370,24-044800,2,False,0109,9/7/2024 8:25:00 PM,2025,33X,14,109,Oakland,1,True,True,C,REAR END,,Saturday,,,F,,False,False,False,,C,OTHER MOTOR VEHICLE,,1,0,C,DARK-STREET LIGHTS,,,,,,,A,NO PEDESTRIANS INVOLVED,,A,22350,,1,92ND AV,2,,,A,W,5.0,B ST,F,,A,12/30/2024 7:17:08 AM,1/28/2025 12:08:54 PM,,,2,,,,,,,
4519369,24-044465,2,False,0109,9/5/2024 4:31:00 PM,1631,31X,14,109,Oakland,1,True,True,B,SIDE SWIPE,,Thursday,,,M,,False,False,False,,C,OTHER MOTOR VEHICLE,,0,0,A,DAYLIGHT,,,,,,,A,NO PEDESTRIANS INVOLVED,,A,22107,,1,ENTERPRISE WY,2,,,A,W,170.0,85TH AV,F,,D,12/30/2024 7:17:08 AM,1/28/2025 12:08:55 PM,,,2,,,,,,,
4519282,9370-2024-04075,1,False,9370,12/19/2024 8:45:00 AM,845,054,14,109,Oakland,1,True,True,B,SIDE SWIPE,,Thursday,NotApplicable,False,M,,False,True,False,ALAMEDA SUPERIOR COURT WILEY W. MANUEL COURTHOUSE,C,OTHER MOTOR VEHICLE,,0,0,A,DAYLIGHT,37.805083,-122.234746,,,,,A,NO PEDESTRIANS INVOLVED,12/19/2024 8:45:00 AM,A,VC 21658(A),False,1,I-580 E/B,,,12/30/2024 6:18:53 AM,A,W,1000.0,PARK BLVD,F,,D,12/30/2024 6:18:58 AM,12/30/2024 6:18:58 AM,False,True,4,,12/19/2024 8:50:00 AM,0850,False,,,True
4519239,9370-2024-04015,1,False,9370,12/14/2024 10:00:00 PM,2200,008,14,109,Oakland,1,True,True,E,HIT OBJECT,,Saturday,NotApplicable,False,M,,False,True,True,ALAMEDA SUPERIOR COURT WILEY W. MANUEL COURTHOUSE,I,FIXED OBJECT,CONCRETE BARRIER WALL,0,0,C,DARK-STREET LIGHTS,37.824659,-122.308679,,,,,A,NO PEDESTRIANS INVOLVED,12/14/2024 10:00:00 PM,A,VC 22107,False,1,I-80 E/B,,,12/30/2024 5:15:55 AM,A,E,1437.0,THE SAN FRANCISCO - OAKLAND BAY BRIDGE TOLL PLAZA,F,,D,12/30/2024 5:15:57 AM,12/30/2024 5:15:57 AM,False,True,4,False,12/14/2024 10:05:00 PM,2205,False,,,True
4519238,9370-2024-03986,1,False,9370,12/14/2024 12:00:00 AM,1240,176,14,109,Oakland,1,True,True,B,SIDE SWIPE,,Saturday,NotApplicable,False,,,False,True,True,ALAMEDA SUPERIOR COURT WILEY W. MANUEL COURTHOUSE,C,OTHER MOTOR VEHICLE,,0,0,D,DARK-NO STREET LIGHTS,37.764476,-122.217435,,,,,A,NO PEDESTRIANS INVOLVED,12/14/2024 12:00:00 AM,A,VC 22350,False,1,I-880 S/B,,,12/30/2024 5:11:29 AM,B,S,1500.0,HIGH STREET,F,,D,12/30/2024 5:11:32 AM,12/30/2024 5:11:32 AM,False,True,4,,12/14/2024 12:00:00 AM,1245,False,,,True
4519059,9335-2024-03056,1,False,9335,12/21/2024 8:10:00 PM,2010,082,14,109,Oakland,1,True,True,B,SIDE SWIPE,,Saturday,NotApplicable,False,,,False,True,True,ALAMEDA SUPERIOR COURT WILEY W. MANUEL COURTHOUSE,C,OTHER MOTOR VEHICLE,,0,0,C,DARK-STREET LIGHTS,37.824043,-122.317545,,,,,A,NO PEDESTRIANS INVOLVED,12/21/2024 8:10:00 PM,A,VC 22350,False,1,I-80 W/B,,,12/29/2024 10:03:19 AM,B,W,60.0,METERING LIGHTS,F,,A,12/29/2024 10:03:26 AM,12/29/2024 10:03:26 AM,False,True,4,,12/21/2024 8:15:00 PM,2015,False,,,True
4518844,9335-2024-02984,1,False,9335,12/4/2024 7:15:00 AM,715,082,14,109,Oakland,1,True,True,B,SIDE SWIPE,,Wednesday,NotApplicable,False,M,,False,True,False,ALAMEDA SUPERIOR COURT WILEY W. MANUEL COURTHOUSE,C,OTHER MOTOR VEHICLE,,0,0,A,DAYLIGHT,37.824262,-122.317677,,,,,A,NO PEDESTRIANS INVOLVED,12/4/2024 7:15:00 AM,A,VC 22107,False,1,I-80 W/B,,,12/28/2024 8:17:54 AM,A,W,80.0,THE SFOBB METERING LIGHTS,F,,D,12/28/2024 8:17:56 AM,12/28/2024 8:17:56 AM,False,True,4,,12/16/2024 6:00:00 AM,0600,False,,,True
4518520,24-036943,2,False,0109,7/25/2024 12:05:00 AM,5,32X,14,109,Oakland,1,True,True,D,BROADSIDE,,Thursday,,,M,,False,False,True,,C,OTHER MOTOR VEHICLE,,2,0,C,DARK-STREET LIGHTS,,,,,,,A,NO PEDESTRIANS INVOLVED,,A,21453A,,,INTERNATIONAL BL,2,,,A,,,104TH AV,,,A,12/27/2024 3:07:01 PM,1/28/2025 12:12:53 PM,,,2,,,,,,,
4518517,24-036280,2,False,0109,7/21/2024 12:03:00 PM,1203,,14,109,Oakland,1,True,True,B,SIDE SWIPE,,Sunday,,,,,False,False,False,,C,OTHER MOTOR VEHICLE,,1,0,A,DAYLIGHT,,,,,,,A,NO PEDESTRIANS INVOLVED,,A,22450A,,,38TH AV,2,,,A,,,SUTTER ST,,,D,12/27/2024 3:07:01 PM,1/28/2025 12:12:53 PM,,,2,,,,,,,
4518382,24-040019,2,False,0109,8/10/2024 11:54:00 PM,2354,22Y,14,109,Oakland,1,True,True,B,SIDE SWIPE,,Saturday,,,,,False,False,False,,E,PARKED MOTOR VEHICLE,,0,0,C,DARK-STREET LIGHTS,,,,,,,A,NO PEDESTRIANS INVOLVED,,A,23152A,,1,FLORIDA ST,2,,,A,E,650.0,LAUREL AV,F,,A,12/27/2024 1:51:57 PM,1/28/2025 12:13:47 PM,,,2,,,,,,,
4518371,24-041523,2,False,0109,8/18/2024 11:11:00 PM,2311,20X,14,109,Oakland,1,True,True,B,SIDE SWIPE,,Sunday,,,,,False,False,False,,E,PARKED MOTOR VEHICLE,,0,0,C,DARK-STREET LIGHTS,,,,,,,A,NO PEDESTRIANS INVOLVED,,A,23152A,,1,24TH AV,2,,,A,N,20.0,E 16TH ST,F,,D,12/27/2024 1:46:57 PM,1/28/2025 12:13:47 PM,,,2,,,,,,,
4518358,24-041031,2,False,0109,8/15/2024 11:00:00 PM,2300,08X,14,109,Oakland,1,True,True,C,REAR END,,Thursday,,,,,False,False,False,,C,OTHER MOTOR VEHICLE,,0,0,C,DARK-STREET LIGHTS,,,,,,,A,NO PEDESTRIANS INVOLVED,,A,23152A,,1,TELEGRAPH AV,1,,,A,S,15.0,27TH ST,F,,A,12/27/2024 1:41:57 PM,1/28/2025 12:13:46 PM,,,2,,,,,,,
4518276,24-039053,2,False,0109,8/6/2024 3:51:00 AM,351,33X,14,109,Oakland,1,True,True,H,OTHER,,Tuesday,,,M,,False,False,False,,I,FIXED OBJECT,,0,0,C,DARK-STREET LIGHTS,,,,,,,A,NO PEDESTRIANS INVOLVED,,A,22107,,1,89TH AV,2,,,A,E,100.0,INTERNATIONAL BL,F,,A,12/27/2024 1:01:57 PM,1/28/2025 12:13:46 PM,,,2,,,,,,,
4518270,24-038674,2,False,0109,8/3/2024 6:17:00 PM,1817,34X,14,109,Oakland,1,True,True,B,SIDE SWIPE,,Saturday,,,M,,False,False,False,,C,OTHER MOTOR VEHICLE,,0,0,A,DAYLIGHT,,,,,,,A,NO PEDESTRIANS INVOLVED,,A,22107,,1,90TH AV,2,,,A,S,250.0,BANCROFT AV,F,,D,12/27/2024 12:56:57 PM,1/28/2025 12:13:46 PM,,,2,,,,,,,
4518269,24-038575,2,False,0109,8/3/2024 4:57:00 AM,457,17X,14,109,Oakland,1,True,True,D,BROADSIDE,,Saturday,,,M,,False,False,True,,C,OTHER MOTOR VEHICLE,,0,0,C,DARK-STREET LIGHTS,,,,,,,A,NO PEDESTRIANS INVOLVED,,A,21453A,,1,14TH AV,1,,,A,,,FOOTHILL BL,,,A,12/27/2024 12:56:57 PM,1/28/2025 12:13:46 PM,,,2,,,,,,,
4518264,24-039467,2,False,0109,8/8/2024 12:31:00 PM,1231,33X,14,109,Oakland,1,True,True,C,REAR END,,Thursday,,,,,False,False,True,,C,OTHER MOTOR VEHICLE,,0,0,A,DAYLIGHT,,,,,,,A,NO PEDESTRIANS INVOLVED,,A,21802A,,1,93RD AV,2,,,A,N,20.0,A ST,F,,C,12/27/2024 12:51:57 PM,1/28/2025 12:13:46 PM,,,2,,,,,,,
4518128,9370-2024-04141,1,False,9370,12/24/2024 10:40:00 AM,1040,024,14,109,Oakland,1,True,True,E,HIT OBJECT,,Tuesday,NotApplicable,False,,,False,True,False,ALAMEDA SUPERIOR COURT WILEY W. MANUEL COURTHOUSE,I,FIXED OBJECT,CONCRETE BARRIER,0,0,A,DAYLIGHT,37.848456,-122.243615,,,,,A,NO PEDESTRIANS INVOLVED,12/24/2024 10:40:00 AM,A,VC 22350,False,1,SR-24 W/B,,,12/27/2024 11:28:12 AM,B,E,1250.0,COLLEGE AVE,F,,D,12/27/2024 11:28:17 AM,12/27/2024 11:28:17 AM,False,True,4,,12/24/2024 10:43:00 AM,1043,False,,,True
4518046,9370-2024-04124,1,False,9370,12/23/2024 4:30:00 PM,1630,178,14,109,Oakland,1,True,True,B,SIDE SWIPE,,Monday,NotApplicable,False,M,,False,True,False,ALAMEDA SUPERIOR COURT WILEY W. MANUEL COURTHOUSE,C,OTHER MOTOR VEHICLE,,0,0,B,DUSK-DAWN,37.815918,-122.298084,,,,,A,NO PEDESTRIANS INVOLVED,12/23/2024 4:30:00 PM,A,VC 21750(a),False,1,I-880 N/B,,,12/27/2024 10:49:29 AM,B,S,1500.0,W. GRAND AVENUE,F,,D,12/27/2024 10:49:33 AM,12/27/2024 10:49:33 AM,False,True,4,,12/23/2024 5:25:00 PM,1725,False,,,True
4518005,9370-2024-04121,2,False,9370,12/23/2024 1:05:00 PM,1305,177,14,109,Oakland,1,True,True,D,BROADSIDE,,Monday,NotApplicable,False,,,False,True,False,ALAMEDA SUPERIOR COURT WILEY W. MANUEL COURTHOUSE,C,OTHER MOTOR VEHICLE,,1,0,A,DAYLIGHT,37.780895,-122.238657,,,,,A,NO PEDESTRIANS INVOLVED,12/23/2024 1:05:00 PM,A,VC 21658(a),False,1,INTERSTATE 880 S/B,,,1/14/2025 12:00:35 PM,B,N,1200.0,23RD AVE,F,,D,12/27/2024 10:26:08 AM,1/14/2025 12:00:37 PM,False,True,4,,12/23/2024 1:15:00 PM,1315,False,,,True
4517930,9370-2024-04117,1,False,9370,12/23/2024 4:05:00 AM,405,054,14,109,Oakland,1,True,True,E,HIT OBJECT,,Monday,NotApplicable,False,,,False,True,True,ALAMEDA SUPERIOR COURT WILEY W. MANUEL COURTHOUSE,J,OTHER OBJECT,MEDIAN WALL,0,0,D,DARK-NO STREET LIGHTS,37.810226,-122.2482,,,,,A,NO PEDESTRIANS INVOLVED,12/23/2024 4:05:00 AM,A,VC 23152(a),False,1,I-580 E/B,,,12/27/2024 9:55:44 AM,B,E,90.0,GRAND AVE,F,,D,12/27/2024 9:55:47 AM,12/27/2024 9:55:47 AM,False,True,4,,12/23/2024 4:11:00 AM,0411,False,,,True
4517884,24-059659,2,False,0109,12/4/2024 7:37:00 AM,737,19X,14,109,Oakland,1,True,True,G,VEHICLE/PEDESTRAIN,,Wednesday,,,M,,False,False,False,,B,PEDESTRIAN,,1,0,A,DAYLIGHT,,,,,,,B,CROSSING IN CROSS WALK AT INTERSECTION,,A,21950A,,1,20TH AV,1,,,A,,,FOOTHILL BL,,,A,12/27/2024 9:31:56 AM,1/28/2025 12:12:51 PM,,,2,,,,,,,
4517872,24-059251,2,False,0109,12/2/2024 11:51:00 AM,1151,30X,14,109,Oakland,1,True,True,D,BROADSIDE,,Monday,,,M,,False,False,False,,C,OTHER MOTOR VEHICLE,,1,0,A,DAYLIGHT,,,,,,,A,NO PEDESTRIANS INVOLVED,,A,21453A,,1,BANCROFT,2,,,A,,,INTERNATIONAL,,,A,12/27/2024 9:26:56 AM,1/28/2025 12:12:51 PM,,,2,,,,,,,
4517860,24-059638,2,False,0109,12/3/2024 11:40:00 PM,2340,32X,14,109,Oakland,1,True,True,D,BROADSIDE,,Tuesday,,,M,,False,False,True,,C,OTHER MOTOR VEHICLE,,1,0,C,DARK-STREET LIGHTS,,,,,,,A,NO PEDESTRIANS INVOLVED,,A,21453A,,1,98TH AV,2,,,A,,,LAWLOR ST,,,A,12/27/2024 9:21:56 AM,1/28/2025 12:12:51 PM,,,2,,,,,,,
4517794,9370-2024-04095,1,False,9370,12/21/2024 1:55:00 AM,155,176,14,109,Oakland,1,True,True,E,HIT OBJECT,,Saturday,NotApplicable,False,M,,False,True,False,ALAMEDA SUPERIOR COURT WILEY W. MANUEL COURTHOUSE,I,FIXED OBJECT,CONCRETE BARREIR WALL,0,0,D,DARK-NO STREET LIGHTS,37.77159,-122.223604,,,,,A,NO PEDESTRIANS INVOLVED,12/21/2024 1:55:00 AM,A,VC 22107,False,1,I-880 S/B,,,12/27/2024 8:38:54 AM,A,N,1530.0,HIGH ST,F,,D,12/27/2024 8:38:56 AM,12/27/2024 8:38:56 AM,False,True,4,,12/21/2024 1:59:00 AM,0159,False,,,True
4517766,24-046942,2,False,0109,9/18/2024 2:12:00 PM,1412,19X,14,109,Oakland,1,True,True,B,SIDE SWIPE,,Wednesday,,,,,False,False,True,,C,OTHER MOTOR VEHICLE,,0,0,A,DAYLIGHT,,,,,,,A,NO PEDESTRIANS INVOLVED,,A,23152A,,1,INTERNATIONAL BL,1,,,A,E,150.0,12TH AV,F,,D,12/27/2024 8:21:56 AM,1/28/2025 12:13:53 PM,,,2,,,,,,,