collision-id,report-number,report-version,is-preliminary,ncic-code,crash-date-time,crash-time-description,beat,city-id,city-code,city-name,county-code,city-is-active,city-is-incorporated,collision-type-code,collision-type-description,collision-type-other-desc,day-of-week,dispatch-notified,has-photographs,hit-run,is-attachments-mailed,is-deleted,is-highway-related,is-tow-away,judicial-district,motor-vehicle-involved-with-code,motor-vehicle-involved-with-desc,motor-vehicle-involved-with-other-desc,number-injured,number-killed,lighting-code,lighting-description,latitude,longitude,milepost-direction,milepost-distance,milepost-marker,milepost-unit-of-measure,pedestrian-action-code,pedestrian-action-desc,prepared-date,primary-collision-factor-code,primary-collision-factor-description,primary-collision-factor-is-cited,primary-collision-party-number,primary-road,reporting-district,reporting-district-code,reviewed-date,roadway-surface-code,secondary-direction,secondary-distance,secondary-road,secondary-unit-of-measure,sketch-desc,traffic-control-device-code,created-date,modified-date,is-county-road,is-freeway,chp-555-version,is-additonal-object-struck,notification-date,notification-time-description,has-digital-media-files,evidence-number,is-location-refer-to-narrative,is-aoi-one-same-as-location
4534959,24-048619,2,False,0109,9/28/2024 4:11:00 PM,1611,34X,14,109,Oakland,1,True,True,G,VEHICLE/PEDESTRAIN,,Saturday,,,M,,False,False,False,,C,OTHER MOTOR VEHICLE,,1,0,A,DAYLIGHT,,,,,,,E,IN ROAD - INCLUDES SHOULDER,,A,22106,,1,96TH AV,2,,,A,N,35.0,OLIVE ST,F,,D,1/13/2025 6:53:49 AM,1/28/2025 1:05:48 PM,,,2,,,,,,,
4534947,24-035043,2,False,0109,7/14/2024 5:05:00 AM,505,04X,14,109,Oakland,1,True,True,G,VEHICLE/PEDESTRAIN,,Sunday,,,F,,False,False,False,,B,PEDESTRIAN,,1,0,A,DAYLIGHT,,,,,,,C,CROSSING IN CROSS WALK - NOT AT INTERSECTION,,A,21950A,,1,21ST ST,1,,,A,S,10.0,SAN PABLO AV,F,,A,1/13/2025 6:48:49 AM,1/28/2025 12:12:29 PM,,,2,,,,,,,
4534946,24-046096,2,False,0109,9/14/2024 7:34:00 PM,1934,30X,14,109,Oakland,1,True,True,D,BROADSIDE,,Saturday,,,M,,False,False,False,,B,PEDESTRIAN,,1,0,B,DUSK-DAWN,,,,,,,B,CROSSING IN CROSS WALK AT INTERSECTION,,A,21802A,,1,77TH AV,2,,,A,,,BANCROFT AV,,,A,1/13/2025 6:48:49 AM,1/28/2025 1:05:48 PM,,,2,,,,,,,
4533753,24060194,2,False,0109,12/7/2024 10:40:00 AM,1040,29X,14,109,Oakland,1,True,True,D,BROADSIDE,,Saturday,,,,,False,False,False,,C,OTHER MOTOR VEHICLE,,0,0,A,DAYLIGHT,,,,,,,A,NO PEDESTRIANS INVOLVED,,D,,,,BANCROFT AV,2,,,A,W,130.0,HAVENSCOURT BL,F,,D,1/10/2025 4:18:42 PM,1/28/2025 12:14:16 PM,,,2,,,,,,,
4533719,24059091,2,False,0109,12/1/2024 10:20:00 AM,1020,26X,14,109,Oakland,1,True,True,C,REAR END,,Sunday,,,,,False,False,False,,C,OTHER MOTOR VEHICLE,,0,0,A,DAYLIGHT,,,,,,,A,NO PEDESTRIANS INVOLVED,,A,22350,,1,INTERNATIONAL BL,2,,,A,E,200.0,57TH AV,F,,D,1/10/2025 3:38:42 PM,1/28/2025 12:14:16 PM,,,2,,,,,,,
4533709,24062546,2,False,0109,12/22/2024 11:16:00 AM,1116,27X,14,109,Oakland,1,True,True,C,REAR END,,Sunday,,,,,False,False,False,,E,PARKED MOTOR VEHICLE,,0,0,C,DARK-STREET LIGHTS,,,,,,,A,NO PEDESTRIANS INVOLVED,,A,22350,,1,FOOTHILL BL,2,,,B,E,50.0,BELVEDERE ST,F,,D,1/10/2025 3:28:42 PM,1/28/2025 12:14:15 PM,,,2,,,,,,,
4533616,24-034090,2,False,0109,7/8/2024 3:00:00 PM,1500,07X,14,109,Oakland,1,True,True,B,SIDE SWIPE,,Monday,,,M,,False,False,False,,C,OTHER MOTOR VEHICLE,,1,0,A,DAYLIGHT,,,,,,,A,NO PEDESTRIANS INVOLVED,,A,21804A,,1,MARKET ST,1,,,A,N,260.0,WEST GRAND AV,F,,D,1/10/2025 2:18:42 PM,1/28/2025 1:05:41 PM,,,2,,,,,,,
4533605,24-034080,2,False,0109,7/8/2024 4:01:00 PM,1601,31Y,14,109,Oakland,1,True,True,D,BROADSIDE,,Monday,,,M,,False,False,False,,C,OTHER MOTOR VEHICLE,,1,0,A,DAYLIGHT,,,,,,,A,NO PEDESTRIANS INVOLVED,,A,22350,,2,98TH AV,2,,,A,S,300.0,KITTY LN,F,,D,1/10/2025 2:13:42 PM,1/28/2025 1:05:44 PM,,,2,,,,,,,
4533596,24-035952,2,False,0109,7/19/2024 12:00:00 PM,1200,18X,14,109,Oakland,1,True,True,D,BROADSIDE,,Friday,,,,,False,False,True,,C,OTHER MOTOR VEHICLE,,2,0,A,DAYLIGHT,,,,,,,A,NO PEDESTRIANS INVOLVED,,A,21802A,,1,FOOTHILL BL,1,,,A,,,21ST AV,,,A,1/10/2025 2:08:42 PM,1/28/2025 12:10:15 PM,,,2,,,,,,,
4533553,24-056604,2,False,0109,11/15/2024 9:05:00 AM,905,30X,14,109,Oakland,1,True,True,C,REAR END,,Friday,,,,,False,False,False,,I,FIXED OBJECT,,0,0,A,DAYLIGHT,,,,,,,A,NO PEDESTRIANS INVOLVED,,B,,,1,CHURCH ST,2,,,A,N,150.0,FRESNO ST,F,,D,1/10/2025 1:48:41 PM,1/28/2025 1:06:11 PM,,,2,,,,,,,
4533510,24-020099,2,False,0109,4/24/2024 12:30:00 AM,30,29X,14,109,Oakland,1,True,True,E,HIT OBJECT,,Wednesday,,,,,False,False,False,,J,OTHER OBJECT,,0,0,C,DARK-STREET LIGHTS,,,,,,,A,NO PEDESTRIANS INVOLVED,,B,,,1,NEY AV,2,,,A,W,7.0,73RD AV,F,,A,1/10/2025 1:28:40 PM,1/28/2025 1:06:12 PM,,,2,,,,,,,
4533499,24-041042,2,False,0109,8/15/2024 11:12:00 PM,2312,26Y,14,109,Oakland,1,True,True,B,SIDE SWIPE,,Thursday,,,M,,False,False,True,,E,PARKED MOTOR VEHICLE,,0,0,C,DARK-STREET LIGHTS,,,,,,,A,NO PEDESTRIANS INVOLVED,,A,23152A,,1,SAN LEANDRO ST,2,,,A,W,71.0,69TH AV,F,,D,1/10/2025 1:23:41 PM,1/28/2025 1:06:12 PM,,,2,,,,,,,
4533421,24-052662,2,False,0109,10/23/2024 2:08:00 AM,208,33X,14,109,Oakland,1,True,True,B,SIDE SWIPE,,Wednesday,,,M,,False,False,True,,E,PARKED MOTOR VEHICLE,,0,0,C,DARK-STREET LIGHTS,,,,,,,A,NO PEDESTRIANS INVOLVED,,A,22107,,1,D ST,2,,,A,W,78.0,90TH AV,F,,D,1/10/2025 12:48:39 PM,1/28/2025 1:05:48 PM,,,2,,,,,,,
4533380,24054163,2,False,0109,10/31/2024 7:52:00 AM,752,17X,14,109,Oakland,1,True,True,B,SIDE SWIPE,,Thursday,,,M,,False,False,False,,E,PARKED MOTOR VEHICLE,,0,0,A,DAYLIGHT,,,,,,,A,NO PEDESTRIANS INVOLVED,,A,22107,,1,PARK BL,1,,,B,N,50.0,E 21ST ST,F,,A,1/10/2025 12:28:39 PM,1/28/2025 1:05:45 PM,,,2,,,,,,,
4533379,24049762,2,False,0109,10/5/2024 10:06:00 PM,2206,30X,14,109,Oakland,1,True,True,B,SIDE SWIPE,,Saturday,,,M,,False,False,False,,E,PARKED MOTOR VEHICLE,,0,0,C,DARK-STREET LIGHTS,,,,,,,A,NO PEDESTRIANS INVOLVED,,A,22106,,1,FLORA ST,2,,,A,S,10.0,HAVENSCOURT BL,F,,D,1/10/2025 12:28:39 PM,1/28/2025 1:05:45 PM,,,2,,,,,,,
4533372,24052755,2,False,0109,10/23/2024 3:17:00 PM,1517,34X,14,109,Oakland,1,True,True,,,,Wednesday,,,,,False,False,False,,C,OTHER MOTOR VEHICLE,,0,0,A,DAYLIGHT,,,,,,,A,NO PEDESTRIANS INVOLVED,,A,21802A,,1,83RD AV,2,,,A,,,OLIVE ST,,,A,1/10/2025 12:23:39 PM,1/28/2025 1:05:45 PM,,,2,,,,,,,
4533367,24-043375,2,False,0109,8/30/2024 5:24:00 AM,524,26Y,14,109,Oakland,1,True,True,C,REAR END,,Friday,,,M,,False,False,False,,E,PARKED MOTOR VEHICLE,,0,0,C,DARK-STREET LIGHTS,,,,,,,A,NO PEDESTRIANS INVOLVED,,A,22107,,1,HAMILTON ST,2,,,A,E,15.0,73RD AV,F,,D,1/10/2025 12:23:39 PM,1/28/2025 1:05:48 PM,,,2,,,,,,,
4533365,24053520,2,False,0109,10/28/2024 6:55:00 AM,655,35X,14,109,Oakland,1,True,True,A,HEAD-ON,,Monday,,,,,False,False,False,,E,PARKED MOTOR VEHICLE,,0,0,B,DUSK-DAWN,,,,,,,A,NO PEDESTRIANS INVOLVED,,A,22107,,1,MURILLO AV,2,,,A,W,100.0,MIRASOL AV,F,,D,1/10/2025 12:18:39 PM,1/28/2025 1:05:45 PM,,,2,,,,,,,
4533364,24053882,2,False,0109,10/29/2024 9:59:00 PM,2159,19X,14,109,Oakland,1,True,True,A,HEAD-ON,,Tuesday,,,,,False,False,False,,E,PARKED MOTOR VEHICLE,,0,0,C,DARK-STREET LIGHTS,,,,,,,A,NO PEDESTRIANS INVOLVED,,A,21650,,1,E 10TH ST,1,,,A,E,300.0,5TH AV,F,,D,1/10/2025 12:18:39 PM,1/28/2025 1:05:45 PM,,,2,,,,,,,
4533362,24-040193,2,False,0109,8/12/2024 7:41:00 AM,741,07X,14,109,Oakland,1,True,True,D,BROADSIDE,,Monday,,,M,,False,False,False,,C,OTHER MOTOR VEHICLE,,0,0,A,DAYLIGHT,,,,,,,A,NO PEDESTRIANS INVOLVED,,A,22107,,1,MANDELA PKWY,1,,,A,,,34TH ST,,,D,1/10/2025 12:18:39 PM,1/28/2025 1:05:48 PM,,,2,,,,,,,
4533124,24-039185,2,False,0109,8/6/2024 10:23:00 PM,2223,30X,14,109,Oakland,1,True,True,B,SIDE SWIPE,,Tuesday,,,,,False,False,False,,E,PARKED MOTOR VEHICLE,,0,0,C,DARK-STREET LIGHTS,,,,,,,A,NO PEDESTRIANS INVOLVED,,A,23152A,,1,82ND AV,2,,,A,N,225.0,OLIVE ST,F,,D,1/10/2025 10:13:38 AM,1/28/2025 1:05:49 PM,,,2,,,,,,,
4533086,24-056079,2,False,0109,11/11/2024 7:34:00 PM,1934,35X,14,109,Oakland,1,True,True,B,SIDE SWIPE,,Monday,,,,,False,False,False,,C,OTHER MOTOR VEHICLE,,1,0,C,DARK-STREET LIGHTS,,,,,,,A,NO PEDESTRIANS INVOLVED,,A,21751,,1,90TH AV,2,,,A,,,BANCROFT AV,,,A,1/10/2025 9:53:38 AM,1/28/2025 1:06:08 PM,,,2,,,,,,,
4533077,24-058905,2,False,0109,11/30/2024 3:00:00 PM,1500,13X,14,109,Oakland,1,True,True,F,OVERTURNED,,Saturday,,,,,False,False,True,,A,NON-COLLISION,,1,0,D,DARK-NO STREET LIGHTS,,,,,,,A,NO PEDESTRIANS INVOLVED,,A,22350,,1,CLAREMONT AV,2,,,A,,,RISPIN DR,,,D,1/10/2025 9:48:38 AM,1/28/2025 1:06:08 PM,,,2,,,,,,,
4533066,24-055756,2,False,0109,11/9/2024 7:55:00 PM,1955,29X,14,109,Oakland,1,True,True,B,SIDE SWIPE,,Saturday,,,M,,False,False,False,,C,OTHER MOTOR VEHICLE,,0,0,C,DARK-STREET LIGHTS,,,,,,,A,NO PEDESTRIANS INVOLVED,,A,23152A,,1,64TH AV,2,,,A,S,30.0,FOOTHILL BL,F,,D,1/10/2025 9:43:38 AM,1/28/2025 1:05:41 PM,,,2,,,,,,,
4533064,24-058846,2,False,0109,11/29/2024 5:54:00 PM,1754,27X,14,109,Oakland,1,True,True,C,REAR END,,Friday,,,,,False,False,False,,E,PARKED MOTOR VEHICLE,,1,0,C,DARK-STREET LIGHTS,,,,,,,A,NO PEDESTRIANS INVOLVED,,A,22107,,1,HIGH ST,2,,,A,N,150.0,CARRINGTON ST,F,,A,1/10/2025 9:43:38 AM,1/28/2025 1:06:08 PM,,,2,,,,,,,
4533054,24-058711,2,False,0109,11/28/2024 4:24:00 PM,1624,31Z,14,109,Oakland,1,True,True,D,BROADSIDE,,Thursday,,,,,False,False,True,,C,OTHER MOTOR VEHICLE,,1,0,A,DAYLIGHT,,,,,,,A,NO PEDESTRIANS INVOLVED,,A,21802A,,1,105TH AV,2,,,A,,,PEARMAIN ST,,,A,1/10/2025 9:38:38 AM,1/28/2025 1:06:08 PM,,,2,,,,,,,
4533043,24-058625,2,False,0109,11/27/2024 10:27:00 PM,2227,06X,14,109,Oakland,1,True,True,G,VEHICLE/PEDESTRAIN,,Wednesday,,,M,,False,False,False,,B,PEDESTRIAN,,1,0,C,DARK-STREET LIGHTS,,,,,,,B,CROSSING IN CROSS WALK AT INTERSECTION,,A,21950A,,1,40TH ST,1,,,A,,,YERBA BUENA AV,,,D,1/10/2025 9:33:38 AM,1/28/2025 1:06:08 PM,,,2,,,,,,,
4533035,24-058594,2,False,0109,11/27/2024 4:22:00 PM,1622,05X,14,109,Oakland,1,True,True,G,VEHICLE/PEDESTRAIN,,Wednesday,,,M,,False,False,False,,,,,1,0,B,DUSK-DAWN,,,,,,,B,CROSSING IN CROSS WALK AT INTERSECTION,,A,21950A,,1,MARKET ST,1,,,A,,,18TH ST,,,A,1/10/2025 9:28:38 AM,1/28/2025 1:06:08 PM,,,2,,,,,,,
4533019,24-058285,2,False,0109,11/25/2024 6:33:00 PM,1833,10X,14,109,Oakland,1,True,True,D,BROADSIDE,,Monday,,,,,False,False,False,,C,OTHER MOTOR VEHICLE,,1,0,C,DARK-STREET LIGHTS,,,,,,,A,NO PEDESTRIANS INVOLVED,,A,21453A,,1,55TH ST,1,,,B,,,MARKET ST,,,A,1/10/2025 9:23:38 AM,1/28/2025 1:06:08 PM,,,2,,,,,,,
4533018,24-052851,2,False,0109,10/24/2024 7:15:00 AM,715,02X,14,109,Oakland,1,True,True,B,SIDE SWIPE,,Thursday,,,,,False,False,False,,C,OTHER MOTOR VEHICLE,,0,0,B,DUSK-DAWN,,,,,,,A,NO PEDESTRIANS INVOLVED,,A,22350,,1,7TH ST,1,,,A,S,0.5,MARITIME ST,M,,D,1/10/2025 9:23:38 AM,1/28/2025 1:05:44 PM,,,2,,,,,,,
4533008,24-051389,2,False,0109,10/15/2024 7:26:00 PM,1926,20X,14,109,Oakland,1,True,True,B,SIDE SWIPE,,Tuesday,,,M,,False,False,False,,E,PARKED MOTOR VEHICLE,,0,0,B,DUSK-DAWN,,,,,,,A,NO PEDESTRIANS INVOLVED,,A,22107,,1,23RD AV,2,,,A,N,150.0,INTERNATIONAL BL,F,,D,1/10/2025 9:18:38 AM,1/28/2025 1:05:44 PM,,,2,,,,,,,
4533006,24-057562,2,False,0109,11/20/2024 10:37:00 PM,2237,13X,14,109,Oakland,1,True,True,F,OVERTURNED,,Wednesday,,,,,False,False,False,,,,,1,0,C,DARK-STREET LIGHTS,,,,,,,A,NO PEDESTRIANS INVOLVED,,A,22350,,1,PINEHAVEN RD,1,,,B,E,250.0,BROADWAY TR,F,,D,1/10/2025 9:18:38 AM,1/28/2025 1:06:08 PM,,,2,,,,,,,
4532929,24-034514,2,False,0109,7/1/2024 11:39:00 PM,2339,19X,14,109,Oakland,1,True,True,D,BROADSIDE,,Monday,,,,,False,False,True,,C,OTHER MOTOR VEHICLE,,1,0,C,DARK-STREET LIGHTS,,,,,,,A,NO PEDESTRIANS INVOLVED,,A,21802A,,1,15TH AV,1,,,A,,,INTERNATIONAL BL,,,C,1/10/2025 8:53:38 AM,1/28/2025 12:12:29 PM,,,2,,,,,,,
4532871,24-034105,2,False,0109,7/27/2024 5:58:00 PM,1758,24X,14,109,Oakland,1,True,True,D,BROADSIDE,,Saturday,,,M,,False,False,False,,C,OTHER MOTOR VEHICLE,,1,0,A,DAYLIGHT,,,,,,,A,NO PEDESTRIANS INVOLVED,,A,22450A,,1,35TH AV,2,,,A,,,DAVIS ST,,,A,1/10/2025 8:33:37 AM,1/28/2025 1:05:46 PM,,,2,,,,,,,
4532857,24-036160,2,False,0109,7/20/2024 4:40:00 PM,1640,26Y,14,109,Oakland,1,True,True,C,REAR END,,Saturday,,,M,,False,False,False,,B,PEDESTRIAN,,1,0,A,DAYLIGHT,,,,,,,E,IN ROAD - INCLUDES SHOULDER,,A,22107,,1,71ST AV,2,,,A,,,72ND AV,,,D,1/10/2025 8:28:37 AM,1/28/2025 1:05:46 PM,,,2,,,,,,,
4532846,24-034458,2,False,0109,7/10/2024 4:11:00 PM,1611,33X,14,109,Oakland,1,True,True,D,BROADSIDE,,Wednesday,,,,,False,False,False,,,,,1,0,A,DAYLIGHT,,,,,,,A,NO PEDESTRIANS INVOLVED,,A,22107,,1,INTERNATIONAL BL,2,,,A,W,180.0,84TH AV,F,,A,1/10/2025 8:23:37 AM,1/28/2025 1:05:46 PM,,,2,,,,,,,
4532771,24-040585,2,False,0109,8/14/2024 11:25:00 AM,1125,23X,14,109,Oakland,1,True,True,B,SIDE SWIPE,,Wednesday,,,,,False,False,False,,E,PARKED MOTOR VEHICLE,,0,0,A,DAYLIGHT,,,,,,,A,NO PEDESTRIANS INVOLVED,,B,,,1,INTERNATIONAL BL,2,,,A,W,156.0,37TH AV,F,,A,1/10/2025 7:43:37 AM,1/28/2025 1:05:41 PM,,,2,,,,,,,
4532684,24-034066,2,False,0109,7/8/2024 2:31:00 PM,1431,02X,14,109,Oakland,1,True,True,B,SIDE SWIPE,,Monday,,,,,False,False,False,,C,OTHER MOTOR VEHICLE,,3,0,A,DAYLIGHT,,,,,,,A,NO PEDESTRIANS INVOLVED,,A,21453A,,1,5TH ST,1,,,A,,,CASTRO ST,,,A,1/10/2025 6:58:37 AM,1/28/2025 1:05:46 PM,,,2,,,,,,,
4532667,24-033878,2,False,0109,7/7/2024 1:45:00 PM,1345,31X,14,109,Oakland,1,True,True,B,SIDE SWIPE,,Sunday,,,,,False,False,False,,C,OTHER MOTOR VEHICLE,,1,0,A,DAYLIGHT,,,,,,,A,NO PEDESTRIANS INVOLVED,,A,21804A,,1,BALDWIN ST,2,,,A,E,20.0,HEGENBERGER RD,F,,D,1/10/2025 6:48:37 AM,1/28/2025 1:05:46 PM,,,2,,,,,,,
4532656,24-033820,2,False,0109,7/7/2024 2:30:00 AM,230,32X,14,109,Oakland,1,True,True,D,BROADSIDE,,Sunday,,,,,False,False,False,,C,OTHER MOTOR VEHICLE,,1,0,C,DARK-STREET LIGHTS,,,,,,,A,NO PEDESTRIANS INVOLVED,,A,21802A,,1,98TH AV,2,,,A,N,15.0,THERMAL ST,F,,A,1/10/2025 6:43:37 AM,1/28/2025 1:05:46 PM,,,2,,,,,,,
4532599,9370-2024-04193,1,False,9370,12/29/2024 8:50:00 PM,2050,176,14,109,Oakland,1,True,True,E,HIT OBJECT,,Sunday,NotApplicable,False,,,False,True,False,ALAMEDA SUPERIOR COURT WILEY W. MANUEL COURTHOUSE,J,OTHER OBJECT,UNKNOWN DEBRI,0,0,C,DARK-STREET LIGHTS,37.759031,-122.212729,,,,,A,NO PEDESTRIANS INVOLVED,12/29/2024 8:50:00 PM,C,,,,I-880 S/B,,,1/10/2025 5:58:55 AM,A,N,750.0,66TH AVE,F,,D,1/10/2025 5:58:56 AM,1/10/2025 5:58:56 AM,False,True,4,,12/29/2024 8:55:00 PM,2055,False,,,True
4532063,24-027351,2,False,0109,6/2/2024 7:16:00 PM,1916,17X,14,109,Oakland,1,True,True,B,SIDE SWIPE,,Sunday,,,,,False,False,True,,C,OTHER MOTOR VEHICLE,,2,0,A,DAYLIGHT,,,,,,,A,NO PEDESTRIANS INVOLVED,,A,22106,,1,E 18TH ST,1,,,A,E,20.0,5TH AV,F,,A,1/9/2025 2:08:35 PM,1/28/2025 12:12:28 PM,,,2,,,,,,,
4532032,24-055033,2,False,0109,11/5/2024 9:51:00 PM,2151,23X,14,109,Oakland,1,True,True,C,REAR END,,Tuesday,,,M,,False,False,False,,E,PARKED MOTOR VEHICLE,,0,0,B,DUSK-DAWN,,,,,,,A,NO PEDESTRIANS INVOLVED,,A,22107,,1,37TH AV,2,,,A,N,15.0,E 16TH ST,F,,D,1/9/2025 1:58:34 PM,1/28/2025 12:13:59 PM,,,2,,,,,,,
4531978,24-057797,2,False,0109,11/22/2024 2:11:00 PM,1411,04X,14,109,Oakland,1,True,True,G,VEHICLE/PEDESTRAIN,,Friday,,,,,False,False,False,,B,PEDESTRIAN,,1,0,A,DAYLIGHT,,,,,,,B,CROSSING IN CROSS WALK AT INTERSECTION,,A,21950A,,1,17TH ST,1,,,B,,,HARRISON ST,,,A,1/9/2025 1:33:33 PM,1/28/2025 11:44:38 AM,,,2,,,,,,,
4531915,9370-2024-04187,1,False,9370,12/28/2024 12:10:00 PM,1210,055,14,109,Oakland,1,True,True,E,HIT OBJECT,,Saturday,NotApplicable,False,,,False,True,False,ALAMEDA SUPERIOR COURT WILEY W. MANUEL COURTHOUSE,I,FIXED OBJECT,BUSHES,0,0,A,DAYLIGHT,37.822913,-122.264044,,,,,A,NO PEDESTRIANS INVOLVED,12/28/2024 12:10:00 PM,A,VC 22350,False,1,I-580 E/B TO WEBSTER STREET,,,1/9/2025 1:07:47 PM,B,E,591.0,WEBSTER STREET,F,,D,1/9/2025 1:07:49 PM,1/9/2025 1:07:49 PM,False,True,4,,12/28/2024 12:28:00 PM,1228,False,,,True
4531871,24-054046,2,False,0109,10/30/2024 5:19:00 PM,1719,18X,14,109,Oakland,1,True,True,A,HEAD-ON,,Wednesday,,,,,False,False,False,,C,OTHER MOTOR VEHICLE,,1,0,A,DAYLIGHT,,,,,,,A,NO PEDESTRIANS INVOLVED,,A,21453A,,,14TH AV,1,,,A,,,21ST ST,,,A,1/9/2025 12:48:33 PM,1/28/2025 1:06:09 PM,,,2,,,,,,,
4531850,24-053347,2,False,0109,10/26/2024 9:52:00 PM,2152,35X,14,109,Oakland,1,True,True,A,HEAD-ON,,Saturday,,,,,False,False,False,,I,FIXED OBJECT,,2,0,C,DARK-STREET LIGHTS,,,,,,,A,NO PEDESTRIANS INVOLVED,,A,22350,,1,MACARTHUR BL,2,,,A,E,75.0,84TH AV,F,,D,1/9/2025 12:38:33 PM,1/28/2025 1:06:09 PM,,,2,,,,,,,
4531828,24-053724,2,False,0109,10/29/2024 6:05:00 AM,605,32X,14,109,Oakland,1,True,True,A,HEAD-ON,,Tuesday,,,F,,False,False,False,,B,PEDESTRIAN,,1,0,C,DARK-STREET LIGHTS,,,,,,,B,CROSSING IN CROSS WALK AT INTERSECTION,,A,21955,,1,98TH AV,2,,,A,S,10.0,INTERNATIONAL BL,F,,A,1/9/2025 12:28:32 PM,1/28/2025 1:06:09 PM,,,2,,,,,,,
4531809,24-052854,2,False,0109,10/24/2024 7:42:00 AM,742,30X,14,109,Oakland,1,True,True,A,HEAD-ON,,Thursday,,,,,False,False,False,,J,OTHER OBJECT,,1,0,A,DAYLIGHT,,,,,,,A,NO PEDESTRIANS INVOLVED,,A,22107,,1,73RD AV,1,,,A,S,100.0,MACARTHUR BL,F,,D,1/9/2025 12:18:32 PM,1/28/2025 1:06:09 PM,,,2,,,,,,,
4531808,24-050312,2,False,0109,10/9/2024 10:14:00 AM,1014,23X,14,109,Oakland,1,True,True,B,SIDE SWIPE,,Wednesday,,,M,,False,False,False,,C,OTHER MOTOR VEHICLE,,1,0,A,DAYLIGHT,,,,,,,A,NO PEDESTRIANS INVOLVED,,A,22107,,2,INTERNATIONAL BL,2,,,A,W,25.0,42ND AV,F,,A,1/9/2025 12:18:32 PM,1/28/2025 1:06:09 PM,,,2,,,,,,,
4531789,24060565,2,False,0109,12/10/2024 11:15:00 PM,2315,13X,14,109,Oakland,1,True,True,A,HEAD-ON,,Tuesday,,,,,False,False,False,,C,OTHER MOTOR VEHICLE,,0,0,D,DARK-NO STREET LIGHTS,,,,,,,A,NO PEDESTRIANS INVOLVED,,A,22350,,1,MORLEY DR,1,,,A,S,1000.0,ASCOT DR,F,,D,1/9/2025 12:03:32 PM,1/28/2025 1:05:46 PM,,,2,,,,,,,
4531756,9320-2024-04548,1,False,9320,12/22/2024 2:27:00 PM,1427,904,14,109,Oakland,1,True,True,B,SIDE SWIPE,,Sunday,NotApplicable,False,M,,False,True,False,ALAMEDA SUPERIOR COURT WILEY W. MANUEL COURTHOUSE,C,OTHER MOTOR VEHICLE,,0,0,A,DAYLIGHT,37.854073,-122.220329,,,,,A,NO PEDESTRIANS INVOLVED,12/22/2024 2:27:00 PM,A,VC 23152(a),True,1,SR-24 EB,,,1/9/2025 11:38:05 AM,A,E,0.5,SR-13,M,,A,1/9/2025 11:38:11 AM,1/9/2025 11:38:11 AM,False,True,4,,12/22/2024 2:41:00 PM,1441,True,EMBEDDED,,True
4531741,24061408,2,False,0109,12/15/2024 1:01:00 PM,1301,34X,14,109,Oakland,1,True,True,B,SIDE SWIPE,,Sunday,,,,,False,False,True,,C,OTHER MOTOR VEHICLE,,0,0,A,DAYLIGHT,,,,,,,A,NO PEDESTRIANS INVOLVED,,A,21651A,,1,98TH AV,2,,,A,,,WALNUT ST,,,D,1/9/2025 11:28:32 AM,1/28/2025 1:05:46 PM,,,2,,,,,,,
4531724,24-030907,2,False,0109,6/21/2024 7:14:00 PM,1914,23X,14,109,Oakland,1,True,True,B,SIDE SWIPE,,Friday,,,,,False,False,False,,C,OTHER MOTOR VEHICLE,,2,0,A,DAYLIGHT,,,,,,,E,IN ROAD - INCLUDES SHOULDER,,A,22350,,1,INTERNATIONAL BL,2,,,A,E,100.0,35TH AV,F,,A,1/9/2025 11:18:32 AM,1/28/2025 12:12:56 PM,,,2,,,,,,,
4531705,24061440,2,False,0109,12/15/2024 5:17:00 PM,1717,03X,14,109,Oakland,1,True,True,D,BROADSIDE,,Sunday,,,M,,False,False,False,,C,OTHER MOTOR VEHICLE,,0,0,C,DARK-STREET LIGHTS,,,,,,,A,NO PEDESTRIANS INVOLVED,,A,22450A,,1,12TH ST,1,,,A,,,JACKSON ST,,,A,1/9/2025 11:08:32 AM,1/28/2025 1:05:47 PM,,,2,,,,,,,
4531690,24059949,3,False,0109,12/6/2024 4:36:00 AM,436,19X,14,109,Oakland,1,True,True,B,SIDE SWIPE,,Friday,,,,,False,False,False,,E,PARKED MOTOR VEHICLE,,0,0,C,DARK-STREET LIGHTS,,,,,,,A,NO PEDESTRIANS INVOLVED,,A,22107,,1,INTERNATIONAL BL,1,,,A,W,50.0,20TH AV,F,,D,1/9/2025 11:03:32 AM,1/28/2025 1:05:46 PM,,,2,,,,,,,
4531677,24060843,2,False,0109,12/11/2024 5:15:00 PM,1715,08X,14,109,Oakland,1,True,True,B,SIDE SWIPE,,Wednesday,,,M,,False,False,False,,C,OTHER MOTOR VEHICLE,,0,0,C,DARK-STREET LIGHTS,,,,,,,A,NO PEDESTRIANS INVOLVED,,A,22350,,1,25TH ST,1,,,A,,,TELEGRAPH AV,,,A,1/9/2025 10:58:32 AM,1/28/2025 1:05:46 PM,,,2,,,,,,,
4531675,24062094,2,False,0109,12/19/2024 10:43:00 PM,2243,21X,14,109,Oakland,1,True,True,B,SIDE SWIPE,,Thursday,,,F,,False,False,True,,E,PARKED MOTOR VEHICLE,,0,0,C,DARK-STREET LIGHTS,,,,,,,A,NO PEDESTRIANS INVOLVED,,A,22107,,1,25TH AV,2,,,A,N,250.0,E 24TH ST,F,,D,1/9/2025 10:58:32 AM,1/28/2025 1:05:46 PM,,,2,,,,,,,
4531673,24-056689,2,False,0109,11/15/2024 7:02:00 PM,1902,01X,14,109,Oakland,1,True,True,B,SIDE SWIPE,,Friday,,,,,False,False,False,,C,OTHER MOTOR VEHICLE,,1,0,C,DARK-STREET LIGHTS,,,,,,,A,NO PEDESTRIANS INVOLVED,,A,21453A,,1,6TH ST,1,,,A,,,MADISON ST,,,A,1/9/2025 10:58:32 AM,1/28/2025 1:05:46 PM,,,2,,,,,,,
4531660,24-057866,2,False,0109,11/23/2024 2:17:00 AM,217,08X,14,109,Oakland,1,True,True,A,HEAD-ON,,Saturday,,,,,False,False,False,,B,PEDESTRIAN,,1,0,D,DARK-NO STREET LIGHTS,,,,,,,C,CROSSING IN CROSS WALK - NOT AT INTERSECTION,,A,21955,,1,TELEGRAPH AV,1,,,B,N,40.0,23RD ST,F,,A,1/9/2025 10:53:31 AM,1/28/2025 1:05:46 PM,,,2,,,,,,,