collision-id,report-number,report-version,is-preliminary,ncic-code,crash-date-time,crash-time-description,beat,city-id,city-code,city-name,county-code,city-is-active,city-is-incorporated,collision-type-code,collision-type-description,collision-type-other-desc,day-of-week,dispatch-notified,has-photographs,hit-run,is-attachments-mailed,is-deleted,is-highway-related,is-tow-away,judicial-district,motor-vehicle-involved-with-code,motor-vehicle-involved-with-desc,motor-vehicle-involved-with-other-desc,number-injured,number-killed,lighting-code,lighting-description,latitude,longitude,milepost-direction,milepost-distance,milepost-marker,milepost-unit-of-measure,pedestrian-action-code,pedestrian-action-desc,prepared-date,primary-collision-factor-code,primary-collision-factor-description,primary-collision-factor-is-cited,primary-collision-party-number,primary-road,reporting-district,reporting-district-code,reviewed-date,roadway-surface-code,secondary-direction,secondary-distance,secondary-road,secondary-unit-of-measure,sketch-desc,traffic-control-device-code,created-date,modified-date,is-county-road,is-freeway,chp-555-version,is-additonal-object-struck,notification-date,notification-time-description,has-digital-media-files,evidence-number,is-location-refer-to-narrative,is-aoi-one-same-as-location
4531606,24-028021,2,False,0109,6/6/2024 1:55:00 PM,1355,33X,14,109,Oakland,1,True,True,D,BROADSIDE,,Thursday,,,,,False,False,False,,C,OTHER MOTOR VEHICLE,,3,0,A,DAYLIGHT,,,,,,,A,NO PEDESTRIANS INVOLVED,,A,21453A,,1,INTERNATIONAL BL,2,,,A,,,92ND AV,,,A,1/9/2025 10:28:31 AM,1/28/2025 12:10:16 PM,,,2,,,,,,,
4531572,24-027709,2,False,0109,6/5/2024 8:14:00 PM,2014,30Y,14,109,Oakland,1,True,True,B,SIDE SWIPE,,Wednesday,,,,,False,False,False,,C,OTHER MOTOR VEHICLE,,1,0,B,DUSK-DAWN,,,,,,,A,NO PEDESTRIANS INVOLVED,,A,22107,,1,68TH AV,2,,,A,,,FOOTHILL BL,,,A,1/9/2025 10:13:31 AM,1/28/2025 1:05:46 PM,,,2,,,,,,,
4531571,24060360,2,False,0109,12/8/2024 12:27:00 PM,1227,27X,14,109,Oakland,1,True,True,B,SIDE SWIPE,,Sunday,,,F,,False,False,False,,E,PARKED MOTOR VEHICLE,,0,0,A,DAYLIGHT,,,,,,,A,NO PEDESTRIANS INVOLVED,,A,22350,,1,47TH AV,2,,,A,N,50.0,FOOTHILL BL,F,,A,1/9/2025 10:13:31 AM,1/28/2025 1:05:46 PM,,,2,,,,,,,
4531569,24-047443,2,False,0109,9/21/2024 5:33:00 PM,1733,23X,14,109,Oakland,1,True,True,A,HEAD-ON,,Saturday,,,,,False,False,False,,B,PEDESTRIAN,,1,0,A,DAYLIGHT,,,,,,,E,IN ROAD - INCLUDES SHOULDER,,A,21950A,,1,HIGH ST,2,,,A,,,COLISEUM WY,,,A,1/9/2025 10:13:31 AM,1/28/2025 1:06:10 PM,,,2,,,,,,,
4531555,22-029159,2,False,0109,6/26/2024 7:30:00 PM,1930,29X,14,109,Oakland,1,True,True,F,OVERTURNED,,Wednesday,,,F,,False,False,True,,C,OTHER MOTOR VEHICLE,,1,0,A,DAYLIGHT,,,,,,,A,NO PEDESTRIANS INVOLVED,,A,22107,,1,62ND AV,2,,,A,N,100.0,FOOTHILL BL,F,,D,1/9/2025 10:08:31 AM,1/28/2025 1:05:46 PM,,,2,,,,,,,
4531547,24-028610,2,False,0109,6/10/2024 4:17:00 AM,417,02Y,14,109,Oakland,1,True,True,B,SIDE SWIPE,,Monday,,,M,,False,False,False,,G,BICYCLE,,1,0,C,DARK-STREET LIGHTS,,,,,,,A,NO PEDESTRIANS INVOLVED,,A,22107,,1,12TH ST,1,,,A,,,MARTIN LUTHER KING JR WY,,,A,1/9/2025 10:03:31 AM,1/28/2025 1:05:46 PM,,,2,,,,,,,
4531534,24-030944,2,False,0109,6/22/2024 2:01:00 AM,201,03X,14,109,Oakland,1,True,True,C,REAR END,,Saturday,,,,,False,False,True,,C,OTHER MOTOR VEHICLE,,2,0,C,DARK-STREET LIGHTS,,,,,,,A,NO PEDESTRIANS INVOLVED,,A,22350,,1,7TH ST,1,,,A,S,25.0,HARRISON ST,F,,A,1/9/2025 9:58:31 AM,1/28/2025 1:05:46 PM,,,2,,,,,,,
4531519,24-055011,2,False,0109,11/5/2024 3:57:00 PM,1557,15X,14,109,Oakland,1,True,True,G,VEHICLE/PEDESTRAIN,,Tuesday,,,,,False,False,False,,B,PEDESTRIAN,,1,0,A,DAYLIGHT,,,,,,,B,CROSSING IN CROSS WALK AT INTERSECTION,,A,21950A,,1,PARK BL,1,,,A,,,MCKINLEY AV,,,A,1/9/2025 9:48:31 AM,1/28/2025 1:05:46 PM,,,2,,,,,,,
4531508,24-055715,2,False,0109,11/9/2024 3:06:00 PM,1506,32X,14,109,Oakland,1,True,True,D,BROADSIDE,,Saturday,,,F,,False,False,False,,C,OTHER MOTOR VEHICLE,,1,0,A,DAYLIGHT,,,,,,,A,NO PEDESTRIANS INVOLVED,,A,22107,,1,E ST,2,,,A,E,2.0,98TH AV,F,,A,1/9/2025 9:43:31 AM,1/28/2025 1:05:46 PM,,,2,,,,,,,
4531499,24-057102,2,False,0109,11/18/2024 6:57:00 PM,1857,32Y,14,109,Oakland,1,True,True,B,SIDE SWIPE,,Monday,,,,,False,False,False,,C,OTHER MOTOR VEHICLE,,0,0,C,DARK-STREET LIGHTS,,,,,,,A,NO PEDESTRIANS INVOLVED,,D,,,,MACARTHUR BL,2,,,A,W,40.0,FISHER AV,F,,D,1/9/2025 9:38:31 AM,1/28/2025 1:05:45 PM,,,2,,,,,,,
4531496,24-055547,2,False,0109,11/8/2024 1:00:00 PM,1300,02X,14,109,Oakland,1,True,True,D,BROADSIDE,,Friday,,,,,False,False,False,,C,OTHER MOTOR VEHICLE,,1,0,A,DAYLIGHT,,,,,,,A,NO PEDESTRIANS INVOLVED,,A,21802A,,1,3RD ST,1,,,A,,,MARKET ST,,,D,1/9/2025 9:38:31 AM,1/28/2025 1:05:46 PM,,,2,,,,,,,
4531481,24-055563,2,False,0109,11/8/2024 2:30:00 PM,1430,03X,14,109,Oakland,1,True,True,G,VEHICLE/PEDESTRAIN,,Friday,,,,,False,False,False,,B,PEDESTRIAN,,1,0,A,DAYLIGHT,,,,,,,B,CROSSING IN CROSS WALK AT INTERSECTION,,A,21950A,,1,OAK ST,1,,,A,,,8TH ST,,,A,1/9/2025 9:28:30 AM,1/28/2025 1:05:46 PM,,,2,,,,,,,
4531480,24-056873,2,False,0109,11/17/2024 12:49:00 AM,49,22X,14,109,Oakland,1,True,True,E,HIT OBJECT,,Sunday,,,M,,False,False,False,,I,FIXED OBJECT,,0,0,C,DARK-STREET LIGHTS,,,,,,,A,NO PEDESTRIANS INVOLVED,,A,22107,,1,35TH AV,2,,,A,N,2.0,JORDAN RD,F,,D,1/9/2025 9:28:30 AM,1/28/2025 1:05:45 PM,,,2,,,,,,,
4531477,24-057909,2,False,0109,11/23/2024 11:18:00 AM,1118,34X,14,109,Oakland,1,True,True,A,HEAD-ON,,Saturday,,,M,,False,False,False,,B,PEDESTRIAN,,2,0,A,DAYLIGHT,,,,,,,C,CROSSING IN CROSS WALK - NOT AT INTERSECTION,,A,21950A,,1,SUNNYSIDE ST,2,,,A,E,1.0,96TH AV,F,,A,1/9/2025 9:28:30 AM,1/28/2025 1:05:46 PM,,,2,,,,,,,
4531458,24-044789,2,False,0109,9/7/2024 5:33:00 PM,1733,09X,14,109,Oakland,1,True,True,D,BROADSIDE,,Saturday,,,,,False,False,False,,C,OTHER MOTOR VEHICLE,,1,0,A,DAYLIGHT,,,,,,,A,NO PEDESTRIANS INVOLVED,,A,21453A,,1,PIEDMONT AV,1,,,A,,,PLEASANT VALLEY AV,,,A,1/9/2025 9:23:30 AM,1/28/2025 1:06:10 PM,,,2,,,,,,,
4531445,24-057345,2,False,0109,11/19/2024 5:08:00 PM,1708,03X,14,109,Oakland,1,True,True,H,OTHER,,Tuesday,,,M,,False,False,True,,I,FIXED OBJECT,,0,0,B,DUSK-DAWN,,,,,,,A,NO PEDESTRIANS INVOLVED,,A,22350,,1,8TH ST,2,,,A,E,30.0,CASTRO ST,F,,A,1/9/2025 9:18:30 AM,1/28/2025 1:05:45 PM,,,2,,,,,,,
4531438,24-040292,3,False,0109,8/12/2024 4:40:00 PM,1640,34X,14,109,Oakland,1,True,True,D,BROADSIDE,,Monday,,,M,,False,False,False,,C,OTHER MOTOR VEHICLE,,0,0,A,DAYLIGHT,,,,,,,A,NO PEDESTRIANS INVOLVED,,A,22450A,,1,85TH AV,2,,,A,,,HOLLY ST,,,A,1/9/2025 9:13:30 AM,1/28/2025 1:05:54 PM,,,2,,,,,,,
4531381,9370-2024-04214,1,False,9370,12/31/2024 7:10:00 PM,1910,177,14,109,Oakland,1,True,True,B,SIDE SWIPE,,Tuesday,Yes,False,M,,False,True,False,ALAMEDA SUPERIOR COURT WILEY W. MANUEL COURTHOUSE,C,OTHER MOTOR VEHICLE,,0,0,C,DARK-STREET LIGHTS,37.795102,-122.266186,,,,,A,NO PEDESTRIANS INVOLVED,12/31/2024 7:10:00 PM,A,VC 23152(a),True,1,I-880 N/B,,,1/9/2025 8:51:57 AM,A,S,74.0,OAK STREET,F,,D,1/9/2025 8:51:59 AM,1/9/2025 8:51:59 AM,False,True,4,,12/31/2024 7:30:00 PM,1930,False,,,True
4531363,9370-2024-04212,1,False,9370,12/31/2024 6:53:00 PM,1853,052,14,109,Oakland,1,True,True,E,HIT OBJECT,,Tuesday,NotApplicable,False,,,False,True,False,ALAMEDA SUPERIOR COURT WILEY W. MANUEL COURTHOUSE,I,FIXED OBJECT,METAL RAILING,0,0,C,DARK-STREET LIGHTS,37.752619,-122.151965,,,,,A,NO PEDESTRIANS INVOLVED,12/31/2024 6:53:00 PM,A,VC 22107,False,1,I-580 W/B,,,1/9/2025 8:44:23 AM,A,E,426.0,GOLF LINKS RD,F,,D,1/9/2025 8:44:25 AM,1/9/2025 8:44:25 AM,False,True,4,,12/31/2024 6:54:00 PM,1854,False,,,True
4531350,24-048262,2,False,0109,9/26/2024 4:30:00 PM,1630,30X,14,109,Oakland,1,True,True,A,HEAD-ON,,Thursday,,,,,False,False,False,,C,OTHER MOTOR VEHICLE,,3,0,A,DAYLIGHT,,,,,,,A,NO PEDESTRIANS INVOLVED,,A,22450A,,1,73RD,2,,,A,,,HOLLY ST,,,A,1/9/2025 8:38:29 AM,1/28/2025 1:06:10 PM,,,2,,,,,,,
4531341,9370-2024-04220,1,False,9370,12/31/2024 2:10:00 PM,1410,008,14,109,Oakland,1,True,True,C,REAR END,,Tuesday,NotApplicable,False,M,,False,True,False,ALAMEDA SUPERIOR COURT WILEY W. MANUEL COURTHOUSE,C,OTHER MOTOR VEHICLE,,0,0,A,DAYLIGHT,37.824745,-122.31168,,,,,A,NO PEDESTRIANS INVOLVED,12/31/2024 2:10:00 PM,A,VC 21658(A),False,1,I-80 W/B,,,1/9/2025 8:37:35 AM,A,E,600.0,SFOBB TOLL PLAZA,F,,A,1/9/2025 8:37:37 AM,1/9/2025 8:37:37 AM,False,True,4,,12/31/2024 2:20:00 PM,1420,False,,,True
4531332,24-044058,2,False,0109,9/4/2024 2:05:00 PM,1405,02Y,14,109,Oakland,1,True,True,C,REAR END,,Wednesday,,,M,,False,False,False,,C,OTHER MOTOR VEHICLE,,1,0,A,DAYLIGHT,,,,,,,A,NO PEDESTRIANS INVOLVED,,A,22350,,1,7TH ST,1,,,A,,,FRONTAGE RD,,,D,1/9/2025 8:33:29 AM,1/28/2025 1:06:10 PM,,,2,,,,,,,
4531325,24-060226,2,False,0109,12/7/2024 2:07:00 PM,1407,32X,14,109,Oakland,1,True,True,C,REAR END,,Saturday,,,M,,False,False,False,,C,OTHER MOTOR VEHICLE,,2,0,A,DAYLIGHT,,,,,,,A,NO PEDESTRIANS INVOLVED,,A,22107,,1,98TH AV,2,,,A,,,BIRCH ST,,,A,1/9/2025 8:33:29 AM,1/28/2025 12:14:01 PM,,,2,,,,,,,
4531319,24-043203,2,False,0109,8/29/2024 5:30:00 AM,530,34X,14,109,Oakland,1,True,True,A,HEAD-ON,,Thursday,,,,,False,False,True,,C,OTHER MOTOR VEHICLE,,2,0,C,DARK-STREET LIGHTS,,,,,,,A,NO PEDESTRIANS INVOLVED,,A,21802A,,1,96TH AV,2,,,A,,,BANCROFT AV,,,D,1/9/2025 8:28:29 AM,1/28/2025 1:06:10 PM,,,2,,,,,,,
4531313,24-059303,2,False,0109,12/2/2024 5:55:00 PM,1755,34X,14,109,Oakland,1,True,True,D,BROADSIDE,,Monday,,,M,,False,False,False,,C,OTHER MOTOR VEHICLE,,1,0,C,DARK-STREET LIGHTS,,,,,,,A,NO PEDESTRIANS INVOLVED,,A,21801A,,1,BANCROFT AV,2,,,A,,,96TH AV,,,A,1/9/2025 8:28:29 AM,1/28/2025 12:14:01 PM,,,2,,,,,,,
4531306,24-059220,2,False,0109,12/2/2024 9:25:00 AM,925,27X,14,109,Oakland,1,True,True,A,HEAD-ON,,Monday,,,,,False,False,False,,B,PEDESTRIAN,,1,0,A,DAYLIGHT,,,,,,,B,CROSSING IN CROSS WALK AT INTERSECTION,,A,21950A,,1,SEMINARY AV,2,,,A,,,BANCROFT AV,,,A,1/9/2025 8:23:29 AM,1/28/2025 12:14:01 PM,,,2,,,,,,,
4531266,9370-2024-04210,1,False,9370,12/31/2024 10:52:00 AM,1052,052,14,109,Oakland,1,True,True,B,SIDE SWIPE,,Tuesday,NotApplicable,False,,,False,True,True,ALAMEDA SUPERIOR COURT WILEY W. MANUEL COURTHOUSE,C,OTHER MOTOR VEHICLE,,1,0,A,DAYLIGHT,37.788464,-122.199397,,,,,A,NO PEDESTRIANS INVOLVED,12/31/2024 10:52:00 AM,A,VC 21658(A),False,,I-580 E/B,,,1/9/2025 8:07:44 AM,A,E,400.0,38TH AVE,F,,D,1/9/2025 8:07:47 AM,1/9/2025 8:07:47 AM,False,True,4,True,12/31/2024 10:55:00 AM,1055,False,,,True
4531253,24-055707,2,False,0109,11/9/2024 3:13:00 PM,1513,27X,14,109,Oakland,1,True,True,D,BROADSIDE,,Saturday,,,M,,False,False,False,,C,OTHER MOTOR VEHICLE,,0,0,A,DAYLIGHT,,,,,,,A,NO PEDESTRIANS INVOLVED,,A,21801,,1,SEMINARY AV,2,,,A,,,BANCROFT AV,,,D,1/9/2025 7:58:29 AM,1/28/2025 1:05:45 PM,,,2,,,,,,,
4531242,9370-2024-04205,1,False,9370,12/30/2024 10:20:00 PM,2220,176,14,109,Oakland,1,True,True,C,REAR END,,Monday,Yes,False,,,False,True,False,ALAMEDA SUPERIOR COURT WILEY W. MANUEL COURTHOUSE,C,OTHER MOTOR VEHICLE,,1,0,C,DARK-STREET LIGHTS,37.748055,-122.202833,,,,,A,NO PEDESTRIANS INVOLVED,12/30/2024 10:20:00 PM,A,VC 23152(A),True,1,I-880 N/B,,,1/9/2025 7:54:29 AM,A,S,2597.0,66TH AVE,F,,D,1/9/2025 7:54:31 AM,1/9/2025 7:54:31 AM,False,True,4,,12/30/2024 10:22:00 PM,2222,False,,,True
4531236,24-056683,2,False,0109,11/15/2024 6:27:00 PM,1827,19X,14,109,Oakland,1,True,True,D,BROADSIDE,,Friday,,,,,False,False,False,,C,OTHER MOTOR VEHICLE,,0,0,C,DARK-STREET LIGHTS,,,,,,,A,NO PEDESTRIANS INVOLVED,,A,21802A,,1,12TH AV,1,,,A,,,INTERNATIONAL BL,,,D,1/9/2025 7:53:29 AM,1/28/2025 1:05:45 PM,,,2,,,,,,,
4531214,9370-2024-04215,1,False,9370,12/30/2024 10:15:00 PM,2215,176,14,109,Oakland,1,True,True,C,REAR END,,Monday,NotApplicable,False,M,,False,True,False,ALAMEDA SUPERIOR COURT WILEY W. MANUEL COURTHOUSE,C,OTHER MOTOR VEHICLE,,0,0,D,DARK-NO STREET LIGHTS,37.746054,-122.201036,,,,,A,NO PEDESTRIANS INVOLVED,12/30/2024 10:15:00 PM,A,VC 22350,False,1,I-880 N/B,,,1/9/2025 7:41:12 AM,A,S,3495.0,66TH AVE,F,,D,1/9/2025 7:41:14 AM,1/9/2025 7:41:14 AM,False,True,4,,12/30/2024 10:16:00 PM,2216,False,,,True
4531206,9370-2024-04203,1,False,9370,12/30/2024 6:45:00 PM,1845,054,14,109,Oakland,1,True,True,B,SIDE SWIPE,,Monday,NotApplicable,False,M,,False,True,False,ALAMEDA SUPERIOR COURT WILEY W. MANUEL COURTHOUSE,C,OTHER MOTOR VEHICLE,,0,0,C,DARK-STREET LIGHTS,37.809351,-122.245367,,,,,A,NO PEDESTRIANS INVOLVED,12/30/2024 6:45:00 PM,A,VC 21658(A),False,1,I-580 E/B,,,1/9/2025 7:38:23 AM,A,W,1000.0,LAKE PARK AVE,F,,D,1/9/2025 7:38:26 AM,1/9/2025 7:38:26 AM,False,True,4,,12/30/2024 6:46:00 PM,1846,False,,,True
4531192,9370-2024-04186,1,False,9370,12/29/2024 7:45:00 AM,745,024,14,109,Oakland,1,True,True,D,BROADSIDE,,Sunday,NotApplicable,False,,,False,True,False,ALAMEDA SUPERIOR COURT WILEY W. MANUEL COURTHOUSE,D,MOTOR VEHICLE ON OTHER ROADWAY,,0,0,B,DUSK-DAWN,37.849575,-122.236847,,,,,A,NO PEDESTRIANS INVOLVED,12/29/2024 7:45:00 AM,A,VC 22350,False,1,SR-24 W/B,,,1/9/2025 7:32:23 AM,B,E,1800.0,BROADWAY,F,,D,1/9/2025 7:32:24 AM,1/9/2025 7:32:24 AM,False,True,4,,12/29/2024 7:50:00 AM,0750,False,,,True
4531129,24-042743,2,False,0109,8/26/2024 11:57:00 AM,1157,22Y,14,109,Oakland,1,True,True,G,VEHICLE/PEDESTRAIN,,Monday,,,,,False,False,False,,B,PEDESTRIAN,,1,0,A,DAYLIGHT,,,,,,,B,CROSSING IN CROSS WALK AT INTERSECTION,,A,21950A,,1,MACARTHUR BL,2,,,A,,,35TH AV,,,B,1/9/2025 6:43:29 AM,1/28/2025 1:06:10 PM,,,2,,,,,,,
4530762,24062314,2,False,0109,12/22/2024 3:00:00 PM,1500,03X,14,109,Oakland,1,True,True,D,BROADSIDE,,Sunday,,,,,False,False,False,,C,OTHER MOTOR VEHICLE,,0,0,A,DAYLIGHT,,,,,,,A,NO PEDESTRIANS INVOLVED,,A,21453A,,1,ALICE ST,1,,,B,,,14TH ST,,,A,1/8/2025 4:38:27 PM,1/28/2025 1:05:47 PM,,,2,,,,,,,
4530673,24-060260,2,False,0109,12/7/2024 8:54:00 PM,2054,35X,14,109,Oakland,1,True,True,B,SIDE SWIPE,,Saturday,,,M,,False,False,False,,C,OTHER MOTOR VEHICLE,,1,0,C,DARK-STREET LIGHTS,,,,,,,A,NO PEDESTRIANS INVOLVED,,A,22107,,1,82ND AV,2,,,A,N,10.0,BIRCH ST,F,,A,1/8/2025 3:18:27 PM,1/28/2025 12:14:01 PM,,,2,,,,,,,
4530666,24-059177,2,False,0109,12/2/2024 12:23:00 AM,23,03X,14,109,Oakland,1,True,True,D,BROADSIDE,,Monday,,,,,False,False,False,,C,OTHER MOTOR VEHICLE,,2,0,C,DARK-STREET LIGHTS,,,,,,,A,NO PEDESTRIANS INVOLVED,,A,21651B,,1,8TH ST,1,,,A,,,MADISON ST,,,A,1/8/2025 3:13:27 PM,1/28/2025 12:14:01 PM,,,2,,,,,,,
4530657,24-058987,2,False,0109,12/1/2024 2:00:00 PM,1400,03X,14,109,Oakland,1,True,True,D,BROADSIDE,,Sunday,,,,,False,False,False,,C,OTHER MOTOR VEHICLE,,1,0,A,DAYLIGHT,,,,,,,A,NO PEDESTRIANS INVOLVED,,A,21453A,,1,JACKSON ST,1,,,A,,,9TH ST,,,A,1/8/2025 3:08:27 PM,1/28/2025 12:14:01 PM,,,2,,,,,,,
4530527,24-024619,2,False,0109,5/18/2024 9:20:00 PM,2120,17X,14,109,Oakland,1,True,True,A,HEAD-ON,,Saturday,,,,,False,False,True,,C,OTHER MOTOR VEHICLE,,2,0,B,DUSK-DAWN,,,,,,,A,NO PEDESTRIANS INVOLVED,,A,21802A,,1,E 21ST ST,1,,,A,,,9TH AV,,,A,1/8/2025 1:53:26 PM,1/28/2025 1:06:10 PM,,,2,,,,,,,
4530476,24-024901,2,False,0109,5/20/2024 2:52:00 PM,1452,17Y,14,109,Oakland,1,True,True,D,BROADSIDE,,Monday,,,,,False,False,False,,C,OTHER MOTOR VEHICLE,,0,0,A,DAYLIGHT,,,,,,,A,NO PEDESTRIANS INVOLVED,,A,22102,,1,13TH AV,1,,,A,W,5.0,MACARTHUR BL,F,,A,1/8/2025 1:28:26 PM,1/28/2025 1:06:10 PM,,,2,,,,,,,
4530458,24-022008,2,False,0109,5/5/2024 12:40:00 AM,40,06X,14,109,Oakland,1,True,True,D,BROADSIDE,,Sunday,,,M,,False,False,False,,C,OTHER MOTOR VEHICLE,,0,0,C,DARK-STREET LIGHTS,,,,,,,F,NOT IN ROAD,,A,22802A,,1,MARTIN LUTHER KING JR WY,1,,,A,,,23RD ST,,,A,1/8/2025 1:23:26 PM,1/28/2025 1:06:09 PM,,,2,,,,,,,
4530440,24-026293,2,False,0109,5/28/2024 11:28:00 AM,1128,16X,14,109,Oakland,1,True,True,D,BROADSIDE,,Tuesday,,,,,False,False,False,,,,,0,0,A,DAYLIGHT,,,,,,,A,NO PEDESTRIANS INVOLVED,,A,21801A,,1,E 38TH ST,1,,,A,,,MACARTHUR BL,,,A,1/8/2025 1:13:26 PM,1/28/2025 1:06:09 PM,,,2,,,,,,,
4530419,24-022085,2,False,0109,5/5/2024 2:50:00 PM,1450,34X,14,109,Oakland,1,True,True,C,REAR END,,Sunday,,,,,False,False,False,,C,OTHER MOTOR VEHICLE,,3,0,A,DAYLIGHT,,,,,,,A,NO PEDESTRIANS INVOLVED,,A,22350,,1,92ND AV,2,,,A,,,INTERNATIONAL BL,,,A,1/8/2025 1:03:26 PM,1/28/2025 1:06:10 PM,,,2,,,,,,,
4530407,24-026357,2,False,0109,5/28/2024 4:34:00 PM,1634,07X,14,109,Oakland,1,True,True,B,SIDE SWIPE,,Tuesday,,,,,False,False,True,,I,FIXED OBJECT,,1,0,A,DAYLIGHT,,,,,,,A,NO PEDESTRIANS INVOLVED,,A,22107,,1,7TH ST,1,,,A,W,0.2,LINDEN ST,M,,D,1/8/2025 12:58:27 PM,1/28/2025 1:06:10 PM,,,2,,,,,,,
4530396,24-023449,2,False,0109,5/12/2024 10:12:00 PM,2212,28X,14,109,Oakland,1,True,True,A,HEAD-ON,,Sunday,,,,,False,False,True,,,,,0,0,C,DARK-STREET LIGHTS,,,,,,,A,NO PEDESTRIANS INVOLVED,,A,22107,,1,MACARTHUR BL,2,,,A,S,300.0,MILLSVIEW,F,,D,1/8/2025 12:53:26 PM,1/28/2025 1:06:09 PM,,,2,,,,,,,
4530385,24-026688,2,False,0109,5/29/2024 9:38:00 PM,2138,35X,14,109,Oakland,1,True,True,D,BROADSIDE,,Wednesday,,,,,False,False,True,,C,OTHER MOTOR VEHICLE,,1,0,C,DARK-STREET LIGHTS,,,,,,,A,NO PEDESTRIANS INVOLVED,,A,21453A,,1,98TH AV,2,,,A,,,LAWLOR ST,,,A,1/8/2025 12:48:26 PM,1/28/2025 1:06:10 PM,,,2,,,,,,,
4530383,24-059852,2,False,0109,12/5/2024 1:10:00 PM,1310,32X,14,109,Oakland,1,True,True,B,SIDE SWIPE,,Thursday,,,M,,False,False,False,,E,PARKED MOTOR VEHICLE,,0,0,A,DAYLIGHT,,,,,,,A,NO PEDESTRIANS INVOLVED,,A,22106,,1,105TH AV,2,,,A,N,30.0,INTERNATIONAL BL,F,,D,1/8/2025 12:48:26 PM,1/28/2025 1:05:43 PM,,,2,,,,,,,
4530382,24-026867,2,False,0109,5/31/2024 8:49:00 PM,2049,23X,14,109,Oakland,1,True,True,A,HEAD-ON,,Friday,,,,,False,False,False,,C,OTHER MOTOR VEHICLE,,0,0,C,DARK-STREET LIGHTS,,,,,,,A,NO PEDESTRIANS INVOLVED,,A,21801A,,1,FRUITVALE AV,2,,,A,,,INTERNATIONAL BL,,,A,1/8/2025 12:48:26 PM,1/28/2025 1:06:09 PM,,,2,,,,,,,
4530376,24-021887,2,False,0109,5/4/2024 7:46:00 AM,746,32X,14,109,Oakland,1,True,True,,,,Saturday,,,,,False,False,False,,J,OTHER OBJECT,,0,0,B,DUSK-DAWN,,,,,,,A,NO PEDESTRIANS INVOLVED,,A,22107,,1,DURANT AV,2,,,B,S,40.0,BREED AV,F,,D,1/8/2025 12:43:26 PM,1/28/2025 1:06:09 PM,,,2,,,,,,,
4530375,24-037521,2,False,0109,7/27/2024 11:25:00 AM,1125,03X,14,109,Oakland,1,True,True,H,OTHER,,Saturday,,,,,False,False,False,,E,PARKED MOTOR VEHICLE,,1,0,A,DAYLIGHT,,,,,,,A,NO PEDESTRIANS INVOLVED,,A,22106,,1,13TH ST,1,,,A,E,100.0,FRANKLIN ST,F,,A,1/8/2025 12:43:26 PM,1/28/2025 1:06:10 PM,,,2,,,,,,,
4530374,24-021901,2,False,0109,5/4/2024 10:49:00 AM,1049,31Y,14,109,Oakland,1,True,True,F,OVERTURNED,,Saturday,,,M,,False,False,False,,A,NON-COLLISION,,0,0,A,DAYLIGHT,,,,,,,A,NO PEDESTRIANS INVOLVED,,A,22107,,1,75TH AV,2,,,C,S,50.0,SNELL ST,F,,D,1/8/2025 12:43:26 PM,1/28/2025 1:06:09 PM,,,2,,,,,,,
4530370,24-059933,2,False,0109,12/6/2024 12:56:00 AM,56,03X,14,109,Oakland,1,True,True,A,HEAD-ON,,Friday,,,M,,False,False,True,,I,FIXED OBJECT,,0,0,C,DARK-STREET LIGHTS,,,,,,,A,NO PEDESTRIANS INVOLVED,,A,22107,,1,BROADWAY,1,,,A,,,9TH ST,,,A,1/8/2025 12:38:26 PM,1/28/2025 1:05:43 PM,,,2,,,,,,,
4530368,24-060017,2,False,0109,12/6/2024 10:29:00 AM,1029,14X,14,109,Oakland,1,True,True,D,BROADSIDE,,Friday,,,M,,False,False,False,,E,PARKED MOTOR VEHICLE,,0,0,A,DAYLIGHT,,,,,,,A,NO PEDESTRIANS INVOLVED,,A,22107,,1,MACARTHUR BL,1,,,A,S,10.0,VERNON ST,F,,D,1/8/2025 12:38:26 PM,1/28/2025 1:05:43 PM,,,2,,,,,,,
4530367,24-021808,2,False,0109,5/3/2024 8:23:00 PM,2023,33X,14,109,Oakland,1,True,True,B,SIDE SWIPE,,Friday,,,M,,False,False,False,,C,OTHER MOTOR VEHICLE,,0,0,B,DUSK-DAWN,,,,,,,A,NO PEDESTRIANS INVOLVED,,A,21651B,,1,98TH AV,2,,,A,S,300.0,INTERNATIONAL BL,F,,A,1/8/2025 12:38:26 PM,1/28/2025 1:06:10 PM,,,2,,,,,,,
4530361,24-021694,2,False,0109,5/3/2024 6:05:00 AM,605,04X,14,109,Oakland,1,True,True,D,BROADSIDE,,Friday,,,F,,False,False,False,,C,OTHER MOTOR VEHICLE,,0,0,A,DAYLIGHT,,,,,,,A,NO PEDESTRIANS INVOLVED,,A,21453A,,1,14TH ST,1,,,A,,,WEBSTER ST,,,A,1/8/2025 12:33:26 PM,1/28/2025 1:06:10 PM,,,2,,,,,,,
4530358,24-023339,2,False,0109,5/12/2024 3:50:00 AM,350,34X,14,109,Oakland,1,True,True,A,HEAD-ON,,Sunday,,,M,,False,False,True,,E,PARKED MOTOR VEHICLE,,0,0,C,DARK-STREET LIGHTS,,,,,,,A,NO PEDESTRIANS INVOLVED,,A,22107,,1,BANCROFT AV,2,,,A,E,40.0,82ND AV,F,,A,1/8/2025 12:28:26 PM,1/28/2025 1:06:09 PM,,,2,,,,,,,
4530332,24-061339,2,False,0109,12/14/2024 11:59:00 PM,2359,02X,14,109,Oakland,1,True,True,C,REAR END,,Saturday,,,,,False,False,False,,C,OTHER MOTOR VEHICLE,,0,0,C,DARK-STREET LIGHTS,,,,,,,A,NO PEDESTRIANS INVOLVED,,A,22350,,1,11TH ST,1,,,B,,,BRUSH ST,,,A,1/8/2025 12:08:26 PM,1/28/2025 1:05:44 PM,,,2,,,,,,,
4530326,24-061469,2,False,0109,12/15/2024 10:23:00 PM,2223,17X,14,109,Oakland,1,True,True,B,SIDE SWIPE,,Sunday,,,M,,False,False,False,,E,PARKED MOTOR VEHICLE,,0,0,C,DARK-STREET LIGHTS,,,,,,,A,NO PEDESTRIANS INVOLVED,,A,22107,,1,13TH AV,1,,,A,N,15.0,E 17TH ST,F,,D,1/8/2025 12:03:26 PM,1/28/2025 1:05:44 PM,,,2,,,,,,,