collision-id,report-number,report-version,is-preliminary,ncic-code,crash-date-time,crash-time-description,beat,city-id,city-code,city-name,county-code,city-is-active,city-is-incorporated,collision-type-code,collision-type-description,collision-type-other-desc,day-of-week,dispatch-notified,has-photographs,hit-run,is-attachments-mailed,is-deleted,is-highway-related,is-tow-away,judicial-district,motor-vehicle-involved-with-code,motor-vehicle-involved-with-desc,motor-vehicle-involved-with-other-desc,number-injured,number-killed,lighting-code,lighting-description,latitude,longitude,milepost-direction,milepost-distance,milepost-marker,milepost-unit-of-measure,pedestrian-action-code,pedestrian-action-desc,prepared-date,primary-collision-factor-code,primary-collision-factor-description,primary-collision-factor-is-cited,primary-collision-party-number,primary-road,reporting-district,reporting-district-code,reviewed-date,roadway-surface-code,secondary-direction,secondary-distance,secondary-road,secondary-unit-of-measure,sketch-desc,traffic-control-device-code,created-date,modified-date,is-county-road,is-freeway,chp-555-version,is-additonal-object-struck,notification-date,notification-time-description,has-digital-media-files,evidence-number,is-location-refer-to-narrative,is-aoi-one-same-as-location
4530321,24-061265,2,False,0109,12/14/2024 12:49:00 PM,1249,29X,14,109,Oakland,1,True,True,D,BROADSIDE,,Saturday,,,M,,False,False,False,,I,FIXED OBJECT,,0,0,A,DAYLIGHT,,,,,,,A,NO PEDESTRIANS INVOLVED,,A,22107,,1,FOOTHILL BL,2,,,B,,,55TH AV,,,A,1/8/2025 11:58:25 AM,1/28/2025 1:05:44 PM,,,2,,,,,,,
4530299,24-023313,2,False,0109,5/11/2024 10:55:00 PM,2255,17Y,14,109,Oakland,1,True,True,D,BROADSIDE,,Saturday,,,,,False,False,False,,C,OTHER MOTOR VEHICLE,,0,0,C,DARK-STREET LIGHTS,,,,,,,A,NO PEDESTRIANS INVOLVED,,A,21453A,,1,BEAUMONT AV,1,,,A,,,E 33RD ST,,,A,1/8/2025 11:38:25 AM,1/28/2025 1:06:10 PM,,,2,,,,,,,
4530289,24-025724,2,False,0109,5/25/2024 2:17:00 AM,217,27X,14,109,Oakland,1,True,True,C,REAR END,,Saturday,,,M,,False,False,False,,E,PARKED MOTOR VEHICLE,,0,0,C,DARK-STREET LIGHTS,,,,,,,A,NO PEDESTRIANS INVOLVED,,A,22107,,1,FOOTHILL BL,2,,,A,E,200.0,47TH AV,F,,A,1/8/2025 11:33:25 AM,1/28/2025 1:06:10 PM,,,2,,,,,,,
4530278,24-022206,2,False,0109,5/6/2024 2:45:00 AM,245,14X,14,109,Oakland,1,True,True,A,HEAD-ON,,Monday,,,,,False,False,True,,I,FIXED OBJECT,,0,1,C,DARK-STREET LIGHTS,,,,,,,A,NO PEDESTRIANS INVOLVED,,A,23152G,,1,GRAND AV,1,,,A,E,100.0,ELLITA AV,F,,A,1/8/2025 11:23:25 AM,1/28/2025 12:04:27 PM,,,2,,,,,,,
4530266,24-024659,2,False,0109,5/19/2024 4:02:00 AM,402,31X,14,109,Oakland,1,True,True,C,REAR END,,Sunday,,,M,,False,False,False,,E,PARKED MOTOR VEHICLE,,0,0,E,DARK-STREET LIGHTS NOT FUNCTIONING*,,,,,,,A,NO PEDESTRIANS INVOLVED,,A,22107,,1,HEGENBERGER RD,2,,,A,E,100.0,HEGENBERGER CT,F,,D,1/8/2025 11:18:25 AM,1/28/2025 1:06:10 PM,,,2,,,,,,,
4530254,24-025167,2,False,0109,5/21/2024 8:22:00 PM,2022,13Z,14,109,Oakland,1,True,True,F,OVERTURNED,,Tuesday,,,,,False,False,False,,J,OTHER OBJECT,,0,0,C,DARK-STREET LIGHTS,,,,,,,A,NO PEDESTRIANS INVOLVED,,A,22515A,,1,VILLANOVA DR,1,,,A,W,240.0,MANZANITA DR,F,,D,1/8/2025 11:13:25 AM,1/28/2025 1:06:10 PM,,,2,,,,,,,
4530198,24-026339,2,False,0109,5/28/2024 2:38:00 PM,1438,32X,14,109,Oakland,1,True,True,A,HEAD-ON,,Tuesday,,,M,,False,False,True,,C,OTHER MOTOR VEHICLE,,0,0,A,DAYLIGHT,,,,,,,A,NO PEDESTRIANS INVOLVED,,A,22107,,1,WARNER AV,2,,,A,N,10.0,BANCROFT AV,F,,A,1/8/2025 10:43:25 AM,1/28/2025 1:06:09 PM,,,2,,,,,,,
4530197,24-057532,2,False,0109,11/20/2024 6:43:00 PM,1843,26X,14,109,Oakland,1,True,True,A,HEAD-ON,,Wednesday,,,,,False,False,False,,C,OTHER MOTOR VEHICLE,,2,0,C,DARK-STREET LIGHTS,,,,,,,A,NO PEDESTRIANS INVOLVED,,A,21801A,,1,INTERNATIONAL BL,2,,,B,,,66TH AV,,,A,1/8/2025 10:43:25 AM,1/28/2025 12:13:59 PM,,,2,,,,,,,
4530188,23-013553,3,False,0109,3/18/2024 11:30:00 PM,2330,30Y,14,109,Oakland,1,True,True,B,SIDE SWIPE,,Monday,,,M,,False,False,False,,C,OTHER MOTOR VEHICLE,,0,0,D,DARK-NO STREET LIGHTS,,,,,,,A,NO PEDESTRIANS INVOLVED,,A,22107,,1,73RD AV,2,,,A,,,BANCROFT AV,,,A,1/8/2025 10:38:25 AM,1/28/2025 12:01:44 PM,,,2,,,,,,,
4530041,24-024890,3,False,0109,5/20/2024 1:27:00 PM,1327,19X,14,109,Oakland,1,True,True,A,HEAD-ON,,Monday,,,,,False,False,False,,C,OTHER MOTOR VEHICLE,,0,0,A,DAYLIGHT,,,,,,,A,NO PEDESTRIANS INVOLVED,,A,22350,,1,E 15TH ST,1,,,A,W,5.0,9TH AV,F,,A,1/8/2025 9:33:24 AM,1/28/2025 1:05:45 PM,,,2,,,,,,,
4530018,24-032744,2,False,0109,7/1/2024 7:50:00 AM,750,34X,14,109,Oakland,1,True,True,,,,Monday,,,,,False,False,False,,J,OTHER OBJECT,,0,0,A,DAYLIGHT,,,,,,,A,NO PEDESTRIANS INVOLVED,,D,,,,73RD AV,2,,,A,,,FOOTHILL BL,,,A,1/8/2025 9:23:24 AM,1/28/2025 12:01:43 PM,,,2,,,,,,,
4530009,24-053168,2,False,0109,10/26/2024 3:51:00 PM,1551,06X,14,109,Oakland,1,True,True,H,OTHER,,Saturday,,,M,,False,False,False,,,,,0,0,B,DUSK-DAWN,,,,,,,A,NO PEDESTRIANS INVOLVED,,A,22107,,1,BROCKHURST ST,1,,,A,W,50.0,MARKET ST,F,,D,1/8/2025 9:18:24 AM,1/28/2025 12:01:43 PM,,,2,,,,,,,
4529980,9370-2024-04202,1,False,9370,12/30/2024 6:15:00 PM,1815,054,14,109,Oakland,1,True,True,C,REAR END,,Monday,NotApplicable,False,,,False,True,False,ALAMEDA SUPERIOR COURT WILEY W. MANUEL COURTHOUSE,C,OTHER MOTOR VEHICLE,,0,0,C,DARK-STREET LIGHTS,37.80934,-122.245574,,,,,A,NO PEDESTRIANS INVOLVED,12/30/2024 6:15:00 PM,A,VC 22350,False,1,I-580 E/B,,,1/8/2025 9:09:36 AM,A,E,315.0,LAKESHORE AVE,F,,D,1/8/2025 9:09:38 AM,1/8/2025 9:09:38 AM,False,True,4,,12/30/2024 6:16:00 PM,1816,False,,,True
4529944,24-026855,2,False,0109,5/30/2024 7:50:00 PM,1950,34X,14,109,Oakland,1,True,True,B,SIDE SWIPE,,Thursday,,,M,,False,False,False,,C,OTHER MOTOR VEHICLE,,0,0,B,DUSK-DAWN,,,,,,,A,NO PEDESTRIANS INVOLVED,,A,216555,,1,INTERNATIONAL BL,2,,,A,,,92ND AV,,,A,1/8/2025 8:58:23 AM,1/28/2025 1:05:45 PM,,,2,,,,,,,
4529904,24-061319,2,False,0109,12/14/2024 8:00:00 PM,2000,35X,14,109,Oakland,1,True,True,H,OTHER,,Saturday,,,M,,False,False,False,,C,OTHER MOTOR VEHICLE,,0,0,C,DARK-STREET LIGHTS,,,,,,,A,NO PEDESTRIANS INVOLVED,,A,22106,,1,BANCROFT AV,2,,,A,W,50.0,90TH AV,F,,D,1/8/2025 8:43:23 AM,1/28/2025 1:05:45 PM,,,2,,,,,,,
4529903,24-026858,2,False,0109,5/30/2024 8:25:00 PM,2025,34X,14,109,Oakland,1,True,True,B,SIDE SWIPE,,Thursday,,,M,,False,False,False,,E,PARKED MOTOR VEHICLE,,0,0,B,DUSK-DAWN,,,,,,,A,NO PEDESTRIANS INVOLVED,,A,22107,,1,PLYMOUTH ST,2,,,A,,,83RD AV,,,A,1/8/2025 8:43:23 AM,1/28/2025 1:05:45 PM,,,2,,,,,,,
4529888,9370-2024-04199,1,False,9370,12/30/2024 8:55:00 AM,855,055,14,109,Oakland,1,True,True,C,REAR END,,Monday,NotApplicable,False,M,,False,True,False,ALAMEDA SUPERIOR COURT WILEY W. MANUEL COURTHOUSE,C,OTHER MOTOR VEHICLE,,0,0,A,DAYLIGHT,37.823728,-122.264947,,,,,A,NO PEDESTRIANS INVOLVED,12/30/2024 8:55:00 AM,A,VC 22350,False,1,I-580 W/B TO SR-24 E/B,,,1/8/2025 8:34:10 AM,A,E,875.0,TELEGRAPH AVENUE,F,,D,1/8/2025 8:34:12 AM,1/8/2025 8:34:12 AM,False,True,4,,12/30/2024 9:00:00 AM,0900,False,,,True
4529875,9370-2024-04201,1,False,9370,12/30/2024 2:10:00 PM,1410,052,14,109,Oakland,1,True,True,C,REAR END,,Monday,NotApplicable,False,,,False,True,False,ALAMEDA SUPERIOR COURT WILEY W. MANUEL COURTHOUSE,C,OTHER MOTOR VEHICLE,,0,0,A,DAYLIGHT,37.754757,-122.150324,,,,,A,NO PEDESTRIANS INVOLVED,12/30/2024 2:10:00 PM,A,VC 22350,False,1,I-580 W/B,,,1/8/2025 8:29:47 AM,A,E,451.0,GOLF LINKS RD,F,,D,1/8/2025 8:29:48 AM,1/8/2025 8:29:48 AM,False,True,4,,12/30/2024 2:10:00 PM,1410,False,,,True
4529855,24-057854,2,False,0109,11/23/2024 11:34:00 PM,2334,05X,14,109,Oakland,1,True,True,A,HEAD-ON,,Saturday,,,M,,False,False,False,,C,OTHER MOTOR VEHICLE,,0,0,C,DARK-STREET LIGHTS,,,,,,,A,NO PEDESTRIANS INVOLVED,,A,21453,,1,MARKET ST,1,,,B,,,WEST GRAND AV,,,A,1/8/2025 8:23:23 AM,1/28/2025 1:06:11 PM,,,2,,,,,,,
4529847,24-057750,2,False,0109,11/22/2024 8:40:00 AM,840,19X,14,109,Oakland,1,True,True,B,SIDE SWIPE,,Friday,,,,,False,False,False,,C,OTHER MOTOR VEHICLE,,0,0,A,DAYLIGHT,,,,,,,A,NO PEDESTRIANS INVOLVED,,A,22107,,1,FOOTHILL BL,1,,,A,E,54.0,16TH AV,F,,D,1/8/2025 8:18:23 AM,1/28/2025 1:06:11 PM,,,2,,,,,,,
4529841,24-057640,2,False,0109,11/21/2024 12:28:00 PM,1228,20X,14,109,Oakland,1,True,True,C,REAR END,,Thursday,,,,,False,False,False,,E,PARKED MOTOR VEHICLE,,0,0,E,DARK-STREET LIGHTS NOT FUNCTIONING*,,,,,,,A,NO PEDESTRIANS INVOLVED,,A,22107,,1,FOOTHILL BL,2,,,A,W,100.0,AUSTIN ST,F,,D,1/8/2025 8:13:23 AM,1/28/2025 1:06:11 PM,,,2,,,,,,,
4529836,24-057685,2,False,0109,11/21/2024 6:08:00 PM,1808,12X,14,109,Oakland,1,True,True,D,BROADSIDE,,Thursday,,,,,False,False,False,,C,OTHER MOTOR VEHICLE,,0,0,B,DUSK-DAWN,,,,,,,A,NO PEDESTRIANS INVOLVED,,A,21453A,,1,CLAREMONT AV,1,,,A,,,COLBY ST,,,A,1/8/2025 8:08:22 AM,1/28/2025 1:06:11 PM,,,2,,,,,,,
4529830,24-057673,2,False,0109,11/21/2024 3:59:00 PM,1559,09X,14,109,Oakland,1,True,True,C,REAR END,,Thursday,,,,,False,False,False,,C,OTHER MOTOR VEHICLE,,0,0,A,DAYLIGHT,,,,,,,A,NO PEDESTRIANS INVOLVED,,A,22350,,1,BROADWAY,1,,,A,,,GARNET ST,,,A,1/8/2025 8:03:22 AM,1/28/2025 1:06:11 PM,,,2,,,,,,,
4529829,24-024711,2,False,0109,5/14/2024 7:08:00 PM,1908,26Y,14,109,Oakland,1,True,True,H,OTHER,,Tuesday,,,,,False,False,False,,C,OTHER MOTOR VEHICLE,,0,0,A,DAYLIGHT,,,,,,,A,NO PEDESTRIANS INVOLVED,,D,,,,61ST AV,2,,,A,,,61ST AV 1233,,,D,1/8/2025 8:03:22 AM,1/28/2025 1:05:45 PM,,,2,,,,,,,
4529822,24-021476,2,False,0109,5/1/2024 6:58:00 PM,1858,31Y,14,109,Oakland,1,True,True,C,REAR END,,Wednesday,,,,,False,False,True,,C,OTHER MOTOR VEHICLE,,0,0,B,DUSK-DAWN,,,,,,,A,NO PEDESTRIANS INVOLVED,,A,22350,,1,EDES AV,2,,,A,,,RT 880,,,A,1/8/2025 7:58:22 AM,1/28/2025 1:05:46 PM,,,2,,,,,,,
4529791,24-056880,2,False,0109,11/17/2024 9:20:00 AM,920,21X,14,109,Oakland,1,True,True,A,HEAD-ON,,Sunday,,,M,,False,False,False,,B,PEDESTRIAN,,1,0,A,DAYLIGHT,,,,,,,B,CROSSING IN CROSS WALK AT INTERSECTION,,A,21950A,,1,34TH AV,2,,,A,,,FOOTHILL BL,,,A,1/8/2025 7:48:23 AM,1/28/2025 1:05:43 PM,,,2,,,,,,,
4529778,24-030078,2,False,0109,6/17/2024 8:11:00 AM,811,14X,14,109,Oakland,1,True,True,C,REAR END,,Monday,,,,,False,False,False,,C,OTHER MOTOR VEHICLE,,0,0,A,DAYLIGHT,,,,,,,A,NO PEDESTRIANS INVOLVED,,B,,,1,GRAND AV,2,,,A,E,100.0,HARRISON ST,F,,D,1/8/2025 7:43:22 AM,1/28/2025 12:10:16 PM,,,2,,,,,,,
4529746,24-030945,2,False,0109,6/22/2024 2:32:00 AM,232,30X,14,109,Oakland,1,True,True,D,BROADSIDE,,Saturday,,,,,False,False,False,,E,PARKED MOTOR VEHICLE,,0,0,C,DARK-STREET LIGHTS,,,,,,,A,NO PEDESTRIANS INVOLVED,,A,23152,,1,67TH AV,2,,,A,S,0.1,FLORA ST,M,,C,1/8/2025 7:28:22 AM,1/28/2025 12:13:26 PM,,,2,,,,,,,
4529742,9370-2024-04200,1,False,9370,12/30/2024 12:25:00 PM,1225,052,14,109,Oakland,1,True,True,C,REAR END,,Monday,NotApplicable,False,,,False,True,True,ALAMEDA SUPERIOR COURT WILEY W. MANUEL COURTHOUSE,C,OTHER MOTOR VEHICLE,,3,0,A,DAYLIGHT,37.75035,-122.151361,,,,,A,NO PEDESTRIANS INVOLVED,12/30/2024 12:25:00 PM,A,VC 22350,False,1,I-580 W/B,,,1/8/2025 7:23:35 AM,A,E,1150.0,GOLF LINKS RD,F,,D,1/8/2025 7:23:38 AM,1/8/2025 7:23:38 AM,False,True,4,,12/30/2024 12:27:00 PM,1227,False,,,True
4529700,24-030394,2,False,0109,6/18/2024 8:27:00 PM,2027,27X,14,109,Oakland,1,True,True,A,HEAD-ON,,Tuesday,,,M,,False,False,False,,C,OTHER MOTOR VEHICLE,,0,0,C,DARK-STREET LIGHTS,,,,,,,A,NO PEDESTRIANS INVOLVED,,A,21453A,,1,46TH AV,2,,,A,,,BOND ST,,,A,1/8/2025 7:03:22 AM,1/28/2025 1:05:42 PM,,,2,,,,,,,
4529681,24-032545,2,False,0109,6/30/2024 1:41:00 PM,1341,19X,14,109,Oakland,1,True,True,C,REAR END,,Sunday,,,M,,False,False,True,,E,PARKED MOTOR VEHICLE,,0,0,A,DAYLIGHT,,,,,,,A,NO PEDESTRIANS INVOLVED,,A,22107,,1,INTERNATIONAL BL,1,,,A,,,9TH AV,,,C,1/8/2025 6:48:22 AM,1/28/2025 1:05:42 PM,,,2,,,,,,,
4529680,24-036938,2,False,0109,7/24/2024 9:37:00 PM,2137,24Y,14,109,Oakland,1,True,True,D,BROADSIDE,,Wednesday,,,M,,False,False,False,,C,OTHER MOTOR VEHICLE,,0,0,C,DARK-STREET LIGHTS,,,,,,,A,NO PEDESTRIANS INVOLVED,,A,22103,,1,SUTER ST,2,,,A,W,40.0,38TH ST,F,,D,1/8/2025 6:48:22 AM,1/28/2025 12:01:43 PM,,,2,,,,,,,
4529667,24-037482,2,False,0109,7/27/2024 7:14:00 AM,714,29X,14,109,Oakland,1,True,True,B,SIDE SWIPE,,Saturday,,,,,False,False,True,,E,PARKED MOTOR VEHICLE,,0,0,A,DAYLIGHT,,,,,,,A,NO PEDESTRIANS INVOLVED,,A,22107,,1,HILTON ST,2,,,A,E,164.0,55TH AV,F,,B,1/8/2025 6:43:22 AM,1/28/2025 12:01:43 PM,,,2,,,,,,,
4529641,24-030202,2,False,0109,6/17/2024 9:00:00 PM,2100,30X,14,109,Oakland,1,True,True,F,OVERTURNED,,Monday,,,,,False,False,False,,I,FIXED OBJECT,,0,0,C,DARK-STREET LIGHTS,,,,,,,A,NO PEDESTRIANS INVOLVED,,A,22107,,1,INTERNATIONAL BL,2,,,A,,,HAVENSCOURT BL,,,A,1/8/2025 6:28:22 AM,1/28/2025 1:05:43 PM,,,2,,,,,,,
4529081,9370-2024-04149,1,False,9370,12/25/2024 6:34:00 PM,1834,901,14,109,Oakland,1,True,True,B,SIDE SWIPE,,Wednesday,NotApplicable,False,F,,False,False,False,ALAMEDA SUPERIOR COURT WILEY W. MANUEL COURTHOUSE,C,OTHER MOTOR VEHICLE,,1,0,C,DARK-STREET LIGHTS,37.736698,-122.184434,,,,,A,NO PEDESTRIANS INVOLVED,12/25/2024 6:34:00 PM,A,VC 22107,False,1,EDES AVENUE,,,1/7/2025 7:26:13 PM,A,W,285.0,98TH AVENUE,F,,D,1/7/2025 7:26:17 PM,1/7/2025 7:26:17 PM,False,False,4,,12/25/2024 6:39:00 PM,1839,False,,,True
4529078,9370-2024-04150,1,False,9370,12/25/2024 6:37:00 PM,1837,902,14,109,Oakland,1,True,True,D,BROADSIDE,,Wednesday,NotApplicable,False,M,,False,False,False,ALAMEDA SUPERIOR COURT WILEY W. MANUEL COURTHOUSE,E,PARKED MOTOR VEHICLE,,0,0,C,DARK-STREET LIGHTS,37.735825,-122.184279,,,,,A,NO PEDESTRIANS INVOLVED,12/25/2024 6:37:00 PM,B,UNSAFE OPERATION,,1,555 98TH AVENUE (PARKING LOT),,,1/7/2025 7:04:23 PM,A,E,170.0,98TH AVENUE,F,,D,1/7/2025 7:04:28 PM,1/7/2025 7:04:28 PM,False,False,4,,12/25/2024 6:39:00 PM,1839,False,,,True
4529028,24-057141,2,False,0109,11/19/2024 5:46:00 AM,546,24Y,14,109,Oakland,1,True,True,B,SIDE SWIPE,,Tuesday,,,M,,False,False,False,,E,PARKED MOTOR VEHICLE,,0,0,C,DARK-STREET LIGHTS,,,,,,,A,NO PEDESTRIANS INVOLVED,,A,22107,,1,35TH AV,2,,,A,S,10.0,LYNDE ST,F,,D,1/7/2025 4:13:20 PM,1/28/2025 1:06:07 PM,,,2,,,,,,,
4528980,24-055610,3,False,0109,11/8/2024 7:41:00 PM,1941,24X,14,109,Oakland,1,True,True,C,REAR END,,Friday,,,,,False,False,False,,C,OTHER MOTOR VEHICLE,,1,0,C,DARK-STREET LIGHTS,,,,,,,A,NO PEDESTRIANS INVOLVED,,A,22350,,1,HIGH ST,2,,,A,N,10.0,PORTER ST,F,,A,1/7/2025 3:28:20 PM,1/28/2025 1:05:43 PM,,,2,,,,,,,
4528970,24-056635,2,False,0109,11/15/2024 11:46:00 AM,1146,05X,14,109,Oakland,1,True,True,B,SIDE SWIPE,,Friday,,,F,,False,False,False,,C,OTHER MOTOR VEHICLE,,1,0,A,DAYLIGHT,,,,,,,A,NO PEDESTRIANS INVOLVED,,A,21453A,,1,BUSH ST,1,,,A,,,17TH ST,,,A,1/7/2025 3:18:20 PM,1/28/2025 1:05:43 PM,,,2,,,,,,,
4528958,24-057075,2,False,0109,11/18/2024 4:20:00 PM,1620,09X,14,109,Oakland,1,True,True,G,VEHICLE/PEDESTRAIN,,Monday,,,,,False,False,False,,B,PEDESTRIAN,,1,0,B,DUSK-DAWN,,,,,,,B,CROSSING IN CROSS WALK AT INTERSECTION,,A,21950A,,1,PIEDMONT AV,1,,,A,,,WESTALL AV,,,D,1/7/2025 3:13:20 PM,1/28/2025 1:06:07 PM,,,2,,,,,,,
4528951,24-056734,2,False,0109,11/16/2024 6:21:00 AM,621,30X,14,109,Oakland,1,True,True,D,BROADSIDE,,Saturday,,,,,False,False,False,,C,OTHER MOTOR VEHICLE,,2,0,A,DAYLIGHT,,,,,,,A,NO PEDESTRIANS INVOLVED,,A,21802A,,1,77TH AV,2,,,A,,,BANCROFT AV,,,A,1/7/2025 3:08:20 PM,1/28/2025 1:05:43 PM,,,2,,,,,,,
4528950,24-057185,3,False,0109,11/19/2024 8:05:00 AM,805,31X,14,109,Oakland,1,True,True,B,SIDE SWIPE,,Tuesday,,,,,False,False,False,,C,OTHER MOTOR VEHICLE,,0,0,A,DAYLIGHT,,,,,,,A,NO PEDESTRIANS INVOLVED,,D,,,,OAKPORT ST,2,,,A,E,0.1,HASSLER WY,M,,D,1/7/2025 3:08:20 PM,1/28/2025 1:06:07 PM,,,2,,,,,,,
4528940,24-058272,2,False,0109,11/25/2024 5:29:00 PM,1729,22X,14,109,Oakland,1,True,True,B,SIDE SWIPE,,Monday,,,M,,False,False,False,,C,OTHER MOTOR VEHICLE,,0,0,C,DARK-STREET LIGHTS,,,,,,,A,NO PEDESTRIANS INVOLVED,,A,22107,,1,DIAMOND AVE,2,,,B,S,10.0,MACARTHUR BL,F,,D,1/7/2025 3:03:20 PM,1/28/2025 1:06:07 PM,,,2,,,,,,,
4528933,24-055717,3,False,0109,11/9/2024 4:58:00 PM,1658,26X,14,109,Oakland,1,True,True,B,SIDE SWIPE,,Saturday,,,,,False,False,False,,C,OTHER MOTOR VEHICLE,,0,0,A,DAYLIGHT,,,,,,,A,NO PEDESTRIANS INVOLVED,,D,,,,SAN LEANDRO ST,2,,,A,,,73RD AV,,,D,1/7/2025 2:58:20 PM,1/28/2025 1:06:07 PM,,,2,,,,,,,
4528927,24-055695,2,False,0109,11/9/2024 12:38:00 PM,1238,23X,14,109,Oakland,1,True,True,A,HEAD-ON,,Saturday,,,,,False,False,False,,C,OTHER MOTOR VEHICLE,,0,0,A,DAYLIGHT,,,,,,,A,NO PEDESTRIANS INVOLVED,,A,21453A,,1,42ND AV,2,,,A,,,BANCROFT AV,,,A,1/7/2025 2:53:20 PM,1/28/2025 1:06:07 PM,,,2,,,,,,,
4528921,24-054698,2,False,0109,11/3/2024 5:30:00 PM,1730,27X,14,109,Oakland,1,True,True,C,REAR END,,Sunday,,,,,False,False,False,,C,OTHER MOTOR VEHICLE,,0,0,A,DAYLIGHT,,,,,,,A,NO PEDESTRIANS INVOLVED,,A,22350,,1,BANCROFT AV,2,,,A,E,50.0,55TH AV,F,,D,1/7/2025 2:48:20 PM,1/28/2025 1:06:07 PM,,,2,,,,,,,
4528917,24-054301,2,False,0109,11/1/2024 3:09:00 AM,309,31X,14,109,Oakland,1,True,True,B,SIDE SWIPE,,Friday,,,M,,False,False,False,,C,OTHER MOTOR VEHICLE,,0,0,C,DARK-STREET LIGHTS,,,,,,,A,NO PEDESTRIANS INVOLVED,,A,22107,,1,98TH AV,2,,,A,,,AIRPORT ACCESS RD,,,A,1/7/2025 2:43:20 PM,1/28/2025 1:06:07 PM,,,2,,,,,,,
4528889,24-036970,2,False,0109,7/25/2024 5:20:00 AM,520,23X,14,109,Oakland,1,True,True,D,BROADSIDE,,Thursday,,,,,False,False,False,,C,OTHER MOTOR VEHICLE,,0,0,B,DUSK-DAWN,,,,,,,A,NO PEDESTRIANS INVOLVED,,A,21453A,,1,INTERNATIONAL BL,2,,,A,,,42ND AV,,,A,1/7/2025 2:28:20 PM,1/28/2025 12:01:43 PM,,,2,,,,,,,
4528888,24-059306,2,False,0109,12/2/2024 5:07:00 PM,1707,26X,14,109,Oakland,1,True,True,C,REAR END,,Monday,,,,,False,False,False,,C,OTHER MOTOR VEHICLE,,0,0,B,DUSK-DAWN,,,,,,,A,NO PEDESTRIANS INVOLVED,,A,22350,,1,66TH AV,2,,,A,,,INTERNATIONAL BL,,,A,1/7/2025 2:28:20 PM,1/28/2025 1:06:07 PM,,,2,,,,,,,
4528840,24-058727,2,False,0109,11/28/2024 7:41:00 PM,1941,23X,14,109,Oakland,1,True,True,C,REAR END,,Thursday,,,M,,False,False,False,,E,PARKED MOTOR VEHICLE,,4,0,C,DARK-STREET LIGHTS,,,,,,,A,NO PEDESTRIANS INVOLVED,,A,23152B,,1,INTERNATIONAL BL,2,,,A,W,108.0,35TH AV,F,,D,1/7/2025 2:08:20 PM,1/28/2025 1:06:06 PM,,,2,,,,,,,
4528806,24-056832,2,False,0109,11/16/2024 8:14:00 PM,2014,32Y,14,109,Oakland,1,True,True,C,REAR END,,Saturday,,,,,False,False,False,,C,OTHER MOTOR VEHICLE,,2,0,C,DARK-STREET LIGHTS,,,,,,,A,NO PEDESTRIANS INVOLVED,,A,23152A,,1,BANCROFT AV,2,,,A,W,25.0,DURANT AV,F,,A,1/7/2025 1:53:20 PM,1/28/2025 1:06:06 PM,,,2,,,,,,,
4528792,24-056730,2,False,0109,11/16/2024 12:34:00 AM,34,14X,14,109,Oakland,1,True,True,A,HEAD-ON,,Saturday,,,,,False,False,False,,I,FIXED OBJECT,,2,0,C,DARK-STREET LIGHTS,,,,,,,A,NO PEDESTRIANS INVOLVED,,A,23152A,,1,GRAND AV,1,,,A,,,HARRISON ST,,,D,1/7/2025 1:48:20 PM,1/28/2025 1:06:06 PM,,,2,,,,,,,
4528779,24-058758,2,False,0109,11/29/2024 3:05:00 AM,305,03X,14,109,Oakland,1,True,True,F,OVERTURNED,,Friday,,,M,,False,False,False,,I,FIXED OBJECT,,0,0,D,DARK-NO STREET LIGHTS,,,,,,,A,NO PEDESTRIANS INVOLVED,,A,22107,,1,WEBSTER ST,1,,,A,S,0.25,7TH ST,M,,D,1/7/2025 1:43:20 PM,1/28/2025 1:06:07 PM,,,2,,,,,,,
4528776,24-057986,2,False,0109,11/23/2024 9:54:00 PM,2154,05X,14,109,Oakland,1,True,True,E,HIT OBJECT,,Saturday,,,,,False,False,False,,A,NON-COLLISION,,1,0,C,DARK-STREET LIGHTS,,,,,,,A,NO PEDESTRIANS INVOLVED,,A,212005,,1,PERALTA ST,1,,,A,S,60.0,MANDELA PKWY,F,,D,1/7/2025 1:43:20 PM,1/28/2025 1:06:06 PM,,,2,,,,,,,
4528764,24-054939,2,False,0109,11/5/2024 9:00:00 AM,900,19X,14,109,Oakland,1,True,True,A,HEAD-ON,,Tuesday,,,,,False,False,False,,I,FIXED OBJECT,,0,0,A,DAYLIGHT,,,,,,,A,NO PEDESTRIANS INVOLVED,,C,,,,E 12TH ST,1,,,A,W,5.0,22ND AV,F,,A,1/7/2025 1:38:20 PM,1/28/2025 1:06:07 PM,,,2,,,,,,,
4528741,24-059162,2,False,0109,12/1/2024 9:59:00 PM,2159,29X,14,109,Oakland,1,True,True,C,REAR END,,Sunday,,,M,,False,False,False,,E,PARKED MOTOR VEHICLE,,0,0,C,DARK-STREET LIGHTS,,,,,,,A,NO PEDESTRIANS INVOLVED,,A,22107,,1,64TH AV,2,,,A,,,MACARTHUR BL,,,D,1/7/2025 1:28:20 PM,1/28/2025 1:06:07 PM,,,2,,,,,,,
4528713,24-059348,2,False,0109,12/3/2024 2:35:00 AM,235,19X,14,109,Oakland,1,True,True,F,OVERTURNED,,Tuesday,,,,,False,False,False,,I,FIXED OBJECT,,0,0,C,DARK-STREET LIGHTS,,,,,,,E,IN ROAD - INCLUDES SHOULDER,,A,21651A,,1,EMBARCADERO,1,,,A,E,20.0,5TH AV,F,,A,1/7/2025 1:18:20 PM,1/28/2025 1:06:07 PM,,,2,,,,,,,
4528681,24-046342,2,False,0109,9/16/2024 10:55:00 AM,1055,26X,14,109,Oakland,1,True,True,A,HEAD-ON,,Monday,,,M,,False,False,False,,C,OTHER MOTOR VEHICLE,,0,0,A,DAYLIGHT,,,,,,,A,NO PEDESTRIANS INVOLVED,,A,22107,,1,INTERNATIONAL BL,2,,,A,,,66TH AV,,,A,1/7/2025 1:03:20 PM,1/28/2025 1:05:42 PM,,,2,,,,,,,
4528670,24-047567,2,False,0109,9/22/2024 4:44:00 PM,1644,35X,14,109,Oakland,1,True,True,B,SIDE SWIPE,,Sunday,,,M,,False,False,False,,E,PARKED MOTOR VEHICLE,,0,0,A,DAYLIGHT,,,,,,,A,NO PEDESTRIANS INVOLVED,,A,22107,,1,96TH AV,2,,,A,,,PEACH ST,,,D,1/7/2025 12:58:19 PM,1/28/2025 1:05:42 PM,,,2,,,,,,,