collision-id,report-number,report-version,is-preliminary,ncic-code,crash-date-time,crash-time-description,beat,city-id,city-code,city-name,county-code,city-is-active,city-is-incorporated,collision-type-code,collision-type-description,collision-type-other-desc,day-of-week,dispatch-notified,has-photographs,hit-run,is-attachments-mailed,is-deleted,is-highway-related,is-tow-away,judicial-district,motor-vehicle-involved-with-code,motor-vehicle-involved-with-desc,motor-vehicle-involved-with-other-desc,number-injured,number-killed,lighting-code,lighting-description,latitude,longitude,milepost-direction,milepost-distance,milepost-marker,milepost-unit-of-measure,pedestrian-action-code,pedestrian-action-desc,prepared-date,primary-collision-factor-code,primary-collision-factor-description,primary-collision-factor-is-cited,primary-collision-party-number,primary-road,reporting-district,reporting-district-code,reviewed-date,roadway-surface-code,secondary-direction,secondary-distance,secondary-road,secondary-unit-of-measure,sketch-desc,traffic-control-device-code,created-date,modified-date,is-county-road,is-freeway,chp-555-version,is-additonal-object-struck,notification-date,notification-time-description,has-digital-media-files,evidence-number,is-location-refer-to-narrative,is-aoi-one-same-as-location
4528666,24-048910,2,False,0109,9/30/2024 3:03:00 PM,1503,23X,14,109,Oakland,1,True,True,D,BROADSIDE,,Monday,,,M,,False,False,False,,C,OTHER MOTOR VEHICLE,,0,0,A,DAYLIGHT,,,,,,,A,NO PEDESTRIANS INVOLVED,,A,21804A,,1,INTERNATIONAL BL,2,,,A,E,130.0,41ST AV,F,,A,1/7/2025 12:53:20 PM,1/28/2025 1:05:42 PM,,,2,,,,,,,
4528663,24-055085,2,False,0109,11/6/2024 8:30:00 AM,830,23X,14,109,Oakland,1,True,True,B,SIDE SWIPE,,Wednesday,,,,,False,False,False,,C,OTHER MOTOR VEHICLE,,0,0,A,DAYLIGHT,,,,,,,A,NO PEDESTRIANS INVOLVED,,D,,,,SAN LEANDRO ST,2,,,A,E,100.0,HIGH ST,F,,D,1/7/2025 12:53:20 PM,1/28/2025 1:06:07 PM,,,2,,,,,,,
4528657,24-053361,2,False,0109,10/26/2024 11:26:00 PM,2326,04X,14,109,Oakland,1,True,True,A,HEAD-ON,,Saturday,,,M,,False,False,False,,B,PEDESTRIAN,,1,0,C,DARK-STREET LIGHTS,,,,,,,B,CROSSING IN CROSS WALK AT INTERSECTION,,A,21950A,,1,19TH ST,1,,,A,,,HARRISON ST,,,A,1/7/2025 12:48:20 PM,1/28/2025 1:06:08 PM,,,2,,,,,,,
4528647,24-053717,2,False,0109,10/29/2024 3:12:00 AM,312,17X,14,109,Oakland,1,True,True,C,REAR END,,Tuesday,,,M,,False,False,False,,E,PARKED MOTOR VEHICLE,,0,0,C,DARK-STREET LIGHTS,,,,,,,A,NO PEDESTRIANS INVOLVED,,A,22350,,1,7TH AV,1,,,A,,,17TH ST,,,D,1/7/2025 12:43:20 PM,1/28/2025 1:06:08 PM,,,2,,,,,,,
4528645,24-055032,2,False,0109,11/5/2024 9:45:00 PM,2145,23X,14,109,Oakland,1,True,True,D,BROADSIDE,,Tuesday,,,M,,False,False,True,,C,OTHER MOTOR VEHICLE,,0,0,C,DARK-STREET LIGHTS,,,,,,,A,NO PEDESTRIANS INVOLVED,,A,21801A,,1,35TH AV,2,,,A,,,E 16TH ST,,,A,1/7/2025 12:43:20 PM,1/28/2025 1:06:07 PM,,,2,,,,,,,
4528635,24-053978,2,False,0109,10/30/2024 2:20:00 PM,1420,03X,14,109,Oakland,1,True,True,H,OTHER,,Wednesday,,,M,,False,False,False,,E,PARKED MOTOR VEHICLE,,0,0,A,DAYLIGHT,,,,,,,A,NO PEDESTRIANS INVOLVED,,A,22106,,1,12TH ST,1,,,A,E,250.0,FRANKLIN ST,F,,B,1/7/2025 12:38:20 PM,1/28/2025 1:06:08 PM,,,2,,,,,,,
4528632,24-051488,2,False,0109,10/16/2024 12:25:00 PM,1225,24X,14,109,Oakland,1,True,True,B,SIDE SWIPE,,Wednesday,,,M,,False,False,False,,C,OTHER MOTOR VEHICLE,,0,0,A,DAYLIGHT,,,,,,,A,NO PEDESTRIANS INVOLVED,,A,22107,,1,BROOKDALE AV,2,,,A,W,30.0,38TH AV,F,,D,1/7/2025 12:38:20 PM,1/28/2025 1:06:08 PM,,,2,,,,,,,
4528612,24-051688,2,False,0109,10/17/2024 3:39:00 PM,1539,31Y,14,109,Oakland,1,True,True,B,SIDE SWIPE,,Thursday,,,M,,False,False,False,,C,OTHER MOTOR VEHICLE,,0,0,A,DAYLIGHT,,,,,,,A,NO PEDESTRIANS INVOLVED,,A,22107,,1,98TH AV,2,,,A,S,200.0,STEARNS AV,F,,D,1/7/2025 12:33:19 PM,1/28/2025 1:06:09 PM,,,2,,,,,,,
4528601,24-052169,2,False,0109,10/20/2024 11:02:00 PM,2302,32X,14,109,Oakland,1,True,True,B,SIDE SWIPE,,Sunday,,,M,,False,False,False,,C,OTHER MOTOR VEHICLE,,0,0,C,DARK-STREET LIGHTS,,,,,,,A,NO PEDESTRIANS INVOLVED,,A,22107,,1,98TH AV,2,,,A,,,A ST,,,A,1/7/2025 12:28:19 PM,1/28/2025 1:06:08 PM,,,2,,,,,,,
4528593,24-050562,2,False,0109,10/10/2024 5:04:00 PM,1704,07X,14,109,Oakland,1,True,True,D,BROADSIDE,,Thursday,,,,,False,False,False,,C,OTHER MOTOR VEHICLE,,0,0,B,DUSK-DAWN,,,,,,,A,NO PEDESTRIANS INVOLVED,,A,21802A,,1,FILBERT ST,1,,,A,,,32ND ST,,,A,1/7/2025 12:23:20 PM,1/28/2025 1:06:08 PM,,,2,,,,,,,
4528589,24-059338,2,False,0109,12/3/2024 12:06:00 AM,6,06X,14,109,Oakland,1,True,True,B,SIDE SWIPE,,Tuesday,,,M,,False,False,False,,C,OTHER MOTOR VEHICLE,,0,0,C,DARK-STREET LIGHTS,,,,,,,A,NO PEDESTRIANS INVOLVED,,A,22350,,1,MARTIN LUTHER KING JR WY,1,,,A,S,185.0,37TH ST,F,,D,1/7/2025 12:23:19 PM,1/28/2025 1:06:07 PM,,,2,,,,,,,
4528497,24-047908,2,False,0109,9/24/2024 1:00:00 PM,1300,31Y,14,109,Oakland,1,True,True,D,BROADSIDE,,Tuesday,,,,,False,False,True,,C,OTHER MOTOR VEHICLE,,0,0,A,DAYLIGHT,,,,,,,A,NO PEDESTRIANS INVOLVED,,B,,,1,ENTERPRISE WY,2,,,A,W,350.0,85TH AV,F,,D,1/7/2025 11:28:19 AM,1/28/2025 12:01:44 PM,,,2,,,,,,,
4528492,9370-2024-04216,1,False,9370,12/29/2024 11:00:00 PM,2300,024,14,109,Oakland,1,True,True,B,SIDE SWIPE,,Sunday,NotApplicable,False,M,,False,True,True,ALAMEDA SUPERIOR COURT WILEY W. MANUEL COURTHOUSE,J,OTHER OBJECT,CONCRETE BARRIER,0,0,D,DARK-NO STREET LIGHTS,37.849668,-122.232019,,,,,A,NO PEDESTRIANS INVOLVED,12/29/2024 11:00:00 PM,A,VC 22350,False,1,SR-24 W/B TO SR-13 S/B,,,1/7/2025 11:27:36 AM,A,S,450.0,TUNNEL RD,F,,D,1/7/2025 11:27:39 AM,1/7/2025 11:27:39 AM,False,True,4,,12/29/2024 11:05:00 PM,2305,False,,,True
4528273,9370-2024-04192,1,False,9370,12/29/2024 7:00:00 PM,1900,176,14,109,Oakland,1,True,True,B,SIDE SWIPE,,Sunday,NotApplicable,False,,,False,True,False,ALAMEDA SUPERIOR COURT WILEY W. MANUEL COURTHOUSE,C,OTHER MOTOR VEHICLE,,0,0,D,DARK-NO STREET LIGHTS,37.776129,-122.235235,,,,,A,NO PEDESTRIANS INVOLVED,12/29/2024 7:00:00 PM,A,VC 21658(A),False,1,I-880 N/B,,,1/7/2025 9:42:13 AM,A,S,700.0,23RD AVE,F,,D,1/7/2025 9:42:14 AM,1/7/2025 9:42:14 AM,False,True,4,,12/29/2024 7:05:00 PM,1905,False,,,True
4528261,9370-2024-04194,1,False,9370,12/29/2024 5:29:00 PM,1729,052,14,109,Oakland,1,True,True,B,SIDE SWIPE,,Sunday,NotApplicable,False,,,False,True,False,ALAMEDA SUPERIOR COURT WILEY W. MANUEL COURTHOUSE,C,OTHER MOTOR VEHICLE,,0,0,C,DARK-STREET LIGHTS,37.75812,-122.147962,,,,,A,NO PEDESTRIANS INVOLVED,12/29/2024 5:29:00 PM,A,VC 22107,False,1,I-580 W/B,,,1/7/2025 9:36:32 AM,A,E,1830.0,GOLF LINKS RD,F,,D,1/7/2025 9:36:34 AM,1/7/2025 9:36:34 AM,False,True,4,,12/29/2024 5:35:00 PM,1735,False,,,True
4528147,9370-2024-04183,1,False,9370,12/29/2024 7:35:00 AM,735,054,14,109,Oakland,1,True,True,C,REAR END,,Sunday,Yes,False,,,False,True,True,ALAMEDA SUPERIOR COURT WILEY W. MANUEL COURTHOUSE,C,OTHER MOTOR VEHICLE,,1,0,A,DAYLIGHT,37.809113,-122.243967,,,,,A,NO PEDESTRIANS INVOLVED,12/29/2024 7:35:00 AM,A,VC 22350,False,1,I-580 W/B,,,1/7/2025 8:42:33 AM,B,E,700.0,LAKESHORE AVE,F,,D,1/7/2025 8:42:35 AM,1/7/2025 8:42:35 AM,False,True,4,,12/29/2024 7:40:00 AM,0740,False,,,True
4528111,9370-2024-04197,1,False,9370,12/29/2024 7:30:00 AM,730,053,14,109,Oakland,1,True,True,E,HIT OBJECT,,Sunday,Yes,False,,,False,True,True,ALAMEDA SUPERIOR COURT WILEY W. MANUEL COURTHOUSE,I,FIXED OBJECT,FREEWAY EXIT SIGN,0,0,A,DAYLIGHT,37.784515,-122.186632,,,,,A,NO PEDESTRIANS INVOLVED,12/29/2024 7:30:00 AM,A,VC 22350,False,1,INTERTSTATE 580 WESTBOUND,,,1/7/2025 8:25:08 AM,B,E,300.0,MACRTHUR BLVD,F,,D,1/7/2025 8:25:09 AM,1/7/2025 8:25:09 AM,False,True,4,,12/29/2024 8:00:00 AM,0800,False,,,True
4528106,9370-2024-04182,1,False,9370,12/29/2024 5:09:00 AM,509,055,14,109,Oakland,1,True,True,E,HIT OBJECT,,Sunday,NotApplicable,False,,,False,True,True,ALAMEDA SUPERIOR COURT WILEY W. MANUEL COURTHOUSE,I,FIXED OBJECT,CHAIN LINK FENCE,1,0,C,DARK-STREET LIGHTS,37.826609,-122.277309,,,,,A,NO PEDESTRIANS INVOLVED,12/29/2024 5:09:00 AM,A,VC 22350,False,1,I-580 W/B,,,1/7/2025 8:21:35 AM,B,E,324.0,SAN PABLO AVENUE,F,,D,1/7/2025 8:21:38 AM,1/7/2025 8:21:38 AM,False,True,4,,12/29/2024 5:14:00 AM,0514,True,EMBEDDED,,
4528100,24-054678,2,False,0109,11/3/2024 3:59:00 PM,1559,07X,14,109,Oakland,1,True,True,A,HEAD-ON,,Sunday,,,M,,False,False,False,,G,BICYCLE,,1,0,A,DAYLIGHT,,,,,,,A,NO PEDESTRIANS INVOLVED,,A,22350,,1,34TH ST,1,,,A,,,LINDEN ST,,,A,1/7/2025 8:18:18 AM,1/28/2025 1:06:08 PM,,,2,,,,,,,
4528090,24-054871,2,False,0109,11/4/2024 6:45:00 PM,1845,32X,14,109,Oakland,1,True,True,B,SIDE SWIPE,,Monday,,,M,,False,False,False,,C,OTHER MOTOR VEHICLE,,2,0,C,DARK-STREET LIGHTS,,,,,,,A,NO PEDESTRIANS INVOLVED,,A,22107,,1,98TH AV,2,,,A,,,MEDFORD AV,,,D,1/7/2025 8:13:18 AM,1/28/2025 1:06:08 PM,,,2,,,,,,,
4528079,9370-2024-04180,1,False,9370,12/28/2024 1:00:00 PM,1300,052,14,109,Oakland,1,True,True,B,SIDE SWIPE,,Saturday,NotApplicable,False,,,False,True,False,ALAMEDA SUPERIOR COURT WILEY W. MANUEL COURTHOUSE,C,OTHER MOTOR VEHICLE,,0,0,A,DAYLIGHT,37.747634,-122.150431,,,,,A,NO PEDESTRIANS INVOLVED,12/28/2024 1:00:00 PM,A,VC 21658(a),False,,I-580 E/B,,,1/7/2025 8:08:27 AM,B,W,825.0,106TH AVENUE,F,,D,1/7/2025 8:08:28 AM,1/7/2025 8:08:28 AM,False,True,4,,12/28/2024 1:02:00 PM,1302,False,,,True
4528050,9370-2024-04167,1,False,9370,12/26/2024 12:50:00 AM,50,054,14,109,Oakland,1,True,True,C,REAR END,,Thursday,NotApplicable,False,M,,False,True,False,ALAMEDA SUPERIOR COURT WILEY W. MANUEL COURTHOUSE,C,OTHER MOTOR VEHICLE,,0,0,C,DARK-STREET LIGHTS,37.808995,-122.243528,,,,,A,NO PEDESTRIANS INVOLVED,12/26/2024 12:50:00 AM,A,VC 21658(a),False,1,I-580 W/B,,,1/7/2025 7:52:50 AM,B,E,822.0,LAKESHORE AVE,F,,D,1/7/2025 7:52:52 AM,1/7/2025 7:52:52 AM,False,True,4,,12/26/2024 12:52:00 AM,0052,False,,,True
4528000,9370-2024-04102,1,False,9370,12/22/2024 11:15:00 AM,1115,008,14,109,Oakland,1,True,True,B,SIDE SWIPE,,Sunday,Yes,False,,,False,True,True,ALAMEDA SUPERIOR COURT WILEY W. MANUEL COURTHOUSE,C,OTHER MOTOR VEHICLE,,0,0,A,DAYLIGHT,37.825972,-122.301481,,,,,A,NO PEDESTRIANS INVOLVED,12/22/2024 11:15:00 AM,A,VC 22350,False,1,INTERSTATE 80 EASTBOUND,,,1/7/2025 7:21:09 AM,B,E,1200.0,OAKLAND SAN FRANCISCO BAY BRIDGE TOLL PLAZA,F,,D,1/7/2025 7:21:11 AM,1/7/2025 7:21:11 AM,False,True,4,,12/22/2024 11:15:00 AM,1115,False,,,True
4527976,24-046104,2,False,0109,9/1/2024 8:31:00 PM,2031,20X,14,109,Oakland,1,True,True,B,SIDE SWIPE,,Sunday,,,M,,False,False,False,,C,OTHER MOTOR VEHICLE,,0,0,C,DARK-STREET LIGHTS,,,,,,,A,NO PEDESTRIANS INVOLVED,,A,21453A,,1,FRUITVALE AV,2,,,A,,,FOOTHILL BL,,,A,1/7/2025 7:08:18 AM,1/28/2025 1:06:04 PM,,,2,,,,,,,
4527974,9370-2024-03989,1,False,9370,12/1/2024 6:10:00 AM,610,177,14,109,Oakland,1,True,True,C,REAR END,,Sunday,NotApplicable,False,,,False,True,False,ALAMEDA SUPERIOR COURT WILEY W. MANUEL COURTHOUSE,C,OTHER MOTOR VEHICLE,,1,0,C,DARK-STREET LIGHTS,37.792069,-122.261939,,,,,A,NO PEDESTRIANS INVOLVED,12/1/2024 6:10:00 AM,A,VC 22350,False,1,INTERTSATE 880 NORTHBOUND,,,1/7/2025 7:07:57 AM,B,S,1200.0,OAK STREET,F,,D,1/7/2025 7:07:59 AM,1/7/2025 7:07:59 AM,False,True,4,,12/14/2024 6:10:00 AM,0610,True,EMBEDDED,,True
4527960,24-048737,2,False,0109,9/29/2024 11:45:00 AM,1145,20X,14,109,Oakland,1,True,True,C,REAR END,,Sunday,,,,,False,False,False,,C,OTHER MOTOR VEHICLE,,0,0,A,DAYLIGHT,,,,,,,A,NO PEDESTRIANS INVOLVED,,A,23152A,,1,FOOTHILL BL,2,,,A,E,4.0,27TH AV,F,,A,1/7/2025 6:58:18 AM,1/28/2025 1:06:04 PM,,,2,,,,,,,
4527959,24-045964,2,False,0109,9/13/2024 9:58:00 PM,2158,08X,14,109,Oakland,1,True,True,B,SIDE SWIPE,,Friday,,,,,False,False,False,,E,PARKED MOTOR VEHICLE,,1,0,C,DARK-STREET LIGHTS,,,,,,,A,NO PEDESTRIANS INVOLVED,,A,22107,,1,HAWTHORNE AV,1,,,A,S,20.0,SUMMIT ST,F,,A,1/7/2025 6:58:18 AM,1/28/2025 1:06:05 PM,,,2,,,,,,,
4527949,24-048422,2,False,0109,9/27/2024 11:13:00 AM,1113,10X,14,109,Oakland,1,True,True,C,REAR END,,Friday,,,,,False,False,False,,C,OTHER MOTOR VEHICLE,,0,0,A,DAYLIGHT,,,,,,,A,NO PEDESTRIANS INVOLVED,,A,23152A,,1,55TH ST,1,,,A,,,MARTIN LUTHER KING JR WY,,,A,1/7/2025 6:53:18 AM,1/28/2025 1:06:04 PM,,,2,,,,,,,
4527260,24-041495,2,False,0109,8/18/2024 7:26:00 PM,1926,08X,14,109,Oakland,1,True,True,B,SIDE SWIPE,,Sunday,,,M,,False,False,False,,E,PARKED MOTOR VEHICLE,,0,0,A,DAYLIGHT,,,,,,,A,NO PEDESTRIANS INVOLVED,,A,22350,,1,SHAFTER AV,1,,,A,N,25.0,W MACARTHUR BL,F,,D,1/6/2025 1:53:16 PM,1/28/2025 1:05:54 PM,,,2,,,,,,,
4527216,24-039829,3,False,0109,8/9/2024 10:00:00 PM,2200,34X,14,109,Oakland,1,True,True,C,REAR END,,Friday,,,M,,False,False,False,,E,PARKED MOTOR VEHICLE,,0,0,B,DUSK-DAWN,,,,,,,A,NO PEDESTRIANS INVOLVED,,A,22107,,1,BIRCH ST,2,,,A,W,100.0,88TH AV,F,,D,1/6/2025 1:33:16 PM,1/28/2025 1:05:54 PM,,,2,,,,,,,
4527100,24-048501,2,False,0109,9/27/2024 9:19:00 PM,2119,19X,14,109,Oakland,1,True,True,B,SIDE SWIPE,,Friday,,,,,False,False,True,,E,PARKED MOTOR VEHICLE,,0,0,C,DARK-STREET LIGHTS,,,,,,,A,NO PEDESTRIANS INVOLVED,,A,23152A,,1,FOOTHILL BL,1,,,A,E,70.0,16TH AV,F,,D,1/6/2025 12:33:16 PM,1/28/2025 1:06:04 PM,,,2,,,,,,,
4526816,9370-2024-04012,1,False,9370,12/15/2024 12:20:00 PM,1220,176,14,109,Oakland,1,True,True,B,SIDE SWIPE,,Sunday,NotApplicable,False,,,False,True,False,ALAMEDA SUPERIOR COURT WILEY W. MANUEL COURTHOUSE,C,OTHER MOTOR VEHICLE,,0,0,A,DAYLIGHT,37.773791,-122.229548,,,,,A,NO PEDESTRIANS INVOLVED,12/15/2024 12:20:00 PM,A,VC 21658(A),False,1,INTERSTATE 880 NORTHBOUND,,,1/6/2025 10:32:08 AM,A,S,650.0,23RD AVE,F,,D,1/6/2025 10:32:10 AM,1/6/2025 10:32:10 AM,False,True,4,,12/15/2024 12:20:00 PM,1220,False,,,True
4526789,9370-2024-04175,1,False,9370,12/28/2024 5:15:00 AM,515,176,14,109,Oakland,1,True,True,B,SIDE SWIPE,,Saturday,NotApplicable,False,,,False,True,False,ALAMEDA SUPERIOR COURT WILEY W. MANUEL COURTHOUSE,C,OTHER MOTOR VEHICLE,,0,0,B,DUSK-DAWN,37.771045,-122.22247,,,,,A,NO PEDESTRIANS INVOLVED,12/28/2024 5:15:00 AM,A,VC 22350,False,1,I-880 N/B,,,1/6/2025 10:20:13 AM,B,N,600.0,HIGH ST,F,,D,1/6/2025 10:20:14 AM,1/6/2025 10:20:14 AM,False,True,4,,12/28/2024 5:20:00 AM,0520,False,,,True
4562382,24-032382,1,False,0109,6/29/2024 3:00:00 PM,1500,20X,14,109,Oakland,1,True,True,B,SIDE SWIPE,,Saturday,,,,,False,False,False,,C,OTHER MOTOR VEHICLE,,0,0,A,DAYLIGHT,,,,,,,A,NO PEDESTRIANS INVOLVED,,A,21802A,,1,EDGEWATER DR,2,,,A,,,ROLAND WY,,,A,2/3/2025 9:29:14 AM,2/3/2025 9:29:14 AM,,,2,,,,,,,
4562357,234-025023,1,False,0109,5/21/2024 4:16:00 AM,416,19X,14,109,Oakland,1,True,True,A,HEAD-ON,,Tuesday,,,,,False,False,False,,C,OTHER MOTOR VEHICLE,,1,0,C,DARK-STREET LIGHTS,,,,,,,A,NO PEDESTRIANS INVOLVED,,A,22350,,1,23RD AV,1,,,A,,,E 11TH ST,,,A,2/3/2025 9:19:14 AM,2/3/2025 9:19:14 AM,,,2,,,,,,,
4562161,24-060508,1,False,0109,12/9/2024 3:05:00 PM,1505,29X,14,109,Oakland,1,True,True,D,BROADSIDE,,Monday,,,,,False,False,False,,C,OTHER MOTOR VEHICLE,,1,0,A,DAYLIGHT,,,,,,,A,NO PEDESTRIANS INVOLVED,,A,22450A,,,55TH AV,2,,,A,,,FLEMING AV,,,A,2/3/2025 8:44:05 AM,2/3/2025 8:44:05 AM,,,2,,,,,,,
4562159,24-035961,1,False,0109,7/19/2024 1:00:00 PM,1300,23X,14,109,Oakland,1,True,True,D,BROADSIDE,,Friday,,,,,False,False,False,,C,OTHER MOTOR VEHICLE,,0,0,A,DAYLIGHT,,,,,,,A,NO PEDESTRIANS INVOLVED,,A,22450A,,,E 9TH ST,2,,,A,,,DEL MONTE WY,,,A,2/3/2025 8:44:04 AM,2/3/2025 8:44:04 AM,,,2,,,,,,,
4562079,24051221,1,False,0109,10/14/2024 4:00:00 AM,400,16Y,14,109,Oakland,1,True,True,B,SIDE SWIPE,,Monday,,,M,,False,False,False,,E,PARKED MOTOR VEHICLE,,0,0,B,DUSK-DAWN,,,,,,,A,NO PEDESTRIANS INVOLVED,,A,22107,,1,BRIGHTON AV,1,,,A,S,50.0,EXCELSIOR AV,F,,D,2/3/2025 8:43:57 AM,2/3/2025 8:43:57 AM,,,3,,,,,,,
4557917,9370-2024-04223,1,False,9370,7/6/2024 3:31:00 AM,331,052,14,109,Oakland,1,True,True,E,HIT OBJECT,,Saturday,Yes,False,,,False,True,True,ALAMEDA SUPERIOR COURT WILEY W. MANUEL COURTHOUSE,C,OTHER MOTOR VEHICLE,,0,0,D,DARK-NO STREET LIGHTS,37.794771,-122.20703,,,,,A,NO PEDESTRIANS INVOLVED,7/6/2024 3:31:00 AM,C,,,,I-580 E/B,,,1/31/2025 5:37:45 PM,A,W,1900.0,35TH AVE,F,,D,1/31/2025 5:37:48 PM,1/31/2025 5:37:48 PM,False,True,4,,7/6/2024 3:36:00 AM,0336,False,,,True
4557903,9370-2024-04224,1,False,9370,7/6/2024 3:29:00 AM,329,052,14,109,Oakland,1,True,True,G,VEHICLE/PEDESTRAIN,,Saturday,Yes,False,,,False,True,True,ALAMEDA SUPERIOR COURT WILEY W. MANUEL COURTHOUSE,B,PEDESTRIAN,,0,0,D,DARK-NO STREET LIGHTS,37.794793,-122.207165,,,,,E,IN ROAD - INCLUDES SHOULDER,7/6/2024 3:29:00 AM,C,,,,I-580 E/B,,,1/31/2025 5:00:38 PM,A,W,1900.0,35TH AVE,F,,D,1/31/2025 5:00:40 PM,1/31/2025 5:00:40 PM,False,True,4,,7/6/2024 3:34:00 AM,0334,False,,,True
4557824,24-062305,1,False,0109,12/21/2024 12:26:00 PM,1226,18X,14,109,Oakland,1,True,True,D,BROADSIDE,,Saturday,,,,,False,False,False,,C,OTHER MOTOR VEHICLE,,0,0,A,DAYLIGHT,,,,,,,A,NO PEDESTRIANS INVOLVED,,A,21802A,,1,15TH AV,1,,,B,,,E 17TH ST,,,D,1/31/2025 2:57:31 PM,1/31/2025 2:57:31 PM,,,2,,,,,,,
4557806,24-062211,1,False,0109,12/20/2024 6:34:00 PM,1834,19X,14,109,Oakland,1,True,True,B,SIDE SWIPE,,Friday,,,,,False,False,False,,C,OTHER MOTOR VEHICLE,,0,0,D,DARK-NO STREET LIGHTS,,,,,,,A,NO PEDESTRIANS INVOLVED,,A,21751,,1,23RD AV,1,,,A,,,INTERNATIONAL BL,,,A,1/31/2025 2:37:31 PM,1/31/2025 2:37:31 PM,,,2,,,,,,,
4557692,24-062083,1,False,0109,12/19/2024 8:45:00 PM,2045,20X,14,109,Oakland,1,True,True,A,HEAD-ON,,Thursday,,,,,False,False,False,,J,OTHER OBJECT,,0,0,C,DARK-STREET LIGHTS,,,,,,,A,NO PEDESTRIANS INVOLVED,,A,22107,,1,11TH AV,1,,,A,N,142.0,E 15TH ST,F,,D,1/31/2025 2:27:22 PM,1/31/2025 2:27:22 PM,,,2,,,,,,,
4557683,24-061803,1,False,0109,12/18/2024 12:04:00 AM,4,14X,14,109,Oakland,1,True,True,E,HIT OBJECT,,Wednesday,,,,,False,False,False,,I,FIXED OBJECT,,0,0,C,DARK-STREET LIGHTS,,,,,,,A,NO PEDESTRIANS INVOLVED,,A,22350,,1,HARRISON ST,1,,,A,N,50.0,BAY PL,F,,D,1/31/2025 2:27:21 PM,1/31/2025 2:27:21 PM,,,2,,,,,,,
4557668,24060920,1,False,0109,12/12/2024 9:10:00 AM,910,32X,14,109,Oakland,1,True,True,C,REAR END,,Thursday,,,M,,False,False,False,,C,OTHER MOTOR VEHICLE,,0,0,A,DAYLIGHT,,,,,,,A,NO PEDESTRIANS INVOLVED,,A,22350,,1,INTERNATIONAL BL,2,,,B,E,25.0,102ND AV,F,,A,1/31/2025 2:27:20 PM,1/31/2025 2:27:20 PM,,,2,,,,,,,
4557608,24059201,1,False,0109,12/2/2024 6:33:00 AM,633,16Z,14,109,Oakland,1,True,True,B,SIDE SWIPE,,Monday,,,,,False,False,False,,E,PARKED MOTOR VEHICLE,,0,0,C,DARK-STREET LIGHTS,,,,,,,A,NO PEDESTRIANS INVOLVED,,A,22350,,1,TRESLE GLEN RD,1,,,A,N,30.0,BROOKWOOD RD,F,,D,1/31/2025 2:27:16 PM,1/31/2025 2:27:16 PM,,,2,,,,,,,
4557567,24-061191,1,False,0109,12/13/2024 9:50:00 PM,2150,04X,14,109,Oakland,1,True,True,B,SIDE SWIPE,,Friday,,,M,,False,False,False,,C,OTHER MOTOR VEHICLE,,0,0,E,DARK-STREET LIGHTS NOT FUNCTIONING*,,,,,,,A,NO PEDESTRIANS INVOLVED,,A,22107,,1,18TH ST,1,,,B,,,CASTRO ST,,,A,1/31/2025 2:27:12 PM,1/31/2025 2:27:12 PM,,,2,,,,,,,
4557546,24-000830,2,False,0109,1/5/2024 7:48:00 AM,748,25X,14,109,Oakland,1,True,True,,,,Friday,,,,,False,False,False,,,,,0,0,,,,,,,,,,,,A,21752A,,1,HARBOR VIEW AV,2,,,,W,20.0,MAGEE AV,F,,,1/31/2025 2:27:11 PM,2/3/2025 8:44:08 AM,,,2,,,,,,,
4557499,24-062668,1,False,0109,12/23/2024 8:11:00 AM,811,24X,14,109,Oakland,1,True,True,C,REAR END,,Monday,,,M,,False,False,False,,E,PARKED MOTOR VEHICLE,,0,0,A,DAYLIGHT,,,,,,,A,NO PEDESTRIANS INVOLVED,,A,22107,,1,38TH AV,2,,,B,N,300.0,SANTA RITA ST,F,,D,1/31/2025 2:27:07 PM,1/31/2025 2:27:07 PM,,,2,,,,,,,
4556914,24-063640,1,False,0109,12/30/2024 9:50:00 PM,2150,20X,14,109,Oakland,1,True,True,A,HEAD-ON,,Monday,,,F,,False,False,False,,G,BICYCLE,,1,0,C,DARK-STREET LIGHTS,,,,,,,A,NO PEDESTRIANS INVOLVED,,A,22107,,1,INTERNATIONAL BL,2,,,A,W,10.0,29TH AV,F,,A,1/31/2025 7:34:12 AM,1/31/2025 7:34:12 AM,,,2,,,,,,,
4556859,24-062693,1,False,0109,12/23/2024 10:24:00 AM,1024,33X,14,109,Oakland,1,True,True,C,REAR END,,Monday,,,M,,False,False,False,,E,PARKED MOTOR VEHICLE,,0,0,A,DAYLIGHT,,,,,,,A,NO PEDESTRIANS INVOLVED,,A,22107,,1,ELLINGTON WY,2,,,B,W,50.0,HAWKINS R,F,,D,1/31/2025 6:29:11 AM,1/31/2025 6:29:11 AM,,,2,,,,,,,
4556413,24063799,1,False,0109,12/30/2024 8:43:00 PM,2043,19X,14,109,Oakland,1,True,True,D,BROADSIDE,,Monday,,,,,False,False,True,,C,OTHER MOTOR VEHICLE,,0,0,C,DARK-STREET LIGHTS,,,,,,,A,NO PEDESTRIANS INVOLVED,,A,21453A,,1,14TH AV,1,,,A,,,EAST 12TH ST,,,A,1/30/2025 3:33:14 PM,1/30/2025 3:33:14 PM,,,2,,,,,,,
4556405,24063282,1,False,0109,12/27/2024 2:59:00 PM,1459,19X,14,109,Oakland,1,True,True,D,BROADSIDE,,Friday,,,,,False,False,False,,C,OTHER MOTOR VEHICLE,,0,0,A,DAYLIGHT,,,,,,,A,NO PEDESTRIANS INVOLVED,,A,21453A,,1,5TH AV,1,,,A,,,E 10TH ST,,,A,1/30/2025 3:28:14 PM,1/30/2025 3:28:14 PM,,,2,,,,,,,